{"train/learning_rate":4.965903258506806e-06,"eval/samples_per_second":7.323,"_wandb":{"runtime":186},"_step":1,"eval/steps_per_second":0.465,"train/global_step":10,"train/grad_norm":17.968496322631836,"_runtime":186,"train/epoch":0.0847457627118644,"_timestamp":1.7591920799166808e+09,"eval/loss":3.015531063079834,"eval/runtime":32.2288,"train/loss":9.0289}