{"eval/loss":0.25473257899284363,"train/learning_rate":0,"train/epoch":5,"total_flos":1.036772617224192e+15,"train_samples_per_second":0.945,"eval/runtime":33.9397,"eval/steps_per_second":0.442,"_runtime":5006,"_step":118,"train/loss":0.2565,"train/grad_norm":1.2003107070922852,"_timestamp":1.7592069103737056e+09,"_wandb":{"runtime":5006},"train_loss":3.74501953125,"eval/samples_per_second":6.954,"train/global_step":590,"train_steps_per_second":0.118,"train_runtime":4993.9218}