{"_runtime":1866,"train_samples_per_second":0.516,"train_steps_per_second":0.065,"eval/runtime":32.644,"train/global_step":118,"train/learning_rate":2.4203617372564378e-08,"eval/samples_per_second":7.229,"train_loss":1.551531391123594,"_wandb":{"runtime":1866},"eval/steps_per_second":0.46,"eval/loss":0.003046125639230013,"train/epoch":1,"train/grad_norm":0.013396626338362694,"total_flos":1.2740963008512e+13,"_timestamp":1.759194391052968e+09,"_step":22,"train/loss":0.0003,"train_runtime":1828.2975}