{"train/global_step":10,"train/epoch":0.0847457627118644,"train/loss":19.682,"train/learning_rate":4.965903258506806e-06,"_runtime":121,"_timestamp":1.7591585349762204e+09,"train/grad_norm":70.88921356201172,"_wandb":{"runtime":121},"_step":0}