{"_step":22,"_runtime":1877,"eval/steps_per_second":0.483,"train_runtime":1848.258,"train_samples_per_second":0.511,"train/epoch":1,"total_flos":1.2740963008512e+13,"eval/samples_per_second":7.593,"eval/runtime":31.0804,"_wandb":{"runtime":1877},"_timestamp":1.7591611258433635e+09,"train/loss":0,"train/grad_norm":0.003756092395633459,"train/global_step":118,"train_loss":1.7936046785217221,"train/learning_rate":6.050904343141095e-08,"train_steps_per_second":0.064,"eval/loss":0.0009474962134845555}