{"eval/steps_per_second":0.507,"_runtime":42,"train/epoch":1.5,"eval/samples_per_second":4.059,"train_loss":14.73828125,"train/grad_norm":248.66436767578125,"eval/loss":8.464017868041992,"_wandb":{"runtime":42},"train/global_step":3,"train_runtime":44.6322,"train_samples_per_second":0.538,"train_steps_per_second":0.067,"eval/runtime":3.9418,"train/learning_rate":0,"_timestamp":1.7591378093467498e+09,"_step":4,"train/loss":8.4336,"total_flos":3.23922788352e+11}