{"train/epoch":10,"train/learning_rate":0,"eval/steps_per_second":0.362,"_runtime":4198,"eval/loss":0.10923349112272263,"train_samples_per_second":2.263,"total_flos":1.295691153408e+14,"train_steps_per_second":0.072,"_wandb":{"runtime":4198},"eval/runtime":22.1258,"train/grad_norm":0.42931097745895386,"train/global_step":300,"_step":66,"train_runtime":4172.0475,"train_loss":0.13302746057510376,"_timestamp":1.759388084873623e+09,"train/loss":0.0206,"eval/samples_per_second":10.666}