{"eval/samples_per_second":7.756,"eval/steps_per_second":0.493,"train/learning_rate":2.5688858559204056e-06,"train/epoch":0.5084745762711864,"eval/loss":0.002350824186578393,"_wandb":{"runtime":877},"_runtime":877,"train/grad_norm":0.025184020400047302,"_step":10,"eval/runtime":30.4277,"_timestamp":1.759184432928877e+09,"train/global_step":60,"train/loss":0.0021}