{"train/epoch":1,"_step":22,"train/learning_rate":6.050904343141095e-08,"train_steps_per_second":0.052,"eval/runtime":35.2137,"eval/samples_per_second":6.702,"train/loss":0.0011,"eval/steps_per_second":0.426,"eval/loss":0.0007650752668268979,"train_loss":1.8018471906750888,"train_samples_per_second":0.415,"_timestamp":1.7591913491791434e+09,"train/grad_norm":0.004403860308229923,"train/global_step":118,"train_runtime":2275.8038,"_wandb":{"runtime":2302},"total_flos":1.2740963008512e+13,"_runtime":2302}