{"_timestamp":1.7591994774836698e+09,"eval/steps_per_second":0.421,"eval/runtime":35.5943,"train/loss":12.5742,"train_loss":12.625794491525424,"_step":22,"eval/loss":12.644664764404297,"train/global_step":118,"train_samples_per_second":0.96,"total_flos":2.07354523025408e+14,"train_runtime":983.5339,"train/learning_rate":2.4203617372564378e-08,"eval/samples_per_second":6.63,"train/epoch":1,"_runtime":995,"train/grad_norm":3.761129856109619,"train_steps_per_second":0.12,"_wandb":{"runtime":995}}