{"eval/runtime":34.9133,"_timestamp":1.7591870200874841e+09,"train_samples_per_second":0.416,"_step":22,"train/global_step":118,"_wandb":{"runtime":2301},"total_flos":1.2740963008512e+13,"train/grad_norm":0.0034349116031080484,"_runtime":2301,"train_loss":1.8149843772841712,"eval/samples_per_second":6.76,"train_steps_per_second":0.052,"eval/loss":0.0007647691527381539,"train/epoch":1,"train_runtime":2270.849,"train/loss":0.0054,"train/learning_rate":6.050904343141095e-08,"eval/steps_per_second":0.43}