{"train/grad_norm":0.933135986328125,"_step":16,"train/learning_rate":6.050904343141095e-08,"eval/steps_per_second":0.483,"train_loss":0.26862180030952065,"train/global_step":118,"train_runtime":1434.5798,"train_steps_per_second":0.082,"_timestamp":1.759380809215995e+09,"train/loss":0.0554,"eval/runtime":31.0523,"eval/samples_per_second":7.6,"train_samples_per_second":1.316,"_runtime":1460,"total_flos":2.5481926017024e+13,"_wandb":{"runtime":1460},"eval/loss":0.07424147427082062,"train/epoch":2}