timestamp, memory.used [MiB]
2025/10/28 05:33:56.946, 271 MiB
2025/10/28 05:33:56.946, 279 MiB
2025/10/28 05:33:56.946, 389 MiB
2025/10/28 05:33:56.946, 281 MiB
2025/10/28 05:33:56.946, 277 MiB
2025/10/28 05:33:56.946, 275 MiB
2025/10/28 05:33:56.946, 313 MiB
2025/10/28 05:33:56.946, 271 MiB
2025/10/28 05:34:56.948, 16240 MiB
2025/10/28 05:34:56.948, 38068 MiB
2025/10/28 05:34:56.948, 37368 MiB
2025/10/28 05:34:56.948, 16224 MiB
2025/10/28 05:34:56.948, 16220 MiB
2025/10/28 05:34:56.948, 16218 MiB
2025/10/28 05:34:56.948, 16256 MiB
2025/10/28 05:34:56.948, 16240 MiB
2025/10/28 05:35:56.949, 40756 MiB
2025/10/28 05:35:56.949, 44574 MiB
2025/10/28 05:35:56.950, 48048 MiB
2025/10/28 05:35:56.950, 38752 MiB
2025/10/28 05:35:56.950, 46470 MiB
2025/10/28 05:35:56.950, 38670 MiB
2025/10/28 05:35:56.950, 38744 MiB
2025/10/28 05:35:56.950, 43646 MiB
2025/10/28 05:36:56.951, 42698 MiB
2025/10/28 05:36:56.951, 44574 MiB
2025/10/28 05:36:56.951, 48048 MiB
2025/10/28 05:36:56.951, 41006 MiB
2025/10/28 05:36:56.951, 46470 MiB
2025/10/28 05:36:56.951, 46952 MiB
2025/10/28 05:36:56.951, 44918 MiB
2025/10/28 05:36:56.951, 43654 MiB
2025/10/28 05:37:56.953, 45024 MiB
2025/10/28 05:37:56.953, 44584 MiB
2025/10/28 05:37:56.953, 48050 MiB
2025/10/28 05:37:56.953, 41006 MiB
2025/10/28 05:37:56.953, 46470 MiB
2025/10/28 05:37:56.953, 46952 MiB
2025/10/28 05:37:56.954, 44928 MiB
2025/10/28 05:37:56.954, 45702 MiB
2025/10/28 05:38:56.955, 45024 MiB
2025/10/28 05:38:56.955, 46650 MiB
2025/10/28 05:38:56.955, 41158 MiB
2025/10/28 05:38:56.955, 41006 MiB
2025/10/28 05:38:56.955, 46470 MiB
2025/10/28 05:38:56.955, 46952 MiB
2025/10/28 05:38:56.955, 44928 MiB
2025/10/28 05:38:56.955, 45708 MiB
2025/10/28 05:39:56.957, 45024 MiB
2025/10/28 05:39:56.957, 46650 MiB
2025/10/28 05:39:56.957, 41158 MiB
2025/10/28 05:39:56.957, 41006 MiB
2025/10/28 05:39:56.957, 46470 MiB
2025/10/28 05:39:56.957, 46952 MiB
2025/10/28 05:39:56.957, 44930 MiB
2025/10/28 05:39:56.957, 45708 MiB
2025/10/28 05:40:56.958, 45024 MiB
2025/10/28 05:40:56.958, 46650 MiB
2025/10/28 05:40:56.958, 41158 MiB
2025/10/28 05:40:56.958, 41006 MiB
2025/10/28 05:40:56.958, 46470 MiB
2025/10/28 05:40:56.959, 46958 MiB
2025/10/28 05:40:56.959, 45628 MiB
2025/10/28 05:40:56.959, 45708 MiB
2025/10/28 05:41:56.959, 45024 MiB
2025/10/28 05:41:56.959, 46650 MiB
2025/10/28 05:41:56.959, 41878 MiB
2025/10/28 05:41:56.960, 41724 MiB
2025/10/28 05:41:56.960, 46470 MiB
2025/10/28 05:41:56.960, 46958 MiB
2025/10/28 05:41:56.960, 45628 MiB
2025/10/28 05:41:56.960, 45708 MiB
2025/10/28 05:42:56.961, 45024 MiB
2025/10/28 05:42:56.961, 46650 MiB
2025/10/28 05:42:56.961, 41878 MiB
2025/10/28 05:42:56.961, 41724 MiB
2025/10/28 05:42:56.962, 47190 MiB
2025/10/28 05:42:56.962, 46958 MiB
2025/10/28 05:42:56.962, 45628 MiB
2025/10/28 05:42:56.962, 45708 MiB
2025/10/28 05:43:56.962, 45024 MiB
2025/10/28 05:43:56.962, 46650 MiB
2025/10/28 05:43:56.962, 41878 MiB
2025/10/28 05:43:56.962, 41724 MiB
2025/10/28 05:43:56.962, 47190 MiB
2025/10/28 05:43:56.963, 46958 MiB
2025/10/28 05:43:56.963, 45628 MiB
2025/10/28 05:43:56.963, 45708 MiB
2025/10/28 05:44:56.963, 47072 MiB
2025/10/28 05:44:56.963, 46650 MiB
2025/10/28 05:44:56.963, 41878 MiB
2025/10/28 05:44:56.963, 41724 MiB
2025/10/28 05:44:56.963, 47190 MiB
2025/10/28 05:44:56.963, 46958 MiB
2025/10/28 05:44:56.964, 45628 MiB
2025/10/28 05:44:56.964, 45708 MiB
2025/10/28 05:45:56.964, 47072 MiB
2025/10/28 05:45:56.964, 46650 MiB
2025/10/28 05:45:56.964, 41878 MiB
2025/10/28 05:45:56.964, 41724 MiB
2025/10/28 05:45:56.965, 47190 MiB
2025/10/28 05:45:56.965, 46958 MiB
2025/10/28 05:45:56.965, 45628 MiB
2025/10/28 05:45:56.965, 45708 MiB
2025/10/28 05:46:56.966, 47072 MiB
2025/10/28 05:46:56.966, 46650 MiB
2025/10/28 05:46:56.966, 41878 MiB
2025/10/28 05:46:56.966, 41724 MiB
2025/10/28 05:46:56.966, 47190 MiB
2025/10/28 05:46:56.966, 46958 MiB
2025/10/28 05:46:56.966, 45628 MiB
2025/10/28 05:46:56.966, 45708 MiB
2025/10/28 05:47:56.968, 47072 MiB
2025/10/28 05:47:56.968, 46650 MiB
2025/10/28 05:47:56.968, 41878 MiB
2025/10/28 05:47:56.968, 41724 MiB
2025/10/28 05:47:56.968, 47190 MiB
2025/10/28 05:47:56.968, 46958 MiB
2025/10/28 05:47:56.968, 45628 MiB
2025/10/28 05:47:56.968, 45708 MiB
2025/10/28 05:48:56.969, 47072 MiB
2025/10/28 05:48:56.969, 46650 MiB
2025/10/28 05:48:56.969, 41878 MiB
2025/10/28 05:48:56.970, 41724 MiB
2025/10/28 05:48:56.970, 47190 MiB
2025/10/28 05:48:56.970, 46958 MiB
2025/10/28 05:48:56.970, 45628 MiB
2025/10/28 05:48:56.970, 45708 MiB
2025/10/28 05:49:56.971, 47072 MiB
2025/10/28 05:49:56.971, 46650 MiB
2025/10/28 05:49:56.971, 41878 MiB
2025/10/28 05:49:56.971, 41724 MiB
2025/10/28 05:49:56.971, 47190 MiB
2025/10/28 05:49:56.971, 46958 MiB
2025/10/28 05:49:56.971, 45628 MiB
2025/10/28 05:49:56.971, 45708 MiB
2025/10/28 05:50:56.972, 271 MiB
2025/10/28 05:50:56.972, 279 MiB
2025/10/28 05:50:56.972, 389 MiB
2025/10/28 05:50:56.972, 281 MiB
2025/10/28 05:50:56.972, 277 MiB
2025/10/28 05:50:56.972, 275 MiB
2025/10/28 05:50:56.972, 313 MiB
2025/10/28 05:50:56.972, 271 MiB
2025/10/28 05:51:56.973, 14352 MiB
2025/10/28 05:51:56.973, 14366 MiB
2025/10/28 05:51:56.973, 14470 MiB
2025/10/28 05:51:56.973, 14362 MiB
2025/10/28 05:51:56.973, 14364 MiB
2025/10/28 05:51:56.973, 14356 MiB
2025/10/28 05:51:56.973, 14394 MiB
2025/10/28 05:51:56.973, 14352 MiB
2025/10/28 05:52:56.974, 40754 MiB
2025/10/28 05:52:56.974, 44574 MiB
2025/10/28 05:52:56.974, 48042 MiB
2025/10/28 05:52:56.974, 38752 MiB
2025/10/28 05:52:56.974, 46470 MiB
2025/10/28 05:52:56.974, 38670 MiB
2025/10/28 05:52:56.974, 38744 MiB
2025/10/28 05:52:56.974, 40748 MiB
2025/10/28 05:53:56.975, 40756 MiB
2025/10/28 05:53:56.975, 44574 MiB
2025/10/28 05:53:56.975, 48048 MiB
2025/10/28 05:53:56.975, 41006 MiB
2025/10/28 05:53:56.975, 46470 MiB
2025/10/28 05:53:56.975, 46952 MiB
2025/10/28 05:53:56.975, 38744 MiB
2025/10/28 05:53:56.976, 43654 MiB
2025/10/28 05:54:56.977, 45024 MiB
2025/10/28 05:54:56.977, 44574 MiB
2025/10/28 05:54:56.977, 48050 MiB
2025/10/28 05:54:56.977, 41006 MiB
2025/10/28 05:54:56.977, 46470 MiB
2025/10/28 05:54:56.977, 46952 MiB
2025/10/28 05:54:56.977, 44928 MiB
2025/10/28 05:54:56.977, 45702 MiB
2025/10/28 05:55:56.978, 45024 MiB
2025/10/28 05:55:56.979, 45924 MiB
2025/10/28 05:55:56.979, 41158 MiB
2025/10/28 05:55:56.979, 41006 MiB
2025/10/28 05:55:56.979, 46470 MiB
2025/10/28 05:55:56.979, 46952 MiB
2025/10/28 05:55:56.979, 44928 MiB
2025/10/28 05:55:56.979, 45708 MiB
2025/10/28 05:56:56.979, 45024 MiB
2025/10/28 05:56:56.979, 46650 MiB
2025/10/28 05:56:56.979, 41158 MiB
2025/10/28 05:56:56.979, 41006 MiB
2025/10/28 05:56:56.979, 46470 MiB
2025/10/28 05:56:56.980, 46952 MiB
2025/10/28 05:56:56.980, 44930 MiB
2025/10/28 05:56:56.980, 45708 MiB
2025/10/28 05:57:56.981, 45024 MiB
2025/10/28 05:57:56.981, 46650 MiB
2025/10/28 05:57:56.981, 41158 MiB
2025/10/28 05:57:56.981, 41006 MiB
2025/10/28 05:57:56.981, 46470 MiB
2025/10/28 05:57:56.981, 46958 MiB
2025/10/28 05:57:56.981, 44930 MiB
2025/10/28 05:57:56.981, 45708 MiB
2025/10/28 05:58:56.982, 45024 MiB
2025/10/28 05:58:56.982, 46650 MiB
2025/10/28 05:58:56.982, 41878 MiB
2025/10/28 05:58:56.982, 41724 MiB
2025/10/28 05:58:56.982, 46470 MiB
2025/10/28 05:58:56.982, 46958 MiB
2025/10/28 05:58:56.982, 45628 MiB
2025/10/28 05:58:56.982, 45708 MiB
2025/10/28 05:59:56.983, 45024 MiB
2025/10/28 05:59:56.983, 46650 MiB
2025/10/28 05:59:56.983, 41878 MiB
2025/10/28 05:59:56.983, 41724 MiB
2025/10/28 05:59:56.983, 46470 MiB
2025/10/28 05:59:56.983, 46958 MiB
2025/10/28 05:59:56.983, 45628 MiB
2025/10/28 05:59:56.983, 45708 MiB
2025/10/28 06:00:56.983, 45024 MiB
2025/10/28 06:00:56.984, 46650 MiB
2025/10/28 06:00:56.984, 41878 MiB
2025/10/28 06:00:56.984, 41724 MiB
2025/10/28 06:00:56.984, 47190 MiB
2025/10/28 06:00:56.984, 46958 MiB
2025/10/28 06:00:56.984, 45628 MiB
2025/10/28 06:00:56.984, 45708 MiB
2025/10/28 06:01:56.984, 45024 MiB
2025/10/28 06:01:56.984, 46650 MiB
2025/10/28 06:01:56.984, 41878 MiB
2025/10/28 06:01:56.984, 41724 MiB
2025/10/28 06:01:56.984, 47190 MiB
2025/10/28 06:01:56.985, 46958 MiB
2025/10/28 06:01:56.985, 45628 MiB
2025/10/28 06:01:56.985, 45708 MiB
2025/10/28 06:02:56.986, 47072 MiB
2025/10/28 06:02:56.986, 46650 MiB
2025/10/28 06:02:56.986, 41878 MiB
2025/10/28 06:02:56.988, 41724 MiB
2025/10/28 06:02:56.988, 47190 MiB
2025/10/28 06:02:56.988, 46958 MiB
2025/10/28 06:02:56.988, 45628 MiB
2025/10/28 06:02:56.988, 45708 MiB
2025/10/28 06:03:56.989, 47072 MiB
2025/10/28 06:03:56.989, 46650 MiB
2025/10/28 06:03:56.989, 41878 MiB
2025/10/28 06:03:56.990, 41724 MiB
2025/10/28 06:03:56.990, 47190 MiB
2025/10/28 06:03:56.990, 46958 MiB
2025/10/28 06:03:56.990, 45628 MiB
2025/10/28 06:03:56.990, 45708 MiB
2025/10/28 06:04:56.990, 47072 MiB
2025/10/28 06:04:56.990, 46650 MiB
2025/10/28 06:04:56.991, 41878 MiB
2025/10/28 06:04:56.991, 41724 MiB
2025/10/28 06:04:56.991, 47190 MiB
2025/10/28 06:04:56.991, 46958 MiB
2025/10/28 06:04:56.991, 45628 MiB
2025/10/28 06:04:56.991, 45708 MiB
2025/10/28 06:05:56.992, 47072 MiB
2025/10/28 06:05:56.992, 46650 MiB
2025/10/28 06:05:56.992, 41878 MiB
2025/10/28 06:05:56.992, 41724 MiB
2025/10/28 06:05:56.992, 47190 MiB
2025/10/28 06:05:56.992, 46958 MiB
2025/10/28 06:05:56.992, 45628 MiB
2025/10/28 06:05:56.992, 45708 MiB
2025/10/28 06:06:56.993, 47072 MiB
2025/10/28 06:06:56.993, 46650 MiB
2025/10/28 06:06:56.993, 41878 MiB
2025/10/28 06:06:56.993, 41724 MiB
2025/10/28 06:06:56.993, 47190 MiB
2025/10/28 06:06:56.993, 46958 MiB
2025/10/28 06:06:56.993, 45628 MiB
2025/10/28 06:06:56.993, 45708 MiB
2025/10/28 06:07:56.995, 47072 MiB
2025/10/28 06:07:56.995, 46650 MiB
2025/10/28 06:07:56.995, 41878 MiB
2025/10/28 06:07:56.995, 41724 MiB
2025/10/28 06:07:56.995, 47190 MiB
2025/10/28 06:07:56.995, 46958 MiB
2025/10/28 06:07:56.995, 45628 MiB
2025/10/28 06:07:56.995, 45708 MiB
2025/10/28 06:08:56.996, 47072 MiB
2025/10/28 06:08:56.996, 46650 MiB
2025/10/28 06:08:56.997, 41878 MiB
2025/10/28 06:08:56.997, 41724 MiB
2025/10/28 06:08:56.997, 47190 MiB
2025/10/28 06:08:56.997, 46958 MiB
2025/10/28 06:08:56.997, 45628 MiB
2025/10/28 06:08:56.997, 45708 MiB
2025/10/28 06:09:56.998, 47072 MiB
2025/10/28 06:09:56.998, 46650 MiB
2025/10/28 06:09:56.998, 41878 MiB
2025/10/28 06:09:56.998, 41724 MiB
2025/10/28 06:09:56.998, 47190 MiB
2025/10/28 06:09:56.998, 46958 MiB
2025/10/28 06:09:56.998, 41340 MiB
2025/10/28 06:09:56.998, 45708 MiB
2025/10/28 06:10:56.999, 47072 MiB
2025/10/28 06:10:56.999, 46650 MiB
2025/10/28 06:10:56.999, 41878 MiB
2025/10/28 06:10:56.999, 41724 MiB
2025/10/28 06:10:56.999, 47190 MiB
2025/10/28 06:10:56.999, 46958 MiB
2025/10/28 06:10:56.999, 42060 MiB
2025/10/28 06:10:56.999, 45708 MiB
2025/10/28 06:11:57.000, 47072 MiB
2025/10/28 06:11:57.000, 46650 MiB
2025/10/28 06:11:57.001, 41878 MiB
2025/10/28 06:11:57.001, 41724 MiB
2025/10/28 06:11:57.001, 47190 MiB
2025/10/28 06:11:57.001, 46958 MiB
2025/10/28 06:11:57.001, 42060 MiB
2025/10/28 06:11:57.001, 45708 MiB
2025/10/28 06:12:57.001, 47078 MiB
2025/10/28 06:12:57.001, 46650 MiB
2025/10/28 06:12:57.001, 41878 MiB
2025/10/28 06:12:57.001, 41724 MiB
2025/10/28 06:12:57.001, 47190 MiB
2025/10/28 06:12:57.002, 46958 MiB
2025/10/28 06:12:57.002, 42060 MiB
2025/10/28 06:12:57.002, 45714 MiB
2025/10/28 06:13:57.002, 47078 MiB
2025/10/28 06:13:57.002, 46650 MiB
2025/10/28 06:13:57.002, 41878 MiB
2025/10/28 06:13:57.002, 41724 MiB
2025/10/28 06:13:57.002, 47190 MiB
2025/10/28 06:13:57.002, 46958 MiB
2025/10/28 06:13:57.002, 42060 MiB
2025/10/28 06:13:57.002, 45714 MiB
2025/10/28 06:14:57.004, 47078 MiB
2025/10/28 06:14:57.004, 46656 MiB
2025/10/28 06:14:57.004, 41878 MiB
2025/10/28 06:14:57.004, 41724 MiB
2025/10/28 06:14:57.004, 47196 MiB
2025/10/28 06:14:57.004, 46958 MiB
2025/10/28 06:14:57.004, 42060 MiB
2025/10/28 06:14:57.004, 45714 MiB
2025/10/28 06:15:57.005, 271 MiB
2025/10/28 06:15:57.005, 279 MiB
2025/10/28 06:15:57.005, 389 MiB
2025/10/28 06:15:57.005, 281 MiB
2025/10/28 06:15:57.005, 277 MiB
2025/10/28 06:15:57.005, 275 MiB
2025/10/28 06:15:57.005, 313 MiB
2025/10/28 06:15:57.005, 271 MiB
2025/10/28 06:16:57.006, 271 MiB
2025/10/28 06:16:57.006, 279 MiB
2025/10/28 06:16:57.006, 389 MiB
2025/10/28 06:16:57.006, 281 MiB
2025/10/28 06:16:57.006, 277 MiB
2025/10/28 06:16:57.006, 275 MiB
2025/10/28 06:16:57.006, 313 MiB
2025/10/28 06:16:57.006, 271 MiB
2025/10/28 06:17:57.007, 271 MiB
2025/10/28 06:17:57.007, 279 MiB
2025/10/28 06:17:57.007, 389 MiB
2025/10/28 06:17:57.007, 281 MiB
2025/10/28 06:17:57.007, 277 MiB
2025/10/28 06:17:57.007, 275 MiB
2025/10/28 06:17:57.007, 313 MiB
2025/10/28 06:17:57.007, 271 MiB
2025/10/28 06:18:57.008, 14352 MiB
2025/10/28 06:18:57.008, 14366 MiB
2025/10/28 06:18:57.008, 14470 MiB
2025/10/28 06:18:57.008, 14362 MiB
2025/10/28 06:18:57.008, 14358 MiB
2025/10/28 06:18:57.008, 14356 MiB
2025/10/28 06:18:57.008, 14394 MiB
2025/10/28 06:18:57.008, 14352 MiB
2025/10/28 06:19:57.009, 16246 MiB
2025/10/28 06:19:57.009, 16254 MiB
2025/10/28 06:19:57.009, 16338 MiB
2025/10/28 06:19:57.009, 16230 MiB
2025/10/28 06:19:57.009, 16226 MiB
2025/10/28 06:19:57.009, 16224 MiB
2025/10/28 06:19:57.009, 16262 MiB
2025/10/28 06:19:57.009, 16246 MiB
2025/10/28 06:20:57.010, 16246 MiB
2025/10/28 06:20:57.010, 16254 MiB
2025/10/28 06:20:57.011, 16338 MiB
2025/10/28 06:20:57.011, 16230 MiB
2025/10/28 06:20:57.011, 16226 MiB
2025/10/28 06:20:57.011, 16224 MiB
2025/10/28 06:20:57.011, 16262 MiB
2025/10/28 06:20:57.011, 16246 MiB
2025/10/28 06:21:57.011, 16246 MiB
2025/10/28 06:21:57.011, 16290 MiB
2025/10/28 06:21:57.011, 16392 MiB
2025/10/28 06:21:57.011, 16284 MiB
2025/10/28 06:21:57.011, 16280 MiB
2025/10/28 06:21:57.012, 16278 MiB
2025/10/28 06:21:57.012, 16316 MiB
2025/10/28 06:21:57.012, 16264 MiB
2025/10/28 06:22:57.012, 38408 MiB
2025/10/28 06:22:57.012, 38422 MiB
2025/10/28 06:22:57.012, 16550 MiB
2025/10/28 06:22:57.012, 16382 MiB
2025/10/28 06:22:57.012, 16378 MiB
2025/10/28 06:22:57.012, 16376 MiB
2025/10/28 06:22:57.013, 16414 MiB
2025/10/28 06:22:57.013, 16360 MiB
2025/10/28 06:23:57.013, 38408 MiB
2025/10/28 06:23:57.013, 38422 MiB
2025/10/28 06:23:57.013, 16550 MiB
2025/10/28 06:23:57.013, 16382 MiB
2025/10/28 06:23:57.013, 16378 MiB
2025/10/28 06:23:57.013, 16376 MiB
2025/10/28 06:23:57.013, 16414 MiB
2025/10/28 06:23:57.013, 16360 MiB
2025/10/28 06:24:57.015, 38408 MiB
2025/10/28 06:24:57.015, 38422 MiB
2025/10/28 06:24:57.015, 16550 MiB
2025/10/28 06:24:57.015, 16382 MiB
2025/10/28 06:24:57.015, 16378 MiB
2025/10/28 06:24:57.015, 16376 MiB
2025/10/28 06:24:57.015, 16414 MiB
2025/10/28 06:24:57.015, 16360 MiB
2025/10/28 06:25:57.016, 38408 MiB
2025/10/28 06:25:57.016, 38422 MiB
2025/10/28 06:25:57.016, 16550 MiB
2025/10/28 06:25:57.016, 38546 MiB
2025/10/28 06:25:57.016, 16378 MiB
2025/10/28 06:25:57.016, 38534 MiB
2025/10/28 06:25:57.016, 38610 MiB
2025/10/28 06:25:57.016, 37580 MiB
2025/10/28 06:26:57.017, 38408 MiB
2025/10/28 06:26:57.018, 38422 MiB
2025/10/28 06:26:57.018, 40540 MiB
2025/10/28 06:26:57.018, 38546 MiB
2025/10/28 06:26:57.018, 38572 MiB
2025/10/28 06:26:57.018, 38534 MiB
2025/10/28 06:26:57.018, 38610 MiB
2025/10/28 06:26:57.018, 38526 MiB
2025/10/28 06:27:57.019, 38408 MiB
2025/10/28 06:27:57.019, 38422 MiB
2025/10/28 06:27:57.019, 40540 MiB
2025/10/28 06:27:57.019, 38546 MiB
2025/10/28 06:27:57.019, 38572 MiB
2025/10/28 06:27:57.019, 38534 MiB
2025/10/28 06:27:57.019, 38610 MiB
2025/10/28 06:27:57.019, 38526 MiB
2025/10/28 06:28:57.020, 38408 MiB
2025/10/28 06:28:57.021, 38422 MiB
2025/10/28 06:28:57.021, 40540 MiB
2025/10/28 06:28:57.021, 38546 MiB
2025/10/28 06:28:57.021, 38572 MiB
2025/10/28 06:28:57.021, 38534 MiB
2025/10/28 06:28:57.021, 38610 MiB
2025/10/28 06:28:57.021, 38526 MiB
2025/10/28 06:29:57.022, 38408 MiB
2025/10/28 06:29:57.022, 38422 MiB
2025/10/28 06:29:57.022, 40540 MiB
2025/10/28 06:29:57.022, 38546 MiB
2025/10/28 06:29:57.022, 38572 MiB
2025/10/28 06:29:57.023, 38534 MiB
2025/10/28 06:29:57.023, 38610 MiB
2025/10/28 06:29:57.023, 38526 MiB
2025/10/28 06:30:57.023, 271 MiB
2025/10/28 06:30:57.023, 279 MiB
2025/10/28 06:30:57.023, 389 MiB
2025/10/28 06:30:57.023, 281 MiB
2025/10/28 06:30:57.023, 277 MiB
2025/10/28 06:30:57.023, 275 MiB
2025/10/28 06:30:57.024, 313 MiB
2025/10/28 06:30:57.024, 271 MiB
2025/10/28 06:31:57.024, 271 MiB
2025/10/28 06:31:57.025, 279 MiB
2025/10/28 06:31:57.025, 389 MiB
2025/10/28 06:31:57.025, 281 MiB
2025/10/28 06:31:57.025, 277 MiB
2025/10/28 06:31:57.025, 275 MiB
2025/10/28 06:31:57.025, 313 MiB
2025/10/28 06:31:57.025, 271 MiB
2025/10/28 06:32:57.026, 271 MiB
2025/10/28 06:32:57.026, 279 MiB
2025/10/28 06:32:57.026, 389 MiB
2025/10/28 06:32:57.026, 281 MiB
2025/10/28 06:32:57.026, 277 MiB
2025/10/28 06:32:57.026, 275 MiB
2025/10/28 06:32:57.026, 313 MiB
2025/10/28 06:32:57.026, 271 MiB
2025/10/28 06:33:57.027, 271 MiB
2025/10/28 06:33:57.027, 279 MiB
2025/10/28 06:33:57.027, 389 MiB
2025/10/28 06:33:57.027, 281 MiB
2025/10/28 06:33:57.028, 277 MiB
2025/10/28 06:33:57.028, 275 MiB
2025/10/28 06:33:57.028, 313 MiB
2025/10/28 06:33:57.028, 271 MiB
2025/10/28 06:34:57.028, 271 MiB
2025/10/28 06:34:57.029, 279 MiB
2025/10/28 06:34:57.029, 389 MiB
2025/10/28 06:34:57.029, 281 MiB
2025/10/28 06:34:57.029, 277 MiB
2025/10/28 06:34:57.029, 275 MiB
2025/10/28 06:34:57.029, 313 MiB
2025/10/28 06:34:57.029, 271 MiB
2025/10/28 06:35:57.030, 271 MiB
2025/10/28 06:35:57.030, 279 MiB
2025/10/28 06:35:57.030, 389 MiB
2025/10/28 06:35:57.030, 281 MiB
2025/10/28 06:35:57.030, 277 MiB
2025/10/28 06:35:57.030, 275 MiB
2025/10/28 06:35:57.030, 313 MiB
2025/10/28 06:35:57.030, 271 MiB
2025/10/28 06:36:57.031, 271 MiB
2025/10/28 06:36:57.031, 279 MiB
2025/10/28 06:36:57.031, 389 MiB
2025/10/28 06:36:57.031, 281 MiB
2025/10/28 06:36:57.031, 277 MiB
2025/10/28 06:36:57.032, 275 MiB
2025/10/28 06:36:57.032, 313 MiB
2025/10/28 06:36:57.032, 271 MiB
2025/10/28 06:37:57.033, 271 MiB
2025/10/28 06:37:57.033, 279 MiB
2025/10/28 06:37:57.033, 389 MiB
2025/10/28 06:37:57.033, 281 MiB
2025/10/28 06:37:57.033, 277 MiB
2025/10/28 06:37:57.033, 275 MiB
2025/10/28 06:37:57.033, 313 MiB
2025/10/28 06:37:57.033, 271 MiB
2025/10/28 06:38:57.034, 271 MiB
2025/10/28 06:38:57.034, 279 MiB
2025/10/28 06:38:57.034, 389 MiB
2025/10/28 06:38:57.034, 281 MiB
2025/10/28 06:38:57.034, 277 MiB
2025/10/28 06:38:57.034, 275 MiB
2025/10/28 06:38:57.034, 313 MiB
2025/10/28 06:38:57.034, 271 MiB
2025/10/28 06:39:57.032, 271 MiB
2025/10/28 06:39:57.033, 279 MiB
2025/10/28 06:39:57.033, 389 MiB
2025/10/28 06:39:57.033, 281 MiB
2025/10/28 06:39:57.033, 277 MiB
2025/10/28 06:39:57.033, 275 MiB
2025/10/28 06:39:57.033, 313 MiB
2025/10/28 06:39:57.033, 271 MiB
2025/10/28 06:40:57.031, 271 MiB
2025/10/28 06:40:57.031, 279 MiB
2025/10/28 06:40:57.031, 389 MiB
2025/10/28 06:40:57.031, 281 MiB
2025/10/28 06:40:57.031, 277 MiB
2025/10/28 06:40:57.031, 275 MiB
2025/10/28 06:40:57.031, 313 MiB
2025/10/28 06:40:57.031, 271 MiB
2025/10/28 06:41:57.030, 271 MiB
2025/10/28 06:41:57.030, 279 MiB
2025/10/28 06:41:57.030, 389 MiB
2025/10/28 06:41:57.030, 281 MiB
2025/10/28 06:41:57.030, 277 MiB
2025/10/28 06:41:57.030, 275 MiB
2025/10/28 06:41:57.030, 313 MiB
2025/10/28 06:41:57.030, 271 MiB
2025/10/28 06:42:57.029, 271 MiB
2025/10/28 06:42:57.029, 279 MiB
2025/10/28 06:42:57.030, 389 MiB
2025/10/28 06:42:57.030, 281 MiB
2025/10/28 06:42:57.030, 277 MiB
2025/10/28 06:42:57.030, 275 MiB
2025/10/28 06:42:57.030, 313 MiB
2025/10/28 06:42:57.030, 271 MiB
2025/10/28 06:43:57.028, 271 MiB
2025/10/28 06:43:57.029, 279 MiB
2025/10/28 06:43:57.029, 389 MiB
2025/10/28 06:43:57.029, 281 MiB
2025/10/28 06:43:57.029, 277 MiB
2025/10/28 06:43:57.029, 275 MiB
2025/10/28 06:43:57.029, 313 MiB
2025/10/28 06:43:57.029, 271 MiB
2025/10/28 06:44:57.028, 271 MiB
2025/10/28 06:44:57.029, 279 MiB
2025/10/28 06:44:57.029, 389 MiB
2025/10/28 06:44:57.029, 281 MiB
2025/10/28 06:44:57.029, 277 MiB
2025/10/28 06:44:57.029, 275 MiB
2025/10/28 06:44:57.029, 313 MiB
2025/10/28 06:44:57.029, 271 MiB
2025/10/28 06:45:57.028, 271 MiB
2025/10/28 06:45:57.029, 279 MiB
2025/10/28 06:45:57.029, 389 MiB
2025/10/28 06:45:57.029, 281 MiB
2025/10/28 06:45:57.029, 277 MiB
2025/10/28 06:45:57.029, 275 MiB
2025/10/28 06:45:57.029, 313 MiB
2025/10/28 06:45:57.029, 271 MiB
2025/10/28 06:46:57.028, 271 MiB
2025/10/28 06:46:57.028, 279 MiB
2025/10/28 06:46:57.029, 389 MiB
2025/10/28 06:46:57.029, 281 MiB
2025/10/28 06:46:57.029, 277 MiB
2025/10/28 06:46:57.029, 275 MiB
2025/10/28 06:46:57.029, 313 MiB
2025/10/28 06:46:57.029, 271 MiB
2025/10/28 06:47:57.029, 271 MiB
2025/10/28 06:47:57.029, 279 MiB
2025/10/28 06:47:57.029, 389 MiB
2025/10/28 06:47:57.029, 281 MiB
2025/10/28 06:47:57.029, 277 MiB
2025/10/28 06:47:57.029, 275 MiB
2025/10/28 06:47:57.029, 313 MiB
2025/10/28 06:47:57.029, 271 MiB
2025/10/28 06:48:57.028, 271 MiB
2025/10/28 06:48:57.028, 279 MiB
2025/10/28 06:48:57.028, 389 MiB
2025/10/28 06:48:57.028, 281 MiB
2025/10/28 06:48:57.029, 277 MiB
2025/10/28 06:48:57.029, 275 MiB
2025/10/28 06:48:57.029, 313 MiB
2025/10/28 06:48:57.029, 271 MiB
2025/10/28 06:49:57.028, 271 MiB
2025/10/28 06:49:57.028, 279 MiB
2025/10/28 06:49:57.028, 389 MiB
2025/10/28 06:49:57.028, 281 MiB
2025/10/28 06:49:57.028, 277 MiB
2025/10/28 06:49:57.029, 275 MiB
2025/10/28 06:49:57.029, 313 MiB
2025/10/28 06:49:57.029, 271 MiB
2025/10/28 06:50:57.028, 271 MiB
2025/10/28 06:50:57.028, 279 MiB
2025/10/28 06:50:57.028, 389 MiB
2025/10/28 06:50:57.028, 281 MiB
2025/10/28 06:50:57.028, 277 MiB
2025/10/28 06:50:57.028, 275 MiB
2025/10/28 06:50:57.028, 313 MiB
2025/10/28 06:50:57.029, 271 MiB
2025/10/28 06:51:57.028, 271 MiB
2025/10/28 06:51:57.028, 279 MiB
2025/10/28 06:51:57.028, 389 MiB
2025/10/28 06:51:57.028, 281 MiB
2025/10/28 06:51:57.028, 277 MiB
2025/10/28 06:51:57.028, 275 MiB
2025/10/28 06:51:57.028, 313 MiB
2025/10/28 06:51:57.028, 271 MiB
2025/10/28 06:52:57.028, 271 MiB
2025/10/28 06:52:57.028, 279 MiB
2025/10/28 06:52:57.028, 389 MiB
2025/10/28 06:52:57.028, 281 MiB
2025/10/28 06:52:57.028, 277 MiB
2025/10/28 06:52:57.028, 275 MiB
2025/10/28 06:52:57.028, 313 MiB
2025/10/28 06:52:57.028, 271 MiB
2025/10/28 06:53:57.028, 972 MiB
2025/10/28 06:53:57.029, 980 MiB
2025/10/28 06:53:57.029, 1090 MiB
2025/10/28 06:53:57.029, 982 MiB
2025/10/28 06:53:57.029, 978 MiB
2025/10/28 06:53:57.029, 976 MiB
2025/10/28 06:53:57.029, 1014 MiB
2025/10/28 06:53:57.029, 972 MiB
2025/10/28 06:54:57.029, 16246 MiB
2025/10/28 06:54:57.029, 16254 MiB
2025/10/28 06:54:57.029, 16338 MiB
2025/10/28 06:54:57.029, 16230 MiB
2025/10/28 06:54:57.029, 16226 MiB
2025/10/28 06:54:57.029, 16224 MiB
2025/10/28 06:54:57.029, 16262 MiB
2025/10/28 06:54:57.029, 16246 MiB
2025/10/28 06:55:57.029, 16246 MiB
2025/10/28 06:55:57.030, 16254 MiB
2025/10/28 06:55:57.030, 16338 MiB
2025/10/28 06:55:57.030, 16230 MiB
2025/10/28 06:55:57.030, 16226 MiB
2025/10/28 06:55:57.030, 16224 MiB
2025/10/28 06:55:57.030, 16262 MiB
2025/10/28 06:55:57.030, 16246 MiB
2025/10/28 06:56:57.030, 16246 MiB
2025/10/28 06:56:57.030, 16272 MiB
2025/10/28 06:56:57.030, 16338 MiB
2025/10/28 06:56:57.030, 16266 MiB
2025/10/28 06:56:57.030, 16262 MiB
2025/10/28 06:56:57.031, 16260 MiB
2025/10/28 06:56:57.031, 16298 MiB
2025/10/28 06:56:57.031, 16246 MiB
2025/10/28 06:57:57.031, 38408 MiB
2025/10/28 06:57:57.031, 38422 MiB
2025/10/28 06:57:57.031, 16550 MiB
2025/10/28 06:57:57.031, 16382 MiB
2025/10/28 06:57:57.031, 16378 MiB
2025/10/28 06:57:57.031, 16376 MiB
2025/10/28 06:57:57.031, 16414 MiB
2025/10/28 06:57:57.031, 16360 MiB
2025/10/28 06:58:57.032, 38408 MiB
2025/10/28 06:58:57.032, 38422 MiB
2025/10/28 06:58:57.032, 16550 MiB
2025/10/28 06:58:57.032, 16382 MiB
2025/10/28 06:58:57.032, 16378 MiB
2025/10/28 06:58:57.032, 16376 MiB
2025/10/28 06:58:57.032, 16414 MiB
2025/10/28 06:58:57.032, 16360 MiB
2025/10/28 06:59:57.032, 38408 MiB
2025/10/28 06:59:57.032, 38422 MiB
2025/10/28 06:59:57.032, 16550 MiB
2025/10/28 06:59:57.032, 16382 MiB
2025/10/28 06:59:57.033, 16378 MiB
2025/10/28 06:59:57.033, 16376 MiB
2025/10/28 06:59:57.033, 16414 MiB
2025/10/28 06:59:57.033, 16360 MiB
2025/10/28 07:00:57.033, 38408 MiB
2025/10/28 07:00:57.033, 38422 MiB
2025/10/28 07:00:57.033, 16550 MiB
2025/10/28 07:00:57.033, 16382 MiB
2025/10/28 07:00:57.033, 16378 MiB
2025/10/28 07:00:57.033, 16376 MiB
2025/10/28 07:00:57.033, 16414 MiB
2025/10/28 07:00:57.033, 16360 MiB
2025/10/28 07:01:57.034, 38408 MiB
2025/10/28 07:01:57.034, 38422 MiB
2025/10/28 07:01:57.034, 40540 MiB
2025/10/28 07:01:57.034, 38546 MiB
2025/10/28 07:01:57.034, 38572 MiB
2025/10/28 07:01:57.034, 38534 MiB
2025/10/28 07:01:57.034, 38610 MiB
2025/10/28 07:01:57.034, 38526 MiB
2025/10/28 07:02:57.035, 38408 MiB
2025/10/28 07:02:57.035, 38422 MiB
2025/10/28 07:02:57.035, 40540 MiB
2025/10/28 07:02:57.035, 38546 MiB
2025/10/28 07:02:57.035, 38572 MiB
2025/10/28 07:02:57.035, 38534 MiB
2025/10/28 07:02:57.035, 38610 MiB
2025/10/28 07:02:57.035, 38526 MiB
2025/10/28 07:03:57.035, 38408 MiB
2025/10/28 07:03:57.035, 38422 MiB
2025/10/28 07:03:57.035, 40540 MiB
2025/10/28 07:03:57.035, 38546 MiB
2025/10/28 07:03:57.036, 38572 MiB
2025/10/28 07:03:57.036, 38534 MiB
2025/10/28 07:03:57.036, 38610 MiB
2025/10/28 07:03:57.036, 38526 MiB
2025/10/28 07:04:57.036, 38408 MiB
2025/10/28 07:04:57.036, 38422 MiB
2025/10/28 07:04:57.036, 40540 MiB
2025/10/28 07:04:57.036, 38546 MiB
2025/10/28 07:04:57.036, 38572 MiB
2025/10/28 07:04:57.036, 38534 MiB
2025/10/28 07:04:57.036, 38610 MiB
2025/10/28 07:04:57.036, 38526 MiB
2025/10/28 07:05:57.037, 271 MiB
2025/10/28 07:05:57.037, 279 MiB
2025/10/28 07:05:57.037, 389 MiB
2025/10/28 07:05:57.037, 281 MiB
2025/10/28 07:05:57.037, 277 MiB
2025/10/28 07:05:57.037, 275 MiB
2025/10/28 07:05:57.037, 313 MiB
2025/10/28 07:05:57.037, 271 MiB
2025/10/28 07:06:57.038, 271 MiB
2025/10/28 07:06:57.038, 279 MiB
2025/10/28 07:06:57.038, 389 MiB
2025/10/28 07:06:57.038, 281 MiB
2025/10/28 07:06:57.038, 277 MiB
2025/10/28 07:06:57.038, 275 MiB
2025/10/28 07:06:57.038, 313 MiB
2025/10/28 07:06:57.038, 271 MiB
2025/10/28 07:07:57.039, 271 MiB
2025/10/28 07:07:57.039, 279 MiB
2025/10/28 07:07:57.039, 389 MiB
2025/10/28 07:07:57.039, 281 MiB
2025/10/28 07:07:57.039, 277 MiB
2025/10/28 07:07:57.039, 275 MiB
2025/10/28 07:07:57.039, 313 MiB
2025/10/28 07:07:57.039, 271 MiB
2025/10/28 07:08:57.040, 271 MiB
2025/10/28 07:08:57.040, 279 MiB
2025/10/28 07:08:57.041, 389 MiB
2025/10/28 07:08:57.041, 281 MiB
2025/10/28 07:08:57.041, 277 MiB
2025/10/28 07:08:57.041, 275 MiB
2025/10/28 07:08:57.041, 313 MiB
2025/10/28 07:08:57.041, 271 MiB
2025/10/28 07:09:57.042, 271 MiB
2025/10/28 07:09:57.042, 279 MiB
2025/10/28 07:09:57.042, 389 MiB
2025/10/28 07:09:57.042, 281 MiB
2025/10/28 07:09:57.042, 277 MiB
2025/10/28 07:09:57.042, 275 MiB
2025/10/28 07:09:57.042, 313 MiB
2025/10/28 07:09:57.042, 271 MiB
2025/10/28 07:10:57.043, 271 MiB
2025/10/28 07:10:57.043, 279 MiB
2025/10/28 07:10:57.043, 389 MiB
2025/10/28 07:10:57.043, 281 MiB
2025/10/28 07:10:57.043, 277 MiB
2025/10/28 07:10:57.043, 275 MiB
2025/10/28 07:10:57.043, 313 MiB
2025/10/28 07:10:57.043, 271 MiB
2025/10/28 07:11:57.044, 271 MiB
2025/10/28 07:11:57.044, 279 MiB
2025/10/28 07:11:57.044, 389 MiB
2025/10/28 07:11:57.045, 281 MiB
2025/10/28 07:11:57.045, 277 MiB
2025/10/28 07:11:57.045, 275 MiB
2025/10/28 07:11:57.045, 313 MiB
2025/10/28 07:11:57.045, 271 MiB
2025/10/28 07:12:57.045, 271 MiB
2025/10/28 07:12:57.046, 279 MiB
2025/10/28 07:12:57.046, 389 MiB
2025/10/28 07:12:57.046, 281 MiB
2025/10/28 07:12:57.046, 277 MiB
2025/10/28 07:12:57.046, 275 MiB
2025/10/28 07:12:57.046, 313 MiB
2025/10/28 07:12:57.046, 271 MiB
2025/10/28 07:13:57.047, 271 MiB
2025/10/28 07:13:57.047, 279 MiB
2025/10/28 07:13:57.047, 389 MiB
2025/10/28 07:13:57.047, 281 MiB
2025/10/28 07:13:57.047, 277 MiB
2025/10/28 07:13:57.047, 275 MiB
2025/10/28 07:13:57.047, 313 MiB
2025/10/28 07:13:57.047, 271 MiB
2025/10/28 07:14:57.048, 271 MiB
2025/10/28 07:14:57.048, 279 MiB
2025/10/28 07:14:57.048, 389 MiB
2025/10/28 07:14:57.048, 281 MiB
2025/10/28 07:14:57.048, 277 MiB
2025/10/28 07:14:57.048, 275 MiB
2025/10/28 07:14:57.048, 313 MiB
2025/10/28 07:14:57.049, 271 MiB
2025/10/28 07:15:57.048, 271 MiB
2025/10/28 07:15:57.049, 279 MiB
2025/10/28 07:15:57.049, 389 MiB
2025/10/28 07:15:57.049, 281 MiB
2025/10/28 07:15:57.049, 277 MiB
2025/10/28 07:15:57.049, 275 MiB
2025/10/28 07:15:57.049, 313 MiB
2025/10/28 07:15:57.049, 271 MiB
2025/10/28 07:16:57.049, 271 MiB
2025/10/28 07:16:57.049, 279 MiB
2025/10/28 07:16:57.049, 389 MiB
2025/10/28 07:16:57.049, 281 MiB
2025/10/28 07:16:57.049, 277 MiB
2025/10/28 07:16:57.049, 275 MiB
2025/10/28 07:16:57.049, 313 MiB
2025/10/28 07:16:57.049, 271 MiB
2025/10/28 07:17:57.050, 271 MiB
2025/10/28 07:17:57.050, 279 MiB
2025/10/28 07:17:57.050, 389 MiB
2025/10/28 07:17:57.050, 281 MiB
2025/10/28 07:17:57.050, 277 MiB
2025/10/28 07:17:57.050, 275 MiB
2025/10/28 07:17:57.051, 313 MiB
2025/10/28 07:17:57.051, 271 MiB
2025/10/28 07:18:57.051, 271 MiB
2025/10/28 07:18:57.052, 279 MiB
2025/10/28 07:18:57.052, 389 MiB
2025/10/28 07:18:57.052, 281 MiB
2025/10/28 07:18:57.052, 277 MiB
2025/10/28 07:18:57.052, 275 MiB
2025/10/28 07:18:57.052, 313 MiB
2025/10/28 07:18:57.052, 271 MiB
2025/10/28 07:19:57.053, 271 MiB
2025/10/28 07:19:57.053, 279 MiB
2025/10/28 07:19:57.053, 389 MiB
2025/10/28 07:19:57.053, 281 MiB
2025/10/28 07:19:57.053, 277 MiB
2025/10/28 07:19:57.053, 275 MiB
2025/10/28 07:19:57.053, 313 MiB
2025/10/28 07:19:57.053, 271 MiB
2025/10/28 07:20:57.054, 271 MiB
2025/10/28 07:20:57.054, 279 MiB
2025/10/28 07:20:57.054, 389 MiB
2025/10/28 07:20:57.054, 281 MiB
2025/10/28 07:20:57.054, 277 MiB
2025/10/28 07:20:57.054, 275 MiB
2025/10/28 07:20:57.054, 313 MiB
2025/10/28 07:20:57.054, 271 MiB
2025/10/28 07:21:57.055, 271 MiB
2025/10/28 07:21:57.055, 279 MiB
2025/10/28 07:21:57.055, 389 MiB
2025/10/28 07:21:57.055, 281 MiB
2025/10/28 07:21:57.055, 277 MiB
2025/10/28 07:21:57.055, 275 MiB
2025/10/28 07:21:57.055, 313 MiB
2025/10/28 07:21:57.055, 271 MiB
2025/10/28 07:22:57.056, 271 MiB
2025/10/28 07:22:57.056, 279 MiB
2025/10/28 07:22:57.056, 389 MiB
2025/10/28 07:22:57.056, 281 MiB
2025/10/28 07:22:57.056, 277 MiB
2025/10/28 07:22:57.056, 275 MiB
2025/10/28 07:22:57.056, 313 MiB
2025/10/28 07:22:57.056, 271 MiB
2025/10/28 07:23:57.057, 271 MiB
2025/10/28 07:23:57.057, 279 MiB
2025/10/28 07:23:57.057, 389 MiB
2025/10/28 07:23:57.057, 281 MiB
2025/10/28 07:23:57.057, 277 MiB
2025/10/28 07:23:57.057, 275 MiB
2025/10/28 07:23:57.057, 313 MiB
2025/10/28 07:23:57.057, 271 MiB
2025/10/28 07:24:57.058, 271 MiB
2025/10/28 07:24:57.058, 279 MiB
2025/10/28 07:24:57.058, 389 MiB
2025/10/28 07:24:57.058, 281 MiB
2025/10/28 07:24:57.058, 277 MiB
2025/10/28 07:24:57.058, 275 MiB
2025/10/28 07:24:57.058, 313 MiB
2025/10/28 07:24:57.058, 271 MiB
2025/10/28 07:25:57.059, 271 MiB
2025/10/28 07:25:57.059, 279 MiB
2025/10/28 07:25:57.059, 389 MiB
2025/10/28 07:25:57.059, 281 MiB
2025/10/28 07:25:57.060, 277 MiB
2025/10/28 07:25:57.060, 275 MiB
2025/10/28 07:25:57.060, 313 MiB
2025/10/28 07:25:57.060, 271 MiB
2025/10/28 07:26:57.060, 271 MiB
2025/10/28 07:26:57.061, 279 MiB
2025/10/28 07:26:57.061, 389 MiB
2025/10/28 07:26:57.061, 281 MiB
2025/10/28 07:26:57.061, 277 MiB
2025/10/28 07:26:57.061, 275 MiB
2025/10/28 07:26:57.061, 313 MiB
2025/10/28 07:26:57.061, 271 MiB
2025/10/28 07:27:57.062, 271 MiB
2025/10/28 07:27:57.062, 279 MiB
2025/10/28 07:27:57.062, 389 MiB
2025/10/28 07:27:57.062, 281 MiB
2025/10/28 07:27:57.062, 277 MiB
2025/10/28 07:27:57.062, 275 MiB
2025/10/28 07:27:57.062, 313 MiB
2025/10/28 07:27:57.062, 271 MiB
2025/10/28 07:28:57.063, 271 MiB
2025/10/28 07:28:57.063, 279 MiB
2025/10/28 07:28:57.063, 389 MiB
2025/10/28 07:28:57.063, 281 MiB
2025/10/28 07:28:57.063, 277 MiB
2025/10/28 07:28:57.063, 275 MiB
2025/10/28 07:28:57.063, 313 MiB
2025/10/28 07:28:57.063, 271 MiB
2025/10/28 07:29:57.064, 271 MiB
2025/10/28 07:29:57.064, 279 MiB
2025/10/28 07:29:57.064, 389 MiB
2025/10/28 07:29:57.064, 281 MiB
2025/10/28 07:29:57.064, 277 MiB
2025/10/28 07:29:57.064, 275 MiB
2025/10/28 07:29:57.064, 313 MiB
2025/10/28 07:29:57.064, 271 MiB
2025/10/28 07:30:57.065, 271 MiB
2025/10/28 07:30:57.065, 279 MiB
2025/10/28 07:30:57.065, 389 MiB
2025/10/28 07:30:57.065, 281 MiB
2025/10/28 07:30:57.065, 277 MiB
2025/10/28 07:30:57.066, 275 MiB
2025/10/28 07:30:57.066, 313 MiB
2025/10/28 07:30:57.066, 271 MiB
2025/10/28 07:31:57.066, 271 MiB
2025/10/28 07:31:57.067, 279 MiB
2025/10/28 07:31:57.067, 389 MiB
2025/10/28 07:31:57.067, 281 MiB
2025/10/28 07:31:57.067, 277 MiB
2025/10/28 07:31:57.067, 275 MiB
2025/10/28 07:31:57.067, 313 MiB
2025/10/28 07:31:57.067, 271 MiB
2025/10/28 07:32:57.068, 271 MiB
2025/10/28 07:32:57.068, 279 MiB
2025/10/28 07:32:57.068, 389 MiB
2025/10/28 07:32:57.068, 281 MiB
2025/10/28 07:32:57.068, 277 MiB
2025/10/28 07:32:57.068, 275 MiB
2025/10/28 07:32:57.068, 313 MiB
2025/10/28 07:32:57.068, 271 MiB
2025/10/28 07:33:57.069, 271 MiB
2025/10/28 07:33:57.069, 279 MiB
2025/10/28 07:33:57.069, 389 MiB
2025/10/28 07:33:57.069, 281 MiB
2025/10/28 07:33:57.069, 277 MiB
2025/10/28 07:33:57.069, 275 MiB
2025/10/28 07:33:57.069, 313 MiB
2025/10/28 07:33:57.069, 271 MiB
2025/10/28 07:34:57.070, 271 MiB
2025/10/28 07:34:57.070, 279 MiB
2025/10/28 07:34:57.070, 389 MiB
2025/10/28 07:34:57.070, 281 MiB
2025/10/28 07:34:57.070, 277 MiB
2025/10/28 07:34:57.070, 275 MiB
2025/10/28 07:34:57.070, 313 MiB
2025/10/28 07:34:57.070, 271 MiB
2025/10/28 07:35:57.071, 271 MiB
2025/10/28 07:35:57.071, 279 MiB
2025/10/28 07:35:57.071, 389 MiB
2025/10/28 07:35:57.071, 281 MiB
2025/10/28 07:35:57.071, 277 MiB
2025/10/28 07:35:57.071, 275 MiB
2025/10/28 07:35:57.071, 313 MiB
2025/10/28 07:35:57.071, 271 MiB
2025/10/28 07:36:57.072, 271 MiB
2025/10/28 07:36:57.075, 279 MiB
2025/10/28 07:36:57.076, 389 MiB
2025/10/28 07:36:57.080, 281 MiB
2025/10/28 07:36:57.082, 277 MiB
2025/10/28 07:36:57.085, 275 MiB
2025/10/28 07:36:57.087, 313 MiB
2025/10/28 07:36:57.091, 271 MiB
2025/10/28 07:37:57.093, 271 MiB
2025/10/28 07:37:57.093, 279 MiB
2025/10/28 07:37:57.093, 389 MiB
2025/10/28 07:37:57.093, 281 MiB
2025/10/28 07:37:57.093, 277 MiB
2025/10/28 07:37:57.093, 275 MiB
2025/10/28 07:37:57.094, 313 MiB
2025/10/28 07:37:57.094, 271 MiB
2025/10/28 07:38:57.094, 271 MiB
2025/10/28 07:38:57.094, 279 MiB
2025/10/28 07:38:57.094, 389 MiB
2025/10/28 07:38:57.095, 281 MiB
2025/10/28 07:38:57.095, 277 MiB
2025/10/28 07:38:57.095, 275 MiB
2025/10/28 07:38:57.095, 313 MiB
2025/10/28 07:38:57.095, 271 MiB
2025/10/28 07:39:57.096, 271 MiB
2025/10/28 07:39:57.096, 279 MiB
2025/10/28 07:39:57.096, 389 MiB
2025/10/28 07:39:57.096, 281 MiB
2025/10/28 07:39:57.096, 277 MiB
2025/10/28 07:39:57.096, 275 MiB
2025/10/28 07:39:57.096, 313 MiB
2025/10/28 07:39:57.096, 271 MiB
2025/10/28 07:40:57.097, 271 MiB
2025/10/28 07:40:57.097, 279 MiB
2025/10/28 07:40:57.097, 389 MiB
2025/10/28 07:40:57.097, 281 MiB
2025/10/28 07:40:57.097, 277 MiB
2025/10/28 07:40:57.097, 275 MiB
2025/10/28 07:40:57.097, 313 MiB
2025/10/28 07:40:57.098, 271 MiB
2025/10/28 07:41:57.097, 271 MiB
2025/10/28 07:41:57.098, 279 MiB
2025/10/28 07:41:57.098, 389 MiB
2025/10/28 07:41:57.098, 281 MiB
2025/10/28 07:41:57.098, 277 MiB
2025/10/28 07:41:57.098, 275 MiB
2025/10/28 07:41:57.098, 313 MiB
2025/10/28 07:41:57.098, 271 MiB
2025/10/28 07:42:57.099, 271 MiB
2025/10/28 07:42:57.099, 279 MiB
2025/10/28 07:42:57.099, 389 MiB
2025/10/28 07:42:57.099, 281 MiB
2025/10/28 07:42:57.099, 277 MiB
2025/10/28 07:42:57.099, 275 MiB
2025/10/28 07:42:57.099, 313 MiB
2025/10/28 07:42:57.099, 271 MiB
2025/10/28 07:43:57.100, 271 MiB
2025/10/28 07:43:57.100, 279 MiB
2025/10/28 07:43:57.100, 389 MiB
2025/10/28 07:43:57.100, 281 MiB
2025/10/28 07:43:57.100, 277 MiB
2025/10/28 07:43:57.100, 275 MiB
2025/10/28 07:43:57.100, 313 MiB
2025/10/28 07:43:57.100, 271 MiB
2025/10/28 07:44:57.101, 271 MiB
2025/10/28 07:44:57.101, 279 MiB
2025/10/28 07:44:57.101, 389 MiB
2025/10/28 07:44:57.101, 281 MiB
2025/10/28 07:44:57.101, 277 MiB
2025/10/28 07:44:57.101, 275 MiB
2025/10/28 07:44:57.102, 313 MiB
2025/10/28 07:44:57.102, 271 MiB
2025/10/28 07:45:57.102, 271 MiB
2025/10/28 07:45:57.102, 279 MiB
2025/10/28 07:45:57.102, 389 MiB
2025/10/28 07:45:57.103, 281 MiB
2025/10/28 07:45:57.103, 277 MiB
2025/10/28 07:45:57.103, 275 MiB
2025/10/28 07:45:57.103, 313 MiB
2025/10/28 07:45:57.103, 271 MiB
2025/10/28 07:46:57.103, 271 MiB
2025/10/28 07:46:57.104, 279 MiB
2025/10/28 07:46:57.104, 389 MiB
2025/10/28 07:46:57.104, 281 MiB
2025/10/28 07:46:57.104, 277 MiB
2025/10/28 07:46:57.104, 275 MiB
2025/10/28 07:46:57.104, 313 MiB
2025/10/28 07:46:57.104, 271 MiB
2025/10/28 07:47:57.106, 271 MiB
2025/10/28 07:47:57.106, 279 MiB
2025/10/28 07:47:57.106, 389 MiB
2025/10/28 07:47:57.106, 281 MiB
2025/10/28 07:47:57.106, 277 MiB
2025/10/28 07:47:57.106, 275 MiB
2025/10/28 07:47:57.106, 313 MiB
2025/10/28 07:47:57.106, 271 MiB
2025/10/28 07:48:57.109, 271 MiB
2025/10/28 07:48:57.109, 279 MiB
2025/10/28 07:48:57.109, 389 MiB
2025/10/28 07:48:57.109, 281 MiB
2025/10/28 07:48:57.110, 277 MiB
2025/10/28 07:48:57.110, 275 MiB
2025/10/28 07:48:57.110, 313 MiB
2025/10/28 07:48:57.110, 271 MiB
2025/10/28 07:49:57.112, 271 MiB
2025/10/28 07:49:57.113, 279 MiB
2025/10/28 07:49:57.113, 389 MiB
2025/10/28 07:49:57.113, 281 MiB
2025/10/28 07:49:57.113, 277 MiB
2025/10/28 07:49:57.113, 275 MiB
2025/10/28 07:49:57.113, 313 MiB
2025/10/28 07:49:57.113, 271 MiB
2025/10/28 07:50:57.115, 271 MiB
2025/10/28 07:50:57.116, 279 MiB
2025/10/28 07:50:57.116, 389 MiB
2025/10/28 07:50:57.116, 281 MiB
2025/10/28 07:50:57.116, 277 MiB
2025/10/28 07:50:57.116, 275 MiB
2025/10/28 07:50:57.116, 313 MiB
2025/10/28 07:50:57.116, 271 MiB
2025/10/28 07:51:57.118, 271 MiB
2025/10/28 07:51:57.118, 279 MiB
2025/10/28 07:51:57.118, 389 MiB
2025/10/28 07:51:57.246, 281 MiB
2025/10/28 07:51:57.246, 277 MiB
2025/10/28 07:51:57.246, 275 MiB
2025/10/28 07:51:57.246, 313 MiB
2025/10/28 07:51:57.246, 271 MiB
2025/10/28 07:52:57.248, 271 MiB
2025/10/28 07:52:57.248, 279 MiB
2025/10/28 07:52:57.248, 389 MiB
2025/10/28 07:52:57.248, 281 MiB
2025/10/28 07:52:57.248, 277 MiB
2025/10/28 07:52:57.249, 275 MiB
2025/10/28 07:52:57.249, 313 MiB
2025/10/28 07:52:57.249, 271 MiB
2025/10/28 07:53:57.251, 271 MiB
2025/10/28 07:53:57.251, 279 MiB
2025/10/28 07:53:57.251, 389 MiB
2025/10/28 07:53:57.251, 281 MiB
2025/10/28 07:53:57.251, 277 MiB
2025/10/28 07:53:57.251, 275 MiB
2025/10/28 07:53:57.251, 313 MiB
2025/10/28 07:53:57.251, 271 MiB
2025/10/28 07:54:57.253, 271 MiB
2025/10/28 07:54:57.253, 279 MiB
2025/10/28 07:54:57.253, 389 MiB
2025/10/28 07:54:57.253, 281 MiB
2025/10/28 07:54:57.253, 277 MiB
2025/10/28 07:54:57.254, 275 MiB
2025/10/28 07:54:57.254, 313 MiB
2025/10/28 07:54:57.254, 271 MiB
2025/10/28 07:55:57.255, 271 MiB
2025/10/28 07:55:57.256, 279 MiB
2025/10/28 07:55:57.256, 389 MiB
2025/10/28 07:55:57.256, 281 MiB
2025/10/28 07:55:57.256, 277 MiB
2025/10/28 07:55:57.256, 275 MiB
2025/10/28 07:55:57.256, 313 MiB
2025/10/28 07:55:57.256, 271 MiB
2025/10/28 07:56:57.258, 271 MiB
2025/10/28 07:56:57.258, 279 MiB
2025/10/28 07:56:57.258, 389 MiB
2025/10/28 07:56:57.258, 281 MiB
2025/10/28 07:56:57.258, 277 MiB
2025/10/28 07:56:57.258, 275 MiB
2025/10/28 07:56:57.258, 313 MiB
2025/10/28 07:56:57.258, 271 MiB
2025/10/28 07:57:57.260, 271 MiB
2025/10/28 07:57:57.260, 279 MiB
2025/10/28 07:57:57.260, 389 MiB
2025/10/28 07:57:57.260, 281 MiB
2025/10/28 07:57:57.260, 277 MiB
2025/10/28 07:57:57.260, 275 MiB
2025/10/28 07:57:57.260, 313 MiB
2025/10/28 07:57:57.260, 271 MiB
2025/10/28 07:58:57.262, 271 MiB
2025/10/28 07:58:57.262, 279 MiB
2025/10/28 07:58:57.262, 389 MiB
2025/10/28 07:58:57.262, 281 MiB
2025/10/28 07:58:57.262, 277 MiB
2025/10/28 07:58:57.262, 275 MiB
2025/10/28 07:58:57.262, 313 MiB
2025/10/28 07:58:57.262, 271 MiB
2025/10/28 07:59:57.263, 271 MiB
2025/10/28 07:59:57.263, 279 MiB
2025/10/28 07:59:57.263, 389 MiB
2025/10/28 07:59:57.264, 281 MiB
2025/10/28 07:59:57.264, 277 MiB
2025/10/28 07:59:57.264, 275 MiB
2025/10/28 07:59:57.264, 313 MiB
2025/10/28 07:59:57.264, 271 MiB
2025/10/28 08:00:57.265, 271 MiB
2025/10/28 08:00:57.265, 279 MiB
2025/10/28 08:00:57.265, 389 MiB
2025/10/28 08:00:57.265, 281 MiB
2025/10/28 08:00:57.265, 277 MiB
2025/10/28 08:00:57.265, 275 MiB
2025/10/28 08:00:57.265, 313 MiB
2025/10/28 08:00:57.265, 271 MiB
2025/10/28 08:01:57.266, 271 MiB
2025/10/28 08:01:57.266, 279 MiB
2025/10/28 08:01:57.267, 389 MiB
2025/10/28 08:01:57.267, 281 MiB
2025/10/28 08:01:57.267, 277 MiB
2025/10/28 08:01:57.267, 275 MiB
2025/10/28 08:01:57.267, 313 MiB
2025/10/28 08:01:57.267, 271 MiB
2025/10/28 08:02:57.268, 271 MiB
2025/10/28 08:02:57.269, 279 MiB
2025/10/28 08:02:57.269, 389 MiB
2025/10/28 08:02:57.269, 281 MiB
2025/10/28 08:02:57.269, 277 MiB
2025/10/28 08:02:57.269, 275 MiB
2025/10/28 08:02:57.269, 313 MiB
2025/10/28 08:02:57.269, 271 MiB
2025/10/28 08:03:57.271, 271 MiB
2025/10/28 08:03:57.271, 279 MiB
2025/10/28 08:03:57.271, 389 MiB
2025/10/28 08:03:57.271, 281 MiB
2025/10/28 08:03:57.271, 277 MiB
2025/10/28 08:03:57.271, 275 MiB
2025/10/28 08:03:57.271, 313 MiB
2025/10/28 08:03:57.271, 271 MiB
2025/10/28 08:04:57.272, 271 MiB
2025/10/28 08:04:57.272, 279 MiB
2025/10/28 08:04:57.272, 389 MiB
2025/10/28 08:04:57.272, 281 MiB
2025/10/28 08:04:57.272, 277 MiB
2025/10/28 08:04:57.272, 275 MiB
2025/10/28 08:04:57.272, 313 MiB
2025/10/28 08:04:57.272, 271 MiB
2025/10/28 08:05:57.273, 271 MiB
2025/10/28 08:05:57.273, 279 MiB
2025/10/28 08:05:57.273, 389 MiB
2025/10/28 08:05:57.273, 281 MiB
2025/10/28 08:05:57.273, 277 MiB
2025/10/28 08:05:57.273, 275 MiB
2025/10/28 08:05:57.273, 313 MiB
2025/10/28 08:05:57.274, 271 MiB
2025/10/28 08:06:57.275, 271 MiB
2025/10/28 08:06:57.275, 279 MiB
2025/10/28 08:06:57.275, 389 MiB
2025/10/28 08:06:57.275, 281 MiB
2025/10/28 08:06:57.275, 277 MiB
2025/10/28 08:06:57.276, 275 MiB
2025/10/28 08:06:57.276, 313 MiB
2025/10/28 08:06:57.276, 271 MiB
2025/10/28 08:07:57.276, 271 MiB
2025/10/28 08:07:57.277, 279 MiB
2025/10/28 08:07:57.277, 389 MiB
2025/10/28 08:07:57.277, 281 MiB
2025/10/28 08:07:57.277, 277 MiB
2025/10/28 08:07:57.277, 275 MiB
2025/10/28 08:07:57.277, 313 MiB
2025/10/28 08:07:57.277, 271 MiB
2025/10/28 08:08:57.278, 271 MiB
2025/10/28 08:08:57.278, 279 MiB
2025/10/28 08:08:57.278, 389 MiB
2025/10/28 08:08:57.278, 281 MiB
2025/10/28 08:08:57.278, 277 MiB
2025/10/28 08:08:57.278, 275 MiB
2025/10/28 08:08:57.278, 313 MiB
2025/10/28 08:08:57.278, 271 MiB
2025/10/28 08:09:57.279, 271 MiB
2025/10/28 08:09:57.280, 279 MiB
2025/10/28 08:09:57.280, 389 MiB
2025/10/28 08:09:57.280, 281 MiB
2025/10/28 08:09:57.280, 277 MiB
2025/10/28 08:09:57.280, 275 MiB
2025/10/28 08:09:57.280, 313 MiB
2025/10/28 08:09:57.280, 271 MiB
2025/10/28 08:10:57.281, 271 MiB
2025/10/28 08:10:57.281, 279 MiB
2025/10/28 08:10:57.281, 389 MiB
2025/10/28 08:10:57.281, 281 MiB
2025/10/28 08:10:57.281, 277 MiB
2025/10/28 08:10:57.281, 275 MiB
2025/10/28 08:10:57.281, 313 MiB
2025/10/28 08:10:57.281, 271 MiB
2025/10/28 08:11:57.282, 271 MiB
2025/10/28 08:11:57.283, 279 MiB
2025/10/28 08:11:57.283, 389 MiB
2025/10/28 08:11:57.283, 281 MiB
2025/10/28 08:11:57.283, 277 MiB
2025/10/28 08:11:57.283, 275 MiB
2025/10/28 08:11:57.283, 313 MiB
2025/10/28 08:11:57.283, 271 MiB
2025/10/28 08:12:57.284, 271 MiB
2025/10/28 08:12:57.284, 279 MiB
2025/10/28 08:12:57.284, 389 MiB
2025/10/28 08:12:57.284, 281 MiB
2025/10/28 08:12:57.284, 277 MiB
2025/10/28 08:12:57.284, 275 MiB
2025/10/28 08:12:57.284, 313 MiB
2025/10/28 08:12:57.284, 271 MiB
2025/10/28 08:13:57.285, 271 MiB
2025/10/28 08:13:57.286, 279 MiB
2025/10/28 08:13:57.286, 389 MiB
2025/10/28 08:13:57.286, 281 MiB
2025/10/28 08:13:57.286, 277 MiB
2025/10/28 08:13:57.286, 275 MiB
2025/10/28 08:13:57.286, 313 MiB
2025/10/28 08:13:57.286, 271 MiB
2025/10/28 08:14:57.287, 271 MiB
2025/10/28 08:14:57.287, 279 MiB
2025/10/28 08:14:57.287, 389 MiB
2025/10/28 08:14:57.287, 281 MiB
2025/10/28 08:14:57.287, 277 MiB
2025/10/28 08:14:57.287, 275 MiB
2025/10/28 08:14:57.287, 313 MiB
2025/10/28 08:14:57.287, 271 MiB
2025/10/28 08:15:57.288, 271 MiB
2025/10/28 08:15:57.289, 279 MiB
2025/10/28 08:15:57.289, 389 MiB
2025/10/28 08:15:57.289, 281 MiB
2025/10/28 08:15:57.289, 277 MiB
2025/10/28 08:15:57.289, 275 MiB
2025/10/28 08:15:57.289, 313 MiB
2025/10/28 08:15:57.289, 271 MiB
2025/10/28 08:16:57.290, 271 MiB
2025/10/28 08:16:57.290, 279 MiB
2025/10/28 08:16:57.290, 389 MiB
2025/10/28 08:16:57.290, 281 MiB
2025/10/28 08:16:57.290, 277 MiB
2025/10/28 08:16:57.290, 275 MiB
2025/10/28 08:16:57.290, 313 MiB
2025/10/28 08:16:57.290, 271 MiB
2025/10/28 08:17:57.291, 271 MiB
2025/10/28 08:17:57.291, 279 MiB
2025/10/28 08:17:57.291, 389 MiB
2025/10/28 08:17:57.291, 281 MiB
2025/10/28 08:17:57.291, 277 MiB
2025/10/28 08:17:57.292, 275 MiB
2025/10/28 08:17:57.292, 313 MiB
2025/10/28 08:17:57.292, 271 MiB
2025/10/28 08:18:57.293, 271 MiB
2025/10/28 08:18:57.293, 279 MiB
2025/10/28 08:18:57.293, 389 MiB
2025/10/28 08:18:57.293, 281 MiB
2025/10/28 08:18:57.293, 277 MiB
2025/10/28 08:18:57.293, 275 MiB
2025/10/28 08:18:57.293, 313 MiB
2025/10/28 08:18:57.293, 271 MiB
2025/10/28 08:19:57.294, 271 MiB
2025/10/28 08:19:57.294, 279 MiB
2025/10/28 08:19:57.294, 389 MiB
2025/10/28 08:19:57.294, 281 MiB
2025/10/28 08:19:57.294, 277 MiB
2025/10/28 08:19:57.294, 275 MiB
2025/10/28 08:19:57.294, 313 MiB
2025/10/28 08:19:57.294, 271 MiB
2025/10/28 08:20:57.295, 271 MiB
2025/10/28 08:20:57.295, 279 MiB
2025/10/28 08:20:57.295, 389 MiB
2025/10/28 08:20:57.295, 281 MiB
2025/10/28 08:20:57.296, 277 MiB
2025/10/28 08:20:57.296, 275 MiB
2025/10/28 08:20:57.296, 313 MiB
2025/10/28 08:20:57.296, 271 MiB
2025/10/28 08:21:57.296, 271 MiB
2025/10/28 08:21:57.297, 279 MiB
2025/10/28 08:21:57.297, 389 MiB
2025/10/28 08:21:57.297, 281 MiB
2025/10/28 08:21:57.297, 277 MiB
2025/10/28 08:21:57.297, 275 MiB
2025/10/28 08:21:57.297, 313 MiB
2025/10/28 08:21:57.297, 271 MiB
2025/10/28 08:22:57.297, 271 MiB
2025/10/28 08:22:57.297, 279 MiB
2025/10/28 08:22:57.297, 389 MiB
2025/10/28 08:22:57.297, 281 MiB
2025/10/28 08:22:57.297, 277 MiB
2025/10/28 08:22:57.297, 275 MiB
2025/10/28 08:22:57.297, 313 MiB
2025/10/28 08:22:57.297, 271 MiB
2025/10/28 08:23:57.297, 271 MiB
2025/10/28 08:23:57.297, 279 MiB
2025/10/28 08:23:57.297, 389 MiB
2025/10/28 08:23:57.297, 281 MiB
2025/10/28 08:23:57.297, 277 MiB
2025/10/28 08:23:57.297, 275 MiB
2025/10/28 08:23:57.297, 313 MiB
2025/10/28 08:23:57.297, 271 MiB
2025/10/28 08:24:57.297, 271 MiB
2025/10/28 08:24:57.297, 279 MiB
2025/10/28 08:24:57.297, 389 MiB
2025/10/28 08:24:57.297, 281 MiB
2025/10/28 08:24:57.298, 277 MiB
2025/10/28 08:24:57.298, 275 MiB
2025/10/28 08:24:57.298, 313 MiB
2025/10/28 08:24:57.298, 271 MiB
2025/10/28 08:25:57.298, 271 MiB
2025/10/28 08:25:57.298, 279 MiB
2025/10/28 08:25:57.298, 389 MiB
2025/10/28 08:25:57.298, 281 MiB
2025/10/28 08:25:57.298, 277 MiB
2025/10/28 08:25:57.298, 275 MiB
2025/10/28 08:25:57.298, 313 MiB
2025/10/28 08:25:57.298, 271 MiB
2025/10/28 08:26:57.298, 271 MiB
2025/10/28 08:26:57.299, 279 MiB
2025/10/28 08:26:57.299, 389 MiB
2025/10/28 08:26:57.299, 281 MiB
2025/10/28 08:26:57.299, 277 MiB
2025/10/28 08:26:57.299, 275 MiB
2025/10/28 08:26:57.299, 313 MiB
2025/10/28 08:26:57.299, 271 MiB
2025/10/28 08:27:57.299, 271 MiB
2025/10/28 08:27:57.299, 279 MiB
2025/10/28 08:27:57.299, 389 MiB
2025/10/28 08:27:57.300, 281 MiB
2025/10/28 08:27:57.300, 277 MiB
2025/10/28 08:27:57.300, 275 MiB
2025/10/28 08:27:57.300, 313 MiB
2025/10/28 08:27:57.300, 271 MiB
2025/10/28 08:28:57.300, 271 MiB
2025/10/28 08:28:57.300, 279 MiB
2025/10/28 08:28:57.301, 389 MiB
2025/10/28 08:28:57.301, 281 MiB
2025/10/28 08:28:57.301, 277 MiB
2025/10/28 08:28:57.301, 275 MiB
2025/10/28 08:28:57.301, 313 MiB
2025/10/28 08:28:57.301, 271 MiB
2025/10/28 08:29:57.301, 271 MiB
2025/10/28 08:29:57.302, 279 MiB
2025/10/28 08:29:57.302, 389 MiB
2025/10/28 08:29:57.302, 281 MiB
2025/10/28 08:29:57.302, 277 MiB
2025/10/28 08:29:57.302, 275 MiB
2025/10/28 08:29:57.302, 313 MiB
2025/10/28 08:29:57.302, 271 MiB
2025/10/28 08:30:57.303, 271 MiB
2025/10/28 08:30:57.303, 279 MiB
2025/10/28 08:30:57.303, 389 MiB
2025/10/28 08:30:57.303, 281 MiB
2025/10/28 08:30:57.303, 277 MiB
2025/10/28 08:30:57.303, 275 MiB
2025/10/28 08:30:57.303, 313 MiB
2025/10/28 08:30:57.303, 271 MiB
2025/10/28 08:31:57.304, 271 MiB
2025/10/28 08:31:57.304, 279 MiB
2025/10/28 08:31:57.304, 389 MiB
2025/10/28 08:31:57.304, 281 MiB
2025/10/28 08:31:57.304, 277 MiB
2025/10/28 08:31:57.304, 275 MiB
2025/10/28 08:31:57.304, 313 MiB
2025/10/28 08:31:57.304, 271 MiB
2025/10/28 08:32:57.305, 271 MiB
2025/10/28 08:32:57.305, 279 MiB
2025/10/28 08:32:57.305, 389 MiB
2025/10/28 08:32:57.305, 281 MiB
2025/10/28 08:32:57.305, 277 MiB
2025/10/28 08:32:57.305, 275 MiB
2025/10/28 08:32:57.305, 313 MiB
2025/10/28 08:32:57.305, 271 MiB
2025/10/28 08:33:57.306, 271 MiB
2025/10/28 08:33:57.306, 279 MiB
2025/10/28 08:33:57.306, 389 MiB
2025/10/28 08:33:57.306, 281 MiB
2025/10/28 08:33:57.306, 277 MiB
2025/10/28 08:33:57.306, 275 MiB
2025/10/28 08:33:57.306, 313 MiB
2025/10/28 08:33:57.306, 271 MiB
2025/10/28 08:34:57.306, 14348 MiB
2025/10/28 08:34:57.307, 14356 MiB
2025/10/28 08:34:57.307, 14466 MiB
2025/10/28 08:34:57.307, 14358 MiB
2025/10/28 08:34:57.307, 14354 MiB
2025/10/28 08:34:57.307, 14352 MiB
2025/10/28 08:34:57.307, 14390 MiB
2025/10/28 08:34:57.307, 14348 MiB
2025/10/28 08:35:57.307, 46190 MiB
2025/10/28 08:35:57.307, 46198 MiB
2025/10/28 08:35:57.308, 46308 MiB
2025/10/28 08:35:57.308, 46200 MiB
2025/10/28 08:35:57.308, 46196 MiB
2025/10/28 08:35:57.308, 46194 MiB
2025/10/28 08:35:57.308, 46200 MiB
2025/10/28 08:35:57.308, 46190 MiB
2025/10/28 08:36:57.308, 46192 MiB
2025/10/28 08:36:57.308, 46200 MiB
2025/10/28 08:36:57.308, 46310 MiB
2025/10/28 08:36:57.308, 46202 MiB
2025/10/28 08:36:57.308, 46710 MiB
2025/10/28 08:36:57.308, 46196 MiB
2025/10/28 08:36:57.308, 46202 MiB
2025/10/28 08:36:57.308, 46192 MiB
2025/10/28 08:37:57.309, 46704 MiB
2025/10/28 08:37:57.309, 46200 MiB
2025/10/28 08:37:57.309, 46310 MiB
2025/10/28 08:37:57.309, 46202 MiB
2025/10/28 08:37:57.309, 46710 MiB
2025/10/28 08:37:57.309, 46196 MiB
2025/10/28 08:37:57.309, 46202 MiB
2025/10/28 08:37:57.309, 46192 MiB
2025/10/28 08:38:57.310, 46704 MiB
2025/10/28 08:38:57.310, 46200 MiB
2025/10/28 08:38:57.310, 46310 MiB
2025/10/28 08:38:57.310, 46202 MiB
2025/10/28 08:38:57.310, 46710 MiB
2025/10/28 08:38:57.310, 46196 MiB
2025/10/28 08:38:57.310, 46202 MiB
2025/10/28 08:38:57.310, 46192 MiB
2025/10/28 08:39:57.310, 46704 MiB
2025/10/28 08:39:57.311, 46200 MiB
2025/10/28 08:39:57.311, 46310 MiB
2025/10/28 08:39:57.311, 46202 MiB
2025/10/28 08:39:57.311, 46710 MiB
2025/10/28 08:39:57.311, 46196 MiB
2025/10/28 08:39:57.311, 46202 MiB
2025/10/28 08:39:57.311, 46704 MiB
2025/10/28 08:40:57.312, 46704 MiB
2025/10/28 08:40:57.312, 46200 MiB
2025/10/28 08:40:57.312, 46310 MiB
2025/10/28 08:40:57.312, 46202 MiB
2025/10/28 08:40:57.312, 46710 MiB
2025/10/28 08:40:57.312, 46196 MiB
2025/10/28 08:40:57.312, 46202 MiB
2025/10/28 08:40:57.312, 46704 MiB
2025/10/28 08:41:57.313, 46704 MiB
2025/10/28 08:41:57.313, 46200 MiB
2025/10/28 08:41:57.313, 46310 MiB
2025/10/28 08:41:57.313, 46714 MiB
2025/10/28 08:41:57.313, 46710 MiB
2025/10/28 08:41:57.313, 46708 MiB
2025/10/28 08:41:57.313, 46202 MiB
2025/10/28 08:41:57.313, 46704 MiB
2025/10/28 08:42:57.314, 46704 MiB
2025/10/28 08:42:57.314, 46200 MiB
2025/10/28 08:42:57.314, 46310 MiB
2025/10/28 08:42:57.314, 46714 MiB
2025/10/28 08:42:57.314, 46710 MiB
2025/10/28 08:42:57.314, 46708 MiB
2025/10/28 08:42:57.314, 46202 MiB
2025/10/28 08:42:57.314, 46704 MiB
2025/10/28 08:43:57.315, 46704 MiB
2025/10/28 08:43:57.315, 46200 MiB
2025/10/28 08:43:57.315, 46310 MiB
2025/10/28 08:43:57.315, 46714 MiB
2025/10/28 08:43:57.315, 46710 MiB
2025/10/28 08:43:57.315, 46708 MiB
2025/10/28 08:43:57.315, 46202 MiB
2025/10/28 08:43:57.315, 46704 MiB
2025/10/28 08:44:57.316, 46704 MiB
2025/10/28 08:44:57.316, 46200 MiB
2025/10/28 08:44:57.316, 46310 MiB
2025/10/28 08:44:57.316, 46714 MiB
2025/10/28 08:44:57.316, 46710 MiB
2025/10/28 08:44:57.316, 46708 MiB
2025/10/28 08:44:57.317, 46202 MiB
2025/10/28 08:44:57.317, 46704 MiB
2025/10/28 08:45:57.317, 46704 MiB
2025/10/28 08:45:57.317, 46200 MiB
2025/10/28 08:45:57.318, 46310 MiB
2025/10/28 08:45:57.318, 46714 MiB
2025/10/28 08:45:57.318, 46710 MiB
2025/10/28 08:45:57.318, 46708 MiB
2025/10/28 08:45:57.318, 46202 MiB
2025/10/28 08:45:57.318, 46704 MiB
2025/10/28 08:46:57.318, 46704 MiB
2025/10/28 08:46:57.318, 46200 MiB
2025/10/28 08:46:57.319, 46310 MiB
2025/10/28 08:46:57.319, 46714 MiB
2025/10/28 08:46:57.319, 46710 MiB
2025/10/28 08:46:57.319, 46708 MiB
2025/10/28 08:46:57.319, 46202 MiB
2025/10/28 08:46:57.319, 46704 MiB
2025/10/28 08:47:57.319, 46704 MiB
2025/10/28 08:47:57.319, 46200 MiB
2025/10/28 08:47:57.320, 46822 MiB
2025/10/28 08:47:57.320, 46714 MiB
2025/10/28 08:47:57.320, 46710 MiB
2025/10/28 08:47:57.320, 46708 MiB
2025/10/28 08:47:57.320, 46202 MiB
2025/10/28 08:47:57.320, 46704 MiB
2025/10/28 08:48:57.320, 46704 MiB
2025/10/28 08:48:57.320, 46200 MiB
2025/10/28 08:48:57.320, 46822 MiB
2025/10/28 08:48:57.320, 46714 MiB
2025/10/28 08:48:57.320, 46710 MiB
2025/10/28 08:48:57.320, 46708 MiB
2025/10/28 08:48:57.320, 46202 MiB
2025/10/28 08:48:57.321, 46704 MiB
2025/10/28 08:49:57.321, 46704 MiB
2025/10/28 08:49:57.321, 46200 MiB
2025/10/28 08:49:57.321, 46822 MiB
2025/10/28 08:49:57.321, 46714 MiB
2025/10/28 08:49:57.321, 46710 MiB
2025/10/28 08:49:57.321, 46708 MiB
2025/10/28 08:49:57.321, 46202 MiB
2025/10/28 08:49:57.321, 46704 MiB
2025/10/28 08:50:57.322, 46704 MiB
2025/10/28 08:50:57.322, 46200 MiB
2025/10/28 08:50:57.322, 46822 MiB
2025/10/28 08:50:57.322, 46714 MiB
2025/10/28 08:50:57.322, 46710 MiB
2025/10/28 08:50:57.322, 46708 MiB
2025/10/28 08:50:57.322, 46202 MiB
2025/10/28 08:50:57.322, 46704 MiB
2025/10/28 08:51:57.323, 46704 MiB
2025/10/28 08:51:57.323, 46200 MiB
2025/10/28 08:51:57.323, 46822 MiB
2025/10/28 08:51:57.323, 46714 MiB
2025/10/28 08:51:57.323, 46710 MiB
2025/10/28 08:51:57.323, 46708 MiB
2025/10/28 08:51:57.323, 46202 MiB
2025/10/28 08:51:57.323, 46704 MiB
2025/10/28 08:52:57.324, 46704 MiB
2025/10/28 08:52:57.324, 46200 MiB
2025/10/28 08:52:57.324, 46822 MiB
2025/10/28 08:52:57.324, 46714 MiB
2025/10/28 08:52:57.324, 46710 MiB
2025/10/28 08:52:57.324, 46708 MiB
2025/10/28 08:52:57.324, 46202 MiB
2025/10/28 08:52:57.324, 46704 MiB
2025/10/28 08:53:57.325, 46704 MiB
2025/10/28 08:53:57.325, 46200 MiB
2025/10/28 08:53:57.325, 46822 MiB
2025/10/28 08:53:57.325, 46714 MiB
2025/10/28 08:53:57.325, 46710 MiB
2025/10/28 08:53:57.325, 46708 MiB
2025/10/28 08:53:57.325, 46202 MiB
2025/10/28 08:53:57.325, 46704 MiB
2025/10/28 08:54:57.325, 46704 MiB
2025/10/28 08:54:57.325, 46200 MiB
2025/10/28 08:54:57.326, 46822 MiB
2025/10/28 08:54:57.326, 46714 MiB
2025/10/28 08:54:57.326, 46710 MiB
2025/10/28 08:54:57.326, 46708 MiB
2025/10/28 08:54:57.326, 46202 MiB
2025/10/28 08:54:57.326, 46704 MiB
2025/10/28 08:55:57.326, 46704 MiB
2025/10/28 08:55:57.326, 46200 MiB
2025/10/28 08:55:57.326, 46822 MiB
2025/10/28 08:55:57.326, 46714 MiB
2025/10/28 08:55:57.326, 46710 MiB
2025/10/28 08:55:57.326, 46708 MiB
2025/10/28 08:55:57.327, 46202 MiB
2025/10/28 08:55:57.327, 46704 MiB
2025/10/28 08:56:57.327, 46704 MiB
2025/10/28 08:56:57.327, 46200 MiB
2025/10/28 08:56:57.327, 46822 MiB
2025/10/28 08:56:57.327, 46714 MiB
2025/10/28 08:56:57.328, 46710 MiB
2025/10/28 08:56:57.328, 46708 MiB
2025/10/28 08:56:57.328, 46202 MiB
2025/10/28 08:56:57.328, 46704 MiB
2025/10/28 08:57:57.328, 46704 MiB
2025/10/28 08:57:57.328, 46200 MiB
2025/10/28 08:57:57.328, 46822 MiB
2025/10/28 08:57:57.328, 46714 MiB
2025/10/28 08:57:57.328, 46710 MiB
2025/10/28 08:57:57.329, 46708 MiB
2025/10/28 08:57:57.329, 46202 MiB
2025/10/28 08:57:57.329, 46704 MiB
2025/10/28 08:58:57.329, 46704 MiB
2025/10/28 08:58:57.329, 46200 MiB
2025/10/28 08:58:57.329, 46822 MiB
2025/10/28 08:58:57.330, 46714 MiB
2025/10/28 08:58:57.330, 46710 MiB
2025/10/28 08:58:57.330, 46708 MiB
2025/10/28 08:58:57.330, 46202 MiB
2025/10/28 08:58:57.330, 46704 MiB
2025/10/28 08:59:57.330, 46704 MiB
2025/10/28 08:59:57.330, 46200 MiB
2025/10/28 08:59:57.330, 46822 MiB
2025/10/28 08:59:57.330, 46714 MiB
2025/10/28 08:59:57.331, 46710 MiB
2025/10/28 08:59:57.331, 46708 MiB
2025/10/28 08:59:57.331, 46202 MiB
2025/10/28 08:59:57.331, 46704 MiB
2025/10/28 09:00:57.331, 46704 MiB
2025/10/28 09:00:57.331, 46200 MiB
2025/10/28 09:00:57.331, 46822 MiB
2025/10/28 09:00:57.331, 46714 MiB
2025/10/28 09:00:57.331, 46710 MiB
2025/10/28 09:00:57.331, 46708 MiB
2025/10/28 09:00:57.332, 46202 MiB
2025/10/28 09:00:57.332, 46704 MiB
2025/10/28 09:01:57.332, 46704 MiB
2025/10/28 09:01:57.332, 46200 MiB
2025/10/28 09:01:57.332, 46822 MiB
2025/10/28 09:01:57.332, 46714 MiB
2025/10/28 09:01:57.332, 46710 MiB
2025/10/28 09:01:57.332, 46708 MiB
2025/10/28 09:01:57.333, 46202 MiB
2025/10/28 09:01:57.333, 46704 MiB
2025/10/28 09:02:57.333, 46704 MiB
2025/10/28 09:02:57.333, 46200 MiB
2025/10/28 09:02:57.333, 46822 MiB
2025/10/28 09:02:57.333, 46714 MiB
2025/10/28 09:02:57.333, 46710 MiB
2025/10/28 09:02:57.333, 46708 MiB
2025/10/28 09:02:57.334, 46202 MiB
2025/10/28 09:02:57.334, 46704 MiB
2025/10/28 09:03:57.334, 46704 MiB
2025/10/28 09:03:57.334, 46200 MiB
2025/10/28 09:03:57.334, 46822 MiB
2025/10/28 09:03:57.334, 46714 MiB
2025/10/28 09:03:57.334, 46710 MiB
2025/10/28 09:03:57.335, 46708 MiB
2025/10/28 09:03:57.335, 46202 MiB
2025/10/28 09:03:57.335, 46704 MiB
2025/10/28 09:04:57.335, 46704 MiB
2025/10/28 09:04:57.335, 46200 MiB
2025/10/28 09:04:57.335, 46822 MiB
2025/10/28 09:04:57.335, 46714 MiB
2025/10/28 09:04:57.336, 46710 MiB
2025/10/28 09:04:57.336, 46708 MiB
2025/10/28 09:04:57.336, 46202 MiB
2025/10/28 09:04:57.336, 46704 MiB
2025/10/28 09:05:57.336, 46704 MiB
2025/10/28 09:05:57.336, 46200 MiB
2025/10/28 09:05:57.336, 46822 MiB
2025/10/28 09:05:57.337, 46714 MiB
2025/10/28 09:05:57.337, 46710 MiB
2025/10/28 09:05:57.337, 46708 MiB
2025/10/28 09:05:57.337, 46202 MiB
2025/10/28 09:05:57.337, 46704 MiB
2025/10/28 09:06:57.337, 46704 MiB
2025/10/28 09:06:57.338, 46712 MiB
2025/10/28 09:06:57.338, 46822 MiB
2025/10/28 09:06:57.338, 46714 MiB
2025/10/28 09:06:57.338, 46710 MiB
2025/10/28 09:06:57.338, 46708 MiB
2025/10/28 09:06:57.338, 46202 MiB
2025/10/28 09:06:57.338, 46704 MiB
2025/10/28 09:07:57.339, 46704 MiB
2025/10/28 09:07:57.339, 46712 MiB
2025/10/28 09:07:57.339, 46822 MiB
2025/10/28 09:07:57.339, 46714 MiB
2025/10/28 09:07:57.339, 46710 MiB
2025/10/28 09:07:57.339, 46708 MiB
2025/10/28 09:07:57.339, 46202 MiB
2025/10/28 09:07:57.339, 46704 MiB
2025/10/28 09:08:57.340, 46704 MiB
2025/10/28 09:08:57.340, 46712 MiB
2025/10/28 09:08:57.340, 46822 MiB
2025/10/28 09:08:57.340, 46714 MiB
2025/10/28 09:08:57.340, 46710 MiB
2025/10/28 09:08:57.340, 46708 MiB
2025/10/28 09:08:57.340, 46714 MiB
2025/10/28 09:08:57.340, 46704 MiB
2025/10/28 09:09:57.341, 46704 MiB
2025/10/28 09:09:57.341, 46712 MiB
2025/10/28 09:09:57.341, 46822 MiB
2025/10/28 09:09:57.341, 46714 MiB
2025/10/28 09:09:57.341, 46710 MiB
2025/10/28 09:09:57.342, 46708 MiB
2025/10/28 09:09:57.342, 46714 MiB
2025/10/28 09:09:57.342, 46704 MiB
2025/10/28 09:10:57.342, 46704 MiB
2025/10/28 09:10:57.343, 46712 MiB
2025/10/28 09:10:57.343, 46822 MiB
2025/10/28 09:10:57.343, 46714 MiB
2025/10/28 09:10:57.343, 46710 MiB
2025/10/28 09:10:57.343, 46708 MiB
2025/10/28 09:10:57.343, 46714 MiB
2025/10/28 09:10:57.343, 46704 MiB
2025/10/28 09:11:57.343, 46704 MiB
2025/10/28 09:11:57.344, 46712 MiB
2025/10/28 09:11:57.344, 46822 MiB
2025/10/28 09:11:57.344, 46714 MiB
2025/10/28 09:11:57.344, 46710 MiB
2025/10/28 09:11:57.344, 46708 MiB
2025/10/28 09:11:57.344, 46714 MiB
2025/10/28 09:11:57.344, 46704 MiB
2025/10/28 09:12:57.344, 46704 MiB
2025/10/28 09:12:57.344, 46712 MiB
2025/10/28 09:12:57.344, 46822 MiB
2025/10/28 09:12:57.344, 46714 MiB
2025/10/28 09:12:57.345, 46710 MiB
2025/10/28 09:12:57.345, 46708 MiB
2025/10/28 09:12:57.345, 46714 MiB
2025/10/28 09:12:57.345, 46704 MiB
2025/10/28 09:13:57.345, 46704 MiB
2025/10/28 09:13:57.345, 46712 MiB
2025/10/28 09:13:57.346, 46822 MiB
2025/10/28 09:13:57.346, 46714 MiB
2025/10/28 09:13:57.346, 46710 MiB
2025/10/28 09:13:57.346, 46708 MiB
2025/10/28 09:13:57.346, 46714 MiB
2025/10/28 09:13:57.346, 46704 MiB
2025/10/28 09:14:57.346, 46704 MiB
2025/10/28 09:14:57.346, 46712 MiB
2025/10/28 09:14:57.346, 46822 MiB
2025/10/28 09:14:57.346, 46714 MiB
2025/10/28 09:14:57.346, 46710 MiB
2025/10/28 09:14:57.346, 46708 MiB
2025/10/28 09:14:57.346, 46714 MiB
2025/10/28 09:14:57.347, 46704 MiB
2025/10/28 09:15:57.347, 46704 MiB
2025/10/28 09:15:57.347, 46712 MiB
2025/10/28 09:15:57.347, 46822 MiB
2025/10/28 09:15:57.347, 46714 MiB
2025/10/28 09:15:57.348, 46710 MiB
2025/10/28 09:15:57.348, 46708 MiB
2025/10/28 09:15:57.348, 46714 MiB
2025/10/28 09:15:57.348, 46704 MiB
2025/10/28 09:16:57.348, 46704 MiB
2025/10/28 09:16:57.349, 46712 MiB
2025/10/28 09:16:57.349, 46822 MiB
2025/10/28 09:16:57.349, 46714 MiB
2025/10/28 09:16:57.349, 46710 MiB
2025/10/28 09:16:57.349, 46708 MiB
2025/10/28 09:16:57.349, 46714 MiB
2025/10/28 09:16:57.349, 46704 MiB
2025/10/28 09:17:57.349, 46704 MiB
2025/10/28 09:17:57.350, 46712 MiB
2025/10/28 09:17:57.350, 46822 MiB
2025/10/28 09:17:57.350, 46714 MiB
2025/10/28 09:17:57.350, 46710 MiB
2025/10/28 09:17:57.350, 46708 MiB
2025/10/28 09:17:57.350, 46714 MiB
2025/10/28 09:17:57.350, 46704 MiB
2025/10/28 09:18:57.351, 46704 MiB
2025/10/28 09:18:57.351, 46712 MiB
2025/10/28 09:18:57.351, 46822 MiB
2025/10/28 09:18:57.351, 46714 MiB
2025/10/28 09:18:57.351, 46710 MiB
2025/10/28 09:18:57.351, 46708 MiB
2025/10/28 09:18:57.351, 46714 MiB
2025/10/28 09:18:57.351, 46704 MiB
2025/10/28 09:19:57.352, 46704 MiB
2025/10/28 09:19:57.352, 46712 MiB
2025/10/28 09:19:57.352, 46822 MiB
2025/10/28 09:19:57.352, 46714 MiB
2025/10/28 09:19:57.352, 46710 MiB
2025/10/28 09:19:57.352, 46708 MiB
2025/10/28 09:19:57.352, 46714 MiB
2025/10/28 09:19:57.352, 46704 MiB
2025/10/28 09:20:57.353, 46704 MiB
2025/10/28 09:20:57.353, 46712 MiB
2025/10/28 09:20:57.353, 46822 MiB
2025/10/28 09:20:57.353, 46714 MiB
2025/10/28 09:20:57.353, 46710 MiB
2025/10/28 09:20:57.353, 46708 MiB
2025/10/28 09:20:57.353, 46714 MiB
2025/10/28 09:20:57.353, 46704 MiB
2025/10/28 09:21:57.354, 46704 MiB
2025/10/28 09:21:57.354, 46712 MiB
2025/10/28 09:21:57.354, 46822 MiB
2025/10/28 09:21:57.354, 46714 MiB
2025/10/28 09:21:57.354, 46710 MiB
2025/10/28 09:21:57.354, 46708 MiB
2025/10/28 09:21:57.354, 46714 MiB
2025/10/28 09:21:57.354, 46704 MiB
2025/10/28 09:22:57.354, 46704 MiB
2025/10/28 09:22:57.355, 46712 MiB
2025/10/28 09:22:57.355, 46822 MiB
2025/10/28 09:22:57.355, 46714 MiB
2025/10/28 09:22:57.355, 46710 MiB
2025/10/28 09:22:57.355, 46708 MiB
2025/10/28 09:22:57.355, 46714 MiB
2025/10/28 09:22:57.355, 46704 MiB
2025/10/28 09:23:57.356, 46704 MiB
2025/10/28 09:23:57.356, 46712 MiB
2025/10/28 09:23:57.356, 46822 MiB
2025/10/28 09:23:57.356, 46714 MiB
2025/10/28 09:23:57.356, 46710 MiB
2025/10/28 09:23:57.356, 46708 MiB
2025/10/28 09:23:57.356, 46714 MiB
2025/10/28 09:23:57.356, 46704 MiB
2025/10/28 09:24:57.357, 46704 MiB
2025/10/28 09:24:57.357, 46712 MiB
2025/10/28 09:24:57.357, 46822 MiB
2025/10/28 09:24:57.357, 46714 MiB
2025/10/28 09:24:57.357, 46710 MiB
2025/10/28 09:24:57.357, 46708 MiB
2025/10/28 09:24:57.357, 46714 MiB
2025/10/28 09:24:57.357, 46704 MiB
2025/10/28 09:25:57.358, 46704 MiB
2025/10/28 09:25:57.358, 46712 MiB
2025/10/28 09:25:57.358, 46822 MiB
2025/10/28 09:25:57.358, 46714 MiB
2025/10/28 09:25:57.358, 46710 MiB
2025/10/28 09:25:57.358, 46708 MiB
2025/10/28 09:25:57.358, 46714 MiB
2025/10/28 09:25:57.358, 46704 MiB
2025/10/28 09:26:57.359, 46704 MiB
2025/10/28 09:26:57.359, 46712 MiB
2025/10/28 09:26:57.359, 46822 MiB
2025/10/28 09:26:57.359, 46714 MiB
2025/10/28 09:26:57.359, 46710 MiB
2025/10/28 09:26:57.359, 46708 MiB
2025/10/28 09:26:57.359, 46714 MiB
2025/10/28 09:26:57.359, 46704 MiB
2025/10/28 09:27:57.360, 46704 MiB
2025/10/28 09:27:57.360, 46712 MiB
2025/10/28 09:27:57.360, 46822 MiB
2025/10/28 09:27:57.360, 46714 MiB
2025/10/28 09:27:57.360, 46710 MiB
2025/10/28 09:27:57.360, 46708 MiB
2025/10/28 09:27:57.360, 46714 MiB
2025/10/28 09:27:57.360, 46704 MiB
2025/10/28 09:28:57.361, 46704 MiB
2025/10/28 09:28:57.361, 46712 MiB
2025/10/28 09:28:57.361, 46822 MiB
2025/10/28 09:28:57.361, 46714 MiB
2025/10/28 09:28:57.361, 46710 MiB
2025/10/28 09:28:57.361, 46708 MiB
2025/10/28 09:28:57.361, 46714 MiB
2025/10/28 09:28:57.361, 46704 MiB
2025/10/28 09:29:57.362, 46704 MiB
2025/10/28 09:29:57.362, 46712 MiB
2025/10/28 09:29:57.362, 46822 MiB
2025/10/28 09:29:57.362, 46714 MiB
2025/10/28 09:29:57.362, 46710 MiB
2025/10/28 09:29:57.362, 46708 MiB
2025/10/28 09:29:57.362, 46714 MiB
2025/10/28 09:29:57.362, 46704 MiB
2025/10/28 09:30:57.362, 46704 MiB
2025/10/28 09:30:57.362, 46712 MiB
2025/10/28 09:30:57.362, 46822 MiB
2025/10/28 09:30:57.362, 46714 MiB
2025/10/28 09:30:57.362, 46710 MiB
2025/10/28 09:30:57.362, 46708 MiB
2025/10/28 09:30:57.362, 46714 MiB
2025/10/28 09:30:57.362, 46704 MiB
2025/10/28 09:31:57.360, 46704 MiB
2025/10/28 09:31:57.360, 46712 MiB
2025/10/28 09:31:57.361, 46822 MiB
2025/10/28 09:31:57.361, 46714 MiB
2025/10/28 09:31:57.361, 46710 MiB
2025/10/28 09:31:57.361, 46708 MiB
2025/10/28 09:31:57.361, 46714 MiB
2025/10/28 09:31:57.361, 46704 MiB
2025/10/28 09:32:57.358, 46704 MiB
2025/10/28 09:32:57.358, 46712 MiB
2025/10/28 09:32:57.359, 46822 MiB
2025/10/28 09:32:57.359, 46714 MiB
2025/10/28 09:32:57.359, 46710 MiB
2025/10/28 09:32:57.359, 46708 MiB
2025/10/28 09:32:57.359, 46714 MiB
2025/10/28 09:32:57.359, 46704 MiB
2025/10/28 09:33:57.357, 46704 MiB
2025/10/28 09:33:57.358, 46712 MiB
2025/10/28 09:33:57.358, 46822 MiB
2025/10/28 09:33:57.358, 46714 MiB
2025/10/28 09:33:57.358, 46710 MiB
2025/10/28 09:33:57.358, 46708 MiB
2025/10/28 09:33:57.358, 46714 MiB
2025/10/28 09:33:57.358, 46704 MiB
2025/10/28 09:34:57.357, 46704 MiB
2025/10/28 09:34:57.357, 46712 MiB
2025/10/28 09:34:57.357, 46822 MiB
2025/10/28 09:34:57.357, 46714 MiB
2025/10/28 09:34:57.357, 46710 MiB
2025/10/28 09:34:57.357, 46708 MiB
2025/10/28 09:34:57.357, 46714 MiB
2025/10/28 09:34:57.357, 46704 MiB
2025/10/28 09:35:57.356, 46704 MiB
2025/10/28 09:35:57.356, 46712 MiB
2025/10/28 09:35:57.356, 46822 MiB
2025/10/28 09:35:57.356, 46714 MiB
2025/10/28 09:35:57.356, 46710 MiB
2025/10/28 09:35:57.356, 46708 MiB
2025/10/28 09:35:57.356, 46714 MiB
2025/10/28 09:35:57.356, 46704 MiB
2025/10/28 09:36:57.355, 46704 MiB
2025/10/28 09:36:57.356, 46712 MiB
2025/10/28 09:36:57.356, 46822 MiB
2025/10/28 09:36:57.356, 46714 MiB
2025/10/28 09:36:57.356, 46710 MiB
2025/10/28 09:36:57.356, 46708 MiB
2025/10/28 09:36:57.356, 46714 MiB
2025/10/28 09:36:57.356, 46704 MiB
2025/10/28 09:37:57.355, 19536 MiB
2025/10/28 09:37:57.355, 19542 MiB
2025/10/28 09:37:57.355, 19632 MiB
2025/10/28 09:37:57.355, 19522 MiB
2025/10/28 09:37:57.355, 19606 MiB
2025/10/28 09:37:57.355, 19604 MiB
2025/10/28 09:37:57.355, 19354 MiB
2025/10/28 09:37:57.355, 19512 MiB
2025/10/28 09:38:57.354, 30768 MiB
2025/10/28 09:38:57.355, 31286 MiB
2025/10/28 09:38:57.355, 31376 MiB
2025/10/28 09:38:57.355, 30754 MiB
2025/10/28 09:38:57.355, 30838 MiB
2025/10/28 09:38:57.355, 30836 MiB
2025/10/28 09:38:57.355, 31098 MiB
2025/10/28 09:38:57.355, 30744 MiB
2025/10/28 09:39:57.354, 30768 MiB
2025/10/28 09:39:57.354, 31286 MiB
2025/10/28 09:39:57.354, 31376 MiB
2025/10/28 09:39:57.354, 30754 MiB
2025/10/28 09:39:57.354, 30838 MiB
2025/10/28 09:39:57.354, 30836 MiB
2025/10/28 09:39:57.354, 31098 MiB
2025/10/28 09:39:57.354, 30744 MiB
2025/10/28 09:40:57.354, 30768 MiB
2025/10/28 09:40:57.354, 31286 MiB
2025/10/28 09:40:57.354, 31376 MiB
2025/10/28 09:40:57.354, 30754 MiB
2025/10/28 09:40:57.354, 30838 MiB
2025/10/28 09:40:57.354, 30836 MiB
2025/10/28 09:40:57.354, 31098 MiB
2025/10/28 09:40:57.354, 30744 MiB
2025/10/28 09:41:57.353, 30768 MiB
2025/10/28 09:41:57.354, 31286 MiB
2025/10/28 09:41:57.354, 31376 MiB
2025/10/28 09:41:57.354, 30754 MiB
2025/10/28 09:41:57.354, 30838 MiB
2025/10/28 09:41:57.354, 30836 MiB
2025/10/28 09:41:57.354, 31098 MiB
2025/10/28 09:41:57.354, 30744 MiB
2025/10/28 09:42:57.353, 30768 MiB
2025/10/28 09:42:57.354, 31286 MiB
2025/10/28 09:42:57.354, 31376 MiB
2025/10/28 09:42:57.354, 30754 MiB
2025/10/28 09:42:57.354, 30838 MiB
2025/10/28 09:42:57.354, 30836 MiB
2025/10/28 09:42:57.354, 31098 MiB
2025/10/28 09:42:57.354, 30744 MiB
2025/10/28 09:43:57.353, 30768 MiB
2025/10/28 09:43:57.354, 31286 MiB
2025/10/28 09:43:57.354, 31376 MiB
2025/10/28 09:43:57.354, 30754 MiB
2025/10/28 09:43:57.354, 30838 MiB
2025/10/28 09:43:57.354, 30836 MiB
2025/10/28 09:43:57.354, 31098 MiB
2025/10/28 09:43:57.354, 30744 MiB
2025/10/28 09:44:57.353, 30768 MiB
2025/10/28 09:44:57.354, 31286 MiB
2025/10/28 09:44:57.354, 31376 MiB
2025/10/28 09:44:57.354, 30754 MiB
2025/10/28 09:44:57.354, 30838 MiB
2025/10/28 09:44:57.354, 30836 MiB
2025/10/28 09:44:57.354, 31098 MiB
2025/10/28 09:44:57.354, 30744 MiB
2025/10/28 09:45:57.354, 30768 MiB
2025/10/28 09:45:57.354, 31286 MiB
2025/10/28 09:45:57.354, 31376 MiB
2025/10/28 09:45:57.354, 30754 MiB
2025/10/28 09:45:57.354, 30838 MiB
2025/10/28 09:45:57.354, 30836 MiB
2025/10/28 09:45:57.354, 31098 MiB
2025/10/28 09:45:57.354, 30744 MiB
2025/10/28 09:46:57.354, 30768 MiB
2025/10/28 09:46:57.354, 31286 MiB
2025/10/28 09:46:57.354, 31376 MiB
2025/10/28 09:46:57.354, 30754 MiB
2025/10/28 09:46:57.354, 30838 MiB
2025/10/28 09:46:57.354, 30836 MiB
2025/10/28 09:46:57.354, 31098 MiB
2025/10/28 09:46:57.354, 30744 MiB
2025/10/28 09:47:57.354, 30768 MiB
2025/10/28 09:47:57.355, 31286 MiB
2025/10/28 09:47:57.355, 31376 MiB
2025/10/28 09:47:57.355, 30754 MiB
2025/10/28 09:47:57.355, 30838 MiB
2025/10/28 09:47:57.355, 30836 MiB
2025/10/28 09:47:57.355, 31098 MiB
2025/10/28 09:47:57.355, 30744 MiB
2025/10/28 09:48:57.354, 30768 MiB
2025/10/28 09:48:57.354, 31286 MiB
2025/10/28 09:48:57.355, 31376 MiB
2025/10/28 09:48:57.355, 30754 MiB
2025/10/28 09:48:57.355, 30838 MiB
2025/10/28 09:48:57.355, 30836 MiB
2025/10/28 09:48:57.355, 31098 MiB
2025/10/28 09:48:57.355, 30744 MiB
2025/10/28 09:49:57.354, 30768 MiB
2025/10/28 09:49:57.354, 31286 MiB
2025/10/28 09:49:57.354, 31376 MiB
2025/10/28 09:49:57.354, 30754 MiB
2025/10/28 09:49:57.354, 30838 MiB
2025/10/28 09:49:57.355, 30836 MiB
2025/10/28 09:49:57.355, 31098 MiB
2025/10/28 09:49:57.355, 30744 MiB
2025/10/28 09:50:57.355, 30768 MiB
2025/10/28 09:50:57.355, 31286 MiB
2025/10/28 09:50:57.355, 31376 MiB
2025/10/28 09:50:57.355, 30754 MiB
2025/10/28 09:50:57.355, 30838 MiB
2025/10/28 09:50:57.355, 30836 MiB
2025/10/28 09:50:57.355, 31098 MiB
2025/10/28 09:50:57.355, 30744 MiB
2025/10/28 09:51:57.355, 30768 MiB
2025/10/28 09:51:57.355, 31286 MiB
2025/10/28 09:51:57.355, 31376 MiB
2025/10/28 09:51:57.355, 30754 MiB
2025/10/28 09:51:57.355, 30838 MiB
2025/10/28 09:51:57.355, 30836 MiB
2025/10/28 09:51:57.355, 31098 MiB
2025/10/28 09:51:57.355, 30744 MiB
2025/10/28 09:52:57.355, 30768 MiB
2025/10/28 09:52:57.355, 31286 MiB
2025/10/28 09:52:57.355, 31376 MiB
2025/10/28 09:52:57.355, 30754 MiB
2025/10/28 09:52:57.355, 30838 MiB
2025/10/28 09:52:57.355, 30836 MiB
2025/10/28 09:52:57.355, 31098 MiB
2025/10/28 09:52:57.355, 30744 MiB
2025/10/28 09:53:57.355, 30768 MiB
2025/10/28 09:53:57.355, 31286 MiB
2025/10/28 09:53:57.355, 31376 MiB
2025/10/28 09:53:57.355, 30754 MiB
2025/10/28 09:53:57.355, 30838 MiB
2025/10/28 09:53:57.355, 30836 MiB
2025/10/28 09:53:57.355, 31098 MiB
2025/10/28 09:53:57.355, 30744 MiB
2025/10/28 09:54:57.356, 30768 MiB
2025/10/28 09:54:57.356, 31286 MiB
2025/10/28 09:54:57.356, 31376 MiB
2025/10/28 09:54:57.356, 30754 MiB
2025/10/28 09:54:57.356, 30838 MiB
2025/10/28 09:54:57.356, 30836 MiB
2025/10/28 09:54:57.356, 31098 MiB
2025/10/28 09:54:57.356, 30744 MiB
2025/10/28 09:55:57.357, 30768 MiB
2025/10/28 09:55:57.357, 31286 MiB
2025/10/28 09:55:57.357, 31376 MiB
2025/10/28 09:55:57.357, 30754 MiB
2025/10/28 09:55:57.357, 30838 MiB
2025/10/28 09:55:57.357, 30836 MiB
2025/10/28 09:55:57.357, 31098 MiB
2025/10/28 09:55:57.357, 30744 MiB
2025/10/28 09:56:57.357, 30768 MiB
2025/10/28 09:56:57.357, 31286 MiB
2025/10/28 09:56:57.357, 31376 MiB
2025/10/28 09:56:57.358, 30754 MiB
2025/10/28 09:56:57.358, 30838 MiB
2025/10/28 09:56:57.358, 30836 MiB
2025/10/28 09:56:57.358, 31098 MiB
2025/10/28 09:56:57.358, 30744 MiB
2025/10/28 09:57:57.358, 30768 MiB
2025/10/28 09:57:57.358, 31286 MiB
2025/10/28 09:57:57.358, 31376 MiB
2025/10/28 09:57:57.358, 30754 MiB
2025/10/28 09:57:57.359, 30838 MiB
2025/10/28 09:57:57.359, 30836 MiB
2025/10/28 09:57:57.359, 31098 MiB
2025/10/28 09:57:57.359, 30744 MiB
2025/10/28 09:58:57.359, 30768 MiB
2025/10/28 09:58:57.359, 31286 MiB
2025/10/28 09:58:57.359, 31376 MiB
2025/10/28 09:58:57.359, 30754 MiB
2025/10/28 09:58:57.359, 30838 MiB
2025/10/28 09:58:57.360, 30836 MiB
2025/10/28 09:58:57.360, 31098 MiB
2025/10/28 09:58:57.360, 30744 MiB
2025/10/28 09:59:57.360, 30768 MiB
2025/10/28 09:59:57.360, 31286 MiB
2025/10/28 09:59:57.360, 31376 MiB
2025/10/28 09:59:57.360, 30754 MiB
2025/10/28 09:59:57.360, 30838 MiB
2025/10/28 09:59:57.360, 30836 MiB
2025/10/28 09:59:57.361, 31098 MiB
2025/10/28 09:59:57.361, 30744 MiB
2025/10/28 10:00:57.361, 30768 MiB
2025/10/28 10:00:57.361, 31286 MiB
2025/10/28 10:00:57.361, 31376 MiB
2025/10/28 10:00:57.361, 30754 MiB
2025/10/28 10:00:57.361, 30838 MiB
2025/10/28 10:00:57.361, 30836 MiB
2025/10/28 10:00:57.362, 31098 MiB
2025/10/28 10:00:57.362, 30744 MiB
2025/10/28 10:01:57.362, 30768 MiB
2025/10/28 10:01:57.362, 31286 MiB
2025/10/28 10:01:57.362, 31376 MiB
2025/10/28 10:01:57.362, 30754 MiB
2025/10/28 10:01:57.362, 30838 MiB
2025/10/28 10:01:57.362, 30836 MiB
2025/10/28 10:01:57.363, 31098 MiB
2025/10/28 10:01:57.363, 30744 MiB
2025/10/28 10:02:57.363, 30768 MiB
2025/10/28 10:02:57.363, 31286 MiB
2025/10/28 10:02:57.363, 31376 MiB
2025/10/28 10:02:57.363, 30754 MiB
2025/10/28 10:02:57.363, 30838 MiB
2025/10/28 10:02:57.364, 30836 MiB
2025/10/28 10:02:57.364, 31098 MiB
2025/10/28 10:02:57.364, 30744 MiB
2025/10/28 10:03:57.364, 30768 MiB
2025/10/28 10:03:57.364, 31286 MiB
2025/10/28 10:03:57.364, 31376 MiB
2025/10/28 10:03:57.364, 30754 MiB
2025/10/28 10:03:57.365, 30838 MiB
2025/10/28 10:03:57.365, 30836 MiB
2025/10/28 10:03:57.365, 31098 MiB
2025/10/28 10:03:57.365, 30744 MiB
2025/10/28 10:04:57.365, 30768 MiB
2025/10/28 10:04:57.366, 31286 MiB
2025/10/28 10:04:57.366, 31376 MiB
2025/10/28 10:04:57.366, 30754 MiB
2025/10/28 10:04:57.366, 30838 MiB
2025/10/28 10:04:57.366, 30836 MiB
2025/10/28 10:04:57.366, 31098 MiB
2025/10/28 10:04:57.366, 30744 MiB
2025/10/28 10:05:57.369, 30768 MiB
2025/10/28 10:05:57.369, 31286 MiB
2025/10/28 10:05:57.369, 31376 MiB
2025/10/28 10:05:57.369, 30754 MiB
2025/10/28 10:05:57.369, 30838 MiB
2025/10/28 10:05:57.369, 30836 MiB
2025/10/28 10:05:57.369, 31098 MiB
2025/10/28 10:05:57.369, 30744 MiB
2025/10/28 10:06:57.372, 30768 MiB
2025/10/28 10:06:57.373, 31286 MiB
2025/10/28 10:06:57.373, 31376 MiB
2025/10/28 10:06:57.373, 30754 MiB
2025/10/28 10:06:57.373, 30838 MiB
2025/10/28 10:06:57.373, 30836 MiB
2025/10/28 10:06:57.373, 31098 MiB
2025/10/28 10:06:57.373, 30744 MiB
2025/10/28 10:07:57.376, 30768 MiB
2025/10/28 10:07:57.376, 31286 MiB
2025/10/28 10:07:57.376, 31376 MiB
2025/10/28 10:07:57.376, 30754 MiB
2025/10/28 10:07:57.376, 30838 MiB
2025/10/28 10:07:57.376, 30836 MiB
2025/10/28 10:07:57.376, 31098 MiB
2025/10/28 10:07:57.376, 30744 MiB
2025/10/28 10:08:57.379, 30770 MiB
2025/10/28 10:08:57.379, 31292 MiB
2025/10/28 10:08:57.379, 31378 MiB
2025/10/28 10:08:57.379, 30758 MiB
2025/10/28 10:08:57.379, 30838 MiB
2025/10/28 10:08:57.379, 30836 MiB
2025/10/28 10:08:57.379, 31098 MiB
2025/10/28 10:08:57.379, 30748 MiB
2025/10/28 10:09:57.382, 30770 MiB
2025/10/28 10:09:57.383, 279 MiB
2025/10/28 10:09:57.385, 389 MiB
2025/10/28 10:09:57.386, 281 MiB
2025/10/28 10:09:57.387, 277 MiB
2025/10/28 10:09:57.388, 275 MiB
2025/10/28 10:09:57.390, 313 MiB
2025/10/28 10:09:57.391, 271 MiB
2025/10/28 10:10:57.395, 271 MiB
2025/10/28 10:10:57.395, 279 MiB
2025/10/28 10:10:57.395, 389 MiB
2025/10/28 10:10:57.395, 281 MiB
2025/10/28 10:10:57.396, 277 MiB
2025/10/28 10:10:57.396, 275 MiB
2025/10/28 10:10:57.396, 313 MiB
2025/10/28 10:10:57.396, 271 MiB
2025/10/28 10:11:57.398, 271 MiB
2025/10/28 10:11:57.398, 279 MiB
2025/10/28 10:11:57.398, 389 MiB
2025/10/28 10:11:57.398, 281 MiB
2025/10/28 10:11:57.398, 277 MiB
2025/10/28 10:11:57.398, 275 MiB
2025/10/28 10:11:57.398, 313 MiB
2025/10/28 10:11:57.398, 271 MiB
2025/10/28 10:12:57.400, 271 MiB
2025/10/28 10:12:57.400, 279 MiB
2025/10/28 10:12:57.400, 389 MiB
2025/10/28 10:12:57.400, 281 MiB
2025/10/28 10:12:57.400, 277 MiB
2025/10/28 10:12:57.400, 275 MiB
2025/10/28 10:12:57.400, 313 MiB
2025/10/28 10:12:57.400, 271 MiB
2025/10/28 10:13:57.401, 271 MiB
2025/10/28 10:13:57.402, 279 MiB
2025/10/28 10:13:57.402, 389 MiB
2025/10/28 10:13:57.402, 281 MiB
2025/10/28 10:13:57.402, 277 MiB
2025/10/28 10:13:57.402, 275 MiB
2025/10/28 10:13:57.402, 313 MiB
2025/10/28 10:13:57.402, 271 MiB
2025/10/28 10:14:57.404, 271 MiB
2025/10/28 10:14:57.404, 279 MiB
2025/10/28 10:14:57.404, 389 MiB
2025/10/28 10:14:57.404, 281 MiB
2025/10/28 10:14:57.404, 277 MiB
2025/10/28 10:14:57.404, 275 MiB
2025/10/28 10:14:57.404, 313 MiB
2025/10/28 10:14:57.404, 271 MiB
2025/10/28 10:15:57.405, 271 MiB
2025/10/28 10:15:57.406, 279 MiB
2025/10/28 10:15:57.406, 389 MiB
2025/10/28 10:15:57.406, 281 MiB
2025/10/28 10:15:57.406, 277 MiB
2025/10/28 10:15:57.406, 275 MiB
2025/10/28 10:15:57.406, 313 MiB
2025/10/28 10:15:57.406, 271 MiB
2025/10/28 10:16:57.407, 271 MiB
2025/10/28 10:16:57.408, 279 MiB
2025/10/28 10:16:57.408, 389 MiB
2025/10/28 10:16:57.408, 281 MiB
2025/10/28 10:16:57.408, 277 MiB
2025/10/28 10:16:57.408, 275 MiB
2025/10/28 10:16:57.408, 313 MiB
2025/10/28 10:16:57.408, 271 MiB
2025/10/28 10:17:57.409, 271 MiB
2025/10/28 10:17:57.409, 279 MiB
2025/10/28 10:17:57.409, 389 MiB
2025/10/28 10:17:57.409, 281 MiB
2025/10/28 10:17:57.409, 277 MiB
2025/10/28 10:17:57.409, 275 MiB
2025/10/28 10:17:57.409, 313 MiB
2025/10/28 10:17:57.409, 271 MiB
2025/10/28 10:18:57.410, 271 MiB
2025/10/28 10:18:57.411, 279 MiB
2025/10/28 10:18:57.411, 389 MiB
2025/10/28 10:18:57.411, 281 MiB
2025/10/28 10:18:57.411, 277 MiB
2025/10/28 10:18:57.411, 275 MiB
2025/10/28 10:18:57.411, 313 MiB
2025/10/28 10:18:57.411, 271 MiB
2025/10/28 10:19:57.412, 271 MiB
2025/10/28 10:19:57.413, 279 MiB
2025/10/28 10:19:57.413, 389 MiB
2025/10/28 10:19:57.413, 281 MiB
2025/10/28 10:19:57.413, 277 MiB
2025/10/28 10:19:57.413, 15568 MiB
2025/10/28 10:19:57.413, 313 MiB
2025/10/28 10:19:57.413, 271 MiB
2025/10/28 10:20:57.414, 271 MiB
2025/10/28 10:20:57.415, 279 MiB
2025/10/28 10:20:57.415, 389 MiB
2025/10/28 10:20:57.415, 281 MiB
2025/10/28 10:20:57.415, 277 MiB
2025/10/28 10:20:57.415, 15568 MiB
2025/10/28 10:20:57.415, 313 MiB
2025/10/28 10:20:57.415, 271 MiB
2025/10/28 10:21:57.415, 271 MiB
2025/10/28 10:21:57.416, 279 MiB
2025/10/28 10:21:57.416, 389 MiB
2025/10/28 10:21:57.416, 281 MiB
2025/10/28 10:21:57.416, 277 MiB
2025/10/28 10:21:57.416, 15568 MiB
2025/10/28 10:21:57.416, 313 MiB
2025/10/28 10:21:57.416, 271 MiB
2025/10/28 10:22:57.416, 271 MiB
2025/10/28 10:22:57.417, 279 MiB
2025/10/28 10:22:57.417, 389 MiB
2025/10/28 10:22:57.417, 281 MiB
2025/10/28 10:22:57.417, 277 MiB
2025/10/28 10:22:57.417, 275 MiB
2025/10/28 10:22:57.417, 313 MiB
2025/10/28 10:22:57.417, 271 MiB
2025/10/28 10:23:57.418, 271 MiB
2025/10/28 10:23:57.418, 279 MiB
2025/10/28 10:23:57.418, 389 MiB
2025/10/28 10:23:57.418, 281 MiB
2025/10/28 10:23:57.418, 277 MiB
2025/10/28 10:23:57.418, 275 MiB
2025/10/28 10:23:57.418, 313 MiB
2025/10/28 10:23:57.418, 271 MiB
2025/10/28 10:24:57.419, 271 MiB
2025/10/28 10:24:57.420, 279 MiB
2025/10/28 10:24:57.420, 389 MiB
2025/10/28 10:24:57.420, 281 MiB
2025/10/28 10:24:57.420, 277 MiB
2025/10/28 10:24:57.420, 275 MiB
2025/10/28 10:24:57.420, 313 MiB
2025/10/28 10:24:57.420, 271 MiB
2025/10/28 10:25:57.421, 271 MiB
2025/10/28 10:25:57.421, 279 MiB
2025/10/28 10:25:57.421, 389 MiB
2025/10/28 10:25:57.421, 281 MiB
2025/10/28 10:25:57.421, 277 MiB
2025/10/28 10:25:57.421, 275 MiB
2025/10/28 10:25:57.421, 313 MiB
2025/10/28 10:25:57.421, 271 MiB
2025/10/28 10:26:57.422, 271 MiB
2025/10/28 10:26:57.422, 279 MiB
2025/10/28 10:26:57.422, 389 MiB
2025/10/28 10:26:57.422, 281 MiB
2025/10/28 10:26:57.423, 277 MiB
2025/10/28 10:26:57.423, 275 MiB
2025/10/28 10:26:57.423, 313 MiB
2025/10/28 10:26:57.423, 271 MiB
2025/10/28 10:27:57.424, 271 MiB
2025/10/28 10:27:57.424, 279 MiB
2025/10/28 10:27:57.424, 389 MiB
2025/10/28 10:27:57.424, 281 MiB
2025/10/28 10:27:57.424, 277 MiB
2025/10/28 10:27:57.424, 275 MiB
2025/10/28 10:27:57.424, 313 MiB
2025/10/28 10:27:57.424, 271 MiB
2025/10/28 10:28:57.425, 271 MiB
2025/10/28 10:28:57.425, 279 MiB
2025/10/28 10:28:57.425, 389 MiB
2025/10/28 10:28:57.425, 281 MiB
2025/10/28 10:28:57.425, 277 MiB
2025/10/28 10:28:57.425, 275 MiB
2025/10/28 10:28:57.425, 313 MiB
2025/10/28 10:28:57.426, 271 MiB
2025/10/28 10:29:57.427, 271 MiB
2025/10/28 10:29:57.427, 279 MiB
2025/10/28 10:29:57.427, 389 MiB
2025/10/28 10:29:57.427, 281 MiB
2025/10/28 10:29:57.427, 277 MiB
2025/10/28 10:29:57.427, 275 MiB
2025/10/28 10:29:57.427, 313 MiB
2025/10/28 10:29:57.427, 271 MiB
2025/10/28 10:30:57.428, 271 MiB
2025/10/28 10:30:57.428, 279 MiB
2025/10/28 10:30:57.428, 389 MiB
2025/10/28 10:30:57.428, 281 MiB
2025/10/28 10:30:57.428, 277 MiB
2025/10/28 10:30:57.428, 275 MiB
2025/10/28 10:30:57.428, 313 MiB
2025/10/28 10:30:57.428, 271 MiB
2025/10/28 10:31:57.429, 271 MiB
2025/10/28 10:31:57.430, 279 MiB
2025/10/28 10:31:57.430, 389 MiB
2025/10/28 10:31:57.430, 281 MiB
2025/10/28 10:31:57.430, 277 MiB
2025/10/28 10:31:57.430, 275 MiB
2025/10/28 10:31:57.430, 313 MiB
2025/10/28 10:31:57.430, 271 MiB
2025/10/28 10:32:57.431, 271 MiB
2025/10/28 10:32:57.431, 279 MiB
2025/10/28 10:32:57.431, 389 MiB
2025/10/28 10:32:57.431, 281 MiB
2025/10/28 10:32:57.431, 277 MiB
2025/10/28 10:32:57.431, 275 MiB
2025/10/28 10:32:57.431, 313 MiB
2025/10/28 10:32:57.431, 271 MiB
2025/10/28 10:33:57.432, 271 MiB
2025/10/28 10:33:57.432, 279 MiB
2025/10/28 10:33:57.432, 389 MiB
2025/10/28 10:33:57.432, 281 MiB
2025/10/28 10:33:57.432, 277 MiB
2025/10/28 10:33:57.432, 275 MiB
2025/10/28 10:33:57.432, 313 MiB
2025/10/28 10:33:57.433, 271 MiB
2025/10/28 10:34:57.433, 271 MiB
2025/10/28 10:34:57.434, 279 MiB
2025/10/28 10:34:57.434, 389 MiB
2025/10/28 10:34:57.434, 281 MiB
2025/10/28 10:34:57.434, 277 MiB
2025/10/28 10:34:57.434, 275 MiB
2025/10/28 10:34:57.434, 313 MiB
2025/10/28 10:34:57.434, 271 MiB
2025/10/28 10:35:57.435, 271 MiB
2025/10/28 10:35:57.435, 279 MiB
2025/10/28 10:35:57.435, 389 MiB
2025/10/28 10:35:57.435, 281 MiB
2025/10/28 10:35:57.435, 277 MiB
2025/10/28 10:35:57.435, 275 MiB
2025/10/28 10:35:57.435, 313 MiB
2025/10/28 10:35:57.435, 271 MiB
2025/10/28 10:36:57.436, 271 MiB
2025/10/28 10:36:57.436, 279 MiB
2025/10/28 10:36:57.436, 389 MiB
2025/10/28 10:36:57.436, 281 MiB
2025/10/28 10:36:57.436, 277 MiB
2025/10/28 10:36:57.436, 275 MiB
2025/10/28 10:36:57.436, 313 MiB
2025/10/28 10:36:57.436, 271 MiB
2025/10/28 10:37:57.437, 271 MiB
2025/10/28 10:37:57.441, 279 MiB
2025/10/28 10:37:57.442, 389 MiB
2025/10/28 10:37:57.442, 281 MiB
2025/10/28 10:37:57.442, 277 MiB
2025/10/28 10:37:57.442, 275 MiB
2025/10/28 10:37:57.443, 313 MiB
2025/10/28 10:37:57.443, 271 MiB
2025/10/28 10:38:57.444, 271 MiB
2025/10/28 10:38:57.444, 279 MiB
2025/10/28 10:38:57.444, 389 MiB
2025/10/28 10:38:57.444, 281 MiB
2025/10/28 10:38:57.444, 277 MiB
2025/10/28 10:38:57.444, 275 MiB
2025/10/28 10:38:57.444, 313 MiB
2025/10/28 10:38:57.444, 271 MiB
2025/10/28 10:39:57.445, 271 MiB
2025/10/28 10:39:57.445, 279 MiB
2025/10/28 10:39:57.445, 389 MiB
2025/10/28 10:39:57.445, 281 MiB
2025/10/28 10:39:57.445, 277 MiB
2025/10/28 10:39:57.445, 275 MiB
2025/10/28 10:39:57.445, 313 MiB
2025/10/28 10:39:57.445, 271 MiB
2025/10/28 10:40:57.446, 271 MiB
2025/10/28 10:40:57.446, 279 MiB
2025/10/28 10:40:57.446, 389 MiB
2025/10/28 10:40:57.446, 281 MiB
2025/10/28 10:40:57.446, 277 MiB
2025/10/28 10:40:57.446, 275 MiB
2025/10/28 10:40:57.446, 313 MiB
2025/10/28 10:40:57.446, 271 MiB
2025/10/28 10:41:57.447, 271 MiB
2025/10/28 10:41:57.447, 279 MiB
2025/10/28 10:41:57.447, 389 MiB
2025/10/28 10:41:57.447, 281 MiB
2025/10/28 10:41:57.447, 277 MiB
2025/10/28 10:41:57.447, 275 MiB
2025/10/28 10:41:57.447, 313 MiB
2025/10/28 10:41:57.447, 271 MiB
2025/10/28 10:42:57.448, 271 MiB
2025/10/28 10:42:57.448, 279 MiB
2025/10/28 10:42:57.448, 389 MiB
2025/10/28 10:42:57.448, 281 MiB
2025/10/28 10:42:57.448, 277 MiB
2025/10/28 10:42:57.448, 275 MiB
2025/10/28 10:42:57.449, 313 MiB
2025/10/28 10:42:57.449, 271 MiB
2025/10/28 10:43:57.449, 271 MiB
2025/10/28 10:43:57.449, 279 MiB
2025/10/28 10:43:57.450, 389 MiB
2025/10/28 10:43:57.450, 281 MiB
2025/10/28 10:43:57.450, 277 MiB
2025/10/28 10:43:57.450, 275 MiB
2025/10/28 10:43:57.450, 313 MiB
2025/10/28 10:43:57.450, 271 MiB
2025/10/28 10:44:57.451, 271 MiB
2025/10/28 10:44:57.455, 279 MiB
2025/10/28 10:44:57.456, 389 MiB
2025/10/28 10:44:57.460, 281 MiB
2025/10/28 10:44:57.462, 277 MiB
2025/10/28 10:44:57.466, 275 MiB
2025/10/28 10:44:57.467, 313 MiB
2025/10/28 10:44:57.470, 271 MiB
2025/10/28 10:45:57.471, 271 MiB
2025/10/28 10:45:57.471, 279 MiB
2025/10/28 10:45:57.472, 389 MiB
2025/10/28 10:45:57.472, 281 MiB
2025/10/28 10:45:57.472, 277 MiB
2025/10/28 10:45:57.472, 275 MiB
2025/10/28 10:45:57.472, 313 MiB
2025/10/28 10:45:57.472, 271 MiB
2025/10/28 10:46:57.472, 271 MiB
2025/10/28 10:46:57.473, 279 MiB
2025/10/28 10:46:57.473, 389 MiB
2025/10/28 10:46:57.473, 281 MiB
2025/10/28 10:46:57.473, 277 MiB
2025/10/28 10:46:57.473, 275 MiB
2025/10/28 10:46:57.473, 313 MiB
2025/10/28 10:46:57.473, 271 MiB
2025/10/28 10:47:57.473, 271 MiB
2025/10/28 10:47:57.474, 279 MiB
2025/10/28 10:47:57.474, 389 MiB
2025/10/28 10:47:57.474, 281 MiB
2025/10/28 10:47:57.474, 277 MiB
2025/10/28 10:47:57.474, 275 MiB
2025/10/28 10:47:57.474, 313 MiB
2025/10/28 10:47:57.474, 271 MiB
2025/10/28 10:48:57.475, 271 MiB
2025/10/28 10:48:57.475, 279 MiB
2025/10/28 10:48:57.475, 389 MiB
2025/10/28 10:48:57.475, 281 MiB
2025/10/28 10:48:57.475, 277 MiB
2025/10/28 10:48:57.475, 275 MiB
2025/10/28 10:48:57.475, 313 MiB
2025/10/28 10:48:57.475, 271 MiB
2025/10/28 10:49:57.476, 271 MiB
2025/10/28 10:49:57.476, 279 MiB
2025/10/28 10:49:57.476, 389 MiB
2025/10/28 10:49:57.476, 281 MiB
2025/10/28 10:49:57.476, 277 MiB
2025/10/28 10:49:57.476, 275 MiB
2025/10/28 10:49:57.476, 313 MiB
2025/10/28 10:49:57.476, 271 MiB
2025/10/28 10:50:57.477, 271 MiB
2025/10/28 10:50:57.477, 279 MiB
2025/10/28 10:50:57.477, 389 MiB
2025/10/28 10:50:57.477, 281 MiB
2025/10/28 10:50:57.477, 277 MiB
2025/10/28 10:50:57.477, 275 MiB
2025/10/28 10:50:57.477, 313 MiB
2025/10/28 10:50:57.477, 271 MiB
2025/10/28 10:51:57.478, 271 MiB
2025/10/28 10:51:57.478, 279 MiB
2025/10/28 10:51:57.478, 389 MiB
2025/10/28 10:51:57.478, 281 MiB
2025/10/28 10:51:57.478, 277 MiB
2025/10/28 10:51:57.478, 275 MiB
2025/10/28 10:51:57.479, 313 MiB
2025/10/28 10:51:57.479, 271 MiB
2025/10/28 10:52:57.479, 271 MiB
2025/10/28 10:52:57.479, 279 MiB
2025/10/28 10:52:57.480, 389 MiB
2025/10/28 10:52:57.480, 281 MiB
2025/10/28 10:52:57.480, 277 MiB
2025/10/28 10:52:57.480, 275 MiB
2025/10/28 10:52:57.480, 313 MiB
2025/10/28 10:52:57.480, 271 MiB
2025/10/28 10:53:57.480, 271 MiB
2025/10/28 10:53:57.481, 279 MiB
2025/10/28 10:53:57.481, 389 MiB
2025/10/28 10:53:57.481, 281 MiB
2025/10/28 10:53:57.481, 277 MiB
2025/10/28 10:53:57.481, 275 MiB
2025/10/28 10:53:57.481, 313 MiB
2025/10/28 10:53:57.481, 271 MiB
2025/10/28 10:54:57.482, 271 MiB
2025/10/28 10:54:57.482, 279 MiB
2025/10/28 10:54:57.482, 389 MiB
2025/10/28 10:54:57.482, 281 MiB
2025/10/28 10:54:57.482, 277 MiB
2025/10/28 10:54:57.482, 275 MiB
2025/10/28 10:54:57.482, 313 MiB
2025/10/28 10:54:57.482, 271 MiB
2025/10/28 10:55:57.483, 271 MiB
2025/10/28 10:55:57.483, 279 MiB
2025/10/28 10:55:57.483, 389 MiB
2025/10/28 10:55:57.483, 281 MiB
2025/10/28 10:55:57.483, 277 MiB
2025/10/28 10:55:57.483, 275 MiB
2025/10/28 10:55:57.483, 313 MiB
2025/10/28 10:55:57.483, 271 MiB
2025/10/28 10:56:57.484, 271 MiB
2025/10/28 10:56:57.484, 279 MiB
2025/10/28 10:56:57.484, 389 MiB
2025/10/28 10:56:57.484, 281 MiB
2025/10/28 10:56:57.484, 277 MiB
2025/10/28 10:56:57.485, 275 MiB
2025/10/28 10:56:57.485, 313 MiB
2025/10/28 10:56:57.485, 271 MiB
2025/10/28 10:57:57.485, 271 MiB
2025/10/28 10:57:57.486, 279 MiB
2025/10/28 10:57:57.486, 389 MiB
2025/10/28 10:57:57.486, 281 MiB
2025/10/28 10:57:57.486, 277 MiB
2025/10/28 10:57:57.486, 275 MiB
2025/10/28 10:57:57.486, 313 MiB
2025/10/28 10:57:57.486, 271 MiB
2025/10/28 10:58:57.487, 271 MiB
2025/10/28 10:58:57.487, 279 MiB
2025/10/28 10:58:57.487, 389 MiB
2025/10/28 10:58:57.487, 281 MiB
2025/10/28 10:58:57.487, 277 MiB
2025/10/28 10:58:57.487, 275 MiB
2025/10/28 10:58:57.487, 313 MiB
2025/10/28 10:58:57.487, 271 MiB
2025/10/28 10:59:57.488, 271 MiB
2025/10/28 10:59:57.488, 279 MiB
2025/10/28 10:59:57.488, 389 MiB
2025/10/28 10:59:57.488, 281 MiB
2025/10/28 10:59:57.488, 277 MiB
2025/10/28 10:59:57.488, 275 MiB
2025/10/28 10:59:57.488, 313 MiB
2025/10/28 10:59:57.488, 271 MiB
2025/10/28 11:00:57.489, 271 MiB
2025/10/28 11:00:57.489, 279 MiB
2025/10/28 11:00:57.489, 389 MiB
2025/10/28 11:00:57.489, 281 MiB
2025/10/28 11:00:57.489, 277 MiB
2025/10/28 11:00:57.489, 275 MiB
2025/10/28 11:00:57.489, 313 MiB
2025/10/28 11:00:57.489, 271 MiB
2025/10/28 11:01:57.490, 271 MiB
2025/10/28 11:01:57.490, 279 MiB
2025/10/28 11:01:57.491, 389 MiB
2025/10/28 11:01:57.491, 281 MiB
2025/10/28 11:01:57.491, 277 MiB
2025/10/28 11:01:57.491, 275 MiB
2025/10/28 11:01:57.491, 313 MiB
2025/10/28 11:01:57.491, 271 MiB
2025/10/28 11:02:57.492, 271 MiB
2025/10/28 11:02:57.492, 279 MiB
2025/10/28 11:02:57.492, 389 MiB
2025/10/28 11:02:57.492, 281 MiB
2025/10/28 11:02:57.492, 277 MiB
2025/10/28 11:02:57.492, 275 MiB
2025/10/28 11:02:57.492, 313 MiB
2025/10/28 11:02:57.492, 271 MiB
2025/10/28 11:03:57.493, 271 MiB
2025/10/28 11:03:57.493, 279 MiB
2025/10/28 11:03:57.493, 389 MiB
2025/10/28 11:03:57.493, 281 MiB
2025/10/28 11:03:57.493, 277 MiB
2025/10/28 11:03:57.493, 275 MiB
2025/10/28 11:03:57.493, 313 MiB
2025/10/28 11:03:57.493, 271 MiB
2025/10/28 11:04:57.494, 271 MiB
2025/10/28 11:04:57.494, 279 MiB
2025/10/28 11:04:57.494, 389 MiB
2025/10/28 11:04:57.494, 281 MiB
2025/10/28 11:04:57.494, 277 MiB
2025/10/28 11:04:57.494, 275 MiB
2025/10/28 11:04:57.494, 313 MiB
2025/10/28 11:04:57.494, 271 MiB
2025/10/28 11:05:57.495, 271 MiB
2025/10/28 11:05:57.495, 279 MiB
2025/10/28 11:05:57.495, 389 MiB
2025/10/28 11:05:57.496, 281 MiB
2025/10/28 11:05:57.496, 277 MiB
2025/10/28 11:05:57.496, 275 MiB
2025/10/28 11:05:57.496, 313 MiB
2025/10/28 11:05:57.496, 271 MiB
2025/10/28 11:06:57.496, 271 MiB
2025/10/28 11:06:57.497, 279 MiB
2025/10/28 11:06:57.497, 389 MiB
2025/10/28 11:06:57.497, 281 MiB
2025/10/28 11:06:57.497, 277 MiB
2025/10/28 11:06:57.497, 275 MiB
2025/10/28 11:06:57.497, 313 MiB
2025/10/28 11:06:57.497, 271 MiB
2025/10/28 11:07:57.498, 271 MiB
2025/10/28 11:07:57.498, 279 MiB
2025/10/28 11:07:57.498, 389 MiB
2025/10/28 11:07:57.498, 281 MiB
2025/10/28 11:07:57.498, 277 MiB
2025/10/28 11:07:57.498, 275 MiB
2025/10/28 11:07:57.498, 313 MiB
2025/10/28 11:07:57.498, 271 MiB
2025/10/28 11:08:57.499, 271 MiB
2025/10/28 11:08:57.499, 279 MiB
2025/10/28 11:08:57.499, 389 MiB
2025/10/28 11:08:57.499, 281 MiB
2025/10/28 11:08:57.499, 277 MiB
2025/10/28 11:08:57.499, 275 MiB
2025/10/28 11:08:57.499, 313 MiB
2025/10/28 11:08:57.499, 271 MiB
2025/10/28 11:09:57.500, 271 MiB
2025/10/28 11:09:57.500, 279 MiB
2025/10/28 11:09:57.500, 389 MiB
2025/10/28 11:09:57.500, 281 MiB
2025/10/28 11:09:57.500, 277 MiB
2025/10/28 11:09:57.500, 275 MiB
2025/10/28 11:09:57.500, 313 MiB
2025/10/28 11:09:57.501, 271 MiB
2025/10/28 11:10:57.501, 271 MiB
2025/10/28 11:10:57.501, 279 MiB
2025/10/28 11:10:57.502, 389 MiB
2025/10/28 11:10:57.502, 281 MiB
2025/10/28 11:10:57.502, 277 MiB
2025/10/28 11:10:57.502, 275 MiB
2025/10/28 11:10:57.502, 313 MiB
2025/10/28 11:10:57.502, 271 MiB
2025/10/28 11:11:57.502, 271 MiB
2025/10/28 11:11:57.503, 279 MiB
2025/10/28 11:11:57.503, 389 MiB
2025/10/28 11:11:57.503, 281 MiB
2025/10/28 11:11:57.503, 277 MiB
2025/10/28 11:11:57.503, 275 MiB
2025/10/28 11:11:57.503, 313 MiB
2025/10/28 11:11:57.503, 271 MiB
2025/10/28 11:12:57.504, 271 MiB
2025/10/28 11:12:57.504, 279 MiB
2025/10/28 11:12:57.504, 389 MiB
2025/10/28 11:12:57.504, 281 MiB
2025/10/28 11:12:57.504, 277 MiB
2025/10/28 11:12:57.504, 275 MiB
2025/10/28 11:12:57.504, 313 MiB
2025/10/28 11:12:57.504, 271 MiB
2025/10/28 11:13:57.505, 271 MiB
2025/10/28 11:13:57.505, 279 MiB
2025/10/28 11:13:57.505, 389 MiB
2025/10/28 11:13:57.505, 281 MiB
2025/10/28 11:13:57.505, 277 MiB
2025/10/28 11:13:57.505, 275 MiB
2025/10/28 11:13:57.505, 313 MiB
2025/10/28 11:13:57.506, 271 MiB
2025/10/28 11:14:57.506, 271 MiB
2025/10/28 11:14:57.506, 279 MiB
2025/10/28 11:14:57.507, 389 MiB
2025/10/28 11:14:57.507, 281 MiB
2025/10/28 11:14:57.507, 277 MiB
2025/10/28 11:14:57.507, 275 MiB
2025/10/28 11:14:57.507, 313 MiB
2025/10/28 11:14:57.507, 271 MiB
2025/10/28 11:15:57.507, 271 MiB
2025/10/28 11:15:57.508, 279 MiB
2025/10/28 11:15:57.508, 389 MiB
2025/10/28 11:15:57.508, 281 MiB
2025/10/28 11:15:57.508, 277 MiB
2025/10/28 11:15:57.508, 275 MiB
2025/10/28 11:15:57.508, 313 MiB
2025/10/28 11:15:57.508, 271 MiB
2025/10/28 11:16:57.509, 271 MiB
2025/10/28 11:16:57.509, 279 MiB
2025/10/28 11:16:57.509, 389 MiB
2025/10/28 11:16:57.509, 281 MiB
2025/10/28 11:16:57.509, 277 MiB
2025/10/28 11:16:57.509, 275 MiB
2025/10/28 11:16:57.509, 313 MiB
2025/10/28 11:16:57.509, 271 MiB
2025/10/28 11:17:57.510, 271 MiB
2025/10/28 11:17:57.510, 279 MiB
2025/10/28 11:17:57.510, 389 MiB
2025/10/28 11:17:57.510, 281 MiB
2025/10/28 11:17:57.510, 277 MiB
2025/10/28 11:17:57.510, 275 MiB
2025/10/28 11:17:57.511, 313 MiB
2025/10/28 11:17:57.511, 271 MiB
2025/10/28 11:18:57.511, 271 MiB
2025/10/28 11:18:57.512, 279 MiB
2025/10/28 11:18:57.512, 389 MiB
2025/10/28 11:18:57.512, 281 MiB
2025/10/28 11:18:57.512, 277 MiB
2025/10/28 11:18:57.512, 275 MiB
2025/10/28 11:18:57.512, 313 MiB
2025/10/28 11:18:57.512, 271 MiB
2025/10/28 11:19:57.513, 271 MiB
2025/10/28 11:19:57.513, 279 MiB
2025/10/28 11:19:57.513, 389 MiB
2025/10/28 11:19:57.513, 281 MiB
2025/10/28 11:19:57.513, 277 MiB
2025/10/28 11:19:57.513, 275 MiB
2025/10/28 11:19:57.513, 313 MiB
2025/10/28 11:19:57.513, 271 MiB
2025/10/28 11:20:57.514, 271 MiB
2025/10/28 11:20:57.514, 279 MiB
2025/10/28 11:20:57.514, 389 MiB
2025/10/28 11:20:57.514, 281 MiB
2025/10/28 11:20:57.514, 277 MiB
2025/10/28 11:20:57.514, 275 MiB
2025/10/28 11:20:57.514, 313 MiB
2025/10/28 11:20:57.514, 271 MiB
2025/10/28 11:21:57.515, 271 MiB
2025/10/28 11:21:57.515, 279 MiB
2025/10/28 11:21:57.515, 389 MiB
2025/10/28 11:21:57.515, 281 MiB
2025/10/28 11:21:57.515, 277 MiB
2025/10/28 11:21:57.515, 275 MiB
2025/10/28 11:21:57.515, 313 MiB
2025/10/28 11:21:57.515, 271 MiB
2025/10/28 11:22:57.516, 271 MiB
2025/10/28 11:22:57.516, 279 MiB
2025/10/28 11:22:57.516, 389 MiB
2025/10/28 11:22:57.516, 281 MiB
2025/10/28 11:22:57.516, 277 MiB
2025/10/28 11:22:57.516, 275 MiB
2025/10/28 11:22:57.516, 313 MiB
2025/10/28 11:22:57.516, 271 MiB
2025/10/28 11:23:57.517, 271 MiB
2025/10/28 11:23:57.517, 279 MiB
2025/10/28 11:23:57.517, 389 MiB
2025/10/28 11:23:57.517, 281 MiB
2025/10/28 11:23:57.517, 277 MiB
2025/10/28 11:23:57.518, 275 MiB
2025/10/28 11:23:57.518, 313 MiB
2025/10/28 11:23:57.518, 271 MiB
2025/10/28 11:24:57.518, 628 MiB
2025/10/28 11:24:57.518, 636 MiB
2025/10/28 11:24:57.518, 746 MiB
2025/10/28 11:24:57.518, 638 MiB
2025/10/28 11:24:57.518, 634 MiB
2025/10/28 11:24:57.518, 275 MiB
2025/10/28 11:24:57.518, 670 MiB
2025/10/28 11:24:57.519, 271 MiB
2025/10/28 11:25:57.519, 271 MiB
2025/10/28 11:25:57.519, 279 MiB
2025/10/28 11:25:57.519, 389 MiB
2025/10/28 11:25:57.519, 281 MiB
2025/10/28 11:25:57.519, 277 MiB
2025/10/28 11:25:57.519, 275 MiB
2025/10/28 11:25:57.519, 313 MiB
2025/10/28 11:25:57.519, 271 MiB
2025/10/28 11:26:57.520, 271 MiB
2025/10/28 11:26:57.520, 279 MiB
2025/10/28 11:26:57.520, 389 MiB
2025/10/28 11:26:57.520, 281 MiB
2025/10/28 11:26:57.520, 277 MiB
2025/10/28 11:26:57.521, 275 MiB
2025/10/28 11:26:57.521, 313 MiB
2025/10/28 11:26:57.521, 271 MiB
2025/10/28 11:27:57.521, 271 MiB
2025/10/28 11:27:57.522, 279 MiB
2025/10/28 11:27:57.522, 389 MiB
2025/10/28 11:27:57.522, 281 MiB
2025/10/28 11:27:57.522, 277 MiB
2025/10/28 11:27:57.522, 275 MiB
2025/10/28 11:27:57.522, 313 MiB
2025/10/28 11:27:57.522, 271 MiB
2025/10/28 11:28:57.523, 271 MiB
2025/10/28 11:28:57.523, 279 MiB
2025/10/28 11:28:57.523, 389 MiB
2025/10/28 11:28:57.523, 281 MiB
2025/10/28 11:28:57.523, 277 MiB
2025/10/28 11:28:57.523, 275 MiB
2025/10/28 11:28:57.523, 313 MiB
2025/10/28 11:28:57.523, 271 MiB
2025/10/28 11:29:57.524, 271 MiB
2025/10/28 11:29:57.524, 279 MiB
2025/10/28 11:29:57.524, 389 MiB
2025/10/28 11:29:57.524, 281 MiB
2025/10/28 11:29:57.524, 277 MiB
2025/10/28 11:29:57.524, 275 MiB
2025/10/28 11:29:57.524, 313 MiB
2025/10/28 11:29:57.524, 271 MiB
2025/10/28 11:30:57.525, 271 MiB
2025/10/28 11:30:57.525, 279 MiB
2025/10/28 11:30:57.525, 389 MiB
2025/10/28 11:30:57.525, 281 MiB
2025/10/28 11:30:57.525, 277 MiB
2025/10/28 11:30:57.525, 275 MiB
2025/10/28 11:30:57.526, 313 MiB
2025/10/28 11:30:57.526, 271 MiB
2025/10/28 11:31:57.526, 13240 MiB
2025/10/28 11:31:57.526, 14202 MiB
2025/10/28 11:31:57.526, 14416 MiB
2025/10/28 11:31:57.526, 13632 MiB
2025/10/28 11:31:57.526, 13668 MiB
2025/10/28 11:31:57.526, 14302 MiB
2025/10/28 11:31:57.526, 13572 MiB
2025/10/28 11:31:57.526, 271 MiB
2025/10/28 11:32:57.527, 46120 MiB
2025/10/28 11:32:57.527, 46142 MiB
2025/10/28 11:32:57.527, 46252 MiB
2025/10/28 11:32:57.527, 46144 MiB
2025/10/28 11:32:57.527, 46140 MiB
2025/10/28 11:32:57.527, 46138 MiB
2025/10/28 11:32:57.527, 46176 MiB
2025/10/28 11:32:57.527, 271 MiB
2025/10/28 11:33:57.528, 271 MiB
2025/10/28 11:33:57.528, 279 MiB
2025/10/28 11:33:57.528, 389 MiB
2025/10/28 11:33:57.528, 281 MiB
2025/10/28 11:33:57.528, 277 MiB
2025/10/28 11:33:57.528, 275 MiB
2025/10/28 11:33:57.528, 313 MiB
2025/10/28 11:33:57.528, 271 MiB
2025/10/28 11:34:57.529, 271 MiB
2025/10/28 11:34:57.529, 279 MiB
2025/10/28 11:34:57.529, 389 MiB
2025/10/28 11:34:57.529, 281 MiB
2025/10/28 11:34:57.529, 277 MiB
2025/10/28 11:34:57.529, 275 MiB
2025/10/28 11:34:57.529, 313 MiB
2025/10/28 11:34:57.529, 271 MiB
2025/10/28 11:35:57.530, 285 MiB
2025/10/28 11:35:57.533, 293 MiB
2025/10/28 11:35:57.534, 654 MiB
2025/10/28 11:35:57.535, 281 MiB
2025/10/28 11:35:57.536, 542 MiB
2025/10/28 11:35:57.536, 540 MiB
2025/10/28 11:35:57.539, 313 MiB
2025/10/28 11:35:57.540, 271 MiB
2025/10/28 11:36:57.541, 41070 MiB
2025/10/28 11:36:57.541, 41078 MiB
2025/10/28 11:36:57.541, 41188 MiB
2025/10/28 11:36:57.541, 41080 MiB
2025/10/28 11:36:57.542, 41076 MiB
2025/10/28 11:36:57.542, 41074 MiB
2025/10/28 11:36:57.542, 41112 MiB
2025/10/28 11:36:57.542, 271 MiB
2025/10/28 11:37:57.542, 46122 MiB
2025/10/28 11:37:57.542, 46130 MiB
2025/10/28 11:37:57.542, 46240 MiB
2025/10/28 11:37:57.542, 46132 MiB
2025/10/28 11:37:57.542, 46128 MiB
2025/10/28 11:37:57.542, 46126 MiB
2025/10/28 11:37:57.542, 46164 MiB
2025/10/28 11:37:57.542, 271 MiB
2025/10/28 11:38:57.543, 46122 MiB
2025/10/28 11:38:57.543, 46644 MiB
2025/10/28 11:38:57.543, 46754 MiB
2025/10/28 11:38:57.543, 46646 MiB
2025/10/28 11:38:57.543, 46642 MiB
2025/10/28 11:38:57.543, 46640 MiB
2025/10/28 11:38:57.543, 46678 MiB
2025/10/28 11:38:57.543, 271 MiB
2025/10/28 11:39:57.544, 46122 MiB
2025/10/28 11:39:57.545, 46644 MiB
2025/10/28 11:39:57.545, 46754 MiB
2025/10/28 11:39:57.545, 46646 MiB
2025/10/28 11:39:57.545, 46642 MiB
2025/10/28 11:39:57.545, 46640 MiB
2025/10/28 11:39:57.545, 46678 MiB
2025/10/28 11:39:57.545, 271 MiB
2025/10/28 11:40:57.546, 46122 MiB
2025/10/28 11:40:57.546, 46644 MiB
2025/10/28 11:40:57.546, 46754 MiB
2025/10/28 11:40:57.546, 46646 MiB
2025/10/28 11:40:57.546, 46642 MiB
2025/10/28 11:40:57.546, 46640 MiB
2025/10/28 11:40:57.546, 46678 MiB
2025/10/28 11:40:57.546, 271 MiB
2025/10/28 11:41:57.547, 46636 MiB
2025/10/28 11:41:57.547, 46644 MiB
2025/10/28 11:41:57.547, 46754 MiB
2025/10/28 11:41:57.547, 46646 MiB
2025/10/28 11:41:57.547, 46642 MiB
2025/10/28 11:41:57.547, 46640 MiB
2025/10/28 11:41:57.547, 46678 MiB
2025/10/28 11:41:57.547, 271 MiB
2025/10/28 11:42:57.548, 46636 MiB
2025/10/28 11:42:57.548, 46644 MiB
2025/10/28 11:42:57.548, 46754 MiB
2025/10/28 11:42:57.548, 46646 MiB
2025/10/28 11:42:57.548, 46642 MiB
2025/10/28 11:42:57.549, 46640 MiB
2025/10/28 11:42:57.549, 46678 MiB
2025/10/28 11:42:57.549, 271 MiB
2025/10/28 11:43:57.549, 46636 MiB
2025/10/28 11:43:57.549, 46644 MiB
2025/10/28 11:43:57.549, 46754 MiB
2025/10/28 11:43:57.549, 46646 MiB
2025/10/28 11:43:57.550, 46642 MiB
2025/10/28 11:43:57.550, 46640 MiB
2025/10/28 11:43:57.550, 46678 MiB
2025/10/28 11:43:57.550, 271 MiB
2025/10/28 11:44:57.550, 46636 MiB
2025/10/28 11:44:57.550, 46644 MiB
2025/10/28 11:44:57.550, 46754 MiB
2025/10/28 11:44:57.550, 46646 MiB
2025/10/28 11:44:57.551, 46642 MiB
2025/10/28 11:44:57.551, 46640 MiB
2025/10/28 11:44:57.551, 46678 MiB
2025/10/28 11:44:57.551, 271 MiB
2025/10/28 11:45:57.551, 46636 MiB
2025/10/28 11:45:57.551, 46644 MiB
2025/10/28 11:45:57.551, 46754 MiB
2025/10/28 11:45:57.552, 46646 MiB
2025/10/28 11:45:57.552, 46642 MiB
2025/10/28 11:45:57.552, 46640 MiB
2025/10/28 11:45:57.552, 46678 MiB
2025/10/28 11:45:57.552, 271 MiB
2025/10/28 11:46:57.552, 46636 MiB
2025/10/28 11:46:57.552, 46644 MiB
2025/10/28 11:46:57.553, 46754 MiB
2025/10/28 11:46:57.553, 46646 MiB
2025/10/28 11:46:57.553, 46642 MiB
2025/10/28 11:46:57.553, 46640 MiB
2025/10/28 11:46:57.553, 46678 MiB
2025/10/28 11:46:57.553, 271 MiB
2025/10/28 11:47:57.553, 46636 MiB
2025/10/28 11:47:57.553, 46644 MiB
2025/10/28 11:47:57.554, 46754 MiB
2025/10/28 11:47:57.554, 46646 MiB
2025/10/28 11:47:57.554, 46642 MiB
2025/10/28 11:47:57.554, 46640 MiB
2025/10/28 11:47:57.554, 46678 MiB
2025/10/28 11:47:57.554, 271 MiB
2025/10/28 11:48:57.554, 46636 MiB
2025/10/28 11:48:57.554, 46644 MiB
2025/10/28 11:48:57.555, 46754 MiB
2025/10/28 11:48:57.555, 46646 MiB
2025/10/28 11:48:57.555, 46642 MiB
2025/10/28 11:48:57.555, 46640 MiB
2025/10/28 11:48:57.555, 46678 MiB
2025/10/28 11:48:57.555, 271 MiB
2025/10/28 11:49:57.555, 46636 MiB
2025/10/28 11:49:57.556, 46644 MiB
2025/10/28 11:49:57.556, 46754 MiB
2025/10/28 11:49:57.556, 46646 MiB
2025/10/28 11:49:57.556, 46642 MiB
2025/10/28 11:49:57.556, 46640 MiB
2025/10/28 11:49:57.556, 46678 MiB
2025/10/28 11:49:57.556, 271 MiB
2025/10/28 11:50:57.556, 46636 MiB
2025/10/28 11:50:57.556, 46644 MiB
2025/10/28 11:50:57.556, 46754 MiB
2025/10/28 11:50:57.557, 46646 MiB
2025/10/28 11:50:57.557, 46642 MiB
2025/10/28 11:50:57.557, 46640 MiB
2025/10/28 11:50:57.557, 46678 MiB
2025/10/28 11:50:57.557, 271 MiB
2025/10/28 11:51:57.557, 46636 MiB
2025/10/28 11:51:57.557, 46644 MiB
2025/10/28 11:51:57.557, 46754 MiB
2025/10/28 11:51:57.557, 46646 MiB
2025/10/28 11:51:57.557, 46642 MiB
2025/10/28 11:51:57.558, 46640 MiB
2025/10/28 11:51:57.558, 46678 MiB
2025/10/28 11:51:57.558, 271 MiB
2025/10/28 11:52:57.558, 46636 MiB
2025/10/28 11:52:57.558, 46644 MiB
2025/10/28 11:52:57.558, 46754 MiB
2025/10/28 11:52:57.558, 46646 MiB
2025/10/28 11:52:57.558, 46642 MiB
2025/10/28 11:52:57.558, 46640 MiB
2025/10/28 11:52:57.559, 46678 MiB
2025/10/28 11:52:57.559, 271 MiB
2025/10/28 11:53:57.559, 46636 MiB
2025/10/28 11:53:57.559, 46644 MiB
2025/10/28 11:53:57.559, 46754 MiB
2025/10/28 11:53:57.560, 46646 MiB
2025/10/28 11:53:57.560, 46642 MiB
2025/10/28 11:53:57.560, 46640 MiB
2025/10/28 11:53:57.560, 46678 MiB
2025/10/28 11:53:57.560, 271 MiB
2025/10/28 11:54:57.560, 46636 MiB
2025/10/28 11:54:57.560, 46644 MiB
2025/10/28 11:54:57.560, 46754 MiB
2025/10/28 11:54:57.561, 46646 MiB
2025/10/28 11:54:57.561, 46642 MiB
2025/10/28 11:54:57.561, 46640 MiB
2025/10/28 11:54:57.561, 46678 MiB
2025/10/28 11:54:57.561, 271 MiB
2025/10/28 11:55:57.561, 46636 MiB
2025/10/28 11:55:57.561, 46644 MiB
2025/10/28 11:55:57.561, 46754 MiB
2025/10/28 11:55:57.561, 46646 MiB
2025/10/28 11:55:57.561, 46642 MiB
2025/10/28 11:55:57.562, 46640 MiB
2025/10/28 11:55:57.562, 46678 MiB
2025/10/28 11:55:57.562, 271 MiB
2025/10/28 11:56:57.562, 46636 MiB
2025/10/28 11:56:57.562, 46644 MiB
2025/10/28 11:56:57.562, 46754 MiB
2025/10/28 11:56:57.562, 46646 MiB
2025/10/28 11:56:57.562, 46642 MiB
2025/10/28 11:56:57.562, 46640 MiB
2025/10/28 11:56:57.562, 46678 MiB
2025/10/28 11:56:57.563, 271 MiB
2025/10/28 11:57:57.563, 46636 MiB
2025/10/28 11:57:57.563, 46644 MiB
2025/10/28 11:57:57.563, 46754 MiB
2025/10/28 11:57:57.563, 46646 MiB
2025/10/28 11:57:57.563, 46642 MiB
2025/10/28 11:57:57.563, 46640 MiB
2025/10/28 11:57:57.563, 46678 MiB
2025/10/28 11:57:57.563, 271 MiB
2025/10/28 11:58:57.564, 46636 MiB
2025/10/28 11:58:57.564, 46644 MiB
2025/10/28 11:58:57.564, 46754 MiB
2025/10/28 11:58:57.564, 46646 MiB
2025/10/28 11:58:57.564, 46642 MiB
2025/10/28 11:58:57.564, 46640 MiB
2025/10/28 11:58:57.564, 46678 MiB
2025/10/28 11:58:57.564, 271 MiB
2025/10/28 11:59:57.565, 46636 MiB
2025/10/28 11:59:57.565, 46644 MiB
2025/10/28 11:59:57.565, 46754 MiB
2025/10/28 11:59:57.565, 46646 MiB
2025/10/28 11:59:57.565, 46642 MiB
2025/10/28 11:59:57.565, 46640 MiB
2025/10/28 11:59:57.565, 46678 MiB
2025/10/28 11:59:57.565, 271 MiB
2025/10/28 12:00:57.566, 46636 MiB
2025/10/28 12:00:57.566, 46644 MiB
2025/10/28 12:00:57.566, 46754 MiB
2025/10/28 12:00:57.566, 46646 MiB
2025/10/28 12:00:57.566, 46642 MiB
2025/10/28 12:00:57.566, 46640 MiB
2025/10/28 12:00:57.566, 46678 MiB
2025/10/28 12:00:57.566, 271 MiB
2025/10/28 12:01:57.567, 46636 MiB
2025/10/28 12:01:57.567, 46644 MiB
2025/10/28 12:01:57.567, 46754 MiB
2025/10/28 12:01:57.567, 46646 MiB
2025/10/28 12:01:57.567, 46642 MiB
2025/10/28 12:01:57.567, 46640 MiB
2025/10/28 12:01:57.567, 46678 MiB
2025/10/28 12:01:57.567, 271 MiB
2025/10/28 12:02:57.567, 46636 MiB
2025/10/28 12:02:57.568, 46644 MiB
2025/10/28 12:02:57.568, 46754 MiB
2025/10/28 12:02:57.568, 46646 MiB
2025/10/28 12:02:57.568, 46642 MiB
2025/10/28 12:02:57.568, 46640 MiB
2025/10/28 12:02:57.568, 46678 MiB
2025/10/28 12:02:57.568, 271 MiB
2025/10/28 12:03:57.568, 46636 MiB
2025/10/28 12:03:57.569, 46644 MiB
2025/10/28 12:03:57.569, 46754 MiB
2025/10/28 12:03:57.569, 46646 MiB
2025/10/28 12:03:57.569, 46642 MiB
2025/10/28 12:03:57.569, 46640 MiB
2025/10/28 12:03:57.569, 46678 MiB
2025/10/28 12:03:57.569, 271 MiB
2025/10/28 12:04:57.569, 46636 MiB
2025/10/28 12:04:57.570, 46644 MiB
2025/10/28 12:04:57.570, 46754 MiB
2025/10/28 12:04:57.570, 46646 MiB
2025/10/28 12:04:57.570, 46642 MiB
2025/10/28 12:04:57.570, 46640 MiB
2025/10/28 12:04:57.570, 46678 MiB
2025/10/28 12:04:57.570, 271 MiB
