[INFO] Launch command: accelerate launch --config_file /data1/oujingfeng/project/twgi/Orthus/accelerate_config_stage3_offload.yaml --num_processes 8 /data1/oujingfeng/project/twgi/Orthus/train/grpo/grpo_orthus.py --model_name_or_path /data1/oujingfeng/project/twgi/checkpoints/mydatasets/orthus-7b-sft-base-sample80b100ep500l1e-5-weight-F --output_dir /data1/oujingfeng/project/twgi/checkpoints/grpo/orthus-7b-grpo-geneval-v1 --run_name orthus-7b-grpo-geneval-v1 --dataset_name /data1/oujingfeng/project/twgi/datasets/mydatasets/modified_data.json --bf16 True --torch_dtype bfloat16 --attn_implementation flash_attention_2 --gradient_checkpointing True --max_prompt_length 512 --max_completion_length 512 --per_device_train_batch_size 1 --gradient_accumulation_steps 2 --learning_rate 1e-6 --max_steps 2000 --logging_steps 1 --save_steps 500 --temperature 1.0 --num_generations 2 --generation_batch_size 16 --beta 0 --optim adamw_torch --reward_funcs answer_correctness format --reward_smooth True --kl_reweight True --update_ref False --entropy_reward True
W1027 17:36:04.405000 220098 site-packages/torch/distributed/run.py:774] 
W1027 17:36:04.405000 220098 site-packages/torch/distributed/run.py:774] *****************************************
W1027 17:36:04.405000 220098 site-packages/torch/distributed/run.py:774] Setting OMP_NUM_THREADS environment variable for each process to be 1 in default, to avoid your system being overloaded, please further tune the variable for optimal performance in your application as needed. 
W1027 17:36:04.405000 220098 site-packages/torch/distributed/run.py:774] *****************************************
NCCL version 2.27.3+cuda12.9
/data1/conda/envs/orthus/lib/python3.11/site-packages/trl/trainer/model_config.py:194: FutureWarning: `torch_dtype` is deprecated and will be removed in version 0.27.0, please use `dtype` instead.
  warnings.warn(
Random seed set to 42
--- [Step 1/3] Loading dataset... ---
/data1/conda/envs/orthus/lib/python3.11/site-packages/trl/trainer/model_config.py:194: FutureWarning: `torch_dtype` is deprecated and will be removed in version 0.27.0, please use `dtype` instead.
  warnings.warn(
Random seed set to 42
--- [Step 1/3] Loading dataset... ---
/data1/conda/envs/orthus/lib/python3.11/site-packages/trl/trainer/model_config.py:194: FutureWarning: `torch_dtype` is deprecated and will be removed in version 0.27.0, please use `dtype` instead.
  warnings.warn(
Random seed set to 42
--- [Step 1/3] Loading dataset... ---
/data1/conda/envs/orthus/lib/python3.11/site-packages/trl/trainer/model_config.py:194: FutureWarning: `torch_dtype` is deprecated and will be removed in version 0.27.0, please use `dtype` instead.
  warnings.warn(
Random seed set to 42
--- [Step 1/3] Loading dataset... ---
/data1/conda/envs/orthus/lib/python3.11/site-packages/trl/trainer/model_config.py:194: FutureWarning: `torch_dtype` is deprecated and will be removed in version 0.27.0, please use `dtype` instead.
  warnings.warn(
Random seed set to 42
--- [Step 1/3] Loading dataset... ---
/data1/conda/envs/orthus/lib/python3.11/site-packages/trl/trainer/model_config.py:194: FutureWarning: `torch_dtype` is deprecated and will be removed in version 0.27.0, please use `dtype` instead.
  warnings.warn(
Random seed set to 42
--- [Step 1/3] Loading dataset... ---
/data1/conda/envs/orthus/lib/python3.11/site-packages/trl/trainer/model_config.py:194: FutureWarning: `torch_dtype` is deprecated and will be removed in version 0.27.0, please use `dtype` instead.
  warnings.warn(
Random seed set to 42
--- [Step 1/3] Loading dataset... ---
/data1/conda/envs/orthus/lib/python3.11/site-packages/trl/trainer/model_config.py:194: FutureWarning: `torch_dtype` is deprecated and will be removed in version 0.27.0, please use `dtype` instead.
  warnings.warn(
Random seed set to 42
--- [Step 1/3] Loading dataset... ---
Dataset '/data1/oujingfeng/project/twgi/datasets/mydatasets/modified_data.json' loaded successfully with 100 samples.
Dataset formatted.
Enabled reward functions: ['answer_correctness', 'format']
--- [Step 2/3] Initializing OrthusGRPOTrainer... ---
--- OrthusGRPOTrainer Initializing ---
Dataset '/data1/oujingfeng/project/twgi/datasets/mydatasets/modified_data.json' loaded successfully with 100 samples.
Dataset formatted.
Enabled reward functions: ['answer_correctness', 'format']
--- [Step 2/3] Initializing OrthusGRPOTrainer... ---
--- OrthusGRPOTrainer Initializing ---
Dataset '/data1/oujingfeng/project/twgi/datasets/mydatasets/modified_data.json' loaded successfully with 100 samples.
Dataset formatted.
Enabled reward functions: ['answer_correctness', 'format']
--- [Step 2/3] Initializing OrthusGRPOTrainer... ---
--- OrthusGRPOTrainer Initializing ---
Dataset '/data1/oujingfeng/project/twgi/datasets/mydatasets/modified_data.json' loaded successfully with 100 samples.
Dataset formatted.
Enabled reward functions: ['answer_correctness', 'format']
--- [Step 2/3] Initializing OrthusGRPOTrainer... ---
--- OrthusGRPOTrainer Initializing ---
Dataset '/data1/oujingfeng/project/twgi/datasets/mydatasets/modified_data.json' loaded successfully with 100 samples.
Dataset formatted.
Enabled reward functions: ['answer_correctness', 'format']
--- [Step 2/3] Initializing OrthusGRPOTrainer... ---
--- OrthusGRPOTrainer Initializing ---
Dataset '/data1/oujingfeng/project/twgi/datasets/mydatasets/modified_data.json' loaded successfully with 100 samples.
Dataset formatted.
Enabled reward functions: ['answer_correctness', 'format']
--- [Step 2/3] Initializing OrthusGRPOTrainer... ---
--- OrthusGRPOTrainer Initializing ---
Dataset '/data1/oujingfeng/project/twgi/datasets/mydatasets/modified_data.json' loaded successfully with 100 samples.
Dataset formatted.
Enabled reward functions: ['answer_correctness', 'format']
--- [Step 2/3] Initializing OrthusGRPOTrainer... ---
--- OrthusGRPOTrainer Initializing ---
Dataset '/data1/oujingfeng/project/twgi/datasets/mydatasets/modified_data.json' loaded successfully with 100 samples.
Dataset formatted.
Enabled reward functions: ['answer_correctness', 'format']
--- [Step 2/3] Initializing OrthusGRPOTrainer... ---
--- OrthusGRPOTrainer Initializing ---
`torch_dtype` is deprecated! Use `dtype` instead!
`torch_dtype` is deprecated! Use `dtype` instead!
`torch_dtype` is deprecated! Use `dtype` instead!
Loading checkpoint shards:   0%|          | 0/3 [00:00<?, ?it/s]Loading checkpoint shards:   0%|          | 0/3 [00:00<?, ?it/s]`torch_dtype` is deprecated! Use `dtype` instead!
`torch_dtype` is deprecated! Use `dtype` instead!
Loading checkpoint shards: 100%|██████████| 3/3 [00:00<00:00, 26.69it/s]Loading checkpoint shards: 100%|██████████| 3/3 [00:00<00:00, 26.64it/s]
Loading checkpoint shards: 100%|██████████| 3/3 [00:00<00:00, 26.72it/s]Loading checkpoint shards: 100%|██████████| 3/3 [00:00<00:00, 26.68it/s]
Freezing non-trainable parts of the model...
Freezing non-trainable parts of the model...
  - Froze policy model parameter: model.vqmodel.encoder.conv_in.weight
  - Froze policy model parameter: model.vqmodel.encoder.conv_in.bias
  - Froze policy model parameter: model.vqmodel.encoder.down.0.block.0.norm1.weight
  - Froze policy model parameter: model.vqmodel.encoder.down.0.block.0.norm1.bias
  - Froze policy model parameter: model.vqmodel.encoder.down.0.block.0.conv1.weight
  - Froze policy model parameter: model.vqmodel.encoder.down.0.block.0.conv1.bias
  - Froze policy model parameter: model.vqmodel.encoder.down.0.block.0.norm2.weight
  - Froze policy model parameter: model.vqmodel.encoder.down.0.block.0.norm2.bias
  - Froze policy model parameter: model.vqmodel.encoder.down.0.block.0.conv2.weight
  - Froze policy model parameter: model.vqmodel.encoder.down.0.block.0.conv2.bias
  - Froze policy model parameter: model.vqmodel.encoder.down.0.block.1.norm1.weight
  - Froze policy model parameter: model.vqmodel.encoder.down.0.block.1.norm1.bias
  - Froze policy model parameter: model.vqmodel.encoder.down.0.block.1.conv1.weight
  - Froze policy model parameter: model.vqmodel.encoder.down.0.block.1.conv1.bias
  - Froze policy model parameter: model.vqmodel.encoder.down.0.block.1.norm2.weight
  - Froze policy model parameter: model.vqmodel.encoder.down.0.block.1.norm2.bias
  - Froze policy model parameter: model.vqmodel.encoder.down.0.block.1.conv2.weight
  - Froze policy model parameter: model.vqmodel.encoder.down.0.block.1.conv2.bias
  - Froze policy model parameter: model.vqmodel.encoder.down.0.downsample.conv.weight
  - Froze policy model parameter: model.vqmodel.encoder.down.0.downsample.conv.bias
  - Froze policy model parameter: model.vqmodel.encoder.down.1.block.0.norm1.weight
  - Froze policy model parameter: model.vqmodel.encoder.down.1.block.0.norm1.bias
  - Froze policy model parameter: model.vqmodel.encoder.down.1.block.0.conv1.weight
  - Froze policy model parameter: model.vqmodel.encoder.down.1.block.0.conv1.bias
  - Froze policy model parameter: model.vqmodel.encoder.down.1.block.0.norm2.weight
  - Froze policy model parameter: model.vqmodel.encoder.down.1.block.0.norm2.bias
  - Froze policy model parameter: model.vqmodel.encoder.down.1.block.0.conv2.weight
  - Froze policy model parameter: model.vqmodel.encoder.down.1.block.0.conv2.bias
  - Froze policy model parameter: model.vqmodel.encoder.down.1.block.1.norm1.weight
  - Froze policy model parameter: model.vqmodel.encoder.down.1.block.1.norm1.bias
  - Froze policy model parameter: model.vqmodel.encoder.down.1.block.1.conv1.weight
  - Froze policy model parameter: model.vqmodel.encoder.down.1.block.1.conv1.bias
  - Froze policy model parameter: model.vqmodel.encoder.down.1.block.1.norm2.weight
  - Froze policy model parameter: model.vqmodel.encoder.down.1.block.1.norm2.bias
  - Froze policy model parameter: model.vqmodel.encoder.down.1.block.1.conv2.weight
  - Froze policy model parameter: model.vqmodel.encoder.down.1.block.1.conv2.bias
  - Froze policy model parameter: model.vqmodel.encoder.down.1.downsample.conv.weight
  - Froze policy model parameter: model.vqmodel.encoder.down.1.downsample.conv.bias
  - Froze policy model parameter: model.vqmodel.encoder.down.2.block.0.norm1.weight
  - Froze policy model parameter: model.vqmodel.encoder.down.2.block.0.norm1.bias
  - Froze policy model parameter: model.vqmodel.encoder.down.2.block.0.conv1.weight
  - Froze policy model parameter: model.vqmodel.encoder.down.2.block.0.conv1.bias
  - Froze policy model parameter: model.vqmodel.encoder.down.2.block.0.norm2.weight
  - Froze policy model parameter: model.vqmodel.encoder.down.2.block.0.norm2.bias
  - Froze policy model parameter: model.vqmodel.encoder.down.2.block.0.conv2.weight
  - Froze policy model parameter: model.vqmodel.encoder.down.2.block.0.conv2.bias
  - Froze policy model parameter: model.vqmodel.encoder.down.2.block.0.nin_shortcut.weight
  - Froze policy model parameter: model.vqmodel.encoder.down.2.block.0.nin_shortcut.bias
  - Froze policy model parameter: model.vqmodel.encoder.down.2.block.1.norm1.weight
  - Froze policy model parameter: model.vqmodel.encoder.down.2.block.1.norm1.bias
  - Froze policy model parameter: model.vqmodel.encoder.down.2.block.1.conv1.weight
  - Froze policy model parameter: model.vqmodel.encoder.down.2.block.1.conv1.bias
  - Froze policy model parameter: model.vqmodel.encoder.down.2.block.1.norm2.weight
  - Froze policy model parameter: model.vqmodel.encoder.down.2.block.1.norm2.bias
  - Froze policy model parameter: model.vqmodel.encoder.down.2.block.1.conv2.weight
  - Froze policy model parameter: model.vqmodel.encoder.down.2.block.1.conv2.bias  - Froze policy model parameter: model.vqmodel.encoder.conv_in.weight
  - Froze policy model parameter: model.vqmodel.encoder.down.2.downsample.conv.weight

  - Froze policy model parameter: model.vqmodel.encoder.down.2.downsample.conv.bias  - Froze policy model parameter: model.vqmodel.encoder.conv_in.bias

  - Froze policy model parameter: model.vqmodel.encoder.down.3.block.0.norm1.weight
  - Froze policy model parameter: model.vqmodel.encoder.down.3.block.0.norm1.bias
  - Froze policy model parameter: model.vqmodel.encoder.down.0.block.0.norm1.weight  - Froze policy model parameter: model.vqmodel.encoder.down.3.block.0.conv1.weight

  - Froze policy model parameter: model.vqmodel.encoder.down.3.block.0.conv1.bias
  - Froze policy model parameter: model.vqmodel.encoder.down.0.block.0.norm1.bias
  - Froze policy model parameter: model.vqmodel.encoder.down.3.block.0.norm2.weight
  - Froze policy model parameter: model.vqmodel.encoder.down.3.block.0.norm2.bias  - Froze policy model parameter: model.vqmodel.encoder.down.0.block.0.conv1.weight

  - Froze policy model parameter: model.vqmodel.encoder.down.3.block.0.conv2.weight
  - Froze policy model parameter: model.vqmodel.encoder.down.0.block.0.conv1.bias  - Froze policy model parameter: model.vqmodel.encoder.down.3.block.0.conv2.bias

  - Froze policy model parameter: model.vqmodel.encoder.down.3.block.1.norm1.weight
  - Froze policy model parameter: model.vqmodel.encoder.down.0.block.0.norm2.weight  - Froze policy model parameter: model.vqmodel.encoder.down.3.block.1.norm1.bias

  - Froze policy model parameter: model.vqmodel.encoder.down.3.block.1.conv1.weight  - Froze policy model parameter: model.vqmodel.encoder.down.0.block.0.norm2.bias

  - Froze policy model parameter: model.vqmodel.encoder.down.3.block.1.conv1.bias
  - Froze policy model parameter: model.vqmodel.encoder.down.3.block.1.norm2.weight
  - Froze policy model parameter: model.vqmodel.encoder.down.0.block.0.conv2.weight  - Froze policy model parameter: model.vqmodel.encoder.down.3.block.1.norm2.bias

  - Froze policy model parameter: model.vqmodel.encoder.down.3.block.1.conv2.weight  - Froze policy model parameter: model.vqmodel.encoder.down.0.block.0.conv2.bias

  - Froze policy model parameter: model.vqmodel.encoder.down.3.block.1.conv2.bias
  - Froze policy model parameter: model.vqmodel.encoder.down.0.block.1.norm1.weight  - Froze policy model parameter: model.vqmodel.encoder.down.3.downsample.conv.weight

  - Froze policy model parameter: model.vqmodel.encoder.down.3.downsample.conv.bias
  - Froze policy model parameter: model.vqmodel.encoder.down.0.block.1.norm1.bias
  - Froze policy model parameter: model.vqmodel.encoder.down.4.block.0.norm1.weight
  - Froze policy model parameter: model.vqmodel.encoder.down.0.block.1.conv1.weight  - Froze policy model parameter: model.vqmodel.encoder.down.4.block.0.norm1.bias

  - Froze policy model parameter: model.vqmodel.encoder.down.4.block.0.conv1.weight  - Froze policy model parameter: model.vqmodel.encoder.down.0.block.1.conv1.bias

  - Froze policy model parameter: model.vqmodel.encoder.down.4.block.0.conv1.bias
  - Froze policy model parameter: model.vqmodel.encoder.down.4.block.0.norm2.weight  - Froze policy model parameter: model.vqmodel.encoder.down.0.block.1.norm2.weight

  - Froze policy model parameter: model.vqmodel.encoder.down.4.block.0.norm2.bias
  - Froze policy model parameter: model.vqmodel.encoder.down.0.block.1.norm2.bias  - Froze policy model parameter: model.vqmodel.encoder.down.4.block.0.conv2.weight

  - Froze policy model parameter: model.vqmodel.encoder.down.4.block.0.conv2.bias
  - Froze policy model parameter: model.vqmodel.encoder.down.0.block.1.conv2.weight  - Froze policy model parameter: model.vqmodel.encoder.down.4.block.0.nin_shortcut.weight

  - Froze policy model parameter: model.vqmodel.encoder.down.0.block.1.conv2.bias  - Froze policy model parameter: model.vqmodel.encoder.down.4.block.0.nin_shortcut.bias

  - Froze policy model parameter: model.vqmodel.encoder.down.4.block.1.norm1.weight
  - Froze policy model parameter: model.vqmodel.encoder.down.4.block.1.norm1.bias  - Froze policy model parameter: model.vqmodel.encoder.down.0.downsample.conv.weight

  - Froze policy model parameter: model.vqmodel.encoder.down.4.block.1.conv1.weight
  - Froze policy model parameter: model.vqmodel.encoder.down.0.downsample.conv.bias  - Froze policy model parameter: model.vqmodel.encoder.down.4.block.1.conv1.bias

  - Froze policy model parameter: model.vqmodel.encoder.down.4.block.1.norm2.weight
  - Froze policy model parameter: model.vqmodel.encoder.down.4.block.1.norm2.bias  - Froze policy model parameter: model.vqmodel.encoder.down.1.block.0.norm1.weight

  - Froze policy model parameter: model.vqmodel.encoder.down.4.block.1.conv2.weight
  - Froze policy model parameter: model.vqmodel.encoder.down.1.block.0.norm1.bias  - Froze policy model parameter: model.vqmodel.encoder.down.4.block.1.conv2.bias

  - Froze policy model parameter: model.vqmodel.encoder.down.1.block.0.conv1.weight  - Froze policy model parameter: model.vqmodel.encoder.mid.block_1.norm1.weight

  - Froze policy model parameter: model.vqmodel.encoder.mid.block_1.norm1.bias  - Froze policy model parameter: model.vqmodel.encoder.down.1.block.0.conv1.bias

  - Froze policy model parameter: model.vqmodel.encoder.mid.block_1.conv1.weight
  - Froze policy model parameter: model.vqmodel.encoder.down.1.block.0.norm2.weight  - Froze policy model parameter: model.vqmodel.encoder.mid.block_1.conv1.bias

  - Froze policy model parameter: model.vqmodel.encoder.mid.block_1.norm2.weight  - Froze policy model parameter: model.vqmodel.encoder.down.1.block.0.norm2.bias

  - Froze policy model parameter: model.vqmodel.encoder.mid.block_1.norm2.bias
  - Froze policy model parameter: model.vqmodel.encoder.mid.block_1.conv2.weight  - Froze policy model parameter: model.vqmodel.encoder.down.1.block.0.conv2.weight

  - Froze policy model parameter: model.vqmodel.encoder.mid.block_1.conv2.bias
  - Froze policy model parameter: model.vqmodel.encoder.down.1.block.0.conv2.bias
  - Froze policy model parameter: model.vqmodel.encoder.mid.attn_1.norm.weight
  - Froze policy model parameter: model.vqmodel.encoder.mid.attn_1.norm.bias
  - Froze policy model parameter: model.vqmodel.encoder.down.1.block.1.norm1.weight
  - Froze policy model parameter: model.vqmodel.encoder.mid.attn_1.q.weight
  - Froze policy model parameter: model.vqmodel.encoder.down.1.block.1.norm1.bias  - Froze policy model parameter: model.vqmodel.encoder.mid.attn_1.q.bias

  - Froze policy model parameter: model.vqmodel.encoder.mid.attn_1.k.weight
  - Froze policy model parameter: model.vqmodel.encoder.down.1.block.1.conv1.weight  - Froze policy model parameter: model.vqmodel.encoder.mid.attn_1.k.bias

  - Froze policy model parameter: model.vqmodel.encoder.mid.attn_1.v.weight  - Froze policy model parameter: model.vqmodel.encoder.down.1.block.1.conv1.bias

  - Froze policy model parameter: model.vqmodel.encoder.mid.attn_1.v.bias
  - Froze policy model parameter: model.vqmodel.encoder.mid.attn_1.proj_out.weight  - Froze policy model parameter: model.vqmodel.encoder.down.1.block.1.norm2.weight

  - Froze policy model parameter: model.vqmodel.encoder.mid.attn_1.proj_out.bias
  - Froze policy model parameter: model.vqmodel.encoder.down.1.block.1.norm2.bias
  - Froze policy model parameter: model.vqmodel.encoder.mid.block_2.norm1.weight
  - Froze policy model parameter: model.vqmodel.encoder.mid.block_2.norm1.bias  - Froze policy model parameter: model.vqmodel.encoder.down.1.block.1.conv2.weight

  - Froze policy model parameter: model.vqmodel.encoder.mid.block_2.conv1.weight
  - Froze policy model parameter: model.vqmodel.encoder.down.1.block.1.conv2.bias  - Froze policy model parameter: model.vqmodel.encoder.mid.block_2.conv1.bias

  - Froze policy model parameter: model.vqmodel.encoder.mid.block_2.norm2.weight
  - Froze policy model parameter: model.vqmodel.encoder.down.1.downsample.conv.weight  - Froze policy model parameter: model.vqmodel.encoder.mid.block_2.norm2.bias

  - Froze policy model parameter: model.vqmodel.encoder.mid.block_2.conv2.weight  - Froze policy model parameter: model.vqmodel.encoder.down.1.downsample.conv.bias

  - Froze policy model parameter: model.vqmodel.encoder.mid.block_2.conv2.bias
  - Froze policy model parameter: model.vqmodel.encoder.norm_out.weight
  - Froze policy model parameter: model.vqmodel.encoder.down.2.block.0.norm1.weight  - Froze policy model parameter: model.vqmodel.encoder.norm_out.bias

  - Froze policy model parameter: model.vqmodel.encoder.conv_out.weight  - Froze policy model parameter: model.vqmodel.encoder.down.2.block.0.norm1.bias

  - Froze policy model parameter: model.vqmodel.encoder.conv_out.bias
  - Froze policy model parameter: model.vqmodel.encoder.down.2.block.0.conv1.weight  - Froze policy model parameter: model.vqmodel.decoder.conv_in.weight

  - Froze policy model parameter: model.vqmodel.decoder.conv_in.bias  - Froze policy model parameter: model.vqmodel.encoder.down.2.block.0.conv1.bias

  - Froze policy model parameter: model.vqmodel.decoder.mid.block_1.norm1.weight
  - Froze policy model parameter: model.vqmodel.encoder.down.2.block.0.norm2.weight  - Froze policy model parameter: model.vqmodel.decoder.mid.block_1.norm1.bias

  - Froze policy model parameter: model.vqmodel.decoder.mid.block_1.conv1.weight  - Froze policy model parameter: model.vqmodel.encoder.down.2.block.0.norm2.bias

  - Froze policy model parameter: model.vqmodel.decoder.mid.block_1.conv1.bias
  - Froze policy model parameter: model.vqmodel.encoder.down.2.block.0.conv2.weight  - Froze policy model parameter: model.vqmodel.decoder.mid.block_1.norm2.weight

  - Froze policy model parameter: model.vqmodel.decoder.mid.block_1.norm2.bias
  - Froze policy model parameter: model.vqmodel.encoder.down.2.block.0.conv2.bias
  - Froze policy model parameter: model.vqmodel.decoder.mid.block_1.conv2.weight
  - Froze policy model parameter: model.vqmodel.decoder.mid.block_1.conv2.bias  - Froze policy model parameter: model.vqmodel.encoder.down.2.block.0.nin_shortcut.weight

  - Froze policy model parameter: model.vqmodel.decoder.mid.attn_1.norm.weight  - Froze policy model parameter: model.vqmodel.encoder.down.2.block.0.nin_shortcut.bias

  - Froze policy model parameter: model.vqmodel.decoder.mid.attn_1.norm.bias
  - Froze policy model parameter: model.vqmodel.decoder.mid.attn_1.q.weight  - Froze policy model parameter: model.vqmodel.encoder.down.2.block.1.norm1.weight

  - Froze policy model parameter: model.vqmodel.decoder.mid.attn_1.q.bias
  - Froze policy model parameter: model.vqmodel.encoder.down.2.block.1.norm1.bias  - Froze policy model parameter: model.vqmodel.decoder.mid.attn_1.k.weight

  - Froze policy model parameter: model.vqmodel.decoder.mid.attn_1.k.bias
  - Froze policy model parameter: model.vqmodel.encoder.down.2.block.1.conv1.weight
  - Froze policy model parameter: model.vqmodel.decoder.mid.attn_1.v.weight
  - Froze policy model parameter: model.vqmodel.encoder.down.2.block.1.conv1.bias  - Froze policy model parameter: model.vqmodel.decoder.mid.attn_1.v.bias

  - Froze policy model parameter: model.vqmodel.decoder.mid.attn_1.proj_out.weight
  - Froze policy model parameter: model.vqmodel.encoder.down.2.block.1.norm2.weight  - Froze policy model parameter: model.vqmodel.decoder.mid.attn_1.proj_out.bias

  - Froze policy model parameter: model.vqmodel.encoder.down.2.block.1.norm2.bias  - Froze policy model parameter: model.vqmodel.decoder.mid.block_2.norm1.weight

  - Froze policy model parameter: model.vqmodel.decoder.mid.block_2.norm1.bias
  - Froze policy model parameter: model.vqmodel.encoder.down.2.block.1.conv2.weight  - Froze policy model parameter: model.vqmodel.decoder.mid.block_2.conv1.weight

  - Froze policy model parameter: model.vqmodel.decoder.mid.block_2.conv1.bias  - Froze policy model parameter: model.vqmodel.encoder.down.2.block.1.conv2.bias

  - Froze policy model parameter: model.vqmodel.decoder.mid.block_2.norm2.weight
  - Froze policy model parameter: model.vqmodel.decoder.mid.block_2.norm2.bias
  - Froze policy model parameter: model.vqmodel.encoder.down.2.downsample.conv.weight
  - Froze policy model parameter: model.vqmodel.decoder.mid.block_2.conv2.weight
  - Froze policy model parameter: model.vqmodel.encoder.down.2.downsample.conv.bias  - Froze policy model parameter: model.vqmodel.decoder.mid.block_2.conv2.bias

  - Froze policy model parameter: model.vqmodel.decoder.up.0.block.0.norm1.weight  - Froze policy model parameter: model.vqmodel.encoder.down.3.block.0.norm1.weight

  - Froze policy model parameter: model.vqmodel.decoder.up.0.block.0.norm1.bias
  - Froze policy model parameter: model.vqmodel.encoder.down.3.block.0.norm1.bias  - Froze policy model parameter: model.vqmodel.decoder.up.0.block.0.conv1.weight

  - Froze policy model parameter: model.vqmodel.decoder.up.0.block.0.conv1.bias
  - Froze policy model parameter: model.vqmodel.encoder.down.3.block.0.conv1.weight  - Froze policy model parameter: model.vqmodel.decoder.up.0.block.0.norm2.weight

  - Froze policy model parameter: model.vqmodel.decoder.up.0.block.0.norm2.bias  - Froze policy model parameter: model.vqmodel.encoder.down.3.block.0.conv1.bias

  - Froze policy model parameter: model.vqmodel.decoder.up.0.block.0.conv2.weight
  - Froze policy model parameter: model.vqmodel.encoder.down.3.block.0.norm2.weight  - Froze policy model parameter: model.vqmodel.decoder.up.0.block.0.conv2.bias

  - Froze policy model parameter: model.vqmodel.encoder.down.3.block.0.norm2.bias  - Froze policy model parameter: model.vqmodel.decoder.up.0.block.1.norm1.weight

  - Froze policy model parameter: model.vqmodel.decoder.up.0.block.1.norm1.bias
  - Froze policy model parameter: model.vqmodel.encoder.down.3.block.0.conv2.weight  - Froze policy model parameter: model.vqmodel.decoder.up.0.block.1.conv1.weight

  - Froze policy model parameter: model.vqmodel.decoder.up.0.block.1.conv1.bias  - Froze policy model parameter: model.vqmodel.encoder.down.3.block.0.conv2.bias

  - Froze policy model parameter: model.vqmodel.decoder.up.0.block.1.norm2.weight
  - Froze policy model parameter: model.vqmodel.decoder.up.0.block.1.norm2.bias  - Froze policy model parameter: model.vqmodel.encoder.down.3.block.1.norm1.weight

  - Froze policy model parameter: model.vqmodel.decoder.up.0.block.1.conv2.weight
  - Froze policy model parameter: model.vqmodel.encoder.down.3.block.1.norm1.bias  - Froze policy model parameter: model.vqmodel.decoder.up.0.block.1.conv2.bias

  - Froze policy model parameter: model.vqmodel.encoder.down.3.block.1.conv1.weight  - Froze policy model parameter: model.vqmodel.decoder.up.0.block.2.norm1.weight

  - Froze policy model parameter: model.vqmodel.decoder.up.0.block.2.norm1.bias
  - Froze policy model parameter: model.vqmodel.encoder.down.3.block.1.conv1.bias  - Froze policy model parameter: model.vqmodel.decoder.up.0.block.2.conv1.weight

  - Froze policy model parameter: model.vqmodel.decoder.up.0.block.2.conv1.bias  - Froze policy model parameter: model.vqmodel.encoder.down.3.block.1.norm2.weight

  - Froze policy model parameter: model.vqmodel.decoder.up.0.block.2.norm2.weight
  - Froze policy model parameter: model.vqmodel.encoder.down.3.block.1.norm2.bias  - Froze policy model parameter: model.vqmodel.decoder.up.0.block.2.norm2.bias

  - Froze policy model parameter: model.vqmodel.decoder.up.0.block.2.conv2.weight  - Froze policy model parameter: model.vqmodel.encoder.down.3.block.1.conv2.weight

  - Froze policy model parameter: model.vqmodel.decoder.up.0.block.2.conv2.bias
  - Froze policy model parameter: model.vqmodel.encoder.down.3.block.1.conv2.bias
  - Froze policy model parameter: model.vqmodel.decoder.up.1.block.0.norm1.weight
  - Froze policy model parameter: model.vqmodel.decoder.up.1.block.0.norm1.bias
  - Froze policy model parameter: model.vqmodel.encoder.down.3.downsample.conv.weight
  - Froze policy model parameter: model.vqmodel.decoder.up.1.block.0.conv1.weight
  - Froze policy model parameter: model.vqmodel.encoder.down.3.downsample.conv.bias  - Froze policy model parameter: model.vqmodel.decoder.up.1.block.0.conv1.bias

  - Froze policy model parameter: model.vqmodel.decoder.up.1.block.0.norm2.weight
  - Froze policy model parameter: model.vqmodel.decoder.up.1.block.0.norm2.bias  - Froze policy model parameter: model.vqmodel.encoder.down.4.block.0.norm1.weight

  - Froze policy model parameter: model.vqmodel.decoder.up.1.block.0.conv2.weight
  - Froze policy model parameter: model.vqmodel.encoder.down.4.block.0.norm1.bias  - Froze policy model parameter: model.vqmodel.decoder.up.1.block.0.conv2.bias

  - Froze policy model parameter: model.vqmodel.decoder.up.1.block.0.nin_shortcut.weight  - Froze policy model parameter: model.vqmodel.encoder.down.4.block.0.conv1.weight

  - Froze policy model parameter: model.vqmodel.decoder.up.1.block.0.nin_shortcut.bias
  - Froze policy model parameter: model.vqmodel.encoder.down.4.block.0.conv1.bias  - Froze policy model parameter: model.vqmodel.decoder.up.1.block.1.norm1.weight

  - Froze policy model parameter: model.vqmodel.decoder.up.1.block.1.norm1.bias
  - Froze policy model parameter: model.vqmodel.encoder.down.4.block.0.norm2.weight
  - Froze policy model parameter: model.vqmodel.decoder.up.1.block.1.conv1.weight
  - Froze policy model parameter: model.vqmodel.encoder.down.4.block.0.norm2.bias  - Froze policy model parameter: model.vqmodel.decoder.up.1.block.1.conv1.bias

  - Froze policy model parameter: model.vqmodel.decoder.up.1.block.1.norm2.weight
  - Froze policy model parameter: model.vqmodel.encoder.down.4.block.0.conv2.weight  - Froze policy model parameter: model.vqmodel.decoder.up.1.block.1.norm2.bias

  - Froze policy model parameter: model.vqmodel.decoder.up.1.block.1.conv2.weight  - Froze policy model parameter: model.vqmodel.encoder.down.4.block.0.conv2.bias

  - Froze policy model parameter: model.vqmodel.decoder.up.1.block.1.conv2.bias
  - Froze policy model parameter: model.vqmodel.encoder.down.4.block.0.nin_shortcut.weight  - Froze policy model parameter: model.vqmodel.decoder.up.1.block.2.norm1.weight

  - Froze policy model parameter: model.vqmodel.decoder.up.1.block.2.norm1.bias  - Froze policy model parameter: model.vqmodel.encoder.down.4.block.0.nin_shortcut.bias

  - Froze policy model parameter: model.vqmodel.decoder.up.1.block.2.conv1.weight
  - Froze policy model parameter: model.vqmodel.encoder.down.4.block.1.norm1.weight  - Froze policy model parameter: model.vqmodel.decoder.up.1.block.2.conv1.bias

  - Froze policy model parameter: model.vqmodel.decoder.up.1.block.2.norm2.weight  - Froze policy model parameter: model.vqmodel.encoder.down.4.block.1.norm1.bias

  - Froze policy model parameter: model.vqmodel.decoder.up.1.block.2.norm2.bias
  - Froze policy model parameter: model.vqmodel.encoder.down.4.block.1.conv1.weight  - Froze policy model parameter: model.vqmodel.decoder.up.1.block.2.conv2.weight

  - Froze policy model parameter: model.vqmodel.decoder.up.1.block.2.conv2.bias  - Froze policy model parameter: model.vqmodel.encoder.down.4.block.1.conv1.bias

  - Froze policy model parameter: model.vqmodel.decoder.up.1.upsample.conv.weight
  - Froze policy model parameter: model.vqmodel.encoder.down.4.block.1.norm2.weight  - Froze policy model parameter: model.vqmodel.decoder.up.1.upsample.conv.bias

  - Froze policy model parameter: model.vqmodel.encoder.down.4.block.1.norm2.bias
  - Froze policy model parameter: model.vqmodel.decoder.up.2.block.0.norm1.weight
  - Froze policy model parameter: model.vqmodel.decoder.up.2.block.0.norm1.bias  - Froze policy model parameter: model.vqmodel.encoder.down.4.block.1.conv2.weight

  - Froze policy model parameter: model.vqmodel.decoder.up.2.block.0.conv1.weight
  - Froze policy model parameter: model.vqmodel.encoder.down.4.block.1.conv2.bias  - Froze policy model parameter: model.vqmodel.decoder.up.2.block.0.conv1.bias

  - Froze policy model parameter: model.vqmodel.decoder.up.2.block.0.norm2.weight
  - Froze policy model parameter: model.vqmodel.encoder.mid.block_1.norm1.weight  - Froze policy model parameter: model.vqmodel.decoder.up.2.block.0.norm2.bias

  - Froze policy model parameter: model.vqmodel.decoder.up.2.block.0.conv2.weight  - Froze policy model parameter: model.vqmodel.encoder.mid.block_1.norm1.bias

  - Froze policy model parameter: model.vqmodel.decoder.up.2.block.0.conv2.bias
  - Froze policy model parameter: model.vqmodel.encoder.mid.block_1.conv1.weight  - Froze policy model parameter: model.vqmodel.decoder.up.2.block.1.norm1.weight

  - Froze policy model parameter: model.vqmodel.decoder.up.2.block.1.norm1.bias
  - Froze policy model parameter: model.vqmodel.encoder.mid.block_1.conv1.bias
  - Froze policy model parameter: model.vqmodel.decoder.up.2.block.1.conv1.weight
  - Froze policy model parameter: model.vqmodel.decoder.up.2.block.1.conv1.bias  - Froze policy model parameter: model.vqmodel.encoder.mid.block_1.norm2.weight

  - Froze policy model parameter: model.vqmodel.decoder.up.2.block.1.norm2.weight
  - Froze policy model parameter: model.vqmodel.encoder.mid.block_1.norm2.bias  - Froze policy model parameter: model.vqmodel.decoder.up.2.block.1.norm2.bias

  - Froze policy model parameter: model.vqmodel.decoder.up.2.block.1.conv2.weight  - Froze policy model parameter: model.vqmodel.encoder.mid.block_1.conv2.weight

  - Froze policy model parameter: model.vqmodel.decoder.up.2.block.1.conv2.bias
  - Froze policy model parameter: model.vqmodel.encoder.mid.block_1.conv2.bias  - Froze policy model parameter: model.vqmodel.decoder.up.2.block.2.norm1.weight

  - Froze policy model parameter: model.vqmodel.decoder.up.2.block.2.norm1.bias
  - Froze policy model parameter: model.vqmodel.encoder.mid.attn_1.norm.weight  - Froze policy model parameter: model.vqmodel.decoder.up.2.block.2.conv1.weight

  - Froze policy model parameter: model.vqmodel.encoder.mid.attn_1.norm.bias  - Froze policy model parameter: model.vqmodel.decoder.up.2.block.2.conv1.bias

  - Froze policy model parameter: model.vqmodel.decoder.up.2.block.2.norm2.weight
  - Froze policy model parameter: model.vqmodel.encoder.mid.attn_1.q.weight  - Froze policy model parameter: model.vqmodel.decoder.up.2.block.2.norm2.bias

  - Froze policy model parameter: model.vqmodel.encoder.mid.attn_1.q.bias  - Froze policy model parameter: model.vqmodel.decoder.up.2.block.2.conv2.weight

  - Froze policy model parameter: model.vqmodel.decoder.up.2.block.2.conv2.bias
  - Froze policy model parameter: model.vqmodel.encoder.mid.attn_1.k.weight
  - Froze policy model parameter: model.vqmodel.decoder.up.2.upsample.conv.weight
  - Froze policy model parameter: model.vqmodel.encoder.mid.attn_1.k.bias  - Froze policy model parameter: model.vqmodel.decoder.up.2.upsample.conv.bias

  - Froze policy model parameter: model.vqmodel.encoder.mid.attn_1.v.weight  - Froze policy model parameter: model.vqmodel.decoder.up.3.block.0.norm1.weight

  - Froze policy model parameter: model.vqmodel.decoder.up.3.block.0.norm1.bias  - Froze policy model parameter: model.vqmodel.encoder.mid.attn_1.v.bias

  - Froze policy model parameter: model.vqmodel.decoder.up.3.block.0.conv1.weight
  - Froze policy model parameter: model.vqmodel.encoder.mid.attn_1.proj_out.weight  - Froze policy model parameter: model.vqmodel.decoder.up.3.block.0.conv1.bias

  - Froze policy model parameter: model.vqmodel.decoder.up.3.block.0.norm2.weight  - Froze policy model parameter: model.vqmodel.encoder.mid.attn_1.proj_out.bias

  - Froze policy model parameter: model.vqmodel.decoder.up.3.block.0.norm2.bias
  - Froze policy model parameter: model.vqmodel.decoder.up.3.block.0.conv2.weight  - Froze policy model parameter: model.vqmodel.encoder.mid.block_2.norm1.weight

  - Froze policy model parameter: model.vqmodel.decoder.up.3.block.0.conv2.bias
  - Froze policy model parameter: model.vqmodel.encoder.mid.block_2.norm1.bias  - Froze policy model parameter: model.vqmodel.decoder.up.3.block.0.nin_shortcut.weight

  - Froze policy model parameter: model.vqmodel.decoder.up.3.block.0.nin_shortcut.bias  - Froze policy model parameter: model.vqmodel.encoder.mid.block_2.conv1.weight

  - Froze policy model parameter: model.vqmodel.decoder.up.3.block.1.norm1.weight
  - Froze policy model parameter: model.vqmodel.encoder.mid.block_2.conv1.bias  - Froze policy model parameter: model.vqmodel.decoder.up.3.block.1.norm1.bias

  - Froze policy model parameter: model.vqmodel.decoder.up.3.block.1.conv1.weight  - Froze policy model parameter: model.vqmodel.encoder.mid.block_2.norm2.weight

  - Froze policy model parameter: model.vqmodel.decoder.up.3.block.1.conv1.bias
  - Froze policy model parameter: model.vqmodel.encoder.mid.block_2.norm2.bias  - Froze policy model parameter: model.vqmodel.decoder.up.3.block.1.norm2.weight

  - Froze policy model parameter: model.vqmodel.decoder.up.3.block.1.norm2.bias
  - Froze policy model parameter: model.vqmodel.encoder.mid.block_2.conv2.weight
  - Froze policy model parameter: model.vqmodel.decoder.up.3.block.1.conv2.weight
  - Froze policy model parameter: model.vqmodel.encoder.mid.block_2.conv2.bias  - Froze policy model parameter: model.vqmodel.decoder.up.3.block.1.conv2.bias

  - Froze policy model parameter: model.vqmodel.decoder.up.3.block.2.norm1.weight  - Froze policy model parameter: model.vqmodel.encoder.norm_out.weight
  - Froze policy model parameter: model.vqmodel.decoder.up.3.block.2.norm1.bias

  - Froze policy model parameter: model.vqmodel.encoder.norm_out.bias  - Froze policy model parameter: model.vqmodel.decoder.up.3.block.2.conv1.weight

  - Froze policy model parameter: model.vqmodel.decoder.up.3.block.2.conv1.bias
  - Froze policy model parameter: model.vqmodel.encoder.conv_out.weight  - Froze policy model parameter: model.vqmodel.decoder.up.3.block.2.norm2.weight

  - Froze policy model parameter: model.vqmodel.decoder.up.3.block.2.norm2.bias  - Froze policy model parameter: model.vqmodel.encoder.conv_out.bias

  - Froze policy model parameter: model.vqmodel.decoder.up.3.block.2.conv2.weight
  - Froze policy model parameter: model.vqmodel.decoder.conv_in.weight  - Froze policy model parameter: model.vqmodel.decoder.up.3.block.2.conv2.bias

  - Froze policy model parameter: model.vqmodel.decoder.conv_in.bias  - Froze policy model parameter: model.vqmodel.decoder.up.3.upsample.conv.weight

  - Froze policy model parameter: model.vqmodel.decoder.up.3.upsample.conv.bias
  - Froze policy model parameter: model.vqmodel.decoder.mid.block_1.norm1.weight
  - Froze policy model parameter: model.vqmodel.decoder.up.4.block.0.norm1.weight
  - Froze policy model parameter: model.vqmodel.decoder.mid.block_1.norm1.bias  - Froze policy model parameter: model.vqmodel.decoder.up.4.block.0.norm1.bias

  - Froze policy model parameter: model.vqmodel.decoder.up.4.block.0.conv1.weight
  - Froze policy model parameter: model.vqmodel.decoder.mid.block_1.conv1.weight  - Froze policy model parameter: model.vqmodel.decoder.up.4.block.0.conv1.bias

  - Froze policy model parameter: model.vqmodel.decoder.up.4.block.0.norm2.weight  - Froze policy model parameter: model.vqmodel.decoder.mid.block_1.conv1.bias

  - Froze policy model parameter: model.vqmodel.decoder.up.4.block.0.norm2.bias
  - Froze policy model parameter: model.vqmodel.decoder.mid.block_1.norm2.weight  - Froze policy model parameter: model.vqmodel.decoder.up.4.block.0.conv2.weight

  - Froze policy model parameter: model.vqmodel.decoder.up.4.block.0.conv2.bias  - Froze policy model parameter: model.vqmodel.decoder.mid.block_1.norm2.bias

  - Froze policy model parameter: model.vqmodel.decoder.up.4.block.1.norm1.weight
  - Froze policy model parameter: model.vqmodel.decoder.up.4.block.1.norm1.bias  - Froze policy model parameter: model.vqmodel.decoder.mid.block_1.conv2.weight

  - Froze policy model parameter: model.vqmodel.decoder.up.4.block.1.conv1.weight
  - Froze policy model parameter: model.vqmodel.decoder.mid.block_1.conv2.bias  - Froze policy model parameter: model.vqmodel.decoder.up.4.block.1.conv1.bias

  - Froze policy model parameter: model.vqmodel.decoder.up.4.block.1.norm2.weight
  - Froze policy model parameter: model.vqmodel.decoder.mid.attn_1.norm.weight  - Froze policy model parameter: model.vqmodel.decoder.up.4.block.1.norm2.bias

  - Froze policy model parameter: model.vqmodel.decoder.mid.attn_1.norm.bias  - Froze policy model parameter: model.vqmodel.decoder.up.4.block.1.conv2.weight

  - Froze policy model parameter: model.vqmodel.decoder.up.4.block.1.conv2.bias
  - Froze policy model parameter: model.vqmodel.decoder.mid.attn_1.q.weight  - Froze policy model parameter: model.vqmodel.decoder.up.4.block.2.norm1.weight

  - Froze policy model parameter: model.vqmodel.decoder.up.4.block.2.norm1.bias  - Froze policy model parameter: model.vqmodel.decoder.mid.attn_1.q.bias

  - Froze policy model parameter: model.vqmodel.decoder.up.4.block.2.conv1.weight
  - Froze policy model parameter: model.vqmodel.decoder.up.4.block.2.conv1.bias  - Froze policy model parameter: model.vqmodel.decoder.mid.attn_1.k.weight

  - Froze policy model parameter: model.vqmodel.decoder.up.4.block.2.norm2.weight
  - Froze policy model parameter: model.vqmodel.decoder.mid.attn_1.k.bias  - Froze policy model parameter: model.vqmodel.decoder.up.4.block.2.norm2.bias

  - Froze policy model parameter: model.vqmodel.decoder.up.4.block.2.conv2.weight  - Froze policy model parameter: model.vqmodel.decoder.mid.attn_1.v.weight

  - Froze policy model parameter: model.vqmodel.decoder.up.4.block.2.conv2.bias
  - Froze policy model parameter: model.vqmodel.decoder.mid.attn_1.v.bias
  - Froze policy model parameter: model.vqmodel.decoder.up.4.upsample.conv.weight
  - Froze policy model parameter: model.vqmodel.decoder.up.4.upsample.conv.bias  - Froze policy model parameter: model.vqmodel.decoder.mid.attn_1.proj_out.weight

  - Froze policy model parameter: model.vqmodel.decoder.norm_out.weight  - Froze policy model parameter: model.vqmodel.decoder.mid.attn_1.proj_out.bias

  - Froze policy model parameter: model.vqmodel.decoder.norm_out.bias
  - Froze policy model parameter: model.vqmodel.decoder.conv_out.weight  - Froze policy model parameter: model.vqmodel.decoder.mid.block_2.norm1.weight

  - Froze policy model parameter: model.vqmodel.decoder.conv_out.bias
  - Froze policy model parameter: model.vqmodel.decoder.mid.block_2.norm1.bias
  - Froze policy model parameter: model.vqmodel.quantize.embedding.weight
  - Froze policy model parameter: model.vqmodel.decoder.mid.block_2.conv1.weight  - Froze policy model parameter: model.vqmodel.quant_conv.weight

  - Froze policy model parameter: model.vqmodel.quant_conv.bias
  - Froze policy model parameter: model.vqmodel.decoder.mid.block_2.conv1.bias  - Froze policy model parameter: model.vqmodel.post_quant_conv.weight

  - Froze policy model parameter: model.vqmodel.post_quant_conv.bias
  - Froze policy model parameter: model.vqmodel.decoder.mid.block_2.norm2.weight
  - Froze policy model parameter: model.vqmodel.decoder.mid.block_2.norm2.bias  - Froze policy model parameter: mlp_head.time_embed.mlp.0.weight

  - Froze policy model parameter: mlp_head.time_embed.mlp.0.bias
  - Froze policy model parameter: model.vqmodel.decoder.mid.block_2.conv2.weight  - Froze policy model parameter: mlp_head.time_embed.mlp.2.weight

  - Froze policy model parameter: model.vqmodel.decoder.mid.block_2.conv2.bias  - Froze policy model parameter: mlp_head.time_embed.mlp.2.bias

  - Froze policy model parameter: mlp_head.cond_embed.weight
  - Froze policy model parameter: mlp_head.cond_embed.bias
  - Froze policy model parameter: model.vqmodel.decoder.up.0.block.0.norm1.weight  - Froze policy model parameter: mlp_head.input_proj.weight

  - Froze policy model parameter: mlp_head.input_proj.bias  - Froze policy model parameter: model.vqmodel.decoder.up.0.block.0.norm1.bias

  - Froze policy model parameter: mlp_head.res_blocks.0.in_ln.weight  - Froze policy model parameter: model.vqmodel.decoder.up.0.block.0.conv1.weight

  - Froze policy model parameter: mlp_head.res_blocks.0.in_ln.bias
  - Froze policy model parameter: model.vqmodel.decoder.up.0.block.0.conv1.bias  - Froze policy model parameter: mlp_head.res_blocks.0.mlp.0.weight

  - Froze policy model parameter: mlp_head.res_blocks.0.mlp.0.bias  - Froze policy model parameter: model.vqmodel.decoder.up.0.block.0.norm2.weight

  - Froze policy model parameter: mlp_head.res_blocks.0.mlp.2.weight  - Froze policy model parameter: model.vqmodel.decoder.up.0.block.0.norm2.bias
  - Froze policy model parameter: mlp_head.res_blocks.0.mlp.2.bias

  - Froze policy model parameter: model.vqmodel.decoder.up.0.block.0.conv2.weight  - Froze policy model parameter: mlp_head.res_blocks.0.adaLN_modulation.1.weight

  - Froze policy model parameter: mlp_head.res_blocks.0.adaLN_modulation.1.bias
  - Froze policy model parameter: model.vqmodel.decoder.up.0.block.0.conv2.bias
  - Froze policy model parameter: mlp_head.res_blocks.1.in_ln.weight
  - Froze policy model parameter: mlp_head.res_blocks.1.in_ln.bias  - Froze policy model parameter: model.vqmodel.decoder.up.0.block.1.norm1.weight

  - Froze policy model parameter: mlp_head.res_blocks.1.mlp.0.weight  - Froze policy model parameter: model.vqmodel.decoder.up.0.block.1.norm1.bias
  - Froze policy model parameter: mlp_head.res_blocks.1.mlp.0.bias

  - Froze policy model parameter: model.vqmodel.decoder.up.0.block.1.conv1.weight  - Froze policy model parameter: mlp_head.res_blocks.1.mlp.2.weight

  - Froze policy model parameter: mlp_head.res_blocks.1.mlp.2.bias  - Froze policy model parameter: model.vqmodel.decoder.up.0.block.1.conv1.bias

  - Froze policy model parameter: mlp_head.res_blocks.1.adaLN_modulation.1.weight
  - Froze policy model parameter: model.vqmodel.decoder.up.0.block.1.norm2.weight  - Froze policy model parameter: mlp_head.res_blocks.1.adaLN_modulation.1.bias

  - Froze policy model parameter: model.vqmodel.decoder.up.0.block.1.norm2.bias  - Froze policy model parameter: mlp_head.res_blocks.2.in_ln.weight

  - Froze policy model parameter: mlp_head.res_blocks.2.in_ln.bias
  - Froze policy model parameter: model.vqmodel.decoder.up.0.block.1.conv2.weight  - Froze policy model parameter: mlp_head.res_blocks.2.mlp.0.weight

  - Froze policy model parameter: mlp_head.res_blocks.2.mlp.0.bias  - Froze policy model parameter: model.vqmodel.decoder.up.0.block.1.conv2.bias

  - Froze policy model parameter: mlp_head.res_blocks.2.mlp.2.weight
  - Froze policy model parameter: model.vqmodel.decoder.up.0.block.2.norm1.weight  - Froze policy model parameter: mlp_head.res_blocks.2.mlp.2.bias

  - Froze policy model parameter: model.vqmodel.decoder.up.0.block.2.norm1.bias  - Froze policy model parameter: mlp_head.res_blocks.2.adaLN_modulation.1.weight

  - Froze policy model parameter: mlp_head.res_blocks.2.adaLN_modulation.1.bias
  - Froze policy model parameter: model.vqmodel.decoder.up.0.block.2.conv1.weight
  - Froze policy model parameter: mlp_head.final_layer.linear.weight
  - Froze policy model parameter: model.vqmodel.decoder.up.0.block.2.conv1.bias  - Froze policy model parameter: mlp_head.final_layer.linear.bias

  - Froze policy model parameter: model.vqmodel.decoder.up.0.block.2.norm2.weight  - Froze policy model parameter: mlp_head.final_layer.adaLN_modulation.1.weight

  - Froze policy model parameter: mlp_head.final_layer.adaLN_modulation.1.bias  - Froze policy model parameter: model.vqmodel.decoder.up.0.block.2.norm2.bias

  - Froze policy model parameter: model.vqmodel.decoder.up.0.block.2.conv2.weight
Model parts frozen.
  - Froze policy model parameter: model.vqmodel.decoder.up.0.block.2.conv2.bias
  - Froze policy model parameter: model.vqmodel.decoder.up.1.block.0.norm1.weight
  - Froze policy model parameter: model.vqmodel.decoder.up.1.block.0.norm1.bias
  - Froze policy model parameter: model.vqmodel.decoder.up.1.block.0.conv1.weight
  - Froze policy model parameter: model.vqmodel.decoder.up.1.block.0.conv1.bias
  - Froze policy model parameter: model.vqmodel.decoder.up.1.block.0.norm2.weight
  - Froze policy model parameter: model.vqmodel.decoder.up.1.block.0.norm2.bias
  - Froze policy model parameter: model.vqmodel.decoder.up.1.block.0.conv2.weight
  - Froze policy model parameter: model.vqmodel.decoder.up.1.block.0.conv2.bias
  - Froze policy model parameter: model.vqmodel.decoder.up.1.block.0.nin_shortcut.weight
  - Froze policy model parameter: model.vqmodel.decoder.up.1.block.0.nin_shortcut.bias
  - Froze policy model parameter: model.vqmodel.decoder.up.1.block.1.norm1.weight
  - Froze policy model parameter: model.vqmodel.decoder.up.1.block.1.norm1.bias
  - Froze policy model parameter: model.vqmodel.decoder.up.1.block.1.conv1.weight
  - Froze policy model parameter: model.vqmodel.decoder.up.1.block.1.conv1.bias
  - Froze policy model parameter: model.vqmodel.decoder.up.1.block.1.norm2.weight
  - Froze policy model parameter: model.vqmodel.decoder.up.1.block.1.norm2.bias
  - Froze policy model parameter: model.vqmodel.decoder.up.1.block.1.conv2.weight
  - Froze policy model parameter: model.vqmodel.decoder.up.1.block.1.conv2.bias
  - Froze policy model parameter: model.vqmodel.decoder.up.1.block.2.norm1.weight
  - Froze policy model parameter: model.vqmodel.decoder.up.1.block.2.norm1.bias
  - Froze policy model parameter: model.vqmodel.decoder.up.1.block.2.conv1.weight
  - Froze policy model parameter: model.vqmodel.decoder.up.1.block.2.conv1.bias
  - Froze policy model parameter: model.vqmodel.decoder.up.1.block.2.norm2.weight
  - Froze policy model parameter: model.vqmodel.decoder.up.1.block.2.norm2.bias
  - Froze policy model parameter: model.vqmodel.decoder.up.1.block.2.conv2.weight
  - Froze policy model parameter: model.vqmodel.decoder.up.1.block.2.conv2.bias
  - Froze policy model parameter: model.vqmodel.decoder.up.1.upsample.conv.weight
  - Froze policy model parameter: model.vqmodel.decoder.up.1.upsample.conv.bias
  - Froze policy model parameter: model.vqmodel.decoder.up.2.block.0.norm1.weight
  - Froze policy model parameter: model.vqmodel.decoder.up.2.block.0.norm1.bias
  - Froze policy model parameter: model.vqmodel.decoder.up.2.block.0.conv1.weight
  - Froze policy model parameter: model.vqmodel.decoder.up.2.block.0.conv1.bias
  - Froze policy model parameter: model.vqmodel.decoder.up.2.block.0.norm2.weight
  - Froze policy model parameter: model.vqmodel.decoder.up.2.block.0.norm2.bias
  - Froze policy model parameter: model.vqmodel.decoder.up.2.block.0.conv2.weight
  - Froze policy model parameter: model.vqmodel.decoder.up.2.block.0.conv2.bias
  - Froze policy model parameter: model.vqmodel.decoder.up.2.block.1.norm1.weight
  - Froze policy model parameter: model.vqmodel.decoder.up.2.block.1.norm1.bias
  - Froze policy model parameter: model.vqmodel.decoder.up.2.block.1.conv1.weight
  - Froze policy model parameter: model.vqmodel.decoder.up.2.block.1.conv1.bias
  - Froze policy model parameter: model.vqmodel.decoder.up.2.block.1.norm2.weight
  - Froze policy model parameter: model.vqmodel.decoder.up.2.block.1.norm2.bias
  - Froze policy model parameter: model.vqmodel.decoder.up.2.block.1.conv2.weight
  - Froze policy model parameter: model.vqmodel.decoder.up.2.block.1.conv2.bias
  - Froze policy model parameter: model.vqmodel.decoder.up.2.block.2.norm1.weight
  - Froze policy model parameter: model.vqmodel.decoder.up.2.block.2.norm1.bias
  - Froze policy model parameter: model.vqmodel.decoder.up.2.block.2.conv1.weight
  - Froze policy model parameter: model.vqmodel.decoder.up.2.block.2.conv1.bias
  - Froze policy model parameter: model.vqmodel.decoder.up.2.block.2.norm2.weight
  - Froze policy model parameter: model.vqmodel.decoder.up.2.block.2.norm2.bias
  - Froze policy model parameter: model.vqmodel.decoder.up.2.block.2.conv2.weight
  - Froze policy model parameter: model.vqmodel.decoder.up.2.block.2.conv2.bias
  - Froze policy model parameter: model.vqmodel.decoder.up.2.upsample.conv.weight
  - Froze policy model parameter: model.vqmodel.decoder.up.2.upsample.conv.bias
  - Froze policy model parameter: model.vqmodel.decoder.up.3.block.0.norm1.weight
  - Froze policy model parameter: model.vqmodel.decoder.up.3.block.0.norm1.bias
  - Froze policy model parameter: model.vqmodel.decoder.up.3.block.0.conv1.weight
  - Froze policy model parameter: model.vqmodel.decoder.up.3.block.0.conv1.bias
  - Froze policy model parameter: model.vqmodel.decoder.up.3.block.0.norm2.weight
  - Froze policy model parameter: model.vqmodel.decoder.up.3.block.0.norm2.bias
  - Froze policy model parameter: model.vqmodel.decoder.up.3.block.0.conv2.weight
  - Froze policy model parameter: model.vqmodel.decoder.up.3.block.0.conv2.bias
  - Froze policy model parameter: model.vqmodel.decoder.up.3.block.0.nin_shortcut.weight
  - Froze policy model parameter: model.vqmodel.decoder.up.3.block.0.nin_shortcut.bias
  - Froze policy model parameter: model.vqmodel.decoder.up.3.block.1.norm1.weight
  - Froze policy model parameter: model.vqmodel.decoder.up.3.block.1.norm1.bias
  - Froze policy model parameter: model.vqmodel.decoder.up.3.block.1.conv1.weight
  - Froze policy model parameter: model.vqmodel.decoder.up.3.block.1.conv1.bias
  - Froze policy model parameter: model.vqmodel.decoder.up.3.block.1.norm2.weight
  - Froze policy model parameter: model.vqmodel.decoder.up.3.block.1.norm2.bias
  - Froze policy model parameter: model.vqmodel.decoder.up.3.block.1.conv2.weight
  - Froze policy model parameter: model.vqmodel.decoder.up.3.block.1.conv2.bias
  - Froze policy model parameter: model.vqmodel.decoder.up.3.block.2.norm1.weight
  - Froze policy model parameter: model.vqmodel.decoder.up.3.block.2.norm1.bias
  - Froze policy model parameter: model.vqmodel.decoder.up.3.block.2.conv1.weight
  - Froze policy model parameter: model.vqmodel.decoder.up.3.block.2.conv1.bias
  - Froze policy model parameter: model.vqmodel.decoder.up.3.block.2.norm2.weight
  - Froze policy model parameter: model.vqmodel.decoder.up.3.block.2.norm2.bias
  - Froze policy model parameter: model.vqmodel.decoder.up.3.block.2.conv2.weight
  - Froze policy model parameter: model.vqmodel.decoder.up.3.block.2.conv2.bias
  - Froze policy model parameter: model.vqmodel.decoder.up.3.upsample.conv.weight
  - Froze policy model parameter: model.vqmodel.decoder.up.3.upsample.conv.bias
  - Froze policy model parameter: model.vqmodel.decoder.up.4.block.0.norm1.weight
  - Froze policy model parameter: model.vqmodel.decoder.up.4.block.0.norm1.bias
  - Froze policy model parameter: model.vqmodel.decoder.up.4.block.0.conv1.weight
  - Froze policy model parameter: model.vqmodel.decoder.up.4.block.0.conv1.bias
  - Froze policy model parameter: model.vqmodel.decoder.up.4.block.0.norm2.weight
  - Froze policy model parameter: model.vqmodel.decoder.up.4.block.0.norm2.bias
  - Froze policy model parameter: model.vqmodel.decoder.up.4.block.0.conv2.weight
  - Froze policy model parameter: model.vqmodel.decoder.up.4.block.0.conv2.bias
  - Froze policy model parameter: model.vqmodel.decoder.up.4.block.1.norm1.weight
  - Froze policy model parameter: model.vqmodel.decoder.up.4.block.1.norm1.bias
  - Froze policy model parameter: model.vqmodel.decoder.up.4.block.1.conv1.weight
  - Froze policy model parameter: model.vqmodel.decoder.up.4.block.1.conv1.bias
  - Froze policy model parameter: model.vqmodel.decoder.up.4.block.1.norm2.weight
  - Froze policy model parameter: model.vqmodel.decoder.up.4.block.1.norm2.bias
  - Froze policy model parameter: model.vqmodel.decoder.up.4.block.1.conv2.weight
  - Froze policy model parameter: model.vqmodel.decoder.up.4.block.1.conv2.bias
  - Froze policy model parameter: model.vqmodel.decoder.up.4.block.2.norm1.weight
  - Froze policy model parameter: model.vqmodel.decoder.up.4.block.2.norm1.bias
  - Froze policy model parameter: model.vqmodel.decoder.up.4.block.2.conv1.weight
  - Froze policy model parameter: model.vqmodel.decoder.up.4.block.2.conv1.bias
  - Froze policy model parameter: model.vqmodel.decoder.up.4.block.2.norm2.weight
  - Froze policy model parameter: model.vqmodel.decoder.up.4.block.2.norm2.bias
  - Froze policy model parameter: model.vqmodel.decoder.up.4.block.2.conv2.weight
  - Froze policy model parameter: model.vqmodel.decoder.up.4.block.2.conv2.bias
  - Froze policy model parameter: model.vqmodel.decoder.up.4.upsample.conv.weight
  - Froze policy model parameter: model.vqmodel.decoder.up.4.upsample.conv.bias
  - Froze policy model parameter: model.vqmodel.decoder.norm_out.weight
  - Froze policy model parameter: model.vqmodel.decoder.norm_out.bias
  - Froze policy model parameter: model.vqmodel.decoder.conv_out.weight
  - Froze policy model parameter: model.vqmodel.decoder.conv_out.bias
  - Froze policy model parameter: model.vqmodel.quantize.embedding.weight
  - Froze policy model parameter: model.vqmodel.quant_conv.weight
  - Froze policy model parameter: model.vqmodel.quant_conv.bias
  - Froze policy model parameter: model.vqmodel.post_quant_conv.weight
  - Froze policy model parameter: model.vqmodel.post_quant_conv.bias
  - Froze policy model parameter: mlp_head.time_embed.mlp.0.weight
  - Froze policy model parameter: mlp_head.time_embed.mlp.0.bias
  - Froze policy model parameter: mlp_head.time_embed.mlp.2.weight
  - Froze policy model parameter: mlp_head.time_embed.mlp.2.bias
  - Froze policy model parameter: mlp_head.cond_embed.weight
  - Froze policy model parameter: mlp_head.cond_embed.bias
  - Froze policy model parameter: mlp_head.input_proj.weight
  - Froze policy model parameter: mlp_head.input_proj.bias
  - Froze policy model parameter: mlp_head.res_blocks.0.in_ln.weight
  - Froze policy model parameter: mlp_head.res_blocks.0.in_ln.bias
  - Froze policy model parameter: mlp_head.res_blocks.0.mlp.0.weight
  - Froze policy model parameter: mlp_head.res_blocks.0.mlp.0.bias
  - Froze policy model parameter: mlp_head.res_blocks.0.mlp.2.weight
  - Froze policy model parameter: mlp_head.res_blocks.0.mlp.2.bias
  - Froze policy model parameter: mlp_head.res_blocks.0.adaLN_modulation.1.weight
  - Froze policy model parameter: mlp_head.res_blocks.0.adaLN_modulation.1.bias
  - Froze policy model parameter: mlp_head.res_blocks.1.in_ln.weight
  - Froze policy model parameter: mlp_head.res_blocks.1.in_ln.bias
  - Froze policy model parameter: mlp_head.res_blocks.1.mlp.0.weight
  - Froze policy model parameter: mlp_head.res_blocks.1.mlp.0.bias
  - Froze policy model parameter: mlp_head.res_blocks.1.mlp.2.weight
  - Froze policy model parameter: mlp_head.res_blocks.1.mlp.2.bias
  - Froze policy model parameter: mlp_head.res_blocks.1.adaLN_modulation.1.weight
  - Froze policy model parameter: mlp_head.res_blocks.1.adaLN_modulation.1.bias
  - Froze policy model parameter: mlp_head.res_blocks.2.in_ln.weight
  - Froze policy model parameter: mlp_head.res_blocks.2.in_ln.bias
  - Froze policy model parameter: mlp_head.res_blocks.2.mlp.0.weight
  - Froze policy model parameter: mlp_head.res_blocks.2.mlp.0.bias
  - Froze policy model parameter: mlp_head.res_blocks.2.mlp.2.weight
  - Froze policy model parameter: mlp_head.res_blocks.2.mlp.2.bias
  - Froze policy model parameter: mlp_head.res_blocks.2.adaLN_modulation.1.weight
  - Froze policy model parameter: mlp_head.res_blocks.2.adaLN_modulation.1.bias
  - Froze policy model parameter: mlp_head.final_layer.linear.weight
  - Froze policy model parameter: mlp_head.final_layer.linear.bias
  - Froze policy model parameter: mlp_head.final_layer.adaLN_modulation.1.weight
  - Froze policy model parameter: mlp_head.final_layer.adaLN_modulation.1.bias
Model parts frozen.
Loaded 2 reward functions: ['answer_correctness_reward', 'format_reward']
Trainer initialized.
--- [Step 3/3] Starting GRPO training... ---
Loaded 2 reward functions: ['answer_correctness_reward', 'format_reward']
Trainer initialized.
--- [Step 3/3] Starting GRPO training... ---
Loading checkpoint shards:   0%|          | 0/3 [00:00<?, ?it/s]Loading checkpoint shards: 100%|██████████| 3/3 [00:00<00:00, 25.64it/s]Loading checkpoint shards: 100%|██████████| 3/3 [00:00<00:00, 25.60it/s]
Freezing non-trainable parts of the model...
  - Froze policy model parameter: model.vqmodel.encoder.conv_in.weight
  - Froze policy model parameter: model.vqmodel.encoder.conv_in.bias
  - Froze policy model parameter: model.vqmodel.encoder.down.0.block.0.norm1.weight
  - Froze policy model parameter: model.vqmodel.encoder.down.0.block.0.norm1.bias
  - Froze policy model parameter: model.vqmodel.encoder.down.0.block.0.conv1.weight
  - Froze policy model parameter: model.vqmodel.encoder.down.0.block.0.conv1.bias
  - Froze policy model parameter: model.vqmodel.encoder.down.0.block.0.norm2.weight
  - Froze policy model parameter: model.vqmodel.encoder.down.0.block.0.norm2.bias
  - Froze policy model parameter: model.vqmodel.encoder.down.0.block.0.conv2.weight
  - Froze policy model parameter: model.vqmodel.encoder.down.0.block.0.conv2.bias
  - Froze policy model parameter: model.vqmodel.encoder.down.0.block.1.norm1.weight
  - Froze policy model parameter: model.vqmodel.encoder.down.0.block.1.norm1.bias
  - Froze policy model parameter: model.vqmodel.encoder.down.0.block.1.conv1.weight
  - Froze policy model parameter: model.vqmodel.encoder.down.0.block.1.conv1.bias
  - Froze policy model parameter: model.vqmodel.encoder.down.0.block.1.norm2.weight
  - Froze policy model parameter: model.vqmodel.encoder.down.0.block.1.norm2.bias
  - Froze policy model parameter: model.vqmodel.encoder.down.0.block.1.conv2.weight
  - Froze policy model parameter: model.vqmodel.encoder.down.0.block.1.conv2.bias
  - Froze policy model parameter: model.vqmodel.encoder.down.0.downsample.conv.weight
  - Froze policy model parameter: model.vqmodel.encoder.down.0.downsample.conv.bias
  - Froze policy model parameter: model.vqmodel.encoder.down.1.block.0.norm1.weight
  - Froze policy model parameter: model.vqmodel.encoder.down.1.block.0.norm1.bias
  - Froze policy model parameter: model.vqmodel.encoder.down.1.block.0.conv1.weight
  - Froze policy model parameter: model.vqmodel.encoder.down.1.block.0.conv1.bias
  - Froze policy model parameter: model.vqmodel.encoder.down.1.block.0.norm2.weight
  - Froze policy model parameter: model.vqmodel.encoder.down.1.block.0.norm2.bias
  - Froze policy model parameter: model.vqmodel.encoder.down.1.block.0.conv2.weight
  - Froze policy model parameter: model.vqmodel.encoder.down.1.block.0.conv2.bias
  - Froze policy model parameter: model.vqmodel.encoder.down.1.block.1.norm1.weight
  - Froze policy model parameter: model.vqmodel.encoder.down.1.block.1.norm1.bias
  - Froze policy model parameter: model.vqmodel.encoder.down.1.block.1.conv1.weight
  - Froze policy model parameter: model.vqmodel.encoder.down.1.block.1.conv1.bias
  - Froze policy model parameter: model.vqmodel.encoder.down.1.block.1.norm2.weight
  - Froze policy model parameter: model.vqmodel.encoder.down.1.block.1.norm2.bias
  - Froze policy model parameter: model.vqmodel.encoder.down.1.block.1.conv2.weight
  - Froze policy model parameter: model.vqmodel.encoder.down.1.block.1.conv2.bias
  - Froze policy model parameter: model.vqmodel.encoder.down.1.downsample.conv.weight
  - Froze policy model parameter: model.vqmodel.encoder.down.1.downsample.conv.bias
  - Froze policy model parameter: model.vqmodel.encoder.down.2.block.0.norm1.weight
  - Froze policy model parameter: model.vqmodel.encoder.down.2.block.0.norm1.bias
  - Froze policy model parameter: model.vqmodel.encoder.down.2.block.0.conv1.weight
  - Froze policy model parameter: model.vqmodel.encoder.down.2.block.0.conv1.bias
  - Froze policy model parameter: model.vqmodel.encoder.down.2.block.0.norm2.weight
  - Froze policy model parameter: model.vqmodel.encoder.down.2.block.0.norm2.bias
  - Froze policy model parameter: model.vqmodel.encoder.down.2.block.0.conv2.weight
  - Froze policy model parameter: model.vqmodel.encoder.down.2.block.0.conv2.bias
  - Froze policy model parameter: model.vqmodel.encoder.down.2.block.0.nin_shortcut.weight
  - Froze policy model parameter: model.vqmodel.encoder.down.2.block.0.nin_shortcut.bias
  - Froze policy model parameter: model.vqmodel.encoder.down.2.block.1.norm1.weight
  - Froze policy model parameter: model.vqmodel.encoder.down.2.block.1.norm1.bias
  - Froze policy model parameter: model.vqmodel.encoder.down.2.block.1.conv1.weight
  - Froze policy model parameter: model.vqmodel.encoder.down.2.block.1.conv1.bias
  - Froze policy model parameter: model.vqmodel.encoder.down.2.block.1.norm2.weight
  - Froze policy model parameter: model.vqmodel.encoder.down.2.block.1.norm2.bias
  - Froze policy model parameter: model.vqmodel.encoder.down.2.block.1.conv2.weight
  - Froze policy model parameter: model.vqmodel.encoder.down.2.block.1.conv2.bias
  - Froze policy model parameter: model.vqmodel.encoder.down.2.downsample.conv.weight
  - Froze policy model parameter: model.vqmodel.encoder.down.2.downsample.conv.bias
  - Froze policy model parameter: model.vqmodel.encoder.down.3.block.0.norm1.weight
  - Froze policy model parameter: model.vqmodel.encoder.down.3.block.0.norm1.bias
  - Froze policy model parameter: model.vqmodel.encoder.down.3.block.0.conv1.weight
  - Froze policy model parameter: model.vqmodel.encoder.down.3.block.0.conv1.bias
  - Froze policy model parameter: model.vqmodel.encoder.down.3.block.0.norm2.weight
  - Froze policy model parameter: model.vqmodel.encoder.down.3.block.0.norm2.bias
  - Froze policy model parameter: model.vqmodel.encoder.down.3.block.0.conv2.weight
  - Froze policy model parameter: model.vqmodel.encoder.down.3.block.0.conv2.bias
  - Froze policy model parameter: model.vqmodel.encoder.down.3.block.1.norm1.weight
  - Froze policy model parameter: model.vqmodel.encoder.down.3.block.1.norm1.bias
  - Froze policy model parameter: model.vqmodel.encoder.down.3.block.1.conv1.weight
  - Froze policy model parameter: model.vqmodel.encoder.down.3.block.1.conv1.bias
  - Froze policy model parameter: model.vqmodel.encoder.down.3.block.1.norm2.weight
  - Froze policy model parameter: model.vqmodel.encoder.down.3.block.1.norm2.bias
  - Froze policy model parameter: model.vqmodel.encoder.down.3.block.1.conv2.weight
  - Froze policy model parameter: model.vqmodel.encoder.down.3.block.1.conv2.bias
  - Froze policy model parameter: model.vqmodel.encoder.down.3.downsample.conv.weight
  - Froze policy model parameter: model.vqmodel.encoder.down.3.downsample.conv.bias
  - Froze policy model parameter: model.vqmodel.encoder.down.4.block.0.norm1.weight
  - Froze policy model parameter: model.vqmodel.encoder.down.4.block.0.norm1.bias
  - Froze policy model parameter: model.vqmodel.encoder.down.4.block.0.conv1.weight
  - Froze policy model parameter: model.vqmodel.encoder.down.4.block.0.conv1.bias
  - Froze policy model parameter: model.vqmodel.encoder.down.4.block.0.norm2.weight
  - Froze policy model parameter: model.vqmodel.encoder.down.4.block.0.norm2.bias
  - Froze policy model parameter: model.vqmodel.encoder.down.4.block.0.conv2.weight
  - Froze policy model parameter: model.vqmodel.encoder.down.4.block.0.conv2.bias
  - Froze policy model parameter: model.vqmodel.encoder.down.4.block.0.nin_shortcut.weight
  - Froze policy model parameter: model.vqmodel.encoder.down.4.block.0.nin_shortcut.bias
  - Froze policy model parameter: model.vqmodel.encoder.down.4.block.1.norm1.weight
  - Froze policy model parameter: model.vqmodel.encoder.down.4.block.1.norm1.bias
  - Froze policy model parameter: model.vqmodel.encoder.down.4.block.1.conv1.weight
  - Froze policy model parameter: model.vqmodel.encoder.down.4.block.1.conv1.bias
  - Froze policy model parameter: model.vqmodel.encoder.down.4.block.1.norm2.weight
  - Froze policy model parameter: model.vqmodel.encoder.down.4.block.1.norm2.bias
  - Froze policy model parameter: model.vqmodel.encoder.down.4.block.1.conv2.weight
  - Froze policy model parameter: model.vqmodel.encoder.down.4.block.1.conv2.bias
  - Froze policy model parameter: model.vqmodel.encoder.mid.block_1.norm1.weight
  - Froze policy model parameter: model.vqmodel.encoder.mid.block_1.norm1.bias
  - Froze policy model parameter: model.vqmodel.encoder.mid.block_1.conv1.weight
  - Froze policy model parameter: model.vqmodel.encoder.mid.block_1.conv1.bias
  - Froze policy model parameter: model.vqmodel.encoder.mid.block_1.norm2.weight
  - Froze policy model parameter: model.vqmodel.encoder.mid.block_1.norm2.bias
  - Froze policy model parameter: model.vqmodel.encoder.mid.block_1.conv2.weight
  - Froze policy model parameter: model.vqmodel.encoder.mid.block_1.conv2.bias
  - Froze policy model parameter: model.vqmodel.encoder.mid.attn_1.norm.weight
  - Froze policy model parameter: model.vqmodel.encoder.mid.attn_1.norm.bias
  - Froze policy model parameter: model.vqmodel.encoder.mid.attn_1.q.weight
  - Froze policy model parameter: model.vqmodel.encoder.mid.attn_1.q.bias
  - Froze policy model parameter: model.vqmodel.encoder.mid.attn_1.k.weight
  - Froze policy model parameter: model.vqmodel.encoder.mid.attn_1.k.bias
  - Froze policy model parameter: model.vqmodel.encoder.mid.attn_1.v.weight
  - Froze policy model parameter: model.vqmodel.encoder.mid.attn_1.v.bias
  - Froze policy model parameter: model.vqmodel.encoder.mid.attn_1.proj_out.weight
  - Froze policy model parameter: model.vqmodel.encoder.mid.attn_1.proj_out.bias
  - Froze policy model parameter: model.vqmodel.encoder.mid.block_2.norm1.weight
  - Froze policy model parameter: model.vqmodel.encoder.mid.block_2.norm1.bias
  - Froze policy model parameter: model.vqmodel.encoder.mid.block_2.conv1.weight
  - Froze policy model parameter: model.vqmodel.encoder.mid.block_2.conv1.bias
  - Froze policy model parameter: model.vqmodel.encoder.mid.block_2.norm2.weight
  - Froze policy model parameter: model.vqmodel.encoder.mid.block_2.norm2.bias
  - Froze policy model parameter: model.vqmodel.encoder.mid.block_2.conv2.weight
  - Froze policy model parameter: model.vqmodel.encoder.mid.block_2.conv2.bias
  - Froze policy model parameter: model.vqmodel.encoder.norm_out.weight
  - Froze policy model parameter: model.vqmodel.encoder.norm_out.bias
  - Froze policy model parameter: model.vqmodel.encoder.conv_out.weight
  - Froze policy model parameter: model.vqmodel.encoder.conv_out.bias
  - Froze policy model parameter: model.vqmodel.decoder.conv_in.weight
  - Froze policy model parameter: model.vqmodel.decoder.conv_in.bias
  - Froze policy model parameter: model.vqmodel.decoder.mid.block_1.norm1.weight
  - Froze policy model parameter: model.vqmodel.decoder.mid.block_1.norm1.bias
  - Froze policy model parameter: model.vqmodel.decoder.mid.block_1.conv1.weight
  - Froze policy model parameter: model.vqmodel.decoder.mid.block_1.conv1.bias
  - Froze policy model parameter: model.vqmodel.decoder.mid.block_1.norm2.weight
  - Froze policy model parameter: model.vqmodel.decoder.mid.block_1.norm2.bias
  - Froze policy model parameter: model.vqmodel.decoder.mid.block_1.conv2.weight
  - Froze policy model parameter: model.vqmodel.decoder.mid.block_1.conv2.bias
  - Froze policy model parameter: model.vqmodel.decoder.mid.attn_1.norm.weight
  - Froze policy model parameter: model.vqmodel.decoder.mid.attn_1.norm.bias
  - Froze policy model parameter: model.vqmodel.decoder.mid.attn_1.q.weight
  - Froze policy model parameter: model.vqmodel.decoder.mid.attn_1.q.bias
  - Froze policy model parameter: model.vqmodel.decoder.mid.attn_1.k.weight
  - Froze policy model parameter: model.vqmodel.decoder.mid.attn_1.k.bias
  - Froze policy model parameter: model.vqmodel.decoder.mid.attn_1.v.weight
  - Froze policy model parameter: model.vqmodel.decoder.mid.attn_1.v.bias
  - Froze policy model parameter: model.vqmodel.decoder.mid.attn_1.proj_out.weight
  - Froze policy model parameter: model.vqmodel.decoder.mid.attn_1.proj_out.bias
  - Froze policy model parameter: model.vqmodel.decoder.mid.block_2.norm1.weight
  - Froze policy model parameter: model.vqmodel.decoder.mid.block_2.norm1.bias
  - Froze policy model parameter: model.vqmodel.decoder.mid.block_2.conv1.weight
  - Froze policy model parameter: model.vqmodel.decoder.mid.block_2.conv1.bias
  - Froze policy model parameter: model.vqmodel.decoder.mid.block_2.norm2.weight
  - Froze policy model parameter: model.vqmodel.decoder.mid.block_2.norm2.bias
  - Froze policy model parameter: model.vqmodel.decoder.mid.block_2.conv2.weight
  - Froze policy model parameter: model.vqmodel.decoder.mid.block_2.conv2.bias
  - Froze policy model parameter: model.vqmodel.decoder.up.0.block.0.norm1.weight
  - Froze policy model parameter: model.vqmodel.decoder.up.0.block.0.norm1.bias
  - Froze policy model parameter: model.vqmodel.decoder.up.0.block.0.conv1.weight
  - Froze policy model parameter: model.vqmodel.decoder.up.0.block.0.conv1.bias
  - Froze policy model parameter: model.vqmodel.decoder.up.0.block.0.norm2.weight
  - Froze policy model parameter: model.vqmodel.decoder.up.0.block.0.norm2.bias
  - Froze policy model parameter: model.vqmodel.decoder.up.0.block.0.conv2.weight
  - Froze policy model parameter: model.vqmodel.decoder.up.0.block.0.conv2.bias
  - Froze policy model parameter: model.vqmodel.decoder.up.0.block.1.norm1.weight
  - Froze policy model parameter: model.vqmodel.decoder.up.0.block.1.norm1.bias
  - Froze policy model parameter: model.vqmodel.decoder.up.0.block.1.conv1.weight
  - Froze policy model parameter: model.vqmodel.decoder.up.0.block.1.conv1.bias
  - Froze policy model parameter: model.vqmodel.decoder.up.0.block.1.norm2.weight
  - Froze policy model parameter: model.vqmodel.decoder.up.0.block.1.norm2.bias
  - Froze policy model parameter: model.vqmodel.decoder.up.0.block.1.conv2.weight
  - Froze policy model parameter: model.vqmodel.decoder.up.0.block.1.conv2.bias
  - Froze policy model parameter: model.vqmodel.decoder.up.0.block.2.norm1.weight
  - Froze policy model parameter: model.vqmodel.decoder.up.0.block.2.norm1.bias
  - Froze policy model parameter: model.vqmodel.decoder.up.0.block.2.conv1.weight
  - Froze policy model parameter: model.vqmodel.decoder.up.0.block.2.conv1.bias
  - Froze policy model parameter: model.vqmodel.decoder.up.0.block.2.norm2.weight
  - Froze policy model parameter: model.vqmodel.decoder.up.0.block.2.norm2.bias
  - Froze policy model parameter: model.vqmodel.decoder.up.0.block.2.conv2.weight
  - Froze policy model parameter: model.vqmodel.decoder.up.0.block.2.conv2.bias
  - Froze policy model parameter: model.vqmodel.decoder.up.1.block.0.norm1.weight
  - Froze policy model parameter: model.vqmodel.decoder.up.1.block.0.norm1.bias
  - Froze policy model parameter: model.vqmodel.decoder.up.1.block.0.conv1.weight
  - Froze policy model parameter: model.vqmodel.decoder.up.1.block.0.conv1.bias
  - Froze policy model parameter: model.vqmodel.decoder.up.1.block.0.norm2.weight
  - Froze policy model parameter: model.vqmodel.decoder.up.1.block.0.norm2.bias
  - Froze policy model parameter: model.vqmodel.decoder.up.1.block.0.conv2.weight
  - Froze policy model parameter: model.vqmodel.decoder.up.1.block.0.conv2.bias
  - Froze policy model parameter: model.vqmodel.decoder.up.1.block.0.nin_shortcut.weight
  - Froze policy model parameter: model.vqmodel.decoder.up.1.block.0.nin_shortcut.bias
  - Froze policy model parameter: model.vqmodel.decoder.up.1.block.1.norm1.weight
  - Froze policy model parameter: model.vqmodel.decoder.up.1.block.1.norm1.bias
  - Froze policy model parameter: model.vqmodel.decoder.up.1.block.1.conv1.weight
  - Froze policy model parameter: model.vqmodel.decoder.up.1.block.1.conv1.bias
  - Froze policy model parameter: model.vqmodel.decoder.up.1.block.1.norm2.weight
  - Froze policy model parameter: model.vqmodel.decoder.up.1.block.1.norm2.bias
  - Froze policy model parameter: model.vqmodel.decoder.up.1.block.1.conv2.weight
  - Froze policy model parameter: model.vqmodel.decoder.up.1.block.1.conv2.bias
  - Froze policy model parameter: model.vqmodel.decoder.up.1.block.2.norm1.weight
  - Froze policy model parameter: model.vqmodel.decoder.up.1.block.2.norm1.bias
  - Froze policy model parameter: model.vqmodel.decoder.up.1.block.2.conv1.weight
  - Froze policy model parameter: model.vqmodel.decoder.up.1.block.2.conv1.bias
  - Froze policy model parameter: model.vqmodel.decoder.up.1.block.2.norm2.weight
  - Froze policy model parameter: model.vqmodel.decoder.up.1.block.2.norm2.bias
  - Froze policy model parameter: model.vqmodel.decoder.up.1.block.2.conv2.weight
  - Froze policy model parameter: model.vqmodel.decoder.up.1.block.2.conv2.bias
  - Froze policy model parameter: model.vqmodel.decoder.up.1.upsample.conv.weight
  - Froze policy model parameter: model.vqmodel.decoder.up.1.upsample.conv.bias
  - Froze policy model parameter: model.vqmodel.decoder.up.2.block.0.norm1.weight
  - Froze policy model parameter: model.vqmodel.decoder.up.2.block.0.norm1.bias
  - Froze policy model parameter: model.vqmodel.decoder.up.2.block.0.conv1.weight
  - Froze policy model parameter: model.vqmodel.decoder.up.2.block.0.conv1.bias
  - Froze policy model parameter: model.vqmodel.decoder.up.2.block.0.norm2.weight
  - Froze policy model parameter: model.vqmodel.decoder.up.2.block.0.norm2.bias
  - Froze policy model parameter: model.vqmodel.decoder.up.2.block.0.conv2.weight
  - Froze policy model parameter: model.vqmodel.decoder.up.2.block.0.conv2.bias
  - Froze policy model parameter: model.vqmodel.decoder.up.2.block.1.norm1.weight
  - Froze policy model parameter: model.vqmodel.decoder.up.2.block.1.norm1.bias
  - Froze policy model parameter: model.vqmodel.decoder.up.2.block.1.conv1.weight
  - Froze policy model parameter: model.vqmodel.decoder.up.2.block.1.conv1.bias
  - Froze policy model parameter: model.vqmodel.decoder.up.2.block.1.norm2.weight
  - Froze policy model parameter: model.vqmodel.decoder.up.2.block.1.norm2.bias
  - Froze policy model parameter: model.vqmodel.decoder.up.2.block.1.conv2.weight
  - Froze policy model parameter: model.vqmodel.decoder.up.2.block.1.conv2.bias
  - Froze policy model parameter: model.vqmodel.decoder.up.2.block.2.norm1.weight
  - Froze policy model parameter: model.vqmodel.decoder.up.2.block.2.norm1.bias
  - Froze policy model parameter: model.vqmodel.decoder.up.2.block.2.conv1.weight
  - Froze policy model parameter: model.vqmodel.decoder.up.2.block.2.conv1.bias
  - Froze policy model parameter: model.vqmodel.decoder.up.2.block.2.norm2.weight
  - Froze policy model parameter: model.vqmodel.decoder.up.2.block.2.norm2.bias
  - Froze policy model parameter: model.vqmodel.decoder.up.2.block.2.conv2.weight
  - Froze policy model parameter: model.vqmodel.decoder.up.2.block.2.conv2.bias
  - Froze policy model parameter: model.vqmodel.decoder.up.2.upsample.conv.weight
  - Froze policy model parameter: model.vqmodel.decoder.up.2.upsample.conv.bias
  - Froze policy model parameter: model.vqmodel.decoder.up.3.block.0.norm1.weight
  - Froze policy model parameter: model.vqmodel.decoder.up.3.block.0.norm1.bias
  - Froze policy model parameter: model.vqmodel.decoder.up.3.block.0.conv1.weight
  - Froze policy model parameter: model.vqmodel.decoder.up.3.block.0.conv1.bias
  - Froze policy model parameter: model.vqmodel.decoder.up.3.block.0.norm2.weight
  - Froze policy model parameter: model.vqmodel.decoder.up.3.block.0.norm2.bias
  - Froze policy model parameter: model.vqmodel.decoder.up.3.block.0.conv2.weight
  - Froze policy model parameter: model.vqmodel.decoder.up.3.block.0.conv2.bias
  - Froze policy model parameter: model.vqmodel.decoder.up.3.block.0.nin_shortcut.weight
  - Froze policy model parameter: model.vqmodel.decoder.up.3.block.0.nin_shortcut.bias
  - Froze policy model parameter: model.vqmodel.decoder.up.3.block.1.norm1.weight
  - Froze policy model parameter: model.vqmodel.decoder.up.3.block.1.norm1.bias
  - Froze policy model parameter: model.vqmodel.decoder.up.3.block.1.conv1.weight
  - Froze policy model parameter: model.vqmodel.decoder.up.3.block.1.conv1.bias
  - Froze policy model parameter: model.vqmodel.decoder.up.3.block.1.norm2.weight
  - Froze policy model parameter: model.vqmodel.decoder.up.3.block.1.norm2.bias
  - Froze policy model parameter: model.vqmodel.decoder.up.3.block.1.conv2.weight
  - Froze policy model parameter: model.vqmodel.decoder.up.3.block.1.conv2.bias
  - Froze policy model parameter: model.vqmodel.decoder.up.3.block.2.norm1.weight
  - Froze policy model parameter: model.vqmodel.decoder.up.3.block.2.norm1.bias
  - Froze policy model parameter: model.vqmodel.decoder.up.3.block.2.conv1.weight
  - Froze policy model parameter: model.vqmodel.decoder.up.3.block.2.conv1.bias
  - Froze policy model parameter: model.vqmodel.decoder.up.3.block.2.norm2.weight
  - Froze policy model parameter: model.vqmodel.decoder.up.3.block.2.norm2.bias
  - Froze policy model parameter: model.vqmodel.decoder.up.3.block.2.conv2.weight
  - Froze policy model parameter: model.vqmodel.decoder.up.3.block.2.conv2.bias
  - Froze policy model parameter: model.vqmodel.decoder.up.3.upsample.conv.weight
  - Froze policy model parameter: model.vqmodel.decoder.up.3.upsample.conv.bias
  - Froze policy model parameter: model.vqmodel.decoder.up.4.block.0.norm1.weight
  - Froze policy model parameter: model.vqmodel.decoder.up.4.block.0.norm1.bias
  - Froze policy model parameter: model.vqmodel.decoder.up.4.block.0.conv1.weight
  - Froze policy model parameter: model.vqmodel.decoder.up.4.block.0.conv1.bias
  - Froze policy model parameter: model.vqmodel.decoder.up.4.block.0.norm2.weight
  - Froze policy model parameter: model.vqmodel.decoder.up.4.block.0.norm2.bias
  - Froze policy model parameter: model.vqmodel.decoder.up.4.block.0.conv2.weight
  - Froze policy model parameter: model.vqmodel.decoder.up.4.block.0.conv2.bias
  - Froze policy model parameter: model.vqmodel.decoder.up.4.block.1.norm1.weight
  - Froze policy model parameter: model.vqmodel.decoder.up.4.block.1.norm1.bias
  - Froze policy model parameter: model.vqmodel.decoder.up.4.block.1.conv1.weight
  - Froze policy model parameter: model.vqmodel.decoder.up.4.block.1.conv1.bias
  - Froze policy model parameter: model.vqmodel.decoder.up.4.block.1.norm2.weight
  - Froze policy model parameter: model.vqmodel.decoder.up.4.block.1.norm2.bias
  - Froze policy model parameter: model.vqmodel.decoder.up.4.block.1.conv2.weight
  - Froze policy model parameter: model.vqmodel.decoder.up.4.block.1.conv2.bias
  - Froze policy model parameter: model.vqmodel.decoder.up.4.block.2.norm1.weight
  - Froze policy model parameter: model.vqmodel.decoder.up.4.block.2.norm1.bias
  - Froze policy model parameter: model.vqmodel.decoder.up.4.block.2.conv1.weight
  - Froze policy model parameter: model.vqmodel.decoder.up.4.block.2.conv1.bias
  - Froze policy model parameter: model.vqmodel.decoder.up.4.block.2.norm2.weight
  - Froze policy model parameter: model.vqmodel.decoder.up.4.block.2.norm2.bias
  - Froze policy model parameter: model.vqmodel.decoder.up.4.block.2.conv2.weight
  - Froze policy model parameter: model.vqmodel.decoder.up.4.block.2.conv2.bias
  - Froze policy model parameter: model.vqmodel.decoder.up.4.upsample.conv.weight
  - Froze policy model parameter: model.vqmodel.decoder.up.4.upsample.conv.bias
  - Froze policy model parameter: model.vqmodel.decoder.norm_out.weight
  - Froze policy model parameter: model.vqmodel.decoder.norm_out.bias
  - Froze policy model parameter: model.vqmodel.decoder.conv_out.weight
  - Froze policy model parameter: model.vqmodel.decoder.conv_out.bias
  - Froze policy model parameter: model.vqmodel.quantize.embedding.weight
  - Froze policy model parameter: model.vqmodel.quant_conv.weight
  - Froze policy model parameter: model.vqmodel.quant_conv.bias
  - Froze policy model parameter: model.vqmodel.post_quant_conv.weight
  - Froze policy model parameter: model.vqmodel.post_quant_conv.bias
  - Froze policy model parameter: mlp_head.time_embed.mlp.0.weight
  - Froze policy model parameter: mlp_head.time_embed.mlp.0.bias
  - Froze policy model parameter: mlp_head.time_embed.mlp.2.weight
  - Froze policy model parameter: mlp_head.time_embed.mlp.2.bias
  - Froze policy model parameter: mlp_head.cond_embed.weight
  - Froze policy model parameter: mlp_head.cond_embed.bias
  - Froze policy model parameter: mlp_head.input_proj.weight
  - Froze policy model parameter: mlp_head.input_proj.bias
  - Froze policy model parameter: mlp_head.res_blocks.0.in_ln.weight
  - Froze policy model parameter: mlp_head.res_blocks.0.in_ln.bias
  - Froze policy model parameter: mlp_head.res_blocks.0.mlp.0.weight
  - Froze policy model parameter: mlp_head.res_blocks.0.mlp.0.bias
  - Froze policy model parameter: mlp_head.res_blocks.0.mlp.2.weight
  - Froze policy model parameter: mlp_head.res_blocks.0.mlp.2.bias
  - Froze policy model parameter: mlp_head.res_blocks.0.adaLN_modulation.1.weight
  - Froze policy model parameter: mlp_head.res_blocks.0.adaLN_modulation.1.bias
  - Froze policy model parameter: mlp_head.res_blocks.1.in_ln.weight
  - Froze policy model parameter: mlp_head.res_blocks.1.in_ln.bias
  - Froze policy model parameter: mlp_head.res_blocks.1.mlp.0.weight
  - Froze policy model parameter: mlp_head.res_blocks.1.mlp.0.bias
  - Froze policy model parameter: mlp_head.res_blocks.1.mlp.2.weight
  - Froze policy model parameter: mlp_head.res_blocks.1.mlp.2.bias
  - Froze policy model parameter: mlp_head.res_blocks.1.adaLN_modulation.1.weight
  - Froze policy model parameter: mlp_head.res_blocks.1.adaLN_modulation.1.bias
  - Froze policy model parameter: mlp_head.res_blocks.2.in_ln.weight
  - Froze policy model parameter: mlp_head.res_blocks.2.in_ln.bias
  - Froze policy model parameter: mlp_head.res_blocks.2.mlp.0.weight
  - Froze policy model parameter: mlp_head.res_blocks.2.mlp.0.bias
  - Froze policy model parameter: mlp_head.res_blocks.2.mlp.2.weight
  - Froze policy model parameter: mlp_head.res_blocks.2.mlp.2.bias
  - Froze policy model parameter: mlp_head.res_blocks.2.adaLN_modulation.1.weight
  - Froze policy model parameter: mlp_head.res_blocks.2.adaLN_modulation.1.bias
  - Froze policy model parameter: mlp_head.final_layer.linear.weight
  - Froze policy model parameter: mlp_head.final_layer.linear.bias
  - Froze policy model parameter: mlp_head.final_layer.adaLN_modulation.1.weight
  - Froze policy model parameter: mlp_head.final_layer.adaLN_modulation.1.bias
Model parts frozen.
Loading checkpoint shards:   0%|          | 0/3 [00:00<?, ?it/s]Loaded 2 reward functions: ['answer_correctness_reward', 'format_reward']
Trainer initialized.
--- [Step 3/3] Starting GRPO training... ---
Loading checkpoint shards:   0%|          | 0/3 [00:00<?, ?it/s]Loading checkpoint shards: 100%|██████████| 3/3 [00:00<00:00, 26.31it/s]Loading checkpoint shards: 100%|██████████| 3/3 [00:00<00:00, 26.27it/s]
Freezing non-trainable parts of the model...
  - Froze policy model parameter: model.vqmodel.encoder.conv_in.weight
  - Froze policy model parameter: model.vqmodel.encoder.conv_in.bias
  - Froze policy model parameter: model.vqmodel.encoder.down.0.block.0.norm1.weight
  - Froze policy model parameter: model.vqmodel.encoder.down.0.block.0.norm1.bias
  - Froze policy model parameter: model.vqmodel.encoder.down.0.block.0.conv1.weight
  - Froze policy model parameter: model.vqmodel.encoder.down.0.block.0.conv1.bias
  - Froze policy model parameter: model.vqmodel.encoder.down.0.block.0.norm2.weight
  - Froze policy model parameter: model.vqmodel.encoder.down.0.block.0.norm2.bias
  - Froze policy model parameter: model.vqmodel.encoder.down.0.block.0.conv2.weight
  - Froze policy model parameter: model.vqmodel.encoder.down.0.block.0.conv2.bias
  - Froze policy model parameter: model.vqmodel.encoder.down.0.block.1.norm1.weight
  - Froze policy model parameter: model.vqmodel.encoder.down.0.block.1.norm1.bias
  - Froze policy model parameter: model.vqmodel.encoder.down.0.block.1.conv1.weight
  - Froze policy model parameter: model.vqmodel.encoder.down.0.block.1.conv1.bias
  - Froze policy model parameter: model.vqmodel.encoder.down.0.block.1.norm2.weight
  - Froze policy model parameter: model.vqmodel.encoder.down.0.block.1.norm2.bias
  - Froze policy model parameter: model.vqmodel.encoder.down.0.block.1.conv2.weight
  - Froze policy model parameter: model.vqmodel.encoder.down.0.block.1.conv2.bias
  - Froze policy model parameter: model.vqmodel.encoder.down.0.downsample.conv.weight
  - Froze policy model parameter: model.vqmodel.encoder.down.0.downsample.conv.bias
  - Froze policy model parameter: model.vqmodel.encoder.down.1.block.0.norm1.weight
  - Froze policy model parameter: model.vqmodel.encoder.down.1.block.0.norm1.bias
  - Froze policy model parameter: model.vqmodel.encoder.down.1.block.0.conv1.weight
  - Froze policy model parameter: model.vqmodel.encoder.down.1.block.0.conv1.bias
  - Froze policy model parameter: model.vqmodel.encoder.down.1.block.0.norm2.weight
  - Froze policy model parameter: model.vqmodel.encoder.down.1.block.0.norm2.bias
  - Froze policy model parameter: model.vqmodel.encoder.down.1.block.0.conv2.weight
  - Froze policy model parameter: model.vqmodel.encoder.down.1.block.0.conv2.bias
  - Froze policy model parameter: model.vqmodel.encoder.down.1.block.1.norm1.weight
  - Froze policy model parameter: model.vqmodel.encoder.down.1.block.1.norm1.bias
  - Froze policy model parameter: model.vqmodel.encoder.down.1.block.1.conv1.weight
  - Froze policy model parameter: model.vqmodel.encoder.down.1.block.1.conv1.bias
  - Froze policy model parameter: model.vqmodel.encoder.down.1.block.1.norm2.weight
  - Froze policy model parameter: model.vqmodel.encoder.down.1.block.1.norm2.bias
  - Froze policy model parameter: model.vqmodel.encoder.down.1.block.1.conv2.weight
  - Froze policy model parameter: model.vqmodel.encoder.down.1.block.1.conv2.bias
  - Froze policy model parameter: model.vqmodel.encoder.down.1.downsample.conv.weight
  - Froze policy model parameter: model.vqmodel.encoder.down.1.downsample.conv.bias
  - Froze policy model parameter: model.vqmodel.encoder.down.2.block.0.norm1.weight
  - Froze policy model parameter: model.vqmodel.encoder.down.2.block.0.norm1.bias
  - Froze policy model parameter: model.vqmodel.encoder.down.2.block.0.conv1.weight
  - Froze policy model parameter: model.vqmodel.encoder.down.2.block.0.conv1.bias
  - Froze policy model parameter: model.vqmodel.encoder.down.2.block.0.norm2.weight
  - Froze policy model parameter: model.vqmodel.encoder.down.2.block.0.norm2.bias
  - Froze policy model parameter: model.vqmodel.encoder.down.2.block.0.conv2.weight
  - Froze policy model parameter: model.vqmodel.encoder.down.2.block.0.conv2.bias
  - Froze policy model parameter: model.vqmodel.encoder.down.2.block.0.nin_shortcut.weight
  - Froze policy model parameter: model.vqmodel.encoder.down.2.block.0.nin_shortcut.bias
  - Froze policy model parameter: model.vqmodel.encoder.down.2.block.1.norm1.weight
  - Froze policy model parameter: model.vqmodel.encoder.down.2.block.1.norm1.bias
  - Froze policy model parameter: model.vqmodel.encoder.down.2.block.1.conv1.weight
  - Froze policy model parameter: model.vqmodel.encoder.down.2.block.1.conv1.bias
  - Froze policy model parameter: model.vqmodel.encoder.down.2.block.1.norm2.weight
  - Froze policy model parameter: model.vqmodel.encoder.down.2.block.1.norm2.bias
  - Froze policy model parameter: model.vqmodel.encoder.down.2.block.1.conv2.weight
  - Froze policy model parameter: model.vqmodel.encoder.down.2.block.1.conv2.bias
  - Froze policy model parameter: model.vqmodel.encoder.down.2.downsample.conv.weight
  - Froze policy model parameter: model.vqmodel.encoder.down.2.downsample.conv.bias
  - Froze policy model parameter: model.vqmodel.encoder.down.3.block.0.norm1.weight
  - Froze policy model parameter: model.vqmodel.encoder.down.3.block.0.norm1.bias
  - Froze policy model parameter: model.vqmodel.encoder.down.3.block.0.conv1.weight
  - Froze policy model parameter: model.vqmodel.encoder.down.3.block.0.conv1.bias
  - Froze policy model parameter: model.vqmodel.encoder.down.3.block.0.norm2.weight
  - Froze policy model parameter: model.vqmodel.encoder.down.3.block.0.norm2.bias
  - Froze policy model parameter: model.vqmodel.encoder.down.3.block.0.conv2.weight
  - Froze policy model parameter: model.vqmodel.encoder.down.3.block.0.conv2.bias
  - Froze policy model parameter: model.vqmodel.encoder.down.3.block.1.norm1.weight
  - Froze policy model parameter: model.vqmodel.encoder.down.3.block.1.norm1.bias
  - Froze policy model parameter: model.vqmodel.encoder.down.3.block.1.conv1.weight
  - Froze policy model parameter: model.vqmodel.encoder.down.3.block.1.conv1.bias
  - Froze policy model parameter: model.vqmodel.encoder.down.3.block.1.norm2.weight
  - Froze policy model parameter: model.vqmodel.encoder.down.3.block.1.norm2.bias
  - Froze policy model parameter: model.vqmodel.encoder.down.3.block.1.conv2.weight
  - Froze policy model parameter: model.vqmodel.encoder.down.3.block.1.conv2.bias
  - Froze policy model parameter: model.vqmodel.encoder.down.3.downsample.conv.weight
  - Froze policy model parameter: model.vqmodel.encoder.down.3.downsample.conv.bias
  - Froze policy model parameter: model.vqmodel.encoder.down.4.block.0.norm1.weight
  - Froze policy model parameter: model.vqmodel.encoder.down.4.block.0.norm1.bias
  - Froze policy model parameter: model.vqmodel.encoder.down.4.block.0.conv1.weight
  - Froze policy model parameter: model.vqmodel.encoder.down.4.block.0.conv1.bias
  - Froze policy model parameter: model.vqmodel.encoder.down.4.block.0.norm2.weight
  - Froze policy model parameter: model.vqmodel.encoder.down.4.block.0.norm2.bias
  - Froze policy model parameter: model.vqmodel.encoder.down.4.block.0.conv2.weight
  - Froze policy model parameter: model.vqmodel.encoder.down.4.block.0.conv2.bias
  - Froze policy model parameter: model.vqmodel.encoder.down.4.block.0.nin_shortcut.weight
  - Froze policy model parameter: model.vqmodel.encoder.down.4.block.0.nin_shortcut.bias
  - Froze policy model parameter: model.vqmodel.encoder.down.4.block.1.norm1.weight
  - Froze policy model parameter: model.vqmodel.encoder.down.4.block.1.norm1.bias
  - Froze policy model parameter: model.vqmodel.encoder.down.4.block.1.conv1.weight
  - Froze policy model parameter: model.vqmodel.encoder.down.4.block.1.conv1.bias
  - Froze policy model parameter: model.vqmodel.encoder.down.4.block.1.norm2.weight
  - Froze policy model parameter: model.vqmodel.encoder.down.4.block.1.norm2.bias
  - Froze policy model parameter: model.vqmodel.encoder.down.4.block.1.conv2.weight
  - Froze policy model parameter: model.vqmodel.encoder.down.4.block.1.conv2.bias
  - Froze policy model parameter: model.vqmodel.encoder.mid.block_1.norm1.weight
  - Froze policy model parameter: model.vqmodel.encoder.mid.block_1.norm1.bias
  - Froze policy model parameter: model.vqmodel.encoder.mid.block_1.conv1.weight
  - Froze policy model parameter: model.vqmodel.encoder.mid.block_1.conv1.bias
  - Froze policy model parameter: model.vqmodel.encoder.mid.block_1.norm2.weight
  - Froze policy model parameter: model.vqmodel.encoder.mid.block_1.norm2.bias
  - Froze policy model parameter: model.vqmodel.encoder.mid.block_1.conv2.weight
  - Froze policy model parameter: model.vqmodel.encoder.mid.block_1.conv2.bias
  - Froze policy model parameter: model.vqmodel.encoder.mid.attn_1.norm.weight
  - Froze policy model parameter: model.vqmodel.encoder.mid.attn_1.norm.bias
  - Froze policy model parameter: model.vqmodel.encoder.mid.attn_1.q.weight
  - Froze policy model parameter: model.vqmodel.encoder.mid.attn_1.q.bias
  - Froze policy model parameter: model.vqmodel.encoder.mid.attn_1.k.weight
  - Froze policy model parameter: model.vqmodel.encoder.mid.attn_1.k.bias
  - Froze policy model parameter: model.vqmodel.encoder.mid.attn_1.v.weight
  - Froze policy model parameter: model.vqmodel.encoder.mid.attn_1.v.bias
  - Froze policy model parameter: model.vqmodel.encoder.mid.attn_1.proj_out.weight
  - Froze policy model parameter: model.vqmodel.encoder.mid.attn_1.proj_out.bias
  - Froze policy model parameter: model.vqmodel.encoder.mid.block_2.norm1.weight
  - Froze policy model parameter: model.vqmodel.encoder.mid.block_2.norm1.bias
  - Froze policy model parameter: model.vqmodel.encoder.mid.block_2.conv1.weight
  - Froze policy model parameter: model.vqmodel.encoder.mid.block_2.conv1.bias
  - Froze policy model parameter: model.vqmodel.encoder.mid.block_2.norm2.weight
  - Froze policy model parameter: model.vqmodel.encoder.mid.block_2.norm2.bias
  - Froze policy model parameter: model.vqmodel.encoder.mid.block_2.conv2.weight
  - Froze policy model parameter: model.vqmodel.encoder.mid.block_2.conv2.bias
  - Froze policy model parameter: model.vqmodel.encoder.norm_out.weight
  - Froze policy model parameter: model.vqmodel.encoder.norm_out.bias
  - Froze policy model parameter: model.vqmodel.encoder.conv_out.weight
  - Froze policy model parameter: model.vqmodel.encoder.conv_out.bias
  - Froze policy model parameter: model.vqmodel.decoder.conv_in.weight
  - Froze policy model parameter: model.vqmodel.decoder.conv_in.bias
  - Froze policy model parameter: model.vqmodel.decoder.mid.block_1.norm1.weight
  - Froze policy model parameter: model.vqmodel.decoder.mid.block_1.norm1.bias
  - Froze policy model parameter: model.vqmodel.decoder.mid.block_1.conv1.weight
  - Froze policy model parameter: model.vqmodel.decoder.mid.block_1.conv1.bias
  - Froze policy model parameter: model.vqmodel.decoder.mid.block_1.norm2.weight
  - Froze policy model parameter: model.vqmodel.decoder.mid.block_1.norm2.bias
  - Froze policy model parameter: model.vqmodel.decoder.mid.block_1.conv2.weight
  - Froze policy model parameter: model.vqmodel.decoder.mid.block_1.conv2.bias
  - Froze policy model parameter: model.vqmodel.decoder.mid.attn_1.norm.weight
  - Froze policy model parameter: model.vqmodel.decoder.mid.attn_1.norm.bias
  - Froze policy model parameter: model.vqmodel.decoder.mid.attn_1.q.weight
  - Froze policy model parameter: model.vqmodel.decoder.mid.attn_1.q.bias
  - Froze policy model parameter: model.vqmodel.decoder.mid.attn_1.k.weight
  - Froze policy model parameter: model.vqmodel.decoder.mid.attn_1.k.bias
  - Froze policy model parameter: model.vqmodel.decoder.mid.attn_1.v.weight
  - Froze policy model parameter: model.vqmodel.decoder.mid.attn_1.v.bias
  - Froze policy model parameter: model.vqmodel.decoder.mid.attn_1.proj_out.weight
  - Froze policy model parameter: model.vqmodel.decoder.mid.attn_1.proj_out.bias
  - Froze policy model parameter: model.vqmodel.decoder.mid.block_2.norm1.weight
  - Froze policy model parameter: model.vqmodel.decoder.mid.block_2.norm1.bias
  - Froze policy model parameter: model.vqmodel.decoder.mid.block_2.conv1.weight
  - Froze policy model parameter: model.vqmodel.decoder.mid.block_2.conv1.bias
  - Froze policy model parameter: model.vqmodel.decoder.mid.block_2.norm2.weight
  - Froze policy model parameter: model.vqmodel.decoder.mid.block_2.norm2.bias
  - Froze policy model parameter: model.vqmodel.decoder.mid.block_2.conv2.weight
  - Froze policy model parameter: model.vqmodel.decoder.mid.block_2.conv2.bias
  - Froze policy model parameter: model.vqmodel.decoder.up.0.block.0.norm1.weight
  - Froze policy model parameter: model.vqmodel.decoder.up.0.block.0.norm1.bias
  - Froze policy model parameter: model.vqmodel.decoder.up.0.block.0.conv1.weight
  - Froze policy model parameter: model.vqmodel.decoder.up.0.block.0.conv1.bias
  - Froze policy model parameter: model.vqmodel.decoder.up.0.block.0.norm2.weight
  - Froze policy model parameter: model.vqmodel.decoder.up.0.block.0.norm2.bias
  - Froze policy model parameter: model.vqmodel.decoder.up.0.block.0.conv2.weight
  - Froze policy model parameter: model.vqmodel.decoder.up.0.block.0.conv2.bias
  - Froze policy model parameter: model.vqmodel.decoder.up.0.block.1.norm1.weight
  - Froze policy model parameter: model.vqmodel.decoder.up.0.block.1.norm1.bias
  - Froze policy model parameter: model.vqmodel.decoder.up.0.block.1.conv1.weight
  - Froze policy model parameter: model.vqmodel.decoder.up.0.block.1.conv1.bias
  - Froze policy model parameter: model.vqmodel.decoder.up.0.block.1.norm2.weight
  - Froze policy model parameter: model.vqmodel.decoder.up.0.block.1.norm2.bias
  - Froze policy model parameter: model.vqmodel.decoder.up.0.block.1.conv2.weight
  - Froze policy model parameter: model.vqmodel.decoder.up.0.block.1.conv2.bias
  - Froze policy model parameter: model.vqmodel.decoder.up.0.block.2.norm1.weight
  - Froze policy model parameter: model.vqmodel.decoder.up.0.block.2.norm1.bias
  - Froze policy model parameter: model.vqmodel.decoder.up.0.block.2.conv1.weight
  - Froze policy model parameter: model.vqmodel.decoder.up.0.block.2.conv1.bias
  - Froze policy model parameter: model.vqmodel.decoder.up.0.block.2.norm2.weight
  - Froze policy model parameter: model.vqmodel.decoder.up.0.block.2.norm2.bias
  - Froze policy model parameter: model.vqmodel.decoder.up.0.block.2.conv2.weight
  - Froze policy model parameter: model.vqmodel.decoder.up.0.block.2.conv2.bias
  - Froze policy model parameter: model.vqmodel.decoder.up.1.block.0.norm1.weight
  - Froze policy model parameter: model.vqmodel.decoder.up.1.block.0.norm1.bias
  - Froze policy model parameter: model.vqmodel.decoder.up.1.block.0.conv1.weight
  - Froze policy model parameter: model.vqmodel.decoder.up.1.block.0.conv1.bias
  - Froze policy model parameter: model.vqmodel.decoder.up.1.block.0.norm2.weight
  - Froze policy model parameter: model.vqmodel.decoder.up.1.block.0.norm2.bias
  - Froze policy model parameter: model.vqmodel.decoder.up.1.block.0.conv2.weight
  - Froze policy model parameter: model.vqmodel.decoder.up.1.block.0.conv2.bias
  - Froze policy model parameter: model.vqmodel.decoder.up.1.block.0.nin_shortcut.weight
  - Froze policy model parameter: model.vqmodel.decoder.up.1.block.0.nin_shortcut.bias
  - Froze policy model parameter: model.vqmodel.decoder.up.1.block.1.norm1.weight
  - Froze policy model parameter: model.vqmodel.decoder.up.1.block.1.norm1.bias
  - Froze policy model parameter: model.vqmodel.decoder.up.1.block.1.conv1.weight
  - Froze policy model parameter: model.vqmodel.decoder.up.1.block.1.conv1.bias
  - Froze policy model parameter: model.vqmodel.decoder.up.1.block.1.norm2.weight
  - Froze policy model parameter: model.vqmodel.decoder.up.1.block.1.norm2.bias
  - Froze policy model parameter: model.vqmodel.decoder.up.1.block.1.conv2.weight
  - Froze policy model parameter: model.vqmodel.decoder.up.1.block.1.conv2.bias
  - Froze policy model parameter: model.vqmodel.decoder.up.1.block.2.norm1.weight
  - Froze policy model parameter: model.vqmodel.decoder.up.1.block.2.norm1.bias
  - Froze policy model parameter: model.vqmodel.decoder.up.1.block.2.conv1.weight
  - Froze policy model parameter: model.vqmodel.decoder.up.1.block.2.conv1.bias
  - Froze policy model parameter: model.vqmodel.decoder.up.1.block.2.norm2.weight
  - Froze policy model parameter: model.vqmodel.decoder.up.1.block.2.norm2.bias
  - Froze policy model parameter: model.vqmodel.decoder.up.1.block.2.conv2.weight
  - Froze policy model parameter: model.vqmodel.decoder.up.1.block.2.conv2.bias
  - Froze policy model parameter: model.vqmodel.decoder.up.1.upsample.conv.weight
  - Froze policy model parameter: model.vqmodel.decoder.up.1.upsample.conv.bias
  - Froze policy model parameter: model.vqmodel.decoder.up.2.block.0.norm1.weight
  - Froze policy model parameter: model.vqmodel.decoder.up.2.block.0.norm1.bias
  - Froze policy model parameter: model.vqmodel.decoder.up.2.block.0.conv1.weight
  - Froze policy model parameter: model.vqmodel.decoder.up.2.block.0.conv1.bias
  - Froze policy model parameter: model.vqmodel.decoder.up.2.block.0.norm2.weight
  - Froze policy model parameter: model.vqmodel.decoder.up.2.block.0.norm2.bias
  - Froze policy model parameter: model.vqmodel.decoder.up.2.block.0.conv2.weight
  - Froze policy model parameter: model.vqmodel.decoder.up.2.block.0.conv2.bias
  - Froze policy model parameter: model.vqmodel.decoder.up.2.block.1.norm1.weight
  - Froze policy model parameter: model.vqmodel.decoder.up.2.block.1.norm1.bias
  - Froze policy model parameter: model.vqmodel.decoder.up.2.block.1.conv1.weight
  - Froze policy model parameter: model.vqmodel.decoder.up.2.block.1.conv1.bias
  - Froze policy model parameter: model.vqmodel.decoder.up.2.block.1.norm2.weight
  - Froze policy model parameter: model.vqmodel.decoder.up.2.block.1.norm2.bias
  - Froze policy model parameter: model.vqmodel.decoder.up.2.block.1.conv2.weight
  - Froze policy model parameter: model.vqmodel.decoder.up.2.block.1.conv2.bias
  - Froze policy model parameter: model.vqmodel.decoder.up.2.block.2.norm1.weight
  - Froze policy model parameter: model.vqmodel.decoder.up.2.block.2.norm1.bias
  - Froze policy model parameter: model.vqmodel.decoder.up.2.block.2.conv1.weight
  - Froze policy model parameter: model.vqmodel.decoder.up.2.block.2.conv1.bias
  - Froze policy model parameter: model.vqmodel.decoder.up.2.block.2.norm2.weight
  - Froze policy model parameter: model.vqmodel.decoder.up.2.block.2.norm2.bias
  - Froze policy model parameter: model.vqmodel.decoder.up.2.block.2.conv2.weight
  - Froze policy model parameter: model.vqmodel.decoder.up.2.block.2.conv2.bias
  - Froze policy model parameter: model.vqmodel.decoder.up.2.upsample.conv.weight
  - Froze policy model parameter: model.vqmodel.decoder.up.2.upsample.conv.bias
  - Froze policy model parameter: model.vqmodel.decoder.up.3.block.0.norm1.weight
  - Froze policy model parameter: model.vqmodel.decoder.up.3.block.0.norm1.bias
  - Froze policy model parameter: model.vqmodel.decoder.up.3.block.0.conv1.weight
  - Froze policy model parameter: model.vqmodel.decoder.up.3.block.0.conv1.bias
  - Froze policy model parameter: model.vqmodel.decoder.up.3.block.0.norm2.weight
  - Froze policy model parameter: model.vqmodel.decoder.up.3.block.0.norm2.bias
  - Froze policy model parameter: model.vqmodel.decoder.up.3.block.0.conv2.weight
  - Froze policy model parameter: model.vqmodel.decoder.up.3.block.0.conv2.bias
  - Froze policy model parameter: model.vqmodel.decoder.up.3.block.0.nin_shortcut.weight
  - Froze policy model parameter: model.vqmodel.decoder.up.3.block.0.nin_shortcut.bias
  - Froze policy model parameter: model.vqmodel.decoder.up.3.block.1.norm1.weight
  - Froze policy model parameter: model.vqmodel.decoder.up.3.block.1.norm1.bias
  - Froze policy model parameter: model.vqmodel.decoder.up.3.block.1.conv1.weight
  - Froze policy model parameter: model.vqmodel.decoder.up.3.block.1.conv1.bias
  - Froze policy model parameter: model.vqmodel.decoder.up.3.block.1.norm2.weight
  - Froze policy model parameter: model.vqmodel.decoder.up.3.block.1.norm2.bias
  - Froze policy model parameter: model.vqmodel.decoder.up.3.block.1.conv2.weight
  - Froze policy model parameter: model.vqmodel.decoder.up.3.block.1.conv2.bias
  - Froze policy model parameter: model.vqmodel.decoder.up.3.block.2.norm1.weight
  - Froze policy model parameter: model.vqmodel.decoder.up.3.block.2.norm1.bias
  - Froze policy model parameter: model.vqmodel.decoder.up.3.block.2.conv1.weight
  - Froze policy model parameter: model.vqmodel.decoder.up.3.block.2.conv1.bias
  - Froze policy model parameter: model.vqmodel.decoder.up.3.block.2.norm2.weight
  - Froze policy model parameter: model.vqmodel.decoder.up.3.block.2.norm2.bias
  - Froze policy model parameter: model.vqmodel.decoder.up.3.block.2.conv2.weight
  - Froze policy model parameter: model.vqmodel.decoder.up.3.block.2.conv2.bias
  - Froze policy model parameter: model.vqmodel.decoder.up.3.upsample.conv.weight
  - Froze policy model parameter: model.vqmodel.decoder.up.3.upsample.conv.bias
  - Froze policy model parameter: model.vqmodel.decoder.up.4.block.0.norm1.weight
  - Froze policy model parameter: model.vqmodel.decoder.up.4.block.0.norm1.bias
  - Froze policy model parameter: model.vqmodel.decoder.up.4.block.0.conv1.weight
  - Froze policy model parameter: model.vqmodel.decoder.up.4.block.0.conv1.bias
  - Froze policy model parameter: model.vqmodel.decoder.up.4.block.0.norm2.weight
  - Froze policy model parameter: model.vqmodel.decoder.up.4.block.0.norm2.bias
  - Froze policy model parameter: model.vqmodel.decoder.up.4.block.0.conv2.weight
  - Froze policy model parameter: model.vqmodel.decoder.up.4.block.0.conv2.bias
  - Froze policy model parameter: model.vqmodel.decoder.up.4.block.1.norm1.weight
  - Froze policy model parameter: model.vqmodel.decoder.up.4.block.1.norm1.bias
  - Froze policy model parameter: model.vqmodel.decoder.up.4.block.1.conv1.weight
  - Froze policy model parameter: model.vqmodel.decoder.up.4.block.1.conv1.bias
  - Froze policy model parameter: model.vqmodel.decoder.up.4.block.1.norm2.weight
  - Froze policy model parameter: model.vqmodel.decoder.up.4.block.1.norm2.bias
  - Froze policy model parameter: model.vqmodel.decoder.up.4.block.1.conv2.weight
  - Froze policy model parameter: model.vqmodel.decoder.up.4.block.1.conv2.bias
  - Froze policy model parameter: model.vqmodel.decoder.up.4.block.2.norm1.weight
  - Froze policy model parameter: model.vqmodel.decoder.up.4.block.2.norm1.bias
  - Froze policy model parameter: model.vqmodel.decoder.up.4.block.2.conv1.weight
  - Froze policy model parameter: model.vqmodel.decoder.up.4.block.2.conv1.bias
  - Froze policy model parameter: model.vqmodel.decoder.up.4.block.2.norm2.weight
  - Froze policy model parameter: model.vqmodel.decoder.up.4.block.2.norm2.bias
  - Froze policy model parameter: model.vqmodel.decoder.up.4.block.2.conv2.weight
  - Froze policy model parameter: model.vqmodel.decoder.up.4.block.2.conv2.bias
  - Froze policy model parameter: model.vqmodel.decoder.up.4.upsample.conv.weight
  - Froze policy model parameter: model.vqmodel.decoder.up.4.upsample.conv.bias
  - Froze policy model parameter: model.vqmodel.decoder.norm_out.weight
  - Froze policy model parameter: model.vqmodel.decoder.norm_out.bias
  - Froze policy model parameter: model.vqmodel.decoder.conv_out.weight
  - Froze policy model parameter: model.vqmodel.decoder.conv_out.bias
  - Froze policy model parameter: model.vqmodel.quantize.embedding.weight
  - Froze policy model parameter: model.vqmodel.quant_conv.weight
  - Froze policy model parameter: model.vqmodel.quant_conv.bias
  - Froze policy model parameter: model.vqmodel.post_quant_conv.weight
  - Froze policy model parameter: model.vqmodel.post_quant_conv.bias
  - Froze policy model parameter: mlp_head.time_embed.mlp.0.weight
  - Froze policy model parameter: mlp_head.time_embed.mlp.0.bias
  - Froze policy model parameter: mlp_head.time_embed.mlp.2.weight
  - Froze policy model parameter: mlp_head.time_embed.mlp.2.bias
  - Froze policy model parameter: mlp_head.cond_embed.weight
  - Froze policy model parameter: mlp_head.cond_embed.bias
  - Froze policy model parameter: mlp_head.input_proj.weight
  - Froze policy model parameter: mlp_head.input_proj.bias
  - Froze policy model parameter: mlp_head.res_blocks.0.in_ln.weight
  - Froze policy model parameter: mlp_head.res_blocks.0.in_ln.bias
  - Froze policy model parameter: mlp_head.res_blocks.0.mlp.0.weight
  - Froze policy model parameter: mlp_head.res_blocks.0.mlp.0.bias
  - Froze policy model parameter: mlp_head.res_blocks.0.mlp.2.weight
  - Froze policy model parameter: mlp_head.res_blocks.0.mlp.2.bias
  - Froze policy model parameter: mlp_head.res_blocks.0.adaLN_modulation.1.weight
  - Froze policy model parameter: mlp_head.res_blocks.0.adaLN_modulation.1.bias
  - Froze policy model parameter: mlp_head.res_blocks.1.in_ln.weight
  - Froze policy model parameter: mlp_head.res_blocks.1.in_ln.bias
  - Froze policy model parameter: mlp_head.res_blocks.1.mlp.0.weight
  - Froze policy model parameter: mlp_head.res_blocks.1.mlp.0.bias
  - Froze policy model parameter: mlp_head.res_blocks.1.mlp.2.weight
  - Froze policy model parameter: mlp_head.res_blocks.1.mlp.2.bias
  - Froze policy model parameter: mlp_head.res_blocks.1.adaLN_modulation.1.weight
  - Froze policy model parameter: mlp_head.res_blocks.1.adaLN_modulation.1.bias
  - Froze policy model parameter: mlp_head.res_blocks.2.in_ln.weight
  - Froze policy model parameter: mlp_head.res_blocks.2.in_ln.bias
  - Froze policy model parameter: mlp_head.res_blocks.2.mlp.0.weight
  - Froze policy model parameter: mlp_head.res_blocks.2.mlp.0.bias
  - Froze policy model parameter: mlp_head.res_blocks.2.mlp.2.weight
  - Froze policy model parameter: mlp_head.res_blocks.2.mlp.2.bias
  - Froze policy model parameter: mlp_head.res_blocks.2.adaLN_modulation.1.weight
  - Froze policy model parameter: mlp_head.res_blocks.2.adaLN_modulation.1.bias
  - Froze policy model parameter: mlp_head.final_layer.linear.weight
  - Froze policy model parameter: mlp_head.final_layer.linear.bias
  - Froze policy model parameter: mlp_head.final_layer.adaLN_modulation.1.weight
  - Froze policy model parameter: mlp_head.final_layer.adaLN_modulation.1.bias
Model parts frozen.
Loaded 2 reward functions: ['answer_correctness_reward', 'format_reward']
Trainer initialized.
--- [Step 3/3] Starting GRPO training... ---
`torch_dtype` is deprecated! Use `dtype` instead!
Loading checkpoint shards: 100%|██████████| 3/3 [00:00<00:00, 25.42it/s]Loading checkpoint shards: 100%|██████████| 3/3 [00:00<00:00, 25.35it/s]
Freezing non-trainable parts of the model...
  - Froze policy model parameter: model.vqmodel.encoder.conv_in.weight
  - Froze policy model parameter: model.vqmodel.encoder.conv_in.bias
  - Froze policy model parameter: model.vqmodel.encoder.down.0.block.0.norm1.weight
  - Froze policy model parameter: model.vqmodel.encoder.down.0.block.0.norm1.bias
  - Froze policy model parameter: model.vqmodel.encoder.down.0.block.0.conv1.weight
  - Froze policy model parameter: model.vqmodel.encoder.down.0.block.0.conv1.bias
  - Froze policy model parameter: model.vqmodel.encoder.down.0.block.0.norm2.weight
  - Froze policy model parameter: model.vqmodel.encoder.down.0.block.0.norm2.bias
  - Froze policy model parameter: model.vqmodel.encoder.down.0.block.0.conv2.weight
  - Froze policy model parameter: model.vqmodel.encoder.down.0.block.0.conv2.bias
  - Froze policy model parameter: model.vqmodel.encoder.down.0.block.1.norm1.weight
  - Froze policy model parameter: model.vqmodel.encoder.down.0.block.1.norm1.bias
  - Froze policy model parameter: model.vqmodel.encoder.down.0.block.1.conv1.weight
  - Froze policy model parameter: model.vqmodel.encoder.down.0.block.1.conv1.bias
  - Froze policy model parameter: model.vqmodel.encoder.down.0.block.1.norm2.weight
  - Froze policy model parameter: model.vqmodel.encoder.down.0.block.1.norm2.bias
  - Froze policy model parameter: model.vqmodel.encoder.down.0.block.1.conv2.weight
  - Froze policy model parameter: model.vqmodel.encoder.down.0.block.1.conv2.bias
  - Froze policy model parameter: model.vqmodel.encoder.down.0.downsample.conv.weight
  - Froze policy model parameter: model.vqmodel.encoder.down.0.downsample.conv.bias
  - Froze policy model parameter: model.vqmodel.encoder.down.1.block.0.norm1.weight
  - Froze policy model parameter: model.vqmodel.encoder.down.1.block.0.norm1.bias
  - Froze policy model parameter: model.vqmodel.encoder.down.1.block.0.conv1.weight
  - Froze policy model parameter: model.vqmodel.encoder.down.1.block.0.conv1.bias
  - Froze policy model parameter: model.vqmodel.encoder.down.1.block.0.norm2.weight
  - Froze policy model parameter: model.vqmodel.encoder.down.1.block.0.norm2.bias
  - Froze policy model parameter: model.vqmodel.encoder.down.1.block.0.conv2.weight
  - Froze policy model parameter: model.vqmodel.encoder.down.1.block.0.conv2.bias
  - Froze policy model parameter: model.vqmodel.encoder.down.1.block.1.norm1.weight
  - Froze policy model parameter: model.vqmodel.encoder.down.1.block.1.norm1.bias
  - Froze policy model parameter: model.vqmodel.encoder.down.1.block.1.conv1.weight
  - Froze policy model parameter: model.vqmodel.encoder.down.1.block.1.conv1.bias
  - Froze policy model parameter: model.vqmodel.encoder.down.1.block.1.norm2.weight
  - Froze policy model parameter: model.vqmodel.encoder.down.1.block.1.norm2.bias
  - Froze policy model parameter: model.vqmodel.encoder.down.1.block.1.conv2.weight
  - Froze policy model parameter: model.vqmodel.encoder.down.1.block.1.conv2.bias
  - Froze policy model parameter: model.vqmodel.encoder.down.1.downsample.conv.weight
  - Froze policy model parameter: model.vqmodel.encoder.down.1.downsample.conv.bias
  - Froze policy model parameter: model.vqmodel.encoder.down.2.block.0.norm1.weight
  - Froze policy model parameter: model.vqmodel.encoder.down.2.block.0.norm1.bias
  - Froze policy model parameter: model.vqmodel.encoder.down.2.block.0.conv1.weight
  - Froze policy model parameter: model.vqmodel.encoder.down.2.block.0.conv1.bias
  - Froze policy model parameter: model.vqmodel.encoder.down.2.block.0.norm2.weight
  - Froze policy model parameter: model.vqmodel.encoder.down.2.block.0.norm2.bias
  - Froze policy model parameter: model.vqmodel.encoder.down.2.block.0.conv2.weight
  - Froze policy model parameter: model.vqmodel.encoder.down.2.block.0.conv2.bias
  - Froze policy model parameter: model.vqmodel.encoder.down.2.block.0.nin_shortcut.weight
  - Froze policy model parameter: model.vqmodel.encoder.down.2.block.0.nin_shortcut.bias
  - Froze policy model parameter: model.vqmodel.encoder.down.2.block.1.norm1.weight
  - Froze policy model parameter: model.vqmodel.encoder.down.2.block.1.norm1.bias
  - Froze policy model parameter: model.vqmodel.encoder.down.2.block.1.conv1.weight
  - Froze policy model parameter: model.vqmodel.encoder.down.2.block.1.conv1.bias
  - Froze policy model parameter: model.vqmodel.encoder.down.2.block.1.norm2.weight
  - Froze policy model parameter: model.vqmodel.encoder.down.2.block.1.norm2.bias
  - Froze policy model parameter: model.vqmodel.encoder.down.2.block.1.conv2.weight
  - Froze policy model parameter: model.vqmodel.encoder.down.2.block.1.conv2.bias
  - Froze policy model parameter: model.vqmodel.encoder.down.2.downsample.conv.weight
  - Froze policy model parameter: model.vqmodel.encoder.down.2.downsample.conv.bias
  - Froze policy model parameter: model.vqmodel.encoder.down.3.block.0.norm1.weight
  - Froze policy model parameter: model.vqmodel.encoder.down.3.block.0.norm1.bias
  - Froze policy model parameter: model.vqmodel.encoder.down.3.block.0.conv1.weight
  - Froze policy model parameter: model.vqmodel.encoder.down.3.block.0.conv1.bias
  - Froze policy model parameter: model.vqmodel.encoder.down.3.block.0.norm2.weight
  - Froze policy model parameter: model.vqmodel.encoder.down.3.block.0.norm2.bias
  - Froze policy model parameter: model.vqmodel.encoder.down.3.block.0.conv2.weight
  - Froze policy model parameter: model.vqmodel.encoder.down.3.block.0.conv2.bias
  - Froze policy model parameter: model.vqmodel.encoder.down.3.block.1.norm1.weight
  - Froze policy model parameter: model.vqmodel.encoder.down.3.block.1.norm1.bias
  - Froze policy model parameter: model.vqmodel.encoder.down.3.block.1.conv1.weight
  - Froze policy model parameter: model.vqmodel.encoder.down.3.block.1.conv1.bias
  - Froze policy model parameter: model.vqmodel.encoder.down.3.block.1.norm2.weight
  - Froze policy model parameter: model.vqmodel.encoder.down.3.block.1.norm2.bias
  - Froze policy model parameter: model.vqmodel.encoder.down.3.block.1.conv2.weight
  - Froze policy model parameter: model.vqmodel.encoder.down.3.block.1.conv2.bias
  - Froze policy model parameter: model.vqmodel.encoder.down.3.downsample.conv.weight
  - Froze policy model parameter: model.vqmodel.encoder.down.3.downsample.conv.bias
  - Froze policy model parameter: model.vqmodel.encoder.down.4.block.0.norm1.weight
  - Froze policy model parameter: model.vqmodel.encoder.down.4.block.0.norm1.bias
  - Froze policy model parameter: model.vqmodel.encoder.down.4.block.0.conv1.weight
  - Froze policy model parameter: model.vqmodel.encoder.down.4.block.0.conv1.bias
  - Froze policy model parameter: model.vqmodel.encoder.down.4.block.0.norm2.weight
  - Froze policy model parameter: model.vqmodel.encoder.down.4.block.0.norm2.bias
  - Froze policy model parameter: model.vqmodel.encoder.down.4.block.0.conv2.weight
  - Froze policy model parameter: model.vqmodel.encoder.down.4.block.0.conv2.bias
  - Froze policy model parameter: model.vqmodel.encoder.down.4.block.0.nin_shortcut.weight
  - Froze policy model parameter: model.vqmodel.encoder.down.4.block.0.nin_shortcut.bias
  - Froze policy model parameter: model.vqmodel.encoder.down.4.block.1.norm1.weight
  - Froze policy model parameter: model.vqmodel.encoder.down.4.block.1.norm1.bias
  - Froze policy model parameter: model.vqmodel.encoder.down.4.block.1.conv1.weight
  - Froze policy model parameter: model.vqmodel.encoder.down.4.block.1.conv1.bias
  - Froze policy model parameter: model.vqmodel.encoder.down.4.block.1.norm2.weight
  - Froze policy model parameter: model.vqmodel.encoder.down.4.block.1.norm2.bias
  - Froze policy model parameter: model.vqmodel.encoder.down.4.block.1.conv2.weight
  - Froze policy model parameter: model.vqmodel.encoder.down.4.block.1.conv2.bias
  - Froze policy model parameter: model.vqmodel.encoder.mid.block_1.norm1.weight
  - Froze policy model parameter: model.vqmodel.encoder.mid.block_1.norm1.bias
  - Froze policy model parameter: model.vqmodel.encoder.mid.block_1.conv1.weight
  - Froze policy model parameter: model.vqmodel.encoder.mid.block_1.conv1.bias
  - Froze policy model parameter: model.vqmodel.encoder.mid.block_1.norm2.weight
  - Froze policy model parameter: model.vqmodel.encoder.mid.block_1.norm2.bias
  - Froze policy model parameter: model.vqmodel.encoder.mid.block_1.conv2.weight
  - Froze policy model parameter: model.vqmodel.encoder.mid.block_1.conv2.bias
  - Froze policy model parameter: model.vqmodel.encoder.mid.attn_1.norm.weight
  - Froze policy model parameter: model.vqmodel.encoder.mid.attn_1.norm.bias
  - Froze policy model parameter: model.vqmodel.encoder.mid.attn_1.q.weight
  - Froze policy model parameter: model.vqmodel.encoder.mid.attn_1.q.bias
  - Froze policy model parameter: model.vqmodel.encoder.mid.attn_1.k.weight
  - Froze policy model parameter: model.vqmodel.encoder.mid.attn_1.k.bias
  - Froze policy model parameter: model.vqmodel.encoder.mid.attn_1.v.weight
  - Froze policy model parameter: model.vqmodel.encoder.mid.attn_1.v.bias
  - Froze policy model parameter: model.vqmodel.encoder.mid.attn_1.proj_out.weight
  - Froze policy model parameter: model.vqmodel.encoder.mid.attn_1.proj_out.bias
  - Froze policy model parameter: model.vqmodel.encoder.mid.block_2.norm1.weight
  - Froze policy model parameter: model.vqmodel.encoder.mid.block_2.norm1.bias
  - Froze policy model parameter: model.vqmodel.encoder.mid.block_2.conv1.weight
  - Froze policy model parameter: model.vqmodel.encoder.mid.block_2.conv1.bias
  - Froze policy model parameter: model.vqmodel.encoder.mid.block_2.norm2.weight
  - Froze policy model parameter: model.vqmodel.encoder.mid.block_2.norm2.bias
  - Froze policy model parameter: model.vqmodel.encoder.mid.block_2.conv2.weight
  - Froze policy model parameter: model.vqmodel.encoder.mid.block_2.conv2.bias
  - Froze policy model parameter: model.vqmodel.encoder.norm_out.weight
  - Froze policy model parameter: model.vqmodel.encoder.norm_out.bias
  - Froze policy model parameter: model.vqmodel.encoder.conv_out.weight
  - Froze policy model parameter: model.vqmodel.encoder.conv_out.bias
  - Froze policy model parameter: model.vqmodel.decoder.conv_in.weight
  - Froze policy model parameter: model.vqmodel.decoder.conv_in.bias
  - Froze policy model parameter: model.vqmodel.decoder.mid.block_1.norm1.weight
  - Froze policy model parameter: model.vqmodel.decoder.mid.block_1.norm1.bias
  - Froze policy model parameter: model.vqmodel.decoder.mid.block_1.conv1.weight
  - Froze policy model parameter: model.vqmodel.decoder.mid.block_1.conv1.bias
  - Froze policy model parameter: model.vqmodel.decoder.mid.block_1.norm2.weight
  - Froze policy model parameter: model.vqmodel.decoder.mid.block_1.norm2.bias
  - Froze policy model parameter: model.vqmodel.decoder.mid.block_1.conv2.weight
  - Froze policy model parameter: model.vqmodel.decoder.mid.block_1.conv2.bias
  - Froze policy model parameter: model.vqmodel.decoder.mid.attn_1.norm.weight
  - Froze policy model parameter: model.vqmodel.decoder.mid.attn_1.norm.bias
  - Froze policy model parameter: model.vqmodel.decoder.mid.attn_1.q.weight
  - Froze policy model parameter: model.vqmodel.decoder.mid.attn_1.q.bias
  - Froze policy model parameter: model.vqmodel.decoder.mid.attn_1.k.weight
  - Froze policy model parameter: model.vqmodel.decoder.mid.attn_1.k.bias
  - Froze policy model parameter: model.vqmodel.decoder.mid.attn_1.v.weight
  - Froze policy model parameter: model.vqmodel.decoder.mid.attn_1.v.bias
  - Froze policy model parameter: model.vqmodel.decoder.mid.attn_1.proj_out.weight
  - Froze policy model parameter: model.vqmodel.decoder.mid.attn_1.proj_out.bias
  - Froze policy model parameter: model.vqmodel.decoder.mid.block_2.norm1.weight
  - Froze policy model parameter: model.vqmodel.decoder.mid.block_2.norm1.bias
  - Froze policy model parameter: model.vqmodel.decoder.mid.block_2.conv1.weight
  - Froze policy model parameter: model.vqmodel.decoder.mid.block_2.conv1.bias
  - Froze policy model parameter: model.vqmodel.decoder.mid.block_2.norm2.weight
  - Froze policy model parameter: model.vqmodel.decoder.mid.block_2.norm2.bias
  - Froze policy model parameter: model.vqmodel.decoder.mid.block_2.conv2.weight
  - Froze policy model parameter: model.vqmodel.decoder.mid.block_2.conv2.bias
  - Froze policy model parameter: model.vqmodel.decoder.up.0.block.0.norm1.weight
  - Froze policy model parameter: model.vqmodel.decoder.up.0.block.0.norm1.bias
  - Froze policy model parameter: model.vqmodel.decoder.up.0.block.0.conv1.weight
  - Froze policy model parameter: model.vqmodel.decoder.up.0.block.0.conv1.bias
  - Froze policy model parameter: model.vqmodel.decoder.up.0.block.0.norm2.weight
  - Froze policy model parameter: model.vqmodel.decoder.up.0.block.0.norm2.bias
  - Froze policy model parameter: model.vqmodel.decoder.up.0.block.0.conv2.weight
  - Froze policy model parameter: model.vqmodel.decoder.up.0.block.0.conv2.bias
  - Froze policy model parameter: model.vqmodel.decoder.up.0.block.1.norm1.weight
  - Froze policy model parameter: model.vqmodel.decoder.up.0.block.1.norm1.bias
  - Froze policy model parameter: model.vqmodel.decoder.up.0.block.1.conv1.weight
  - Froze policy model parameter: model.vqmodel.decoder.up.0.block.1.conv1.bias
  - Froze policy model parameter: model.vqmodel.decoder.up.0.block.1.norm2.weight
  - Froze policy model parameter: model.vqmodel.decoder.up.0.block.1.norm2.bias
  - Froze policy model parameter: model.vqmodel.decoder.up.0.block.1.conv2.weight
  - Froze policy model parameter: model.vqmodel.decoder.up.0.block.1.conv2.bias
  - Froze policy model parameter: model.vqmodel.decoder.up.0.block.2.norm1.weight
  - Froze policy model parameter: model.vqmodel.decoder.up.0.block.2.norm1.bias
  - Froze policy model parameter: model.vqmodel.decoder.up.0.block.2.conv1.weight
  - Froze policy model parameter: model.vqmodel.decoder.up.0.block.2.conv1.bias
  - Froze policy model parameter: model.vqmodel.decoder.up.0.block.2.norm2.weight
  - Froze policy model parameter: model.vqmodel.decoder.up.0.block.2.norm2.bias
  - Froze policy model parameter: model.vqmodel.decoder.up.0.block.2.conv2.weight
  - Froze policy model parameter: model.vqmodel.decoder.up.0.block.2.conv2.bias
  - Froze policy model parameter: model.vqmodel.decoder.up.1.block.0.norm1.weight
  - Froze policy model parameter: model.vqmodel.decoder.up.1.block.0.norm1.bias
  - Froze policy model parameter: model.vqmodel.decoder.up.1.block.0.conv1.weight
  - Froze policy model parameter: model.vqmodel.decoder.up.1.block.0.conv1.bias
  - Froze policy model parameter: model.vqmodel.decoder.up.1.block.0.norm2.weight
  - Froze policy model parameter: model.vqmodel.decoder.up.1.block.0.norm2.bias
  - Froze policy model parameter: model.vqmodel.decoder.up.1.block.0.conv2.weight
  - Froze policy model parameter: model.vqmodel.decoder.up.1.block.0.conv2.bias
  - Froze policy model parameter: model.vqmodel.decoder.up.1.block.0.nin_shortcut.weight
  - Froze policy model parameter: model.vqmodel.decoder.up.1.block.0.nin_shortcut.bias
  - Froze policy model parameter: model.vqmodel.decoder.up.1.block.1.norm1.weight
  - Froze policy model parameter: model.vqmodel.decoder.up.1.block.1.norm1.bias
  - Froze policy model parameter: model.vqmodel.decoder.up.1.block.1.conv1.weight
  - Froze policy model parameter: model.vqmodel.decoder.up.1.block.1.conv1.bias
  - Froze policy model parameter: model.vqmodel.decoder.up.1.block.1.norm2.weight
  - Froze policy model parameter: model.vqmodel.decoder.up.1.block.1.norm2.bias
  - Froze policy model parameter: model.vqmodel.decoder.up.1.block.1.conv2.weight
  - Froze policy model parameter: model.vqmodel.decoder.up.1.block.1.conv2.bias
  - Froze policy model parameter: model.vqmodel.decoder.up.1.block.2.norm1.weight
  - Froze policy model parameter: model.vqmodel.decoder.up.1.block.2.norm1.bias
  - Froze policy model parameter: model.vqmodel.decoder.up.1.block.2.conv1.weight
  - Froze policy model parameter: model.vqmodel.decoder.up.1.block.2.conv1.bias
  - Froze policy model parameter: model.vqmodel.decoder.up.1.block.2.norm2.weight
  - Froze policy model parameter: model.vqmodel.decoder.up.1.block.2.norm2.bias
  - Froze policy model parameter: model.vqmodel.decoder.up.1.block.2.conv2.weight
  - Froze policy model parameter: model.vqmodel.decoder.up.1.block.2.conv2.bias
  - Froze policy model parameter: model.vqmodel.decoder.up.1.upsample.conv.weight
  - Froze policy model parameter: model.vqmodel.decoder.up.1.upsample.conv.bias
  - Froze policy model parameter: model.vqmodel.decoder.up.2.block.0.norm1.weight
  - Froze policy model parameter: model.vqmodel.decoder.up.2.block.0.norm1.bias
  - Froze policy model parameter: model.vqmodel.decoder.up.2.block.0.conv1.weight
  - Froze policy model parameter: model.vqmodel.decoder.up.2.block.0.conv1.bias
  - Froze policy model parameter: model.vqmodel.decoder.up.2.block.0.norm2.weight
  - Froze policy model parameter: model.vqmodel.decoder.up.2.block.0.norm2.bias
  - Froze policy model parameter: model.vqmodel.decoder.up.2.block.0.conv2.weight
  - Froze policy model parameter: model.vqmodel.decoder.up.2.block.0.conv2.bias
  - Froze policy model parameter: model.vqmodel.decoder.up.2.block.1.norm1.weight
  - Froze policy model parameter: model.vqmodel.decoder.up.2.block.1.norm1.bias
  - Froze policy model parameter: model.vqmodel.decoder.up.2.block.1.conv1.weight
  - Froze policy model parameter: model.vqmodel.decoder.up.2.block.1.conv1.bias
  - Froze policy model parameter: model.vqmodel.decoder.up.2.block.1.norm2.weight
  - Froze policy model parameter: model.vqmodel.decoder.up.2.block.1.norm2.bias
  - Froze policy model parameter: model.vqmodel.decoder.up.2.block.1.conv2.weight
  - Froze policy model parameter: model.vqmodel.decoder.up.2.block.1.conv2.bias
  - Froze policy model parameter: model.vqmodel.decoder.up.2.block.2.norm1.weight
  - Froze policy model parameter: model.vqmodel.decoder.up.2.block.2.norm1.bias
  - Froze policy model parameter: model.vqmodel.decoder.up.2.block.2.conv1.weight
  - Froze policy model parameter: model.vqmodel.decoder.up.2.block.2.conv1.bias
  - Froze policy model parameter: model.vqmodel.decoder.up.2.block.2.norm2.weight
  - Froze policy model parameter: model.vqmodel.decoder.up.2.block.2.norm2.bias
  - Froze policy model parameter: model.vqmodel.decoder.up.2.block.2.conv2.weight
  - Froze policy model parameter: model.vqmodel.decoder.up.2.block.2.conv2.bias
  - Froze policy model parameter: model.vqmodel.decoder.up.2.upsample.conv.weight
  - Froze policy model parameter: model.vqmodel.decoder.up.2.upsample.conv.bias
  - Froze policy model parameter: model.vqmodel.decoder.up.3.block.0.norm1.weight
  - Froze policy model parameter: model.vqmodel.decoder.up.3.block.0.norm1.bias
  - Froze policy model parameter: model.vqmodel.decoder.up.3.block.0.conv1.weight
  - Froze policy model parameter: model.vqmodel.decoder.up.3.block.0.conv1.bias
  - Froze policy model parameter: model.vqmodel.decoder.up.3.block.0.norm2.weight
  - Froze policy model parameter: model.vqmodel.decoder.up.3.block.0.norm2.bias
  - Froze policy model parameter: model.vqmodel.decoder.up.3.block.0.conv2.weight
  - Froze policy model parameter: model.vqmodel.decoder.up.3.block.0.conv2.bias
  - Froze policy model parameter: model.vqmodel.decoder.up.3.block.0.nin_shortcut.weight
  - Froze policy model parameter: model.vqmodel.decoder.up.3.block.0.nin_shortcut.bias
  - Froze policy model parameter: model.vqmodel.decoder.up.3.block.1.norm1.weight
  - Froze policy model parameter: model.vqmodel.decoder.up.3.block.1.norm1.bias
  - Froze policy model parameter: model.vqmodel.decoder.up.3.block.1.conv1.weight
  - Froze policy model parameter: model.vqmodel.decoder.up.3.block.1.conv1.bias
  - Froze policy model parameter: model.vqmodel.decoder.up.3.block.1.norm2.weight
  - Froze policy model parameter: model.vqmodel.decoder.up.3.block.1.norm2.bias
  - Froze policy model parameter: model.vqmodel.decoder.up.3.block.1.conv2.weight
  - Froze policy model parameter: model.vqmodel.decoder.up.3.block.1.conv2.bias
  - Froze policy model parameter: model.vqmodel.decoder.up.3.block.2.norm1.weight
  - Froze policy model parameter: model.vqmodel.decoder.up.3.block.2.norm1.bias
  - Froze policy model parameter: model.vqmodel.decoder.up.3.block.2.conv1.weight
  - Froze policy model parameter: model.vqmodel.decoder.up.3.block.2.conv1.bias
  - Froze policy model parameter: model.vqmodel.decoder.up.3.block.2.norm2.weight
  - Froze policy model parameter: model.vqmodel.decoder.up.3.block.2.norm2.bias
  - Froze policy model parameter: model.vqmodel.decoder.up.3.block.2.conv2.weight
  - Froze policy model parameter: model.vqmodel.decoder.up.3.block.2.conv2.bias
  - Froze policy model parameter: model.vqmodel.decoder.up.3.upsample.conv.weight
  - Froze policy model parameter: model.vqmodel.decoder.up.3.upsample.conv.bias
  - Froze policy model parameter: model.vqmodel.decoder.up.4.block.0.norm1.weight
  - Froze policy model parameter: model.vqmodel.decoder.up.4.block.0.norm1.bias
  - Froze policy model parameter: model.vqmodel.decoder.up.4.block.0.conv1.weight
  - Froze policy model parameter: model.vqmodel.decoder.up.4.block.0.conv1.bias
  - Froze policy model parameter: model.vqmodel.decoder.up.4.block.0.norm2.weight
  - Froze policy model parameter: model.vqmodel.decoder.up.4.block.0.norm2.bias
  - Froze policy model parameter: model.vqmodel.decoder.up.4.block.0.conv2.weight
  - Froze policy model parameter: model.vqmodel.decoder.up.4.block.0.conv2.bias
  - Froze policy model parameter: model.vqmodel.decoder.up.4.block.1.norm1.weight
  - Froze policy model parameter: model.vqmodel.decoder.up.4.block.1.norm1.bias
  - Froze policy model parameter: model.vqmodel.decoder.up.4.block.1.conv1.weight
  - Froze policy model parameter: model.vqmodel.decoder.up.4.block.1.conv1.bias
  - Froze policy model parameter: model.vqmodel.decoder.up.4.block.1.norm2.weight
  - Froze policy model parameter: model.vqmodel.decoder.up.4.block.1.norm2.bias
  - Froze policy model parameter: model.vqmodel.decoder.up.4.block.1.conv2.weight
  - Froze policy model parameter: model.vqmodel.decoder.up.4.block.1.conv2.bias
  - Froze policy model parameter: model.vqmodel.decoder.up.4.block.2.norm1.weight
  - Froze policy model parameter: model.vqmodel.decoder.up.4.block.2.norm1.bias
  - Froze policy model parameter: model.vqmodel.decoder.up.4.block.2.conv1.weight
  - Froze policy model parameter: model.vqmodel.decoder.up.4.block.2.conv1.bias
  - Froze policy model parameter: model.vqmodel.decoder.up.4.block.2.norm2.weight
  - Froze policy model parameter: model.vqmodel.decoder.up.4.block.2.norm2.bias
  - Froze policy model parameter: model.vqmodel.decoder.up.4.block.2.conv2.weight
  - Froze policy model parameter: model.vqmodel.decoder.up.4.block.2.conv2.bias
  - Froze policy model parameter: model.vqmodel.decoder.up.4.upsample.conv.weight
  - Froze policy model parameter: model.vqmodel.decoder.up.4.upsample.conv.bias
  - Froze policy model parameter: model.vqmodel.decoder.norm_out.weight
  - Froze policy model parameter: model.vqmodel.decoder.norm_out.bias
  - Froze policy model parameter: model.vqmodel.decoder.conv_out.weight
  - Froze policy model parameter: model.vqmodel.decoder.conv_out.bias
  - Froze policy model parameter: model.vqmodel.quantize.embedding.weight
  - Froze policy model parameter: model.vqmodel.quant_conv.weight
  - Froze policy model parameter: model.vqmodel.quant_conv.bias
  - Froze policy model parameter: model.vqmodel.post_quant_conv.weight
  - Froze policy model parameter: model.vqmodel.post_quant_conv.bias
  - Froze policy model parameter: mlp_head.time_embed.mlp.0.weight
  - Froze policy model parameter: mlp_head.time_embed.mlp.0.bias
  - Froze policy model parameter: mlp_head.time_embed.mlp.2.weight
  - Froze policy model parameter: mlp_head.time_embed.mlp.2.bias
  - Froze policy model parameter: mlp_head.cond_embed.weight
  - Froze policy model parameter: mlp_head.cond_embed.bias
  - Froze policy model parameter: mlp_head.input_proj.weight
  - Froze policy model parameter: mlp_head.input_proj.bias
  - Froze policy model parameter: mlp_head.res_blocks.0.in_ln.weight
  - Froze policy model parameter: mlp_head.res_blocks.0.in_ln.bias
  - Froze policy model parameter: mlp_head.res_blocks.0.mlp.0.weight
  - Froze policy model parameter: mlp_head.res_blocks.0.mlp.0.bias
  - Froze policy model parameter: mlp_head.res_blocks.0.mlp.2.weight
  - Froze policy model parameter: mlp_head.res_blocks.0.mlp.2.bias
  - Froze policy model parameter: mlp_head.res_blocks.0.adaLN_modulation.1.weight
  - Froze policy model parameter: mlp_head.res_blocks.0.adaLN_modulation.1.bias
  - Froze policy model parameter: mlp_head.res_blocks.1.in_ln.weight
  - Froze policy model parameter: mlp_head.res_blocks.1.in_ln.bias
  - Froze policy model parameter: mlp_head.res_blocks.1.mlp.0.weight
  - Froze policy model parameter: mlp_head.res_blocks.1.mlp.0.bias
  - Froze policy model parameter: mlp_head.res_blocks.1.mlp.2.weight
  - Froze policy model parameter: mlp_head.res_blocks.1.mlp.2.bias
  - Froze policy model parameter: mlp_head.res_blocks.1.adaLN_modulation.1.weight
  - Froze policy model parameter: mlp_head.res_blocks.1.adaLN_modulation.1.bias
  - Froze policy model parameter: mlp_head.res_blocks.2.in_ln.weight
  - Froze policy model parameter: mlp_head.res_blocks.2.in_ln.bias
  - Froze policy model parameter: mlp_head.res_blocks.2.mlp.0.weight
  - Froze policy model parameter: mlp_head.res_blocks.2.mlp.0.bias
  - Froze policy model parameter: mlp_head.res_blocks.2.mlp.2.weight
  - Froze policy model parameter: mlp_head.res_blocks.2.mlp.2.bias
  - Froze policy model parameter: mlp_head.res_blocks.2.adaLN_modulation.1.weight
  - Froze policy model parameter: mlp_head.res_blocks.2.adaLN_modulation.1.bias
  - Froze policy model parameter: mlp_head.final_layer.linear.weight
  - Froze policy model parameter: mlp_head.final_layer.linear.bias
  - Froze policy model parameter: mlp_head.final_layer.adaLN_modulation.1.weight
  - Froze policy model parameter: mlp_head.final_layer.adaLN_modulation.1.bias
Model parts frozen.
Loaded 2 reward functions: ['answer_correctness_reward', 'format_reward']
Trainer initialized.
--- [Step 3/3] Starting GRPO training... ---
Loading checkpoint shards:   0%|          | 0/3 [00:00<?, ?it/s]`torch_dtype` is deprecated! Use `dtype` instead!
Loading checkpoint shards: 100%|██████████| 3/3 [00:00<00:00, 25.59it/s]Loading checkpoint shards: 100%|██████████| 3/3 [00:00<00:00, 25.53it/s]
Freezing non-trainable parts of the model...
  - Froze policy model parameter: model.vqmodel.encoder.conv_in.weight
  - Froze policy model parameter: model.vqmodel.encoder.conv_in.bias
  - Froze policy model parameter: model.vqmodel.encoder.down.0.block.0.norm1.weight
  - Froze policy model parameter: model.vqmodel.encoder.down.0.block.0.norm1.bias
  - Froze policy model parameter: model.vqmodel.encoder.down.0.block.0.conv1.weight
  - Froze policy model parameter: model.vqmodel.encoder.down.0.block.0.conv1.bias
  - Froze policy model parameter: model.vqmodel.encoder.down.0.block.0.norm2.weight
  - Froze policy model parameter: model.vqmodel.encoder.down.0.block.0.norm2.bias
  - Froze policy model parameter: model.vqmodel.encoder.down.0.block.0.conv2.weight
  - Froze policy model parameter: model.vqmodel.encoder.down.0.block.0.conv2.bias
  - Froze policy model parameter: model.vqmodel.encoder.down.0.block.1.norm1.weight
  - Froze policy model parameter: model.vqmodel.encoder.down.0.block.1.norm1.bias
  - Froze policy model parameter: model.vqmodel.encoder.down.0.block.1.conv1.weight
  - Froze policy model parameter: model.vqmodel.encoder.down.0.block.1.conv1.bias
  - Froze policy model parameter: model.vqmodel.encoder.down.0.block.1.norm2.weight
  - Froze policy model parameter: model.vqmodel.encoder.down.0.block.1.norm2.bias
  - Froze policy model parameter: model.vqmodel.encoder.down.0.block.1.conv2.weight
  - Froze policy model parameter: model.vqmodel.encoder.down.0.block.1.conv2.bias
  - Froze policy model parameter: model.vqmodel.encoder.down.0.downsample.conv.weight
  - Froze policy model parameter: model.vqmodel.encoder.down.0.downsample.conv.bias
  - Froze policy model parameter: model.vqmodel.encoder.down.1.block.0.norm1.weight
  - Froze policy model parameter: model.vqmodel.encoder.down.1.block.0.norm1.bias
  - Froze policy model parameter: model.vqmodel.encoder.down.1.block.0.conv1.weight
  - Froze policy model parameter: model.vqmodel.encoder.down.1.block.0.conv1.bias
  - Froze policy model parameter: model.vqmodel.encoder.down.1.block.0.norm2.weight
  - Froze policy model parameter: model.vqmodel.encoder.down.1.block.0.norm2.bias
  - Froze policy model parameter: model.vqmodel.encoder.down.1.block.0.conv2.weight
  - Froze policy model parameter: model.vqmodel.encoder.down.1.block.0.conv2.bias
  - Froze policy model parameter: model.vqmodel.encoder.down.1.block.1.norm1.weight
  - Froze policy model parameter: model.vqmodel.encoder.down.1.block.1.norm1.bias
  - Froze policy model parameter: model.vqmodel.encoder.down.1.block.1.conv1.weight
  - Froze policy model parameter: model.vqmodel.encoder.down.1.block.1.conv1.bias
  - Froze policy model parameter: model.vqmodel.encoder.down.1.block.1.norm2.weight
  - Froze policy model parameter: model.vqmodel.encoder.down.1.block.1.norm2.bias
  - Froze policy model parameter: model.vqmodel.encoder.down.1.block.1.conv2.weight
  - Froze policy model parameter: model.vqmodel.encoder.down.1.block.1.conv2.bias
  - Froze policy model parameter: model.vqmodel.encoder.down.1.downsample.conv.weight
  - Froze policy model parameter: model.vqmodel.encoder.down.1.downsample.conv.bias
  - Froze policy model parameter: model.vqmodel.encoder.down.2.block.0.norm1.weight
  - Froze policy model parameter: model.vqmodel.encoder.down.2.block.0.norm1.bias
  - Froze policy model parameter: model.vqmodel.encoder.down.2.block.0.conv1.weight
  - Froze policy model parameter: model.vqmodel.encoder.down.2.block.0.conv1.bias
  - Froze policy model parameter: model.vqmodel.encoder.down.2.block.0.norm2.weight
  - Froze policy model parameter: model.vqmodel.encoder.down.2.block.0.norm2.bias
  - Froze policy model parameter: model.vqmodel.encoder.down.2.block.0.conv2.weight
  - Froze policy model parameter: model.vqmodel.encoder.down.2.block.0.conv2.bias
  - Froze policy model parameter: model.vqmodel.encoder.down.2.block.0.nin_shortcut.weight
  - Froze policy model parameter: model.vqmodel.encoder.down.2.block.0.nin_shortcut.bias
  - Froze policy model parameter: model.vqmodel.encoder.down.2.block.1.norm1.weight
  - Froze policy model parameter: model.vqmodel.encoder.down.2.block.1.norm1.bias
  - Froze policy model parameter: model.vqmodel.encoder.down.2.block.1.conv1.weight
  - Froze policy model parameter: model.vqmodel.encoder.down.2.block.1.conv1.bias
  - Froze policy model parameter: model.vqmodel.encoder.down.2.block.1.norm2.weight
  - Froze policy model parameter: model.vqmodel.encoder.down.2.block.1.norm2.bias
  - Froze policy model parameter: model.vqmodel.encoder.down.2.block.1.conv2.weight
  - Froze policy model parameter: model.vqmodel.encoder.down.2.block.1.conv2.bias
  - Froze policy model parameter: model.vqmodel.encoder.down.2.downsample.conv.weight
  - Froze policy model parameter: model.vqmodel.encoder.down.2.downsample.conv.bias
  - Froze policy model parameter: model.vqmodel.encoder.down.3.block.0.norm1.weight
  - Froze policy model parameter: model.vqmodel.encoder.down.3.block.0.norm1.bias
  - Froze policy model parameter: model.vqmodel.encoder.down.3.block.0.conv1.weight
  - Froze policy model parameter: model.vqmodel.encoder.down.3.block.0.conv1.bias
  - Froze policy model parameter: model.vqmodel.encoder.down.3.block.0.norm2.weight
  - Froze policy model parameter: model.vqmodel.encoder.down.3.block.0.norm2.bias
  - Froze policy model parameter: model.vqmodel.encoder.down.3.block.0.conv2.weight
  - Froze policy model parameter: model.vqmodel.encoder.down.3.block.0.conv2.bias
  - Froze policy model parameter: model.vqmodel.encoder.down.3.block.1.norm1.weight
  - Froze policy model parameter: model.vqmodel.encoder.down.3.block.1.norm1.bias
  - Froze policy model parameter: model.vqmodel.encoder.down.3.block.1.conv1.weight
  - Froze policy model parameter: model.vqmodel.encoder.down.3.block.1.conv1.bias
  - Froze policy model parameter: model.vqmodel.encoder.down.3.block.1.norm2.weight
  - Froze policy model parameter: model.vqmodel.encoder.down.3.block.1.norm2.bias
  - Froze policy model parameter: model.vqmodel.encoder.down.3.block.1.conv2.weight
  - Froze policy model parameter: model.vqmodel.encoder.down.3.block.1.conv2.bias
  - Froze policy model parameter: model.vqmodel.encoder.down.3.downsample.conv.weight
  - Froze policy model parameter: model.vqmodel.encoder.down.3.downsample.conv.bias
  - Froze policy model parameter: model.vqmodel.encoder.down.4.block.0.norm1.weight
  - Froze policy model parameter: model.vqmodel.encoder.down.4.block.0.norm1.bias
  - Froze policy model parameter: model.vqmodel.encoder.down.4.block.0.conv1.weight
  - Froze policy model parameter: model.vqmodel.encoder.down.4.block.0.conv1.bias
  - Froze policy model parameter: model.vqmodel.encoder.down.4.block.0.norm2.weight
  - Froze policy model parameter: model.vqmodel.encoder.down.4.block.0.norm2.bias
  - Froze policy model parameter: model.vqmodel.encoder.down.4.block.0.conv2.weight
  - Froze policy model parameter: model.vqmodel.encoder.down.4.block.0.conv2.bias
  - Froze policy model parameter: model.vqmodel.encoder.down.4.block.0.nin_shortcut.weight
  - Froze policy model parameter: model.vqmodel.encoder.down.4.block.0.nin_shortcut.bias
  - Froze policy model parameter: model.vqmodel.encoder.down.4.block.1.norm1.weight
  - Froze policy model parameter: model.vqmodel.encoder.down.4.block.1.norm1.bias
  - Froze policy model parameter: model.vqmodel.encoder.down.4.block.1.conv1.weight
  - Froze policy model parameter: model.vqmodel.encoder.down.4.block.1.conv1.bias
  - Froze policy model parameter: model.vqmodel.encoder.down.4.block.1.norm2.weight
  - Froze policy model parameter: model.vqmodel.encoder.down.4.block.1.norm2.bias
  - Froze policy model parameter: model.vqmodel.encoder.down.4.block.1.conv2.weight
  - Froze policy model parameter: model.vqmodel.encoder.down.4.block.1.conv2.bias
  - Froze policy model parameter: model.vqmodel.encoder.mid.block_1.norm1.weight
  - Froze policy model parameter: model.vqmodel.encoder.mid.block_1.norm1.bias
  - Froze policy model parameter: model.vqmodel.encoder.mid.block_1.conv1.weight
  - Froze policy model parameter: model.vqmodel.encoder.mid.block_1.conv1.bias
  - Froze policy model parameter: model.vqmodel.encoder.mid.block_1.norm2.weight
  - Froze policy model parameter: model.vqmodel.encoder.mid.block_1.norm2.bias
  - Froze policy model parameter: model.vqmodel.encoder.mid.block_1.conv2.weight
  - Froze policy model parameter: model.vqmodel.encoder.mid.block_1.conv2.bias
  - Froze policy model parameter: model.vqmodel.encoder.mid.attn_1.norm.weight
  - Froze policy model parameter: model.vqmodel.encoder.mid.attn_1.norm.bias
  - Froze policy model parameter: model.vqmodel.encoder.mid.attn_1.q.weight
  - Froze policy model parameter: model.vqmodel.encoder.mid.attn_1.q.bias
  - Froze policy model parameter: model.vqmodel.encoder.mid.attn_1.k.weight
  - Froze policy model parameter: model.vqmodel.encoder.mid.attn_1.k.bias
  - Froze policy model parameter: model.vqmodel.encoder.mid.attn_1.v.weight
  - Froze policy model parameter: model.vqmodel.encoder.mid.attn_1.v.bias
  - Froze policy model parameter: model.vqmodel.encoder.mid.attn_1.proj_out.weight
  - Froze policy model parameter: model.vqmodel.encoder.mid.attn_1.proj_out.bias
  - Froze policy model parameter: model.vqmodel.encoder.mid.block_2.norm1.weight
  - Froze policy model parameter: model.vqmodel.encoder.mid.block_2.norm1.bias
  - Froze policy model parameter: model.vqmodel.encoder.mid.block_2.conv1.weight
  - Froze policy model parameter: model.vqmodel.encoder.mid.block_2.conv1.bias
  - Froze policy model parameter: model.vqmodel.encoder.mid.block_2.norm2.weight
  - Froze policy model parameter: model.vqmodel.encoder.mid.block_2.norm2.bias
  - Froze policy model parameter: model.vqmodel.encoder.mid.block_2.conv2.weight
  - Froze policy model parameter: model.vqmodel.encoder.mid.block_2.conv2.bias
  - Froze policy model parameter: model.vqmodel.encoder.norm_out.weight
  - Froze policy model parameter: model.vqmodel.encoder.norm_out.bias
  - Froze policy model parameter: model.vqmodel.encoder.conv_out.weight
  - Froze policy model parameter: model.vqmodel.encoder.conv_out.bias
  - Froze policy model parameter: model.vqmodel.decoder.conv_in.weight
  - Froze policy model parameter: model.vqmodel.decoder.conv_in.bias
  - Froze policy model parameter: model.vqmodel.decoder.mid.block_1.norm1.weight
  - Froze policy model parameter: model.vqmodel.decoder.mid.block_1.norm1.bias
  - Froze policy model parameter: model.vqmodel.decoder.mid.block_1.conv1.weight
  - Froze policy model parameter: model.vqmodel.decoder.mid.block_1.conv1.bias
  - Froze policy model parameter: model.vqmodel.decoder.mid.block_1.norm2.weight
  - Froze policy model parameter: model.vqmodel.decoder.mid.block_1.norm2.bias
  - Froze policy model parameter: model.vqmodel.decoder.mid.block_1.conv2.weight
  - Froze policy model parameter: model.vqmodel.decoder.mid.block_1.conv2.bias
  - Froze policy model parameter: model.vqmodel.decoder.mid.attn_1.norm.weight
  - Froze policy model parameter: model.vqmodel.decoder.mid.attn_1.norm.bias
  - Froze policy model parameter: model.vqmodel.decoder.mid.attn_1.q.weight
  - Froze policy model parameter: model.vqmodel.decoder.mid.attn_1.q.bias
  - Froze policy model parameter: model.vqmodel.decoder.mid.attn_1.k.weight
  - Froze policy model parameter: model.vqmodel.decoder.mid.attn_1.k.bias
  - Froze policy model parameter: model.vqmodel.decoder.mid.attn_1.v.weight
  - Froze policy model parameter: model.vqmodel.decoder.mid.attn_1.v.bias
  - Froze policy model parameter: model.vqmodel.decoder.mid.attn_1.proj_out.weight
  - Froze policy model parameter: model.vqmodel.decoder.mid.attn_1.proj_out.bias
  - Froze policy model parameter: model.vqmodel.decoder.mid.block_2.norm1.weight
  - Froze policy model parameter: model.vqmodel.decoder.mid.block_2.norm1.bias
  - Froze policy model parameter: model.vqmodel.decoder.mid.block_2.conv1.weight
  - Froze policy model parameter: model.vqmodel.decoder.mid.block_2.conv1.bias
  - Froze policy model parameter: model.vqmodel.decoder.mid.block_2.norm2.weight
  - Froze policy model parameter: model.vqmodel.decoder.mid.block_2.norm2.bias
  - Froze policy model parameter: model.vqmodel.decoder.mid.block_2.conv2.weight
  - Froze policy model parameter: model.vqmodel.decoder.mid.block_2.conv2.bias
  - Froze policy model parameter: model.vqmodel.decoder.up.0.block.0.norm1.weight
  - Froze policy model parameter: model.vqmodel.decoder.up.0.block.0.norm1.bias
  - Froze policy model parameter: model.vqmodel.decoder.up.0.block.0.conv1.weight
  - Froze policy model parameter: model.vqmodel.decoder.up.0.block.0.conv1.bias
  - Froze policy model parameter: model.vqmodel.decoder.up.0.block.0.norm2.weight
  - Froze policy model parameter: model.vqmodel.decoder.up.0.block.0.norm2.bias
  - Froze policy model parameter: model.vqmodel.decoder.up.0.block.0.conv2.weight
  - Froze policy model parameter: model.vqmodel.decoder.up.0.block.0.conv2.bias
  - Froze policy model parameter: model.vqmodel.decoder.up.0.block.1.norm1.weight
  - Froze policy model parameter: model.vqmodel.decoder.up.0.block.1.norm1.bias
  - Froze policy model parameter: model.vqmodel.decoder.up.0.block.1.conv1.weight
  - Froze policy model parameter: model.vqmodel.decoder.up.0.block.1.conv1.bias
  - Froze policy model parameter: model.vqmodel.decoder.up.0.block.1.norm2.weight
  - Froze policy model parameter: model.vqmodel.decoder.up.0.block.1.norm2.bias
  - Froze policy model parameter: model.vqmodel.decoder.up.0.block.1.conv2.weight
  - Froze policy model parameter: model.vqmodel.decoder.up.0.block.1.conv2.bias
  - Froze policy model parameter: model.vqmodel.decoder.up.0.block.2.norm1.weight
  - Froze policy model parameter: model.vqmodel.decoder.up.0.block.2.norm1.bias
  - Froze policy model parameter: model.vqmodel.decoder.up.0.block.2.conv1.weight
  - Froze policy model parameter: model.vqmodel.decoder.up.0.block.2.conv1.bias
  - Froze policy model parameter: model.vqmodel.decoder.up.0.block.2.norm2.weight
  - Froze policy model parameter: model.vqmodel.decoder.up.0.block.2.norm2.bias
  - Froze policy model parameter: model.vqmodel.decoder.up.0.block.2.conv2.weight
  - Froze policy model parameter: model.vqmodel.decoder.up.0.block.2.conv2.bias
  - Froze policy model parameter: model.vqmodel.decoder.up.1.block.0.norm1.weight
  - Froze policy model parameter: model.vqmodel.decoder.up.1.block.0.norm1.bias
  - Froze policy model parameter: model.vqmodel.decoder.up.1.block.0.conv1.weight
  - Froze policy model parameter: model.vqmodel.decoder.up.1.block.0.conv1.bias
  - Froze policy model parameter: model.vqmodel.decoder.up.1.block.0.norm2.weight
  - Froze policy model parameter: model.vqmodel.decoder.up.1.block.0.norm2.bias
  - Froze policy model parameter: model.vqmodel.decoder.up.1.block.0.conv2.weight
  - Froze policy model parameter: model.vqmodel.decoder.up.1.block.0.conv2.bias
  - Froze policy model parameter: model.vqmodel.decoder.up.1.block.0.nin_shortcut.weight
  - Froze policy model parameter: model.vqmodel.decoder.up.1.block.0.nin_shortcut.bias
  - Froze policy model parameter: model.vqmodel.decoder.up.1.block.1.norm1.weight
  - Froze policy model parameter: model.vqmodel.decoder.up.1.block.1.norm1.bias
  - Froze policy model parameter: model.vqmodel.decoder.up.1.block.1.conv1.weight
  - Froze policy model parameter: model.vqmodel.decoder.up.1.block.1.conv1.bias
  - Froze policy model parameter: model.vqmodel.decoder.up.1.block.1.norm2.weight
  - Froze policy model parameter: model.vqmodel.decoder.up.1.block.1.norm2.bias
  - Froze policy model parameter: model.vqmodel.decoder.up.1.block.1.conv2.weight
  - Froze policy model parameter: model.vqmodel.decoder.up.1.block.1.conv2.bias
  - Froze policy model parameter: model.vqmodel.decoder.up.1.block.2.norm1.weight
  - Froze policy model parameter: model.vqmodel.decoder.up.1.block.2.norm1.bias
  - Froze policy model parameter: model.vqmodel.decoder.up.1.block.2.conv1.weight
  - Froze policy model parameter: model.vqmodel.decoder.up.1.block.2.conv1.bias
  - Froze policy model parameter: model.vqmodel.decoder.up.1.block.2.norm2.weight
  - Froze policy model parameter: model.vqmodel.decoder.up.1.block.2.norm2.bias
  - Froze policy model parameter: model.vqmodel.decoder.up.1.block.2.conv2.weight
  - Froze policy model parameter: model.vqmodel.decoder.up.1.block.2.conv2.bias
  - Froze policy model parameter: model.vqmodel.decoder.up.1.upsample.conv.weight
  - Froze policy model parameter: model.vqmodel.decoder.up.1.upsample.conv.bias
  - Froze policy model parameter: model.vqmodel.decoder.up.2.block.0.norm1.weight
  - Froze policy model parameter: model.vqmodel.decoder.up.2.block.0.norm1.bias
  - Froze policy model parameter: model.vqmodel.decoder.up.2.block.0.conv1.weight
  - Froze policy model parameter: model.vqmodel.decoder.up.2.block.0.conv1.bias
  - Froze policy model parameter: model.vqmodel.decoder.up.2.block.0.norm2.weight
  - Froze policy model parameter: model.vqmodel.decoder.up.2.block.0.norm2.bias
  - Froze policy model parameter: model.vqmodel.decoder.up.2.block.0.conv2.weight
  - Froze policy model parameter: model.vqmodel.decoder.up.2.block.0.conv2.bias
  - Froze policy model parameter: model.vqmodel.decoder.up.2.block.1.norm1.weight
  - Froze policy model parameter: model.vqmodel.decoder.up.2.block.1.norm1.bias
  - Froze policy model parameter: model.vqmodel.decoder.up.2.block.1.conv1.weight
  - Froze policy model parameter: model.vqmodel.decoder.up.2.block.1.conv1.bias
  - Froze policy model parameter: model.vqmodel.decoder.up.2.block.1.norm2.weight
  - Froze policy model parameter: model.vqmodel.decoder.up.2.block.1.norm2.bias
  - Froze policy model parameter: model.vqmodel.decoder.up.2.block.1.conv2.weight
  - Froze policy model parameter: model.vqmodel.decoder.up.2.block.1.conv2.bias
  - Froze policy model parameter: model.vqmodel.decoder.up.2.block.2.norm1.weight
  - Froze policy model parameter: model.vqmodel.decoder.up.2.block.2.norm1.bias
  - Froze policy model parameter: model.vqmodel.decoder.up.2.block.2.conv1.weight
  - Froze policy model parameter: model.vqmodel.decoder.up.2.block.2.conv1.bias
  - Froze policy model parameter: model.vqmodel.decoder.up.2.block.2.norm2.weight
  - Froze policy model parameter: model.vqmodel.decoder.up.2.block.2.norm2.bias
  - Froze policy model parameter: model.vqmodel.decoder.up.2.block.2.conv2.weight
  - Froze policy model parameter: model.vqmodel.decoder.up.2.block.2.conv2.bias
  - Froze policy model parameter: model.vqmodel.decoder.up.2.upsample.conv.weight
  - Froze policy model parameter: model.vqmodel.decoder.up.2.upsample.conv.bias
  - Froze policy model parameter: model.vqmodel.decoder.up.3.block.0.norm1.weight
  - Froze policy model parameter: model.vqmodel.decoder.up.3.block.0.norm1.bias
  - Froze policy model parameter: model.vqmodel.decoder.up.3.block.0.conv1.weight
  - Froze policy model parameter: model.vqmodel.decoder.up.3.block.0.conv1.bias
  - Froze policy model parameter: model.vqmodel.decoder.up.3.block.0.norm2.weight
  - Froze policy model parameter: model.vqmodel.decoder.up.3.block.0.norm2.bias
  - Froze policy model parameter: model.vqmodel.decoder.up.3.block.0.conv2.weight
  - Froze policy model parameter: model.vqmodel.decoder.up.3.block.0.conv2.bias
  - Froze policy model parameter: model.vqmodel.decoder.up.3.block.0.nin_shortcut.weight
  - Froze policy model parameter: model.vqmodel.decoder.up.3.block.0.nin_shortcut.bias
  - Froze policy model parameter: model.vqmodel.decoder.up.3.block.1.norm1.weight
  - Froze policy model parameter: model.vqmodel.decoder.up.3.block.1.norm1.bias
  - Froze policy model parameter: model.vqmodel.decoder.up.3.block.1.conv1.weight
  - Froze policy model parameter: model.vqmodel.decoder.up.3.block.1.conv1.bias
  - Froze policy model parameter: model.vqmodel.decoder.up.3.block.1.norm2.weight
  - Froze policy model parameter: model.vqmodel.decoder.up.3.block.1.norm2.bias
  - Froze policy model parameter: model.vqmodel.decoder.up.3.block.1.conv2.weight
  - Froze policy model parameter: model.vqmodel.decoder.up.3.block.1.conv2.bias
  - Froze policy model parameter: model.vqmodel.decoder.up.3.block.2.norm1.weight
  - Froze policy model parameter: model.vqmodel.decoder.up.3.block.2.norm1.bias
  - Froze policy model parameter: model.vqmodel.decoder.up.3.block.2.conv1.weight
  - Froze policy model parameter: model.vqmodel.decoder.up.3.block.2.conv1.bias
  - Froze policy model parameter: model.vqmodel.decoder.up.3.block.2.norm2.weight
  - Froze policy model parameter: model.vqmodel.decoder.up.3.block.2.norm2.bias
  - Froze policy model parameter: model.vqmodel.decoder.up.3.block.2.conv2.weight
  - Froze policy model parameter: model.vqmodel.decoder.up.3.block.2.conv2.bias
  - Froze policy model parameter: model.vqmodel.decoder.up.3.upsample.conv.weight
  - Froze policy model parameter: model.vqmodel.decoder.up.3.upsample.conv.bias
  - Froze policy model parameter: model.vqmodel.decoder.up.4.block.0.norm1.weight
  - Froze policy model parameter: model.vqmodel.decoder.up.4.block.0.norm1.bias
  - Froze policy model parameter: model.vqmodel.decoder.up.4.block.0.conv1.weight
  - Froze policy model parameter: model.vqmodel.decoder.up.4.block.0.conv1.bias
  - Froze policy model parameter: model.vqmodel.decoder.up.4.block.0.norm2.weight
  - Froze policy model parameter: model.vqmodel.decoder.up.4.block.0.norm2.bias
  - Froze policy model parameter: model.vqmodel.decoder.up.4.block.0.conv2.weight
  - Froze policy model parameter: model.vqmodel.decoder.up.4.block.0.conv2.bias
  - Froze policy model parameter: model.vqmodel.decoder.up.4.block.1.norm1.weight
  - Froze policy model parameter: model.vqmodel.decoder.up.4.block.1.norm1.bias
  - Froze policy model parameter: model.vqmodel.decoder.up.4.block.1.conv1.weight
  - Froze policy model parameter: model.vqmodel.decoder.up.4.block.1.conv1.bias
  - Froze policy model parameter: model.vqmodel.decoder.up.4.block.1.norm2.weight
  - Froze policy model parameter: model.vqmodel.decoder.up.4.block.1.norm2.bias
  - Froze policy model parameter: model.vqmodel.decoder.up.4.block.1.conv2.weight
  - Froze policy model parameter: model.vqmodel.decoder.up.4.block.1.conv2.bias
  - Froze policy model parameter: model.vqmodel.decoder.up.4.block.2.norm1.weight
  - Froze policy model parameter: model.vqmodel.decoder.up.4.block.2.norm1.bias
  - Froze policy model parameter: model.vqmodel.decoder.up.4.block.2.conv1.weight
  - Froze policy model parameter: model.vqmodel.decoder.up.4.block.2.conv1.bias
  - Froze policy model parameter: model.vqmodel.decoder.up.4.block.2.norm2.weight
  - Froze policy model parameter: model.vqmodel.decoder.up.4.block.2.norm2.bias
  - Froze policy model parameter: model.vqmodel.decoder.up.4.block.2.conv2.weight
  - Froze policy model parameter: model.vqmodel.decoder.up.4.block.2.conv2.bias
  - Froze policy model parameter: model.vqmodel.decoder.up.4.upsample.conv.weight
  - Froze policy model parameter: model.vqmodel.decoder.up.4.upsample.conv.bias
  - Froze policy model parameter: model.vqmodel.decoder.norm_out.weight
  - Froze policy model parameter: model.vqmodel.decoder.norm_out.bias
  - Froze policy model parameter: model.vqmodel.decoder.conv_out.weight
  - Froze policy model parameter: model.vqmodel.decoder.conv_out.bias
  - Froze policy model parameter: model.vqmodel.quantize.embedding.weight
  - Froze policy model parameter: model.vqmodel.quant_conv.weight
  - Froze policy model parameter: model.vqmodel.quant_conv.bias
  - Froze policy model parameter: model.vqmodel.post_quant_conv.weight
  - Froze policy model parameter: model.vqmodel.post_quant_conv.bias
  - Froze policy model parameter: mlp_head.time_embed.mlp.0.weight
  - Froze policy model parameter: mlp_head.time_embed.mlp.0.bias
  - Froze policy model parameter: mlp_head.time_embed.mlp.2.weight
  - Froze policy model parameter: mlp_head.time_embed.mlp.2.bias
  - Froze policy model parameter: mlp_head.cond_embed.weight
  - Froze policy model parameter: mlp_head.cond_embed.bias
  - Froze policy model parameter: mlp_head.input_proj.weight
  - Froze policy model parameter: mlp_head.input_proj.bias
  - Froze policy model parameter: mlp_head.res_blocks.0.in_ln.weight
  - Froze policy model parameter: mlp_head.res_blocks.0.in_ln.bias
  - Froze policy model parameter: mlp_head.res_blocks.0.mlp.0.weight
  - Froze policy model parameter: mlp_head.res_blocks.0.mlp.0.bias
  - Froze policy model parameter: mlp_head.res_blocks.0.mlp.2.weight
  - Froze policy model parameter: mlp_head.res_blocks.0.mlp.2.bias
  - Froze policy model parameter: mlp_head.res_blocks.0.adaLN_modulation.1.weight
  - Froze policy model parameter: mlp_head.res_blocks.0.adaLN_modulation.1.bias
  - Froze policy model parameter: mlp_head.res_blocks.1.in_ln.weight
  - Froze policy model parameter: mlp_head.res_blocks.1.in_ln.bias
  - Froze policy model parameter: mlp_head.res_blocks.1.mlp.0.weight
  - Froze policy model parameter: mlp_head.res_blocks.1.mlp.0.bias
  - Froze policy model parameter: mlp_head.res_blocks.1.mlp.2.weight
  - Froze policy model parameter: mlp_head.res_blocks.1.mlp.2.bias
  - Froze policy model parameter: mlp_head.res_blocks.1.adaLN_modulation.1.weight
  - Froze policy model parameter: mlp_head.res_blocks.1.adaLN_modulation.1.bias
  - Froze policy model parameter: mlp_head.res_blocks.2.in_ln.weight
  - Froze policy model parameter: mlp_head.res_blocks.2.in_ln.bias
  - Froze policy model parameter: mlp_head.res_blocks.2.mlp.0.weight
  - Froze policy model parameter: mlp_head.res_blocks.2.mlp.0.bias
  - Froze policy model parameter: mlp_head.res_blocks.2.mlp.2.weight
  - Froze policy model parameter: mlp_head.res_blocks.2.mlp.2.bias
  - Froze policy model parameter: mlp_head.res_blocks.2.adaLN_modulation.1.weight
  - Froze policy model parameter: mlp_head.res_blocks.2.adaLN_modulation.1.bias
  - Froze policy model parameter: mlp_head.final_layer.linear.weight
  - Froze policy model parameter: mlp_head.final_layer.linear.bias
  - Froze policy model parameter: mlp_head.final_layer.adaLN_modulation.1.weight
  - Froze policy model parameter: mlp_head.final_layer.adaLN_modulation.1.bias
Model parts frozen.
`torch_dtype` is deprecated! Use `dtype` instead!
Loaded 2 reward functions: ['answer_correctness_reward', 'format_reward']
Trainer initialized.
--- [Step 3/3] Starting GRPO training... ---
Loading checkpoint shards:   0%|          | 0/3 [00:00<?, ?it/s]Loading checkpoint shards: 100%|██████████| 3/3 [00:00<00:00, 25.64it/s]Loading checkpoint shards: 100%|██████████| 3/3 [00:00<00:00, 25.58it/s]
Loading checkpoint shards:   0%|          | 0/3 [00:00<?, ?it/s]Freezing non-trainable parts of the model...
  - Froze policy model parameter: model.vqmodel.encoder.conv_in.weight
  - Froze policy model parameter: model.vqmodel.encoder.conv_in.bias
  - Froze policy model parameter: model.vqmodel.encoder.down.0.block.0.norm1.weight
  - Froze policy model parameter: model.vqmodel.encoder.down.0.block.0.norm1.bias
  - Froze policy model parameter: model.vqmodel.encoder.down.0.block.0.conv1.weight
  - Froze policy model parameter: model.vqmodel.encoder.down.0.block.0.conv1.bias
  - Froze policy model parameter: model.vqmodel.encoder.down.0.block.0.norm2.weight
  - Froze policy model parameter: model.vqmodel.encoder.down.0.block.0.norm2.bias
  - Froze policy model parameter: model.vqmodel.encoder.down.0.block.0.conv2.weight
  - Froze policy model parameter: model.vqmodel.encoder.down.0.block.0.conv2.bias
  - Froze policy model parameter: model.vqmodel.encoder.down.0.block.1.norm1.weight
  - Froze policy model parameter: model.vqmodel.encoder.down.0.block.1.norm1.bias
  - Froze policy model parameter: model.vqmodel.encoder.down.0.block.1.conv1.weight
  - Froze policy model parameter: model.vqmodel.encoder.down.0.block.1.conv1.bias
  - Froze policy model parameter: model.vqmodel.encoder.down.0.block.1.norm2.weight
  - Froze policy model parameter: model.vqmodel.encoder.down.0.block.1.norm2.bias
  - Froze policy model parameter: model.vqmodel.encoder.down.0.block.1.conv2.weight
  - Froze policy model parameter: model.vqmodel.encoder.down.0.block.1.conv2.bias
  - Froze policy model parameter: model.vqmodel.encoder.down.0.downsample.conv.weight
  - Froze policy model parameter: model.vqmodel.encoder.down.0.downsample.conv.bias
  - Froze policy model parameter: model.vqmodel.encoder.down.1.block.0.norm1.weight
  - Froze policy model parameter: model.vqmodel.encoder.down.1.block.0.norm1.bias
  - Froze policy model parameter: model.vqmodel.encoder.down.1.block.0.conv1.weight
  - Froze policy model parameter: model.vqmodel.encoder.down.1.block.0.conv1.bias
  - Froze policy model parameter: model.vqmodel.encoder.down.1.block.0.norm2.weight
  - Froze policy model parameter: model.vqmodel.encoder.down.1.block.0.norm2.bias
  - Froze policy model parameter: model.vqmodel.encoder.down.1.block.0.conv2.weight
  - Froze policy model parameter: model.vqmodel.encoder.down.1.block.0.conv2.bias
  - Froze policy model parameter: model.vqmodel.encoder.down.1.block.1.norm1.weight
  - Froze policy model parameter: model.vqmodel.encoder.down.1.block.1.norm1.bias
  - Froze policy model parameter: model.vqmodel.encoder.down.1.block.1.conv1.weight
  - Froze policy model parameter: model.vqmodel.encoder.down.1.block.1.conv1.bias
  - Froze policy model parameter: model.vqmodel.encoder.down.1.block.1.norm2.weight
  - Froze policy model parameter: model.vqmodel.encoder.down.1.block.1.norm2.bias
  - Froze policy model parameter: model.vqmodel.encoder.down.1.block.1.conv2.weight
  - Froze policy model parameter: model.vqmodel.encoder.down.1.block.1.conv2.bias
  - Froze policy model parameter: model.vqmodel.encoder.down.1.downsample.conv.weight
  - Froze policy model parameter: model.vqmodel.encoder.down.1.downsample.conv.bias
  - Froze policy model parameter: model.vqmodel.encoder.down.2.block.0.norm1.weight
  - Froze policy model parameter: model.vqmodel.encoder.down.2.block.0.norm1.bias
  - Froze policy model parameter: model.vqmodel.encoder.down.2.block.0.conv1.weight
  - Froze policy model parameter: model.vqmodel.encoder.down.2.block.0.conv1.bias
  - Froze policy model parameter: model.vqmodel.encoder.down.2.block.0.norm2.weight
  - Froze policy model parameter: model.vqmodel.encoder.down.2.block.0.norm2.bias
  - Froze policy model parameter: model.vqmodel.encoder.down.2.block.0.conv2.weight
  - Froze policy model parameter: model.vqmodel.encoder.down.2.block.0.conv2.bias
  - Froze policy model parameter: model.vqmodel.encoder.down.2.block.0.nin_shortcut.weight
  - Froze policy model parameter: model.vqmodel.encoder.down.2.block.0.nin_shortcut.bias
  - Froze policy model parameter: model.vqmodel.encoder.down.2.block.1.norm1.weight
  - Froze policy model parameter: model.vqmodel.encoder.down.2.block.1.norm1.bias
  - Froze policy model parameter: model.vqmodel.encoder.down.2.block.1.conv1.weight
  - Froze policy model parameter: model.vqmodel.encoder.down.2.block.1.conv1.bias
  - Froze policy model parameter: model.vqmodel.encoder.down.2.block.1.norm2.weight
  - Froze policy model parameter: model.vqmodel.encoder.down.2.block.1.norm2.bias
  - Froze policy model parameter: model.vqmodel.encoder.down.2.block.1.conv2.weight
  - Froze policy model parameter: model.vqmodel.encoder.down.2.block.1.conv2.bias
  - Froze policy model parameter: model.vqmodel.encoder.down.2.downsample.conv.weight
  - Froze policy model parameter: model.vqmodel.encoder.down.2.downsample.conv.bias
  - Froze policy model parameter: model.vqmodel.encoder.down.3.block.0.norm1.weight
  - Froze policy model parameter: model.vqmodel.encoder.down.3.block.0.norm1.bias
  - Froze policy model parameter: model.vqmodel.encoder.down.3.block.0.conv1.weight
  - Froze policy model parameter: model.vqmodel.encoder.down.3.block.0.conv1.bias
  - Froze policy model parameter: model.vqmodel.encoder.down.3.block.0.norm2.weight
  - Froze policy model parameter: model.vqmodel.encoder.down.3.block.0.norm2.bias
  - Froze policy model parameter: model.vqmodel.encoder.down.3.block.0.conv2.weight
  - Froze policy model parameter: model.vqmodel.encoder.down.3.block.0.conv2.bias
  - Froze policy model parameter: model.vqmodel.encoder.down.3.block.1.norm1.weight
  - Froze policy model parameter: model.vqmodel.encoder.down.3.block.1.norm1.bias
  - Froze policy model parameter: model.vqmodel.encoder.down.3.block.1.conv1.weight
  - Froze policy model parameter: model.vqmodel.encoder.down.3.block.1.conv1.bias
  - Froze policy model parameter: model.vqmodel.encoder.down.3.block.1.norm2.weight
  - Froze policy model parameter: model.vqmodel.encoder.down.3.block.1.norm2.bias
  - Froze policy model parameter: model.vqmodel.encoder.down.3.block.1.conv2.weight
  - Froze policy model parameter: model.vqmodel.encoder.down.3.block.1.conv2.bias
  - Froze policy model parameter: model.vqmodel.encoder.down.3.downsample.conv.weight
  - Froze policy model parameter: model.vqmodel.encoder.down.3.downsample.conv.bias
  - Froze policy model parameter: model.vqmodel.encoder.down.4.block.0.norm1.weight
  - Froze policy model parameter: model.vqmodel.encoder.down.4.block.0.norm1.bias
  - Froze policy model parameter: model.vqmodel.encoder.down.4.block.0.conv1.weight
  - Froze policy model parameter: model.vqmodel.encoder.down.4.block.0.conv1.bias
  - Froze policy model parameter: model.vqmodel.encoder.down.4.block.0.norm2.weight
  - Froze policy model parameter: model.vqmodel.encoder.down.4.block.0.norm2.bias
  - Froze policy model parameter: model.vqmodel.encoder.down.4.block.0.conv2.weight
  - Froze policy model parameter: model.vqmodel.encoder.down.4.block.0.conv2.bias
  - Froze policy model parameter: model.vqmodel.encoder.down.4.block.0.nin_shortcut.weight
  - Froze policy model parameter: model.vqmodel.encoder.down.4.block.0.nin_shortcut.bias
  - Froze policy model parameter: model.vqmodel.encoder.down.4.block.1.norm1.weight
  - Froze policy model parameter: model.vqmodel.encoder.down.4.block.1.norm1.bias
  - Froze policy model parameter: model.vqmodel.encoder.down.4.block.1.conv1.weight
  - Froze policy model parameter: model.vqmodel.encoder.down.4.block.1.conv1.bias
  - Froze policy model parameter: model.vqmodel.encoder.down.4.block.1.norm2.weight
  - Froze policy model parameter: model.vqmodel.encoder.down.4.block.1.norm2.bias
  - Froze policy model parameter: model.vqmodel.encoder.down.4.block.1.conv2.weight
  - Froze policy model parameter: model.vqmodel.encoder.down.4.block.1.conv2.bias
  - Froze policy model parameter: model.vqmodel.encoder.mid.block_1.norm1.weight
  - Froze policy model parameter: model.vqmodel.encoder.mid.block_1.norm1.bias
  - Froze policy model parameter: model.vqmodel.encoder.mid.block_1.conv1.weight
  - Froze policy model parameter: model.vqmodel.encoder.mid.block_1.conv1.bias
  - Froze policy model parameter: model.vqmodel.encoder.mid.block_1.norm2.weight
  - Froze policy model parameter: model.vqmodel.encoder.mid.block_1.norm2.bias
  - Froze policy model parameter: model.vqmodel.encoder.mid.block_1.conv2.weight
  - Froze policy model parameter: model.vqmodel.encoder.mid.block_1.conv2.bias
  - Froze policy model parameter: model.vqmodel.encoder.mid.attn_1.norm.weight
  - Froze policy model parameter: model.vqmodel.encoder.mid.attn_1.norm.bias
  - Froze policy model parameter: model.vqmodel.encoder.mid.attn_1.q.weight
  - Froze policy model parameter: model.vqmodel.encoder.mid.attn_1.q.bias
  - Froze policy model parameter: model.vqmodel.encoder.mid.attn_1.k.weight
  - Froze policy model parameter: model.vqmodel.encoder.mid.attn_1.k.bias
  - Froze policy model parameter: model.vqmodel.encoder.mid.attn_1.v.weight
  - Froze policy model parameter: model.vqmodel.encoder.mid.attn_1.v.bias
  - Froze policy model parameter: model.vqmodel.encoder.mid.attn_1.proj_out.weight
  - Froze policy model parameter: model.vqmodel.encoder.mid.attn_1.proj_out.bias
  - Froze policy model parameter: model.vqmodel.encoder.mid.block_2.norm1.weight
  - Froze policy model parameter: model.vqmodel.encoder.mid.block_2.norm1.bias
  - Froze policy model parameter: model.vqmodel.encoder.mid.block_2.conv1.weight
  - Froze policy model parameter: model.vqmodel.encoder.mid.block_2.conv1.bias
  - Froze policy model parameter: model.vqmodel.encoder.mid.block_2.norm2.weight
  - Froze policy model parameter: model.vqmodel.encoder.mid.block_2.norm2.bias
  - Froze policy model parameter: model.vqmodel.encoder.mid.block_2.conv2.weight
  - Froze policy model parameter: model.vqmodel.encoder.mid.block_2.conv2.bias
  - Froze policy model parameter: model.vqmodel.encoder.norm_out.weight
  - Froze policy model parameter: model.vqmodel.encoder.norm_out.bias
  - Froze policy model parameter: model.vqmodel.encoder.conv_out.weight
  - Froze policy model parameter: model.vqmodel.encoder.conv_out.bias
  - Froze policy model parameter: model.vqmodel.decoder.conv_in.weight
  - Froze policy model parameter: model.vqmodel.decoder.conv_in.bias
  - Froze policy model parameter: model.vqmodel.decoder.mid.block_1.norm1.weight
  - Froze policy model parameter: model.vqmodel.decoder.mid.block_1.norm1.bias
  - Froze policy model parameter: model.vqmodel.decoder.mid.block_1.conv1.weight
  - Froze policy model parameter: model.vqmodel.decoder.mid.block_1.conv1.bias
  - Froze policy model parameter: model.vqmodel.decoder.mid.block_1.norm2.weight
  - Froze policy model parameter: model.vqmodel.decoder.mid.block_1.norm2.bias
  - Froze policy model parameter: model.vqmodel.decoder.mid.block_1.conv2.weight
  - Froze policy model parameter: model.vqmodel.decoder.mid.block_1.conv2.bias
  - Froze policy model parameter: model.vqmodel.decoder.mid.attn_1.norm.weight
  - Froze policy model parameter: model.vqmodel.decoder.mid.attn_1.norm.bias
  - Froze policy model parameter: model.vqmodel.decoder.mid.attn_1.q.weight
  - Froze policy model parameter: model.vqmodel.decoder.mid.attn_1.q.bias
  - Froze policy model parameter: model.vqmodel.decoder.mid.attn_1.k.weight
  - Froze policy model parameter: model.vqmodel.decoder.mid.attn_1.k.bias
  - Froze policy model parameter: model.vqmodel.decoder.mid.attn_1.v.weight
  - Froze policy model parameter: model.vqmodel.decoder.mid.attn_1.v.bias
  - Froze policy model parameter: model.vqmodel.decoder.mid.attn_1.proj_out.weight
  - Froze policy model parameter: model.vqmodel.decoder.mid.attn_1.proj_out.bias
  - Froze policy model parameter: model.vqmodel.decoder.mid.block_2.norm1.weight
  - Froze policy model parameter: model.vqmodel.decoder.mid.block_2.norm1.bias
  - Froze policy model parameter: model.vqmodel.decoder.mid.block_2.conv1.weight
  - Froze policy model parameter: model.vqmodel.decoder.mid.block_2.conv1.bias
  - Froze policy model parameter: model.vqmodel.decoder.mid.block_2.norm2.weight
  - Froze policy model parameter: model.vqmodel.decoder.mid.block_2.norm2.bias
  - Froze policy model parameter: model.vqmodel.decoder.mid.block_2.conv2.weight
  - Froze policy model parameter: model.vqmodel.decoder.mid.block_2.conv2.bias
  - Froze policy model parameter: model.vqmodel.decoder.up.0.block.0.norm1.weight
  - Froze policy model parameter: model.vqmodel.decoder.up.0.block.0.norm1.bias
  - Froze policy model parameter: model.vqmodel.decoder.up.0.block.0.conv1.weight
  - Froze policy model parameter: model.vqmodel.decoder.up.0.block.0.conv1.bias
  - Froze policy model parameter: model.vqmodel.decoder.up.0.block.0.norm2.weight
  - Froze policy model parameter: model.vqmodel.decoder.up.0.block.0.norm2.bias
  - Froze policy model parameter: model.vqmodel.decoder.up.0.block.0.conv2.weight
  - Froze policy model parameter: model.vqmodel.decoder.up.0.block.0.conv2.bias
  - Froze policy model parameter: model.vqmodel.decoder.up.0.block.1.norm1.weight
  - Froze policy model parameter: model.vqmodel.decoder.up.0.block.1.norm1.bias
  - Froze policy model parameter: model.vqmodel.decoder.up.0.block.1.conv1.weight
  - Froze policy model parameter: model.vqmodel.decoder.up.0.block.1.conv1.bias
  - Froze policy model parameter: model.vqmodel.decoder.up.0.block.1.norm2.weight
  - Froze policy model parameter: model.vqmodel.decoder.up.0.block.1.norm2.bias
  - Froze policy model parameter: model.vqmodel.decoder.up.0.block.1.conv2.weight
  - Froze policy model parameter: model.vqmodel.decoder.up.0.block.1.conv2.bias
  - Froze policy model parameter: model.vqmodel.decoder.up.0.block.2.norm1.weight
  - Froze policy model parameter: model.vqmodel.decoder.up.0.block.2.norm1.bias
  - Froze policy model parameter: model.vqmodel.decoder.up.0.block.2.conv1.weight
  - Froze policy model parameter: model.vqmodel.decoder.up.0.block.2.conv1.bias
  - Froze policy model parameter: model.vqmodel.decoder.up.0.block.2.norm2.weight
  - Froze policy model parameter: model.vqmodel.decoder.up.0.block.2.norm2.bias
  - Froze policy model parameter: model.vqmodel.decoder.up.0.block.2.conv2.weight
  - Froze policy model parameter: model.vqmodel.decoder.up.0.block.2.conv2.bias
  - Froze policy model parameter: model.vqmodel.decoder.up.1.block.0.norm1.weight
  - Froze policy model parameter: model.vqmodel.decoder.up.1.block.0.norm1.bias
  - Froze policy model parameter: model.vqmodel.decoder.up.1.block.0.conv1.weight
  - Froze policy model parameter: model.vqmodel.decoder.up.1.block.0.conv1.bias
  - Froze policy model parameter: model.vqmodel.decoder.up.1.block.0.norm2.weight
  - Froze policy model parameter: model.vqmodel.decoder.up.1.block.0.norm2.bias
  - Froze policy model parameter: model.vqmodel.decoder.up.1.block.0.conv2.weight
  - Froze policy model parameter: model.vqmodel.decoder.up.1.block.0.conv2.bias
  - Froze policy model parameter: model.vqmodel.decoder.up.1.block.0.nin_shortcut.weight
  - Froze policy model parameter: model.vqmodel.decoder.up.1.block.0.nin_shortcut.bias
  - Froze policy model parameter: model.vqmodel.decoder.up.1.block.1.norm1.weight
  - Froze policy model parameter: model.vqmodel.decoder.up.1.block.1.norm1.bias
  - Froze policy model parameter: model.vqmodel.decoder.up.1.block.1.conv1.weight
  - Froze policy model parameter: model.vqmodel.decoder.up.1.block.1.conv1.bias
  - Froze policy model parameter: model.vqmodel.decoder.up.1.block.1.norm2.weight
  - Froze policy model parameter: model.vqmodel.decoder.up.1.block.1.norm2.bias
  - Froze policy model parameter: model.vqmodel.decoder.up.1.block.1.conv2.weight
  - Froze policy model parameter: model.vqmodel.decoder.up.1.block.1.conv2.bias
  - Froze policy model parameter: model.vqmodel.decoder.up.1.block.2.norm1.weight
  - Froze policy model parameter: model.vqmodel.decoder.up.1.block.2.norm1.bias
  - Froze policy model parameter: model.vqmodel.decoder.up.1.block.2.conv1.weight
  - Froze policy model parameter: model.vqmodel.decoder.up.1.block.2.conv1.bias
  - Froze policy model parameter: model.vqmodel.decoder.up.1.block.2.norm2.weight
  - Froze policy model parameter: model.vqmodel.decoder.up.1.block.2.norm2.bias
  - Froze policy model parameter: model.vqmodel.decoder.up.1.block.2.conv2.weight
  - Froze policy model parameter: model.vqmodel.decoder.up.1.block.2.conv2.bias
  - Froze policy model parameter: model.vqmodel.decoder.up.1.upsample.conv.weight
  - Froze policy model parameter: model.vqmodel.decoder.up.1.upsample.conv.bias
  - Froze policy model parameter: model.vqmodel.decoder.up.2.block.0.norm1.weight
  - Froze policy model parameter: model.vqmodel.decoder.up.2.block.0.norm1.bias
  - Froze policy model parameter: model.vqmodel.decoder.up.2.block.0.conv1.weight
  - Froze policy model parameter: model.vqmodel.decoder.up.2.block.0.conv1.bias
  - Froze policy model parameter: model.vqmodel.decoder.up.2.block.0.norm2.weight
  - Froze policy model parameter: model.vqmodel.decoder.up.2.block.0.norm2.bias
  - Froze policy model parameter: model.vqmodel.decoder.up.2.block.0.conv2.weight
  - Froze policy model parameter: model.vqmodel.decoder.up.2.block.0.conv2.bias
  - Froze policy model parameter: model.vqmodel.decoder.up.2.block.1.norm1.weight
  - Froze policy model parameter: model.vqmodel.decoder.up.2.block.1.norm1.bias
  - Froze policy model parameter: model.vqmodel.decoder.up.2.block.1.conv1.weight
  - Froze policy model parameter: model.vqmodel.decoder.up.2.block.1.conv1.bias
  - Froze policy model parameter: model.vqmodel.decoder.up.2.block.1.norm2.weight
  - Froze policy model parameter: model.vqmodel.decoder.up.2.block.1.norm2.bias
  - Froze policy model parameter: model.vqmodel.decoder.up.2.block.1.conv2.weight
  - Froze policy model parameter: model.vqmodel.decoder.up.2.block.1.conv2.bias
  - Froze policy model parameter: model.vqmodel.decoder.up.2.block.2.norm1.weight
  - Froze policy model parameter: model.vqmodel.decoder.up.2.block.2.norm1.bias
  - Froze policy model parameter: model.vqmodel.decoder.up.2.block.2.conv1.weight
  - Froze policy model parameter: model.vqmodel.decoder.up.2.block.2.conv1.bias
  - Froze policy model parameter: model.vqmodel.decoder.up.2.block.2.norm2.weight
  - Froze policy model parameter: model.vqmodel.decoder.up.2.block.2.norm2.bias
  - Froze policy model parameter: model.vqmodel.decoder.up.2.block.2.conv2.weight
  - Froze policy model parameter: model.vqmodel.decoder.up.2.block.2.conv2.bias
  - Froze policy model parameter: model.vqmodel.decoder.up.2.upsample.conv.weight
  - Froze policy model parameter: model.vqmodel.decoder.up.2.upsample.conv.bias
  - Froze policy model parameter: model.vqmodel.decoder.up.3.block.0.norm1.weight
  - Froze policy model parameter: model.vqmodel.decoder.up.3.block.0.norm1.bias
  - Froze policy model parameter: model.vqmodel.decoder.up.3.block.0.conv1.weight
  - Froze policy model parameter: model.vqmodel.decoder.up.3.block.0.conv1.bias
  - Froze policy model parameter: model.vqmodel.decoder.up.3.block.0.norm2.weight
  - Froze policy model parameter: model.vqmodel.decoder.up.3.block.0.norm2.bias
  - Froze policy model parameter: model.vqmodel.decoder.up.3.block.0.conv2.weight
  - Froze policy model parameter: model.vqmodel.decoder.up.3.block.0.conv2.bias
  - Froze policy model parameter: model.vqmodel.decoder.up.3.block.0.nin_shortcut.weight
  - Froze policy model parameter: model.vqmodel.decoder.up.3.block.0.nin_shortcut.bias
  - Froze policy model parameter: model.vqmodel.decoder.up.3.block.1.norm1.weight
  - Froze policy model parameter: model.vqmodel.decoder.up.3.block.1.norm1.bias
  - Froze policy model parameter: model.vqmodel.decoder.up.3.block.1.conv1.weight
  - Froze policy model parameter: model.vqmodel.decoder.up.3.block.1.conv1.bias
  - Froze policy model parameter: model.vqmodel.decoder.up.3.block.1.norm2.weight
  - Froze policy model parameter: model.vqmodel.decoder.up.3.block.1.norm2.bias
  - Froze policy model parameter: model.vqmodel.decoder.up.3.block.1.conv2.weight
  - Froze policy model parameter: model.vqmodel.decoder.up.3.block.1.conv2.bias
  - Froze policy model parameter: model.vqmodel.decoder.up.3.block.2.norm1.weight
  - Froze policy model parameter: model.vqmodel.decoder.up.3.block.2.norm1.bias
  - Froze policy model parameter: model.vqmodel.decoder.up.3.block.2.conv1.weight
  - Froze policy model parameter: model.vqmodel.decoder.up.3.block.2.conv1.bias
  - Froze policy model parameter: model.vqmodel.decoder.up.3.block.2.norm2.weight
  - Froze policy model parameter: model.vqmodel.decoder.up.3.block.2.norm2.bias
  - Froze policy model parameter: model.vqmodel.decoder.up.3.block.2.conv2.weight
  - Froze policy model parameter: model.vqmodel.decoder.up.3.block.2.conv2.bias
  - Froze policy model parameter: model.vqmodel.decoder.up.3.upsample.conv.weight
  - Froze policy model parameter: model.vqmodel.decoder.up.3.upsample.conv.bias
  - Froze policy model parameter: model.vqmodel.decoder.up.4.block.0.norm1.weight
  - Froze policy model parameter: model.vqmodel.decoder.up.4.block.0.norm1.bias
  - Froze policy model parameter: model.vqmodel.decoder.up.4.block.0.conv1.weight
  - Froze policy model parameter: model.vqmodel.decoder.up.4.block.0.conv1.bias
  - Froze policy model parameter: model.vqmodel.decoder.up.4.block.0.norm2.weight
  - Froze policy model parameter: model.vqmodel.decoder.up.4.block.0.norm2.bias
  - Froze policy model parameter: model.vqmodel.decoder.up.4.block.0.conv2.weight
  - Froze policy model parameter: model.vqmodel.decoder.up.4.block.0.conv2.bias
  - Froze policy model parameter: model.vqmodel.decoder.up.4.block.1.norm1.weight
  - Froze policy model parameter: model.vqmodel.decoder.up.4.block.1.norm1.bias
  - Froze policy model parameter: model.vqmodel.decoder.up.4.block.1.conv1.weight
  - Froze policy model parameter: model.vqmodel.decoder.up.4.block.1.conv1.bias
  - Froze policy model parameter: model.vqmodel.decoder.up.4.block.1.norm2.weight
  - Froze policy model parameter: model.vqmodel.decoder.up.4.block.1.norm2.bias
  - Froze policy model parameter: model.vqmodel.decoder.up.4.block.1.conv2.weight
  - Froze policy model parameter: model.vqmodel.decoder.up.4.block.1.conv2.bias
  - Froze policy model parameter: model.vqmodel.decoder.up.4.block.2.norm1.weight
  - Froze policy model parameter: model.vqmodel.decoder.up.4.block.2.norm1.bias
  - Froze policy model parameter: model.vqmodel.decoder.up.4.block.2.conv1.weight
  - Froze policy model parameter: model.vqmodel.decoder.up.4.block.2.conv1.bias
  - Froze policy model parameter: model.vqmodel.decoder.up.4.block.2.norm2.weight
  - Froze policy model parameter: model.vqmodel.decoder.up.4.block.2.norm2.bias
  - Froze policy model parameter: model.vqmodel.decoder.up.4.block.2.conv2.weight
  - Froze policy model parameter: model.vqmodel.decoder.up.4.block.2.conv2.bias
  - Froze policy model parameter: model.vqmodel.decoder.up.4.upsample.conv.weight
  - Froze policy model parameter: model.vqmodel.decoder.up.4.upsample.conv.bias
  - Froze policy model parameter: model.vqmodel.decoder.norm_out.weight
  - Froze policy model parameter: model.vqmodel.decoder.norm_out.bias
  - Froze policy model parameter: model.vqmodel.decoder.conv_out.weight
  - Froze policy model parameter: model.vqmodel.decoder.conv_out.bias
  - Froze policy model parameter: model.vqmodel.quantize.embedding.weight
  - Froze policy model parameter: model.vqmodel.quant_conv.weight
  - Froze policy model parameter: model.vqmodel.quant_conv.bias
  - Froze policy model parameter: model.vqmodel.post_quant_conv.weight
  - Froze policy model parameter: model.vqmodel.post_quant_conv.bias
  - Froze policy model parameter: mlp_head.time_embed.mlp.0.weight
  - Froze policy model parameter: mlp_head.time_embed.mlp.0.bias
  - Froze policy model parameter: mlp_head.time_embed.mlp.2.weight
  - Froze policy model parameter: mlp_head.time_embed.mlp.2.bias
  - Froze policy model parameter: mlp_head.cond_embed.weight
  - Froze policy model parameter: mlp_head.cond_embed.bias
  - Froze policy model parameter: mlp_head.input_proj.weight
  - Froze policy model parameter: mlp_head.input_proj.bias
  - Froze policy model parameter: mlp_head.res_blocks.0.in_ln.weight
  - Froze policy model parameter: mlp_head.res_blocks.0.in_ln.bias
  - Froze policy model parameter: mlp_head.res_blocks.0.mlp.0.weight
  - Froze policy model parameter: mlp_head.res_blocks.0.mlp.0.bias
  - Froze policy model parameter: mlp_head.res_blocks.0.mlp.2.weight
  - Froze policy model parameter: mlp_head.res_blocks.0.mlp.2.bias
  - Froze policy model parameter: mlp_head.res_blocks.0.adaLN_modulation.1.weight
  - Froze policy model parameter: mlp_head.res_blocks.0.adaLN_modulation.1.bias
  - Froze policy model parameter: mlp_head.res_blocks.1.in_ln.weight
  - Froze policy model parameter: mlp_head.res_blocks.1.in_ln.bias
  - Froze policy model parameter: mlp_head.res_blocks.1.mlp.0.weight
  - Froze policy model parameter: mlp_head.res_blocks.1.mlp.0.bias
  - Froze policy model parameter: mlp_head.res_blocks.1.mlp.2.weight
  - Froze policy model parameter: mlp_head.res_blocks.1.mlp.2.bias
  - Froze policy model parameter: mlp_head.res_blocks.1.adaLN_modulation.1.weight
  - Froze policy model parameter: mlp_head.res_blocks.1.adaLN_modulation.1.bias
  - Froze policy model parameter: mlp_head.res_blocks.2.in_ln.weight
  - Froze policy model parameter: mlp_head.res_blocks.2.in_ln.bias
  - Froze policy model parameter: mlp_head.res_blocks.2.mlp.0.weight
  - Froze policy model parameter: mlp_head.res_blocks.2.mlp.0.bias
  - Froze policy model parameter: mlp_head.res_blocks.2.mlp.2.weight
  - Froze policy model parameter: mlp_head.res_blocks.2.mlp.2.bias
  - Froze policy model parameter: mlp_head.res_blocks.2.adaLN_modulation.1.weight
  - Froze policy model parameter: mlp_head.res_blocks.2.adaLN_modulation.1.bias
  - Froze policy model parameter: mlp_head.final_layer.linear.weight
  - Froze policy model parameter: mlp_head.final_layer.linear.bias
  - Froze policy model parameter: mlp_head.final_layer.adaLN_modulation.1.weight
  - Froze policy model parameter: mlp_head.final_layer.adaLN_modulation.1.bias
Model parts frozen.
Loaded 2 reward functions: ['answer_correctness_reward', 'format_reward']
Trainer initialized.
--- [Step 3/3] Starting GRPO training... ---
Loading checkpoint shards: 100%|██████████| 3/3 [00:00<00:00, 24.59it/s]Loading checkpoint shards: 100%|██████████| 3/3 [00:00<00:00, 24.53it/s]
Freezing non-trainable parts of the model...
  - Froze policy model parameter: model.vqmodel.encoder.conv_in.weight
  - Froze policy model parameter: model.vqmodel.encoder.conv_in.bias
  - Froze policy model parameter: model.vqmodel.encoder.down.0.block.0.norm1.weight
  - Froze policy model parameter: model.vqmodel.encoder.down.0.block.0.norm1.bias
  - Froze policy model parameter: model.vqmodel.encoder.down.0.block.0.conv1.weight
  - Froze policy model parameter: model.vqmodel.encoder.down.0.block.0.conv1.bias
  - Froze policy model parameter: model.vqmodel.encoder.down.0.block.0.norm2.weight
  - Froze policy model parameter: model.vqmodel.encoder.down.0.block.0.norm2.bias
  - Froze policy model parameter: model.vqmodel.encoder.down.0.block.0.conv2.weight
  - Froze policy model parameter: model.vqmodel.encoder.down.0.block.0.conv2.bias
  - Froze policy model parameter: model.vqmodel.encoder.down.0.block.1.norm1.weight
  - Froze policy model parameter: model.vqmodel.encoder.down.0.block.1.norm1.bias
  - Froze policy model parameter: model.vqmodel.encoder.down.0.block.1.conv1.weight
  - Froze policy model parameter: model.vqmodel.encoder.down.0.block.1.conv1.bias
  - Froze policy model parameter: model.vqmodel.encoder.down.0.block.1.norm2.weight
  - Froze policy model parameter: model.vqmodel.encoder.down.0.block.1.norm2.bias
  - Froze policy model parameter: model.vqmodel.encoder.down.0.block.1.conv2.weight
  - Froze policy model parameter: model.vqmodel.encoder.down.0.block.1.conv2.bias
  - Froze policy model parameter: model.vqmodel.encoder.down.0.downsample.conv.weight
  - Froze policy model parameter: model.vqmodel.encoder.down.0.downsample.conv.bias
  - Froze policy model parameter: model.vqmodel.encoder.down.1.block.0.norm1.weight
  - Froze policy model parameter: model.vqmodel.encoder.down.1.block.0.norm1.bias
  - Froze policy model parameter: model.vqmodel.encoder.down.1.block.0.conv1.weight
  - Froze policy model parameter: model.vqmodel.encoder.down.1.block.0.conv1.bias
  - Froze policy model parameter: model.vqmodel.encoder.down.1.block.0.norm2.weight
  - Froze policy model parameter: model.vqmodel.encoder.down.1.block.0.norm2.bias
  - Froze policy model parameter: model.vqmodel.encoder.down.1.block.0.conv2.weight
  - Froze policy model parameter: model.vqmodel.encoder.down.1.block.0.conv2.bias
  - Froze policy model parameter: model.vqmodel.encoder.down.1.block.1.norm1.weight
  - Froze policy model parameter: model.vqmodel.encoder.down.1.block.1.norm1.bias
  - Froze policy model parameter: model.vqmodel.encoder.down.1.block.1.conv1.weight
  - Froze policy model parameter: model.vqmodel.encoder.down.1.block.1.conv1.bias
  - Froze policy model parameter: model.vqmodel.encoder.down.1.block.1.norm2.weight
  - Froze policy model parameter: model.vqmodel.encoder.down.1.block.1.norm2.bias
  - Froze policy model parameter: model.vqmodel.encoder.down.1.block.1.conv2.weight
  - Froze policy model parameter: model.vqmodel.encoder.down.1.block.1.conv2.bias
  - Froze policy model parameter: model.vqmodel.encoder.down.1.downsample.conv.weight
  - Froze policy model parameter: model.vqmodel.encoder.down.1.downsample.conv.bias
  - Froze policy model parameter: model.vqmodel.encoder.down.2.block.0.norm1.weight
  - Froze policy model parameter: model.vqmodel.encoder.down.2.block.0.norm1.bias
  - Froze policy model parameter: model.vqmodel.encoder.down.2.block.0.conv1.weight
  - Froze policy model parameter: model.vqmodel.encoder.down.2.block.0.conv1.bias
  - Froze policy model parameter: model.vqmodel.encoder.down.2.block.0.norm2.weight
  - Froze policy model parameter: model.vqmodel.encoder.down.2.block.0.norm2.bias
  - Froze policy model parameter: model.vqmodel.encoder.down.2.block.0.conv2.weight
  - Froze policy model parameter: model.vqmodel.encoder.down.2.block.0.conv2.bias
  - Froze policy model parameter: model.vqmodel.encoder.down.2.block.0.nin_shortcut.weight
  - Froze policy model parameter: model.vqmodel.encoder.down.2.block.0.nin_shortcut.bias
  - Froze policy model parameter: model.vqmodel.encoder.down.2.block.1.norm1.weight
  - Froze policy model parameter: model.vqmodel.encoder.down.2.block.1.norm1.bias
  - Froze policy model parameter: model.vqmodel.encoder.down.2.block.1.conv1.weight
  - Froze policy model parameter: model.vqmodel.encoder.down.2.block.1.conv1.bias
  - Froze policy model parameter: model.vqmodel.encoder.down.2.block.1.norm2.weight
  - Froze policy model parameter: model.vqmodel.encoder.down.2.block.1.norm2.bias
  - Froze policy model parameter: model.vqmodel.encoder.down.2.block.1.conv2.weight
  - Froze policy model parameter: model.vqmodel.encoder.down.2.block.1.conv2.bias
  - Froze policy model parameter: model.vqmodel.encoder.down.2.downsample.conv.weight
  - Froze policy model parameter: model.vqmodel.encoder.down.2.downsample.conv.bias
  - Froze policy model parameter: model.vqmodel.encoder.down.3.block.0.norm1.weight
  - Froze policy model parameter: model.vqmodel.encoder.down.3.block.0.norm1.bias
  - Froze policy model parameter: model.vqmodel.encoder.down.3.block.0.conv1.weight
  - Froze policy model parameter: model.vqmodel.encoder.down.3.block.0.conv1.bias
  - Froze policy model parameter: model.vqmodel.encoder.down.3.block.0.norm2.weight
  - Froze policy model parameter: model.vqmodel.encoder.down.3.block.0.norm2.bias
  - Froze policy model parameter: model.vqmodel.encoder.down.3.block.0.conv2.weight
  - Froze policy model parameter: model.vqmodel.encoder.down.3.block.0.conv2.bias
  - Froze policy model parameter: model.vqmodel.encoder.down.3.block.1.norm1.weight
  - Froze policy model parameter: model.vqmodel.encoder.down.3.block.1.norm1.bias
  - Froze policy model parameter: model.vqmodel.encoder.down.3.block.1.conv1.weight
  - Froze policy model parameter: model.vqmodel.encoder.down.3.block.1.conv1.bias
  - Froze policy model parameter: model.vqmodel.encoder.down.3.block.1.norm2.weight
  - Froze policy model parameter: model.vqmodel.encoder.down.3.block.1.norm2.bias
  - Froze policy model parameter: model.vqmodel.encoder.down.3.block.1.conv2.weight
  - Froze policy model parameter: model.vqmodel.encoder.down.3.block.1.conv2.bias
  - Froze policy model parameter: model.vqmodel.encoder.down.3.downsample.conv.weight
  - Froze policy model parameter: model.vqmodel.encoder.down.3.downsample.conv.bias
  - Froze policy model parameter: model.vqmodel.encoder.down.4.block.0.norm1.weight
  - Froze policy model parameter: model.vqmodel.encoder.down.4.block.0.norm1.bias
  - Froze policy model parameter: model.vqmodel.encoder.down.4.block.0.conv1.weight
  - Froze policy model parameter: model.vqmodel.encoder.down.4.block.0.conv1.bias
  - Froze policy model parameter: model.vqmodel.encoder.down.4.block.0.norm2.weight
  - Froze policy model parameter: model.vqmodel.encoder.down.4.block.0.norm2.bias
  - Froze policy model parameter: model.vqmodel.encoder.down.4.block.0.conv2.weight
  - Froze policy model parameter: model.vqmodel.encoder.down.4.block.0.conv2.bias
  - Froze policy model parameter: model.vqmodel.encoder.down.4.block.0.nin_shortcut.weight
  - Froze policy model parameter: model.vqmodel.encoder.down.4.block.0.nin_shortcut.bias
  - Froze policy model parameter: model.vqmodel.encoder.down.4.block.1.norm1.weight
  - Froze policy model parameter: model.vqmodel.encoder.down.4.block.1.norm1.bias
  - Froze policy model parameter: model.vqmodel.encoder.down.4.block.1.conv1.weight
  - Froze policy model parameter: model.vqmodel.encoder.down.4.block.1.conv1.bias
  - Froze policy model parameter: model.vqmodel.encoder.down.4.block.1.norm2.weight
  - Froze policy model parameter: model.vqmodel.encoder.down.4.block.1.norm2.bias
  - Froze policy model parameter: model.vqmodel.encoder.down.4.block.1.conv2.weight
  - Froze policy model parameter: model.vqmodel.encoder.down.4.block.1.conv2.bias
  - Froze policy model parameter: model.vqmodel.encoder.mid.block_1.norm1.weight
  - Froze policy model parameter: model.vqmodel.encoder.mid.block_1.norm1.bias
  - Froze policy model parameter: model.vqmodel.encoder.mid.block_1.conv1.weight
  - Froze policy model parameter: model.vqmodel.encoder.mid.block_1.conv1.bias
  - Froze policy model parameter: model.vqmodel.encoder.mid.block_1.norm2.weight
  - Froze policy model parameter: model.vqmodel.encoder.mid.block_1.norm2.bias
  - Froze policy model parameter: model.vqmodel.encoder.mid.block_1.conv2.weight
  - Froze policy model parameter: model.vqmodel.encoder.mid.block_1.conv2.bias
  - Froze policy model parameter: model.vqmodel.encoder.mid.attn_1.norm.weight
  - Froze policy model parameter: model.vqmodel.encoder.mid.attn_1.norm.bias
  - Froze policy model parameter: model.vqmodel.encoder.mid.attn_1.q.weight
  - Froze policy model parameter: model.vqmodel.encoder.mid.attn_1.q.bias
  - Froze policy model parameter: model.vqmodel.encoder.mid.attn_1.k.weight
  - Froze policy model parameter: model.vqmodel.encoder.mid.attn_1.k.bias
  - Froze policy model parameter: model.vqmodel.encoder.mid.attn_1.v.weight
  - Froze policy model parameter: model.vqmodel.encoder.mid.attn_1.v.bias
  - Froze policy model parameter: model.vqmodel.encoder.mid.attn_1.proj_out.weight
  - Froze policy model parameter: model.vqmodel.encoder.mid.attn_1.proj_out.bias
  - Froze policy model parameter: model.vqmodel.encoder.mid.block_2.norm1.weight
  - Froze policy model parameter: model.vqmodel.encoder.mid.block_2.norm1.bias
  - Froze policy model parameter: model.vqmodel.encoder.mid.block_2.conv1.weight
  - Froze policy model parameter: model.vqmodel.encoder.mid.block_2.conv1.bias
  - Froze policy model parameter: model.vqmodel.encoder.mid.block_2.norm2.weight
  - Froze policy model parameter: model.vqmodel.encoder.mid.block_2.norm2.bias
  - Froze policy model parameter: model.vqmodel.encoder.mid.block_2.conv2.weight
  - Froze policy model parameter: model.vqmodel.encoder.mid.block_2.conv2.bias
  - Froze policy model parameter: model.vqmodel.encoder.norm_out.weight
  - Froze policy model parameter: model.vqmodel.encoder.norm_out.bias
  - Froze policy model parameter: model.vqmodel.encoder.conv_out.weight
  - Froze policy model parameter: model.vqmodel.encoder.conv_out.bias
  - Froze policy model parameter: model.vqmodel.decoder.conv_in.weight
  - Froze policy model parameter: model.vqmodel.decoder.conv_in.bias
  - Froze policy model parameter: model.vqmodel.decoder.mid.block_1.norm1.weight
  - Froze policy model parameter: model.vqmodel.decoder.mid.block_1.norm1.bias
  - Froze policy model parameter: model.vqmodel.decoder.mid.block_1.conv1.weight
  - Froze policy model parameter: model.vqmodel.decoder.mid.block_1.conv1.bias
  - Froze policy model parameter: model.vqmodel.decoder.mid.block_1.norm2.weight
  - Froze policy model parameter: model.vqmodel.decoder.mid.block_1.norm2.bias
  - Froze policy model parameter: model.vqmodel.decoder.mid.block_1.conv2.weight
  - Froze policy model parameter: model.vqmodel.decoder.mid.block_1.conv2.bias
  - Froze policy model parameter: model.vqmodel.decoder.mid.attn_1.norm.weight
  - Froze policy model parameter: model.vqmodel.decoder.mid.attn_1.norm.bias
  - Froze policy model parameter: model.vqmodel.decoder.mid.attn_1.q.weight
  - Froze policy model parameter: model.vqmodel.decoder.mid.attn_1.q.bias
  - Froze policy model parameter: model.vqmodel.decoder.mid.attn_1.k.weight
  - Froze policy model parameter: model.vqmodel.decoder.mid.attn_1.k.bias
  - Froze policy model parameter: model.vqmodel.decoder.mid.attn_1.v.weight
  - Froze policy model parameter: model.vqmodel.decoder.mid.attn_1.v.bias
  - Froze policy model parameter: model.vqmodel.decoder.mid.attn_1.proj_out.weight
  - Froze policy model parameter: model.vqmodel.decoder.mid.attn_1.proj_out.bias
  - Froze policy model parameter: model.vqmodel.decoder.mid.block_2.norm1.weight
  - Froze policy model parameter: model.vqmodel.decoder.mid.block_2.norm1.bias
  - Froze policy model parameter: model.vqmodel.decoder.mid.block_2.conv1.weight
  - Froze policy model parameter: model.vqmodel.decoder.mid.block_2.conv1.bias
  - Froze policy model parameter: model.vqmodel.decoder.mid.block_2.norm2.weight
  - Froze policy model parameter: model.vqmodel.decoder.mid.block_2.norm2.bias
  - Froze policy model parameter: model.vqmodel.decoder.mid.block_2.conv2.weight
  - Froze policy model parameter: model.vqmodel.decoder.mid.block_2.conv2.bias
  - Froze policy model parameter: model.vqmodel.decoder.up.0.block.0.norm1.weight
  - Froze policy model parameter: model.vqmodel.decoder.up.0.block.0.norm1.bias
  - Froze policy model parameter: model.vqmodel.decoder.up.0.block.0.conv1.weight
  - Froze policy model parameter: model.vqmodel.decoder.up.0.block.0.conv1.bias
  - Froze policy model parameter: model.vqmodel.decoder.up.0.block.0.norm2.weight
  - Froze policy model parameter: model.vqmodel.decoder.up.0.block.0.norm2.bias
  - Froze policy model parameter: model.vqmodel.decoder.up.0.block.0.conv2.weight
  - Froze policy model parameter: model.vqmodel.decoder.up.0.block.0.conv2.bias
  - Froze policy model parameter: model.vqmodel.decoder.up.0.block.1.norm1.weight
  - Froze policy model parameter: model.vqmodel.decoder.up.0.block.1.norm1.bias
  - Froze policy model parameter: model.vqmodel.decoder.up.0.block.1.conv1.weight
  - Froze policy model parameter: model.vqmodel.decoder.up.0.block.1.conv1.bias
  - Froze policy model parameter: model.vqmodel.decoder.up.0.block.1.norm2.weight
  - Froze policy model parameter: model.vqmodel.decoder.up.0.block.1.norm2.bias
  - Froze policy model parameter: model.vqmodel.decoder.up.0.block.1.conv2.weight
  - Froze policy model parameter: model.vqmodel.decoder.up.0.block.1.conv2.bias
  - Froze policy model parameter: model.vqmodel.decoder.up.0.block.2.norm1.weight
  - Froze policy model parameter: model.vqmodel.decoder.up.0.block.2.norm1.bias
  - Froze policy model parameter: model.vqmodel.decoder.up.0.block.2.conv1.weight
  - Froze policy model parameter: model.vqmodel.decoder.up.0.block.2.conv1.bias
  - Froze policy model parameter: model.vqmodel.decoder.up.0.block.2.norm2.weight
  - Froze policy model parameter: model.vqmodel.decoder.up.0.block.2.norm2.bias
  - Froze policy model parameter: model.vqmodel.decoder.up.0.block.2.conv2.weight
  - Froze policy model parameter: model.vqmodel.decoder.up.0.block.2.conv2.bias
  - Froze policy model parameter: model.vqmodel.decoder.up.1.block.0.norm1.weight
  - Froze policy model parameter: model.vqmodel.decoder.up.1.block.0.norm1.bias
  - Froze policy model parameter: model.vqmodel.decoder.up.1.block.0.conv1.weight
  - Froze policy model parameter: model.vqmodel.decoder.up.1.block.0.conv1.bias
  - Froze policy model parameter: model.vqmodel.decoder.up.1.block.0.norm2.weight
  - Froze policy model parameter: model.vqmodel.decoder.up.1.block.0.norm2.bias
  - Froze policy model parameter: model.vqmodel.decoder.up.1.block.0.conv2.weight
  - Froze policy model parameter: model.vqmodel.decoder.up.1.block.0.conv2.bias
  - Froze policy model parameter: model.vqmodel.decoder.up.1.block.0.nin_shortcut.weight
  - Froze policy model parameter: model.vqmodel.decoder.up.1.block.0.nin_shortcut.bias
  - Froze policy model parameter: model.vqmodel.decoder.up.1.block.1.norm1.weight
  - Froze policy model parameter: model.vqmodel.decoder.up.1.block.1.norm1.bias
  - Froze policy model parameter: model.vqmodel.decoder.up.1.block.1.conv1.weight
  - Froze policy model parameter: model.vqmodel.decoder.up.1.block.1.conv1.bias
  - Froze policy model parameter: model.vqmodel.decoder.up.1.block.1.norm2.weight
  - Froze policy model parameter: model.vqmodel.decoder.up.1.block.1.norm2.bias
  - Froze policy model parameter: model.vqmodel.decoder.up.1.block.1.conv2.weight
  - Froze policy model parameter: model.vqmodel.decoder.up.1.block.1.conv2.bias
  - Froze policy model parameter: model.vqmodel.decoder.up.1.block.2.norm1.weight
  - Froze policy model parameter: model.vqmodel.decoder.up.1.block.2.norm1.bias
  - Froze policy model parameter: model.vqmodel.decoder.up.1.block.2.conv1.weight
  - Froze policy model parameter: model.vqmodel.decoder.up.1.block.2.conv1.bias
  - Froze policy model parameter: model.vqmodel.decoder.up.1.block.2.norm2.weight
  - Froze policy model parameter: model.vqmodel.decoder.up.1.block.2.norm2.bias
  - Froze policy model parameter: model.vqmodel.decoder.up.1.block.2.conv2.weight
  - Froze policy model parameter: model.vqmodel.decoder.up.1.block.2.conv2.bias
  - Froze policy model parameter: model.vqmodel.decoder.up.1.upsample.conv.weight
  - Froze policy model parameter: model.vqmodel.decoder.up.1.upsample.conv.bias
  - Froze policy model parameter: model.vqmodel.decoder.up.2.block.0.norm1.weight
  - Froze policy model parameter: model.vqmodel.decoder.up.2.block.0.norm1.bias
  - Froze policy model parameter: model.vqmodel.decoder.up.2.block.0.conv1.weight
  - Froze policy model parameter: model.vqmodel.decoder.up.2.block.0.conv1.bias
  - Froze policy model parameter: model.vqmodel.decoder.up.2.block.0.norm2.weight
  - Froze policy model parameter: model.vqmodel.decoder.up.2.block.0.norm2.bias
  - Froze policy model parameter: model.vqmodel.decoder.up.2.block.0.conv2.weight
  - Froze policy model parameter: model.vqmodel.decoder.up.2.block.0.conv2.bias
  - Froze policy model parameter: model.vqmodel.decoder.up.2.block.1.norm1.weight
  - Froze policy model parameter: model.vqmodel.decoder.up.2.block.1.norm1.bias
  - Froze policy model parameter: model.vqmodel.decoder.up.2.block.1.conv1.weight
  - Froze policy model parameter: model.vqmodel.decoder.up.2.block.1.conv1.bias
  - Froze policy model parameter: model.vqmodel.decoder.up.2.block.1.norm2.weight
  - Froze policy model parameter: model.vqmodel.decoder.up.2.block.1.norm2.bias
  - Froze policy model parameter: model.vqmodel.decoder.up.2.block.1.conv2.weight
  - Froze policy model parameter: model.vqmodel.decoder.up.2.block.1.conv2.bias
  - Froze policy model parameter: model.vqmodel.decoder.up.2.block.2.norm1.weight
  - Froze policy model parameter: model.vqmodel.decoder.up.2.block.2.norm1.bias
  - Froze policy model parameter: model.vqmodel.decoder.up.2.block.2.conv1.weight
  - Froze policy model parameter: model.vqmodel.decoder.up.2.block.2.conv1.bias
  - Froze policy model parameter: model.vqmodel.decoder.up.2.block.2.norm2.weight
  - Froze policy model parameter: model.vqmodel.decoder.up.2.block.2.norm2.bias
  - Froze policy model parameter: model.vqmodel.decoder.up.2.block.2.conv2.weight
  - Froze policy model parameter: model.vqmodel.decoder.up.2.block.2.conv2.bias
  - Froze policy model parameter: model.vqmodel.decoder.up.2.upsample.conv.weight
  - Froze policy model parameter: model.vqmodel.decoder.up.2.upsample.conv.bias
  - Froze policy model parameter: model.vqmodel.decoder.up.3.block.0.norm1.weight
  - Froze policy model parameter: model.vqmodel.decoder.up.3.block.0.norm1.bias
  - Froze policy model parameter: model.vqmodel.decoder.up.3.block.0.conv1.weight
  - Froze policy model parameter: model.vqmodel.decoder.up.3.block.0.conv1.bias
  - Froze policy model parameter: model.vqmodel.decoder.up.3.block.0.norm2.weight
  - Froze policy model parameter: model.vqmodel.decoder.up.3.block.0.norm2.bias
  - Froze policy model parameter: model.vqmodel.decoder.up.3.block.0.conv2.weight
  - Froze policy model parameter: model.vqmodel.decoder.up.3.block.0.conv2.bias
  - Froze policy model parameter: model.vqmodel.decoder.up.3.block.0.nin_shortcut.weight
  - Froze policy model parameter: model.vqmodel.decoder.up.3.block.0.nin_shortcut.bias
  - Froze policy model parameter: model.vqmodel.decoder.up.3.block.1.norm1.weight
  - Froze policy model parameter: model.vqmodel.decoder.up.3.block.1.norm1.bias
  - Froze policy model parameter: model.vqmodel.decoder.up.3.block.1.conv1.weight
  - Froze policy model parameter: model.vqmodel.decoder.up.3.block.1.conv1.bias
  - Froze policy model parameter: model.vqmodel.decoder.up.3.block.1.norm2.weight
  - Froze policy model parameter: model.vqmodel.decoder.up.3.block.1.norm2.bias
  - Froze policy model parameter: model.vqmodel.decoder.up.3.block.1.conv2.weight
  - Froze policy model parameter: model.vqmodel.decoder.up.3.block.1.conv2.bias
  - Froze policy model parameter: model.vqmodel.decoder.up.3.block.2.norm1.weight
  - Froze policy model parameter: model.vqmodel.decoder.up.3.block.2.norm1.bias
  - Froze policy model parameter: model.vqmodel.decoder.up.3.block.2.conv1.weight
  - Froze policy model parameter: model.vqmodel.decoder.up.3.block.2.conv1.bias
  - Froze policy model parameter: model.vqmodel.decoder.up.3.block.2.norm2.weight
  - Froze policy model parameter: model.vqmodel.decoder.up.3.block.2.norm2.bias
  - Froze policy model parameter: model.vqmodel.decoder.up.3.block.2.conv2.weight
  - Froze policy model parameter: model.vqmodel.decoder.up.3.block.2.conv2.bias
  - Froze policy model parameter: model.vqmodel.decoder.up.3.upsample.conv.weight
  - Froze policy model parameter: model.vqmodel.decoder.up.3.upsample.conv.bias
  - Froze policy model parameter: model.vqmodel.decoder.up.4.block.0.norm1.weight
  - Froze policy model parameter: model.vqmodel.decoder.up.4.block.0.norm1.bias
  - Froze policy model parameter: model.vqmodel.decoder.up.4.block.0.conv1.weight
  - Froze policy model parameter: model.vqmodel.decoder.up.4.block.0.conv1.bias
  - Froze policy model parameter: model.vqmodel.decoder.up.4.block.0.norm2.weight
  - Froze policy model parameter: model.vqmodel.decoder.up.4.block.0.norm2.bias
  - Froze policy model parameter: model.vqmodel.decoder.up.4.block.0.conv2.weight
  - Froze policy model parameter: model.vqmodel.decoder.up.4.block.0.conv2.bias
  - Froze policy model parameter: model.vqmodel.decoder.up.4.block.1.norm1.weight
  - Froze policy model parameter: model.vqmodel.decoder.up.4.block.1.norm1.bias
  - Froze policy model parameter: model.vqmodel.decoder.up.4.block.1.conv1.weight
  - Froze policy model parameter: model.vqmodel.decoder.up.4.block.1.conv1.bias
  - Froze policy model parameter: model.vqmodel.decoder.up.4.block.1.norm2.weight
  - Froze policy model parameter: model.vqmodel.decoder.up.4.block.1.norm2.bias
  - Froze policy model parameter: model.vqmodel.decoder.up.4.block.1.conv2.weight
  - Froze policy model parameter: model.vqmodel.decoder.up.4.block.1.conv2.bias
  - Froze policy model parameter: model.vqmodel.decoder.up.4.block.2.norm1.weight
  - Froze policy model parameter: model.vqmodel.decoder.up.4.block.2.norm1.bias
  - Froze policy model parameter: model.vqmodel.decoder.up.4.block.2.conv1.weight
  - Froze policy model parameter: model.vqmodel.decoder.up.4.block.2.conv1.bias
  - Froze policy model parameter: model.vqmodel.decoder.up.4.block.2.norm2.weight
  - Froze policy model parameter: model.vqmodel.decoder.up.4.block.2.norm2.bias
  - Froze policy model parameter: model.vqmodel.decoder.up.4.block.2.conv2.weight
  - Froze policy model parameter: model.vqmodel.decoder.up.4.block.2.conv2.bias
  - Froze policy model parameter: model.vqmodel.decoder.up.4.upsample.conv.weight
  - Froze policy model parameter: model.vqmodel.decoder.up.4.upsample.conv.bias
  - Froze policy model parameter: model.vqmodel.decoder.norm_out.weight
  - Froze policy model parameter: model.vqmodel.decoder.norm_out.bias
  - Froze policy model parameter: model.vqmodel.decoder.conv_out.weight
  - Froze policy model parameter: model.vqmodel.decoder.conv_out.bias
  - Froze policy model parameter: model.vqmodel.quantize.embedding.weight
  - Froze policy model parameter: model.vqmodel.quant_conv.weight
  - Froze policy model parameter: model.vqmodel.quant_conv.bias
  - Froze policy model parameter: model.vqmodel.post_quant_conv.weight
  - Froze policy model parameter: model.vqmodel.post_quant_conv.bias
  - Froze policy model parameter: mlp_head.time_embed.mlp.0.weight
  - Froze policy model parameter: mlp_head.time_embed.mlp.0.bias
  - Froze policy model parameter: mlp_head.time_embed.mlp.2.weight
  - Froze policy model parameter: mlp_head.time_embed.mlp.2.bias
  - Froze policy model parameter: mlp_head.cond_embed.weight
  - Froze policy model parameter: mlp_head.cond_embed.bias
  - Froze policy model parameter: mlp_head.input_proj.weight
  - Froze policy model parameter: mlp_head.input_proj.bias
  - Froze policy model parameter: mlp_head.res_blocks.0.in_ln.weight
  - Froze policy model parameter: mlp_head.res_blocks.0.in_ln.bias
  - Froze policy model parameter: mlp_head.res_blocks.0.mlp.0.weight
  - Froze policy model parameter: mlp_head.res_blocks.0.mlp.0.bias
  - Froze policy model parameter: mlp_head.res_blocks.0.mlp.2.weight
  - Froze policy model parameter: mlp_head.res_blocks.0.mlp.2.bias
  - Froze policy model parameter: mlp_head.res_blocks.0.adaLN_modulation.1.weight
  - Froze policy model parameter: mlp_head.res_blocks.0.adaLN_modulation.1.bias
  - Froze policy model parameter: mlp_head.res_blocks.1.in_ln.weight
  - Froze policy model parameter: mlp_head.res_blocks.1.in_ln.bias
  - Froze policy model parameter: mlp_head.res_blocks.1.mlp.0.weight
  - Froze policy model parameter: mlp_head.res_blocks.1.mlp.0.bias
  - Froze policy model parameter: mlp_head.res_blocks.1.mlp.2.weight
  - Froze policy model parameter: mlp_head.res_blocks.1.mlp.2.bias
  - Froze policy model parameter: mlp_head.res_blocks.1.adaLN_modulation.1.weight
  - Froze policy model parameter: mlp_head.res_blocks.1.adaLN_modulation.1.bias
  - Froze policy model parameter: mlp_head.res_blocks.2.in_ln.weight
  - Froze policy model parameter: mlp_head.res_blocks.2.in_ln.bias
  - Froze policy model parameter: mlp_head.res_blocks.2.mlp.0.weight
  - Froze policy model parameter: mlp_head.res_blocks.2.mlp.0.bias
  - Froze policy model parameter: mlp_head.res_blocks.2.mlp.2.weight
  - Froze policy model parameter: mlp_head.res_blocks.2.mlp.2.bias
  - Froze policy model parameter: mlp_head.res_blocks.2.adaLN_modulation.1.weight
  - Froze policy model parameter: mlp_head.res_blocks.2.adaLN_modulation.1.bias
  - Froze policy model parameter: mlp_head.final_layer.linear.weight
  - Froze policy model parameter: mlp_head.final_layer.linear.bias
  - Froze policy model parameter: mlp_head.final_layer.adaLN_modulation.1.weight
  - Froze policy model parameter: mlp_head.final_layer.adaLN_modulation.1.bias
Model parts frozen.
Loaded 2 reward functions: ['answer_correctness_reward', 'format_reward']
Trainer initialized.
--- [Step 3/3] Starting GRPO training... ---
multimodal_generation_mode text-only
Setting `pad_token_id` to `eos_token_id`:2 for open-end generation.
multimodal_generation_mode text-only
Setting `pad_token_id` to `eos_token_id`:2 for open-end generation.
multimodal_generation_mode text-only
multimodal_generation_mode text-only
Setting `pad_token_id` to `eos_token_id`:2 for open-end generation.
Setting `pad_token_id` to `eos_token_id`:2 for open-end generation.
multimodal_generation_mode text-only
Setting `pad_token_id` to `eos_token_id`:2 for open-end generation.
multimodal_generation_mode text-only
Setting `pad_token_id` to `eos_token_id`:2 for open-end generation.
multimodal_generation_mode text-only
Setting `pad_token_id` to `eos_token_id`:2 for open-end generation.
multimodal_generation_mode text-only
Setting `pad_token_id` to `eos_token_id`:2 for open-end generation.
wandb: Currently logged in as: xjy110156 (xjy110156-) to https://api.wandb.ai. Use `wandb login --relogin` to force relogin
multimodal_generation_mode text-only
Setting `pad_token_id` to `eos_token_id`:2 for open-end generation.
multimodal_generation_mode text-only
Setting `pad_token_id` to `eos_token_id`:2 for open-end generation.
wandb: creating run
wandb: Tracking run with wandb version 0.22.0
wandb: Run data is saved locally in /data1/oujingfeng/project/twgi/Orthus/train/grpo/wandb/run-20251027_173646-0c0e7czd
wandb: Run `wandb offline` to turn off syncing.
wandb: Syncing run orthus-7b-grpo-geneval-v1
wandb: ⭐️ View project at https://wandb.ai/xjy110156-/orthus-grpo-project
wandb: 🚀 View run at https://wandb.ai/xjy110156-/orthus-grpo-project/runs/0c0e7czd
wandb: WARNING Serializing object of type dict that is 1922480 bytes
  0%|          | 0/2000 [00:00<?, ?it/s]multimodal_generation_mode text-only
Setting `pad_token_id` to `eos_token_id`:2 for open-end generation.
multimodal_generation_mode text-only
Setting `pad_token_id` to `eos_token_id`:2 for open-end generation.
multimodal_generation_mode text-only
Setting `pad_token_id` to `eos_token_id`:2 for open-end generation.
multimodal_generation_mode text-only
Setting `pad_token_id` to `eos_token_id`:2 for open-end generation.
multimodal_generation_mode text-only
Setting `pad_token_id` to `eos_token_id`:2 for open-end generation.
multimodal_generation_mode text-only
Setting `pad_token_id` to `eos_token_id`:2 for open-end generation.
                                        {'reward/mean': 0.0, 'reward/std': 0.0, 'policy/advantage_mean': 0.0, 'policy/advantage_std': 0.0, 'loss/pg_loss': 0.0, 'loss/kl_div': -0.3997468013389438, 'epoch': 0}
  0%|          | 0/2000 [00:04<?, ?it/s]Could not estimate the number of tokens of the input, floating-point operations will not be computed
Could not estimate the number of tokens of the input, floating-point operations will not be computed
Could not estimate the number of tokens of the input, floating-point operations will not be computed
Could not estimate the number of tokens of the input, floating-point operations will not be computed
Could not estimate the number of tokens of the input, floating-point operations will not be computed
Could not estimate the number of tokens of the input, floating-point operations will not be computed
Could not estimate the number of tokens of the input, floating-point operations will not be computed
Could not estimate the number of tokens of the input, floating-point operations will not be computed
multimodal_generation_mode text-only
multimodal_generation_mode text-only
Setting `pad_token_id` to `eos_token_id`:2 for open-end generation.
Setting `pad_token_id` to `eos_token_id`:2 for open-end generation.
multimodal_generation_mode text-only
multimodal_generation_mode text-only
Setting `pad_token_id` to `eos_token_id`:2 for open-end generation.
multimodal_generation_mode text-only
multimodal_generation_mode text-only
Setting `pad_token_id` to `eos_token_id`:2 for open-end generation.
Setting `pad_token_id` to `eos_token_id`:2 for open-end generation.
multimodal_generation_modeSetting `pad_token_id` to `eos_token_id`:2 for open-end generation.
 text-only
multimodal_generation_mode text-only
Setting `pad_token_id` to `eos_token_id`:2 for open-end generation.
Setting `pad_token_id` to `eos_token_id`:2 for open-end generation.
multimodal_generation_mode text-only
Setting `pad_token_id` to `eos_token_id`:2 for open-end generation.
multimodal_generation_mode text-only
Setting `pad_token_id` to `eos_token_id`:2 for open-end generation.
multimodal_generation_mode text-only
Setting `pad_token_id` to `eos_token_id`:2 for open-end generation.
multimodal_generation_mode text-only
Setting `pad_token_id` to `eos_token_id`:2 for open-end generation.
multimodal_generation_mode text-only
Setting `pad_token_id` to `eos_token_id`:2 for open-end generation.
multimodal_generation_mode text-only
Setting `pad_token_id` to `eos_token_id`:2 for open-end generation.
                                        {'reward/mean': 0.0, 'reward/std': 0.0, 'policy/advantage_mean': 0.0, 'policy/advantage_std': 0.0, 'loss/pg_loss': 0.0, 'loss/kl_div': -0.6773131443903997, 'epoch': 0}
  0%|          | 0/2000 [00:13<?, ?it/s]multimodal_generation_mode text-only
Setting `pad_token_id` to `eos_token_id`:2 for open-end generation.
multimodal_generation_mode text-only
Setting `pad_token_id` to `eos_token_id`:2 for open-end generation.
  0%|          | 1/2000 [00:38<21:13:30, 38.22s/it]                                                   {'loss': 0.0, 'grad_norm': 0.0, 'learning_rate': 1e-06, 'epoch': 0.15}
  0%|          | 1/2000 [00:38<21:13:30, 38.22s/it]multimodal_generation_mode text-only
multimodal_generation_mode text-only
Setting `pad_token_id` to `eos_token_id`:2 for open-end generation.
Setting `pad_token_id` to `eos_token_id`:2 for open-end generation.
multimodal_generation_mode text-only
multimodal_generation_mode text-only
multimodal_generation_mode text-only
Setting `pad_token_id` to `eos_token_id`:2 for open-end generation.
Setting `pad_token_id` to `eos_token_id`:2 for open-end generation.
Setting `pad_token_id` to `eos_token_id`:2 for open-end generation.
multimodal_generation_mode text-only
multimodal_generation_modeSetting `pad_token_id` to `eos_token_id`:2 for open-end generation.
 text-only
Setting `pad_token_id` to `eos_token_id`:2 for open-end generation.
multimodal_generation_mode text-only
Setting `pad_token_id` to `eos_token_id`:2 for open-end generation.
multimodal_generation_mode text-only
Setting `pad_token_id` to `eos_token_id`:2 for open-end generation.
multimodal_generation_mode text-only
Setting `pad_token_id` to `eos_token_id`:2 for open-end generation.
multimodal_generation_mode text-only
Setting `pad_token_id` to `eos_token_id`:2 for open-end generation.
multimodal_generation_mode text-only
Setting `pad_token_id` to `eos_token_id`:2 for open-end generation.
multimodal_generation_mode text-only
Setting `pad_token_id` to `eos_token_id`:2 for open-end generation.
multimodal_generation_mode text-only
Setting `pad_token_id` to `eos_token_id`:2 for open-end generation.
multimodal_generation_mode text-only
Setting `pad_token_id` to `eos_token_id`:2 for open-end generation.
                                                   {'reward/mean': 0.0, 'reward/std': 0.0, 'policy/advantage_mean': 0.0, 'policy/advantage_std': 0.0, 'loss/pg_loss': 0.0, 'loss/kl_div': -0.4135645779696378, 'epoch': 0.15}
  0%|          | 1/2000 [00:42<21:13:30, 38.22s/it]multimodal_generation_mode text-only
Setting `pad_token_id` to `eos_token_id`:2 for open-end generation.
[rank5]: Traceback (most recent call last):
[rank5]:   File "/data1/oujingfeng/project/twgi/Orthus/train/grpo/grpo_orthus.py", line 168, in <module>
[rank5]:     main(script_args, training_args, model_args)
[rank5]:   File "/data1/oujingfeng/project/twgi/Orthus/train/grpo/grpo_orthus.py", line 155, in main
[rank5]:     trainer.train(resume_from_checkpoint=checkpoint_to_resume)
[rank5]:   File "/data1/conda/envs/orthus/lib/python3.11/site-packages/transformers/trainer.py", line 2325, in train
[rank5]:     return inner_training_loop(
[rank5]:            ^^^^^^^^^^^^^^^^^^^^
[rank5]:   File "/data1/conda/envs/orthus/lib/python3.11/site-packages/transformers/trainer.py", line 2674, in _inner_training_loop
[rank5]:     tr_loss_step = self.training_step(model, inputs, num_items_in_batch)
[rank5]:                    ^^^^^^^^^^^^^^^^^^^^^^^^^^^^^^^^^^^^^^^^^^^^^^^^^^^^^
[rank5]:   File "/data1/conda/envs/orthus/lib/python3.11/site-packages/transformers/trainer.py", line 4020, in training_step
[rank5]:     loss = self.compute_loss(model, inputs, num_items_in_batch=num_items_in_batch)
[rank5]:            ^^^^^^^^^^^^^^^^^^^^^^^^^^^^^^^^^^^^^^^^^^^^^^^^^^^^^^^^^^^^^^^^^^^^^^^
[rank5]:   File "/data1/oujingfeng/project/twgi/Orthus/train/grpo/grpo_trainer_orthus.py", line 235, in compute_loss
[rank5]:     log_probs_policy_full = self.get_text_per_token_logps(model, padded_full, attention_mask)
[rank5]:                             ^^^^^^^^^^^^^^^^^^^^^^^^^^^^^^^^^^^^^^^^^^^^^^^^^^^^^^^^^^^^^^^^^
[rank5]:   File "/data1/oujingfeng/project/twgi/Orthus/train/grpo/grpo_trainer_orthus.py", line 322, in get_text_per_token_logps
[rank5]:     outputs = model(
[rank5]:               ^^^^^^
[rank5]:   File "/data1/conda/envs/orthus/lib/python3.11/site-packages/torch/nn/modules/module.py", line 1773, in _wrapped_call_impl
[rank5]:     return self._call_impl(*args, **kwargs)
[rank5]:            ^^^^^^^^^^^^^^^^^^^^^^^^^^^^^^^^
[rank5]:   File "/data1/conda/envs/orthus/lib/python3.11/site-packages/torch/nn/modules/module.py", line 1784, in _call_impl
[rank5]:     return forward_call(*args, **kwargs)
[rank5]:            ^^^^^^^^^^^^^^^^^^^^^^^^^^^^^
[rank5]:   File "/data1/conda/envs/orthus/lib/python3.11/site-packages/deepspeed/utils/nvtx.py", line 20, in wrapped_fn
[rank5]:     ret_val = func(*args, **kwargs)
[rank5]:               ^^^^^^^^^^^^^^^^^^^^^
[rank5]:   File "/data1/conda/envs/orthus/lib/python3.11/site-packages/deepspeed/runtime/engine.py", line 2151, in forward
[rank5]:     loss = self.module(*inputs, **kwargs)
[rank5]:            ^^^^^^^^^^^^^^^^^^^^^^^^^^^^^^
[rank5]:   File "/data1/conda/envs/orthus/lib/python3.11/site-packages/torch/nn/modules/module.py", line 1773, in _wrapped_call_impl
[rank5]:     return self._call_impl(*args, **kwargs)
[rank5]:            ^^^^^^^^^^^^^^^^^^^^^^^^^^^^^^^^
[rank5]:   File "/data1/conda/envs/orthus/lib/python3.11/site-packages/torch/nn/modules/module.py", line 1879, in _call_impl
[rank5]:     return inner()
[rank5]:            ^^^^^^^
[rank5]:   File "/data1/conda/envs/orthus/lib/python3.11/site-packages/torch/nn/modules/module.py", line 1827, in inner
[rank5]:     result = forward_call(*args, **kwargs)
[rank5]:              ^^^^^^^^^^^^^^^^^^^^^^^^^^^^^
[rank5]:   File "/data1/oujingfeng/project/twgi/Orthus/models/modeling_orthus_for_inteleave_cfg.py", line 2425, in forward
[rank5]:     outputs = self.model(
[rank5]:               ^^^^^^^^^^^
[rank5]:   File "/data1/conda/envs/orthus/lib/python3.11/site-packages/torch/nn/modules/module.py", line 1773, in _wrapped_call_impl
[rank5]:     return self._call_impl(*args, **kwargs)
[rank5]:            ^^^^^^^^^^^^^^^^^^^^^^^^^^^^^^^^
[rank5]:   File "/data1/conda/envs/orthus/lib/python3.11/site-packages/torch/nn/modules/module.py", line 1784, in _call_impl
[rank5]:     return forward_call(*args, **kwargs)
[rank5]:            ^^^^^^^^^^^^^^^^^^^^^^^^^^^^^
[rank5]:   File "/data1/oujingfeng/project/twgi/Orthus/models/modeling_orthus_for_inteleave_cfg.py", line 1881, in forward
[rank5]:     layer_outputs = decoder_layer(
[rank5]:                     ^^^^^^^^^^^^^^
[rank5]:   File "/data1/conda/envs/orthus/lib/python3.11/site-packages/torch/nn/modules/module.py", line 1773, in _wrapped_call_impl
[rank5]:     return self._call_impl(*args, **kwargs)
[rank5]:            ^^^^^^^^^^^^^^^^^^^^^^^^^^^^^^^^
[rank5]:   File "/data1/conda/envs/orthus/lib/python3.11/site-packages/torch/nn/modules/module.py", line 1784, in _call_impl
[rank5]:     return forward_call(*args, **kwargs)
[rank5]:            ^^^^^^^^^^^^^^^^^^^^^^^^^^^^^
[rank5]:   File "/data1/oujingfeng/project/twgi/Orthus/models/modeling_orthus_for_inteleave_cfg.py", line 738, in forward
[rank5]:     hidden_states = self.mlp(hidden_states)
[rank5]:                     ^^^^^^^^^^^^^^^^^^^^^^^
[rank5]:   File "/data1/conda/envs/orthus/lib/python3.11/site-packages/torch/nn/modules/module.py", line 1773, in _wrapped_call_impl
[rank5]:     return self._call_impl(*args, **kwargs)
[rank5]:            ^^^^^^^^^^^^^^^^^^^^^^^^^^^^^^^^
[rank5]:   File "/data1/conda/envs/orthus/lib/python3.11/site-packages/torch/nn/modules/module.py", line 1784, in _call_impl
[rank5]:     return forward_call(*args, **kwargs)
[rank5]:            ^^^^^^^^^^^^^^^^^^^^^^^^^^^^^
[rank5]:   File "/data1/oujingfeng/project/twgi/Orthus/models/modeling_orthus_for_inteleave_cfg.py", line 289, in forward
[rank5]:     down_proj = self.down_proj(self.act_fn(self.gate_proj(x)) * self.up_proj(x))
[rank5]:                 ^^^^^^^^^^^^^^^^^^^^^^^^^^^^^^^^^^^^^^^^^^^^^^^^^^^^^^^^^^^^^^^^
[rank5]:   File "/data1/conda/envs/orthus/lib/python3.11/site-packages/torch/nn/modules/module.py", line 1773, in _wrapped_call_impl
[rank5]:     return self._call_impl(*args, **kwargs)
[rank5]:            ^^^^^^^^^^^^^^^^^^^^^^^^^^^^^^^^
[rank5]:   File "/data1/conda/envs/orthus/lib/python3.11/site-packages/torch/nn/modules/module.py", line 1784, in _call_impl
[rank5]:     return forward_call(*args, **kwargs)
[rank5]:            ^^^^^^^^^^^^^^^^^^^^^^^^^^^^^
[rank5]:   File "/data1/conda/envs/orthus/lib/python3.11/site-packages/torch/nn/modules/linear.py", line 125, in forward
[rank5]:     return F.linear(input, self.weight, self.bias)
[rank5]:            ^^^^^^^^^^^^^^^^^^^^^^^^^^^^^^^^^^^^^^^
[rank5]: torch.OutOfMemoryError: CUDA out of memory. Tried to allocate 28.00 MiB. GPU 5 has a total capacity of 47.41 GiB of which 960.00 KiB is free. Process 3112560 has 260.00 MiB memory in use. Including non-PyTorch memory, this process has 47.14 GiB memory in use. Of the allocated memory 45.98 GiB is allocated by PyTorch, and 714.15 MiB is reserved by PyTorch but unallocated. If reserved but unallocated memory is large try setting PYTORCH_CUDA_ALLOC_CONF=expandable_segments:True to avoid fragmentation.  See documentation for Memory Management  (https://pytorch.org/docs/stable/notes/cuda.html#environment-variables)
W1027 17:37:50.180000 220098 site-packages/torch/distributed/elastic/multiprocessing/api.py:900] Sending process 220321 closing signal SIGTERM
W1027 17:37:50.183000 220098 site-packages/torch/distributed/elastic/multiprocessing/api.py:900] Sending process 220322 closing signal SIGTERM
W1027 17:37:50.185000 220098 site-packages/torch/distributed/elastic/multiprocessing/api.py:900] Sending process 220323 closing signal SIGTERM
W1027 17:37:50.187000 220098 site-packages/torch/distributed/elastic/multiprocessing/api.py:900] Sending process 220324 closing signal SIGTERM
W1027 17:37:50.189000 220098 site-packages/torch/distributed/elastic/multiprocessing/api.py:900] Sending process 220325 closing signal SIGTERM
W1027 17:37:50.205000 220098 site-packages/torch/distributed/elastic/multiprocessing/api.py:900] Sending process 220327 closing signal SIGTERM
W1027 17:37:50.210000 220098 site-packages/torch/distributed/elastic/multiprocessing/api.py:900] Sending process 220328 closing signal SIGTERM
E1027 17:37:51.262000 220098 site-packages/torch/distributed/elastic/multiprocessing/api.py:874] failed (exitcode: 1) local_rank: 5 (pid: 220326) of binary: /data1/conda/envs/orthus/bin/python3.11
Traceback (most recent call last):
  File "/data1/conda/envs/orthus/bin/accelerate", line 7, in <module>
    sys.exit(main())
             ^^^^^^
  File "/data1/conda/envs/orthus/lib/python3.11/site-packages/accelerate/commands/accelerate_cli.py", line 50, in main
    args.func(args)
  File "/data1/conda/envs/orthus/lib/python3.11/site-packages/accelerate/commands/launch.py", line 1220, in launch_command
    deepspeed_launcher(args)
  File "/data1/conda/envs/orthus/lib/python3.11/site-packages/accelerate/commands/launch.py", line 906, in deepspeed_launcher
    distrib_run.run(args)
  File "/data1/conda/envs/orthus/lib/python3.11/site-packages/torch/distributed/run.py", line 892, in run
    elastic_launch(
  File "/data1/conda/envs/orthus/lib/python3.11/site-packages/torch/distributed/launcher/api.py", line 143, in __call__
    return launch_agent(self._config, self._entrypoint, list(args))
           ^^^^^^^^^^^^^^^^^^^^^^^^^^^^^^^^^^^^^^^^^^^^^^^^^^^^^^^^
  File "/data1/conda/envs/orthus/lib/python3.11/site-packages/torch/distributed/launcher/api.py", line 277, in launch_agent
    raise ChildFailedError(
torch.distributed.elastic.multiprocessing.errors.ChildFailedError: 
============================================================
/data1/oujingfeng/project/twgi/Orthus/train/grpo/grpo_orthus.py FAILED
------------------------------------------------------------
Failures:
  <NO_OTHER_FAILURES>
------------------------------------------------------------
Root Cause (first observed failure):
[0]:
  time      : 2025-10-27_17:37:50
  host      : server
  rank      : 5 (local_rank: 5)
  exitcode  : 1 (pid: 220326)
  error_file: <N/A>
  traceback : To enable traceback see: https://pytorch.org/docs/stable/elastic/errors.html
============================================================
