[INFO] Launch command: accelerate launch --config_file /data1/oujingfeng/project/twgi/Orthus/accelerate_config_stage3_offload.yaml --num_processes 8 /data1/oujingfeng/project/twgi/Orthus/train/grpo/grpo_orthus.py --model_name_or_path /data1/oujingfeng/project/twgi/checkpoints/mydatasets/orthus-7b-sft-base-sample80b100ep500l1e-5-weight-F --output_dir /data1/oujingfeng/project/twgi/checkpoints/grpo/orthus-7b-grpo-geneval-v1 --run_name orthus-7b-grpo-geneval-v1 --dataset_name /data1/oujingfeng/project/twgi/datasets/mydatasets/modified_data.json --bf16 True --torch_dtype bfloat16 --attn_implementation flash_attention_2 --gradient_checkpointing True --max_prompt_length 512 --max_completion_length 256 --per_device_train_batch_size 1 --gradient_accumulation_steps 2 --learning_rate 1e-6 --max_steps 2000 --logging_steps 1 --save_steps 500 --temperature 1.0 --num_generations 2 --generation_batch_size 16 --beta 0 --optim adamw_torch --reward_funcs answer_correctness format --reward_smooth True --kl_reweight True --update_ref False --entropy_reward True --gradient_checkpointing False
W1028 05:33:58.861000 337652 site-packages/torch/distributed/run.py:774] 
W1028 05:33:58.861000 337652 site-packages/torch/distributed/run.py:774] *****************************************
W1028 05:33:58.861000 337652 site-packages/torch/distributed/run.py:774] Setting OMP_NUM_THREADS environment variable for each process to be 1 in default, to avoid your system being overloaded, please further tune the variable for optimal performance in your application as needed. 
W1028 05:33:58.861000 337652 site-packages/torch/distributed/run.py:774] *****************************************
NCCL version 2.27.3+cuda12.9
/data1/conda/envs/orthus/lib/python3.11/site-packages/trl/trainer/model_config.py:194: FutureWarning: `torch_dtype` is deprecated and will be removed in version 0.27.0, please use `dtype` instead.
  warnings.warn(
Random seed set to 42
--- [Step 1/3] Loading dataset... ---
/data1/conda/envs/orthus/lib/python3.11/site-packages/trl/trainer/model_config.py:194: FutureWarning: `torch_dtype` is deprecated and will be removed in version 0.27.0, please use `dtype` instead.
  warnings.warn(
Random seed set to 42
--- [Step 1/3] Loading dataset... ---
/data1/conda/envs/orthus/lib/python3.11/site-packages/trl/trainer/model_config.py:194: FutureWarning: `torch_dtype` is deprecated and will be removed in version 0.27.0, please use `dtype` instead.
  warnings.warn(
Random seed set to 42
--- [Step 1/3] Loading dataset... ---
/data1/conda/envs/orthus/lib/python3.11/site-packages/trl/trainer/model_config.py:194: FutureWarning: `torch_dtype` is deprecated and will be removed in version 0.27.0, please use `dtype` instead.
  warnings.warn(
Random seed set to 42
--- [Step 1/3] Loading dataset... ---
/data1/conda/envs/orthus/lib/python3.11/site-packages/trl/trainer/model_config.py:194: FutureWarning: `torch_dtype` is deprecated and will be removed in version 0.27.0, please use `dtype` instead.
  warnings.warn(
Random seed set to 42
--- [Step 1/3] Loading dataset... ---
/data1/conda/envs/orthus/lib/python3.11/site-packages/trl/trainer/model_config.py:194: FutureWarning: `torch_dtype` is deprecated and will be removed in version 0.27.0, please use `dtype` instead.
  warnings.warn(
Random seed set to 42
--- [Step 1/3] Loading dataset... ---
/data1/conda/envs/orthus/lib/python3.11/site-packages/trl/trainer/model_config.py:194: FutureWarning: `torch_dtype` is deprecated and will be removed in version 0.27.0, please use `dtype` instead.
  warnings.warn(
Random seed set to 42
--- [Step 1/3] Loading dataset... ---
/data1/conda/envs/orthus/lib/python3.11/site-packages/trl/trainer/model_config.py:194: FutureWarning: `torch_dtype` is deprecated and will be removed in version 0.27.0, please use `dtype` instead.
  warnings.warn(
Random seed set to 42
--- [Step 1/3] Loading dataset... ---
Dataset '/data1/oujingfeng/project/twgi/datasets/mydatasets/modified_data.json' loaded successfully with 100 samples.
Dataset '/data1/oujingfeng/project/twgi/datasets/mydatasets/modified_data.json' loaded successfully with 100 samples.
Dataset formatted.
Enabled reward functions: ['answer_correctness', 'format']
--- [Step 2/3] Initializing OrthusGRPOTrainer... ---
--- OrthusGRPOTrainer Initializing ---
Dataset formatted.
Enabled reward functions: ['answer_correctness', 'format']
--- [Step 2/3] Initializing OrthusGRPOTrainer... ---
--- OrthusGRPOTrainer Initializing ---
Dataset '/data1/oujingfeng/project/twgi/datasets/mydatasets/modified_data.json' loaded successfully with 100 samples.
Dataset formatted.
Enabled reward functions: ['answer_correctness', 'format']
--- [Step 2/3] Initializing OrthusGRPOTrainer... ---
--- OrthusGRPOTrainer Initializing ---
Dataset '/data1/oujingfeng/project/twgi/datasets/mydatasets/modified_data.json' loaded successfully with 100 samples.
Dataset formatted.
Enabled reward functions: ['answer_correctness', 'format']
--- [Step 2/3] Initializing OrthusGRPOTrainer... ---
--- OrthusGRPOTrainer Initializing ---
Dataset '/data1/oujingfeng/project/twgi/datasets/mydatasets/modified_data.json' loaded successfully with 100 samples.
Dataset formatted.
Enabled reward functions: ['answer_correctness', 'format']
--- [Step 2/3] Initializing OrthusGRPOTrainer... ---
--- OrthusGRPOTrainer Initializing ---
Dataset '/data1/oujingfeng/project/twgi/datasets/mydatasets/modified_data.json' loaded successfully with 100 samples.
Dataset formatted.
Enabled reward functions: ['answer_correctness', 'format']
--- [Step 2/3] Initializing OrthusGRPOTrainer... ---
--- OrthusGRPOTrainer Initializing ---
Dataset '/data1/oujingfeng/project/twgi/datasets/mydatasets/modified_data.json' loaded successfully with 100 samples.
Dataset formatted.
Enabled reward functions: ['answer_correctness', 'format']
--- [Step 2/3] Initializing OrthusGRPOTrainer... ---
--- OrthusGRPOTrainer Initializing ---
Dataset '/data1/oujingfeng/project/twgi/datasets/mydatasets/modified_data.json' loaded successfully with 100 samples.
Dataset formatted.
Enabled reward functions: ['answer_correctness', 'format']
--- [Step 2/3] Initializing OrthusGRPOTrainer... ---
--- OrthusGRPOTrainer Initializing ---
`torch_dtype` is deprecated! Use `dtype` instead!
`torch_dtype` is deprecated! Use `dtype` instead!
`torch_dtype` is deprecated! Use `dtype` instead!
`torch_dtype` is deprecated! Use `dtype` instead!
Loading checkpoint shards:   0%|          | 0/3 [00:00<?, ?it/s]`torch_dtype` is deprecated! Use `dtype` instead!
`torch_dtype` is deprecated! Use `dtype` instead!
Loading checkpoint shards: 100%|██████████| 3/3 [00:00<00:00, 26.66it/s]Loading checkpoint shards: 100%|██████████| 3/3 [00:00<00:00, 26.62it/s]
Loading checkpoint shards:   0%|          | 0/3 [00:00<?, ?it/s]Freezing non-trainable parts of the model...
  - Froze policy model parameter: model.vqmodel.encoder.conv_in.weight
  - Froze policy model parameter: model.vqmodel.encoder.conv_in.bias
  - Froze policy model parameter: model.vqmodel.encoder.down.0.block.0.norm1.weight
  - Froze policy model parameter: model.vqmodel.encoder.down.0.block.0.norm1.bias
  - Froze policy model parameter: model.vqmodel.encoder.down.0.block.0.conv1.weight
  - Froze policy model parameter: model.vqmodel.encoder.down.0.block.0.conv1.bias
  - Froze policy model parameter: model.vqmodel.encoder.down.0.block.0.norm2.weight
  - Froze policy model parameter: model.vqmodel.encoder.down.0.block.0.norm2.bias
  - Froze policy model parameter: model.vqmodel.encoder.down.0.block.0.conv2.weight
  - Froze policy model parameter: model.vqmodel.encoder.down.0.block.0.conv2.bias
  - Froze policy model parameter: model.vqmodel.encoder.down.0.block.1.norm1.weight
  - Froze policy model parameter: model.vqmodel.encoder.down.0.block.1.norm1.bias
  - Froze policy model parameter: model.vqmodel.encoder.down.0.block.1.conv1.weight
  - Froze policy model parameter: model.vqmodel.encoder.down.0.block.1.conv1.bias
  - Froze policy model parameter: model.vqmodel.encoder.down.0.block.1.norm2.weight
  - Froze policy model parameter: model.vqmodel.encoder.down.0.block.1.norm2.bias
  - Froze policy model parameter: model.vqmodel.encoder.down.0.block.1.conv2.weight
  - Froze policy model parameter: model.vqmodel.encoder.down.0.block.1.conv2.bias
  - Froze policy model parameter: model.vqmodel.encoder.down.0.downsample.conv.weight
  - Froze policy model parameter: model.vqmodel.encoder.down.0.downsample.conv.bias
  - Froze policy model parameter: model.vqmodel.encoder.down.1.block.0.norm1.weight
  - Froze policy model parameter: model.vqmodel.encoder.down.1.block.0.norm1.bias
  - Froze policy model parameter: model.vqmodel.encoder.down.1.block.0.conv1.weight
  - Froze policy model parameter: model.vqmodel.encoder.down.1.block.0.conv1.bias
  - Froze policy model parameter: model.vqmodel.encoder.down.1.block.0.norm2.weight
  - Froze policy model parameter: model.vqmodel.encoder.down.1.block.0.norm2.bias
  - Froze policy model parameter: model.vqmodel.encoder.down.1.block.0.conv2.weight
  - Froze policy model parameter: model.vqmodel.encoder.down.1.block.0.conv2.bias
  - Froze policy model parameter: model.vqmodel.encoder.down.1.block.1.norm1.weight
  - Froze policy model parameter: model.vqmodel.encoder.down.1.block.1.norm1.bias
  - Froze policy model parameter: model.vqmodel.encoder.down.1.block.1.conv1.weight
  - Froze policy model parameter: model.vqmodel.encoder.down.1.block.1.conv1.bias
  - Froze policy model parameter: model.vqmodel.encoder.down.1.block.1.norm2.weight
  - Froze policy model parameter: model.vqmodel.encoder.down.1.block.1.norm2.bias
  - Froze policy model parameter: model.vqmodel.encoder.down.1.block.1.conv2.weight
  - Froze policy model parameter: model.vqmodel.encoder.down.1.block.1.conv2.bias
  - Froze policy model parameter: model.vqmodel.encoder.down.1.downsample.conv.weight
  - Froze policy model parameter: model.vqmodel.encoder.down.1.downsample.conv.bias
  - Froze policy model parameter: model.vqmodel.encoder.down.2.block.0.norm1.weight
  - Froze policy model parameter: model.vqmodel.encoder.down.2.block.0.norm1.bias
  - Froze policy model parameter: model.vqmodel.encoder.down.2.block.0.conv1.weight
  - Froze policy model parameter: model.vqmodel.encoder.down.2.block.0.conv1.bias
  - Froze policy model parameter: model.vqmodel.encoder.down.2.block.0.norm2.weight
  - Froze policy model parameter: model.vqmodel.encoder.down.2.block.0.norm2.bias
  - Froze policy model parameter: model.vqmodel.encoder.down.2.block.0.conv2.weight
  - Froze policy model parameter: model.vqmodel.encoder.down.2.block.0.conv2.bias
  - Froze policy model parameter: model.vqmodel.encoder.down.2.block.0.nin_shortcut.weight
  - Froze policy model parameter: model.vqmodel.encoder.down.2.block.0.nin_shortcut.bias
  - Froze policy model parameter: model.vqmodel.encoder.down.2.block.1.norm1.weight
  - Froze policy model parameter: model.vqmodel.encoder.down.2.block.1.norm1.bias
  - Froze policy model parameter: model.vqmodel.encoder.down.2.block.1.conv1.weight
  - Froze policy model parameter: model.vqmodel.encoder.down.2.block.1.conv1.bias
  - Froze policy model parameter: model.vqmodel.encoder.down.2.block.1.norm2.weight
  - Froze policy model parameter: model.vqmodel.encoder.down.2.block.1.norm2.bias
  - Froze policy model parameter: model.vqmodel.encoder.down.2.block.1.conv2.weight
  - Froze policy model parameter: model.vqmodel.encoder.down.2.block.1.conv2.bias
  - Froze policy model parameter: model.vqmodel.encoder.down.2.downsample.conv.weight
  - Froze policy model parameter: model.vqmodel.encoder.down.2.downsample.conv.bias
  - Froze policy model parameter: model.vqmodel.encoder.down.3.block.0.norm1.weight
  - Froze policy model parameter: model.vqmodel.encoder.down.3.block.0.norm1.bias
  - Froze policy model parameter: model.vqmodel.encoder.down.3.block.0.conv1.weight
  - Froze policy model parameter: model.vqmodel.encoder.down.3.block.0.conv1.bias
  - Froze policy model parameter: model.vqmodel.encoder.down.3.block.0.norm2.weight
  - Froze policy model parameter: model.vqmodel.encoder.down.3.block.0.norm2.bias
  - Froze policy model parameter: model.vqmodel.encoder.down.3.block.0.conv2.weight
  - Froze policy model parameter: model.vqmodel.encoder.down.3.block.0.conv2.bias
  - Froze policy model parameter: model.vqmodel.encoder.down.3.block.1.norm1.weight
  - Froze policy model parameter: model.vqmodel.encoder.down.3.block.1.norm1.bias
  - Froze policy model parameter: model.vqmodel.encoder.down.3.block.1.conv1.weight
  - Froze policy model parameter: model.vqmodel.encoder.down.3.block.1.conv1.bias
  - Froze policy model parameter: model.vqmodel.encoder.down.3.block.1.norm2.weight
  - Froze policy model parameter: model.vqmodel.encoder.down.3.block.1.norm2.bias
  - Froze policy model parameter: model.vqmodel.encoder.down.3.block.1.conv2.weight
  - Froze policy model parameter: model.vqmodel.encoder.down.3.block.1.conv2.bias
  - Froze policy model parameter: model.vqmodel.encoder.down.3.downsample.conv.weight
  - Froze policy model parameter: model.vqmodel.encoder.down.3.downsample.conv.bias
  - Froze policy model parameter: model.vqmodel.encoder.down.4.block.0.norm1.weight
  - Froze policy model parameter: model.vqmodel.encoder.down.4.block.0.norm1.bias
  - Froze policy model parameter: model.vqmodel.encoder.down.4.block.0.conv1.weight
  - Froze policy model parameter: model.vqmodel.encoder.down.4.block.0.conv1.bias
  - Froze policy model parameter: model.vqmodel.encoder.down.4.block.0.norm2.weight
  - Froze policy model parameter: model.vqmodel.encoder.down.4.block.0.norm2.bias
  - Froze policy model parameter: model.vqmodel.encoder.down.4.block.0.conv2.weight
  - Froze policy model parameter: model.vqmodel.encoder.down.4.block.0.conv2.bias
  - Froze policy model parameter: model.vqmodel.encoder.down.4.block.0.nin_shortcut.weight
  - Froze policy model parameter: model.vqmodel.encoder.down.4.block.0.nin_shortcut.bias
  - Froze policy model parameter: model.vqmodel.encoder.down.4.block.1.norm1.weight
  - Froze policy model parameter: model.vqmodel.encoder.down.4.block.1.norm1.bias
  - Froze policy model parameter: model.vqmodel.encoder.down.4.block.1.conv1.weight
  - Froze policy model parameter: model.vqmodel.encoder.down.4.block.1.conv1.bias
  - Froze policy model parameter: model.vqmodel.encoder.down.4.block.1.norm2.weight
  - Froze policy model parameter: model.vqmodel.encoder.down.4.block.1.norm2.bias
  - Froze policy model parameter: model.vqmodel.encoder.down.4.block.1.conv2.weight
  - Froze policy model parameter: model.vqmodel.encoder.down.4.block.1.conv2.bias
  - Froze policy model parameter: model.vqmodel.encoder.mid.block_1.norm1.weight
  - Froze policy model parameter: model.vqmodel.encoder.mid.block_1.norm1.bias
  - Froze policy model parameter: model.vqmodel.encoder.mid.block_1.conv1.weight
  - Froze policy model parameter: model.vqmodel.encoder.mid.block_1.conv1.bias
  - Froze policy model parameter: model.vqmodel.encoder.mid.block_1.norm2.weight
  - Froze policy model parameter: model.vqmodel.encoder.mid.block_1.norm2.bias
  - Froze policy model parameter: model.vqmodel.encoder.mid.block_1.conv2.weight
  - Froze policy model parameter: model.vqmodel.encoder.mid.block_1.conv2.bias
  - Froze policy model parameter: model.vqmodel.encoder.mid.attn_1.norm.weight
  - Froze policy model parameter: model.vqmodel.encoder.mid.attn_1.norm.bias
  - Froze policy model parameter: model.vqmodel.encoder.mid.attn_1.q.weight
  - Froze policy model parameter: model.vqmodel.encoder.mid.attn_1.q.bias
  - Froze policy model parameter: model.vqmodel.encoder.mid.attn_1.k.weight
  - Froze policy model parameter: model.vqmodel.encoder.mid.attn_1.k.bias
  - Froze policy model parameter: model.vqmodel.encoder.mid.attn_1.v.weight
  - Froze policy model parameter: model.vqmodel.encoder.mid.attn_1.v.bias
  - Froze policy model parameter: model.vqmodel.encoder.mid.attn_1.proj_out.weight
  - Froze policy model parameter: model.vqmodel.encoder.mid.attn_1.proj_out.bias
  - Froze policy model parameter: model.vqmodel.encoder.mid.block_2.norm1.weight
  - Froze policy model parameter: model.vqmodel.encoder.mid.block_2.norm1.bias
  - Froze policy model parameter: model.vqmodel.encoder.mid.block_2.conv1.weight
  - Froze policy model parameter: model.vqmodel.encoder.mid.block_2.conv1.bias
  - Froze policy model parameter: model.vqmodel.encoder.mid.block_2.norm2.weight
  - Froze policy model parameter: model.vqmodel.encoder.mid.block_2.norm2.bias
  - Froze policy model parameter: model.vqmodel.encoder.mid.block_2.conv2.weight
  - Froze policy model parameter: model.vqmodel.encoder.mid.block_2.conv2.bias
  - Froze policy model parameter: model.vqmodel.encoder.norm_out.weight
  - Froze policy model parameter: model.vqmodel.encoder.norm_out.bias
  - Froze policy model parameter: model.vqmodel.encoder.conv_out.weight
  - Froze policy model parameter: model.vqmodel.encoder.conv_out.bias
  - Froze policy model parameter: model.vqmodel.decoder.conv_in.weight
  - Froze policy model parameter: model.vqmodel.decoder.conv_in.bias
  - Froze policy model parameter: model.vqmodel.decoder.mid.block_1.norm1.weight
  - Froze policy model parameter: model.vqmodel.decoder.mid.block_1.norm1.bias
  - Froze policy model parameter: model.vqmodel.decoder.mid.block_1.conv1.weight
  - Froze policy model parameter: model.vqmodel.decoder.mid.block_1.conv1.bias
  - Froze policy model parameter: model.vqmodel.decoder.mid.block_1.norm2.weight
  - Froze policy model parameter: model.vqmodel.decoder.mid.block_1.norm2.bias
  - Froze policy model parameter: model.vqmodel.decoder.mid.block_1.conv2.weight
  - Froze policy model parameter: model.vqmodel.decoder.mid.block_1.conv2.bias
  - Froze policy model parameter: model.vqmodel.decoder.mid.attn_1.norm.weight
  - Froze policy model parameter: model.vqmodel.decoder.mid.attn_1.norm.bias
  - Froze policy model parameter: model.vqmodel.decoder.mid.attn_1.q.weight
  - Froze policy model parameter: model.vqmodel.decoder.mid.attn_1.q.bias
  - Froze policy model parameter: model.vqmodel.decoder.mid.attn_1.k.weight
  - Froze policy model parameter: model.vqmodel.decoder.mid.attn_1.k.bias
  - Froze policy model parameter: model.vqmodel.decoder.mid.attn_1.v.weight
  - Froze policy model parameter: model.vqmodel.decoder.mid.attn_1.v.bias
  - Froze policy model parameter: model.vqmodel.decoder.mid.attn_1.proj_out.weight
  - Froze policy model parameter: model.vqmodel.decoder.mid.attn_1.proj_out.bias
  - Froze policy model parameter: model.vqmodel.decoder.mid.block_2.norm1.weight
  - Froze policy model parameter: model.vqmodel.decoder.mid.block_2.norm1.bias
  - Froze policy model parameter: model.vqmodel.decoder.mid.block_2.conv1.weight
  - Froze policy model parameter: model.vqmodel.decoder.mid.block_2.conv1.bias
  - Froze policy model parameter: model.vqmodel.decoder.mid.block_2.norm2.weight
  - Froze policy model parameter: model.vqmodel.decoder.mid.block_2.norm2.bias
  - Froze policy model parameter: model.vqmodel.decoder.mid.block_2.conv2.weight
  - Froze policy model parameter: model.vqmodel.decoder.mid.block_2.conv2.bias
  - Froze policy model parameter: model.vqmodel.decoder.up.0.block.0.norm1.weight
  - Froze policy model parameter: model.vqmodel.decoder.up.0.block.0.norm1.bias
  - Froze policy model parameter: model.vqmodel.decoder.up.0.block.0.conv1.weight
  - Froze policy model parameter: model.vqmodel.decoder.up.0.block.0.conv1.bias
  - Froze policy model parameter: model.vqmodel.decoder.up.0.block.0.norm2.weight
  - Froze policy model parameter: model.vqmodel.decoder.up.0.block.0.norm2.bias
  - Froze policy model parameter: model.vqmodel.decoder.up.0.block.0.conv2.weight
  - Froze policy model parameter: model.vqmodel.decoder.up.0.block.0.conv2.bias
  - Froze policy model parameter: model.vqmodel.decoder.up.0.block.1.norm1.weight
  - Froze policy model parameter: model.vqmodel.decoder.up.0.block.1.norm1.bias
  - Froze policy model parameter: model.vqmodel.decoder.up.0.block.1.conv1.weight
  - Froze policy model parameter: model.vqmodel.decoder.up.0.block.1.conv1.bias
  - Froze policy model parameter: model.vqmodel.decoder.up.0.block.1.norm2.weight
  - Froze policy model parameter: model.vqmodel.decoder.up.0.block.1.norm2.bias
  - Froze policy model parameter: model.vqmodel.decoder.up.0.block.1.conv2.weight
  - Froze policy model parameter: model.vqmodel.decoder.up.0.block.1.conv2.bias
  - Froze policy model parameter: model.vqmodel.decoder.up.0.block.2.norm1.weight
  - Froze policy model parameter: model.vqmodel.decoder.up.0.block.2.norm1.bias
  - Froze policy model parameter: model.vqmodel.decoder.up.0.block.2.conv1.weight
  - Froze policy model parameter: model.vqmodel.decoder.up.0.block.2.conv1.bias
  - Froze policy model parameter: model.vqmodel.decoder.up.0.block.2.norm2.weight
  - Froze policy model parameter: model.vqmodel.decoder.up.0.block.2.norm2.bias
  - Froze policy model parameter: model.vqmodel.decoder.up.0.block.2.conv2.weight
  - Froze policy model parameter: model.vqmodel.decoder.up.0.block.2.conv2.bias
  - Froze policy model parameter: model.vqmodel.decoder.up.1.block.0.norm1.weight
  - Froze policy model parameter: model.vqmodel.decoder.up.1.block.0.norm1.bias
  - Froze policy model parameter: model.vqmodel.decoder.up.1.block.0.conv1.weight
  - Froze policy model parameter: model.vqmodel.decoder.up.1.block.0.conv1.bias
  - Froze policy model parameter: model.vqmodel.decoder.up.1.block.0.norm2.weight
  - Froze policy model parameter: model.vqmodel.decoder.up.1.block.0.norm2.bias
  - Froze policy model parameter: model.vqmodel.decoder.up.1.block.0.conv2.weight
  - Froze policy model parameter: model.vqmodel.decoder.up.1.block.0.conv2.bias
  - Froze policy model parameter: model.vqmodel.decoder.up.1.block.0.nin_shortcut.weight
  - Froze policy model parameter: model.vqmodel.decoder.up.1.block.0.nin_shortcut.bias
  - Froze policy model parameter: model.vqmodel.decoder.up.1.block.1.norm1.weight
  - Froze policy model parameter: model.vqmodel.decoder.up.1.block.1.norm1.bias
  - Froze policy model parameter: model.vqmodel.decoder.up.1.block.1.conv1.weight
  - Froze policy model parameter: model.vqmodel.decoder.up.1.block.1.conv1.bias
  - Froze policy model parameter: model.vqmodel.decoder.up.1.block.1.norm2.weight
  - Froze policy model parameter: model.vqmodel.decoder.up.1.block.1.norm2.bias
  - Froze policy model parameter: model.vqmodel.decoder.up.1.block.1.conv2.weight
  - Froze policy model parameter: model.vqmodel.decoder.up.1.block.1.conv2.bias
  - Froze policy model parameter: model.vqmodel.decoder.up.1.block.2.norm1.weight
  - Froze policy model parameter: model.vqmodel.decoder.up.1.block.2.norm1.bias
  - Froze policy model parameter: model.vqmodel.decoder.up.1.block.2.conv1.weight
  - Froze policy model parameter: model.vqmodel.decoder.up.1.block.2.conv1.bias
  - Froze policy model parameter: model.vqmodel.decoder.up.1.block.2.norm2.weight
  - Froze policy model parameter: model.vqmodel.decoder.up.1.block.2.norm2.bias
  - Froze policy model parameter: model.vqmodel.decoder.up.1.block.2.conv2.weight
  - Froze policy model parameter: model.vqmodel.decoder.up.1.block.2.conv2.bias
  - Froze policy model parameter: model.vqmodel.decoder.up.1.upsample.conv.weight
  - Froze policy model parameter: model.vqmodel.decoder.up.1.upsample.conv.bias
  - Froze policy model parameter: model.vqmodel.decoder.up.2.block.0.norm1.weight
  - Froze policy model parameter: model.vqmodel.decoder.up.2.block.0.norm1.bias
  - Froze policy model parameter: model.vqmodel.decoder.up.2.block.0.conv1.weight
  - Froze policy model parameter: model.vqmodel.decoder.up.2.block.0.conv1.bias
  - Froze policy model parameter: model.vqmodel.decoder.up.2.block.0.norm2.weight
  - Froze policy model parameter: model.vqmodel.decoder.up.2.block.0.norm2.bias
  - Froze policy model parameter: model.vqmodel.decoder.up.2.block.0.conv2.weight
  - Froze policy model parameter: model.vqmodel.decoder.up.2.block.0.conv2.bias
  - Froze policy model parameter: model.vqmodel.decoder.up.2.block.1.norm1.weight
  - Froze policy model parameter: model.vqmodel.decoder.up.2.block.1.norm1.bias
  - Froze policy model parameter: model.vqmodel.decoder.up.2.block.1.conv1.weight
  - Froze policy model parameter: model.vqmodel.decoder.up.2.block.1.conv1.bias
  - Froze policy model parameter: model.vqmodel.decoder.up.2.block.1.norm2.weight
  - Froze policy model parameter: model.vqmodel.decoder.up.2.block.1.norm2.bias
  - Froze policy model parameter: model.vqmodel.decoder.up.2.block.1.conv2.weight
  - Froze policy model parameter: model.vqmodel.decoder.up.2.block.1.conv2.bias
  - Froze policy model parameter: model.vqmodel.decoder.up.2.block.2.norm1.weight
  - Froze policy model parameter: model.vqmodel.decoder.up.2.block.2.norm1.bias
  - Froze policy model parameter: model.vqmodel.decoder.up.2.block.2.conv1.weight
  - Froze policy model parameter: model.vqmodel.decoder.up.2.block.2.conv1.bias
  - Froze policy model parameter: model.vqmodel.decoder.up.2.block.2.norm2.weight
  - Froze policy model parameter: model.vqmodel.decoder.up.2.block.2.norm2.bias
  - Froze policy model parameter: model.vqmodel.decoder.up.2.block.2.conv2.weight
  - Froze policy model parameter: model.vqmodel.decoder.up.2.block.2.conv2.bias
  - Froze policy model parameter: model.vqmodel.decoder.up.2.upsample.conv.weight
  - Froze policy model parameter: model.vqmodel.decoder.up.2.upsample.conv.bias
  - Froze policy model parameter: model.vqmodel.decoder.up.3.block.0.norm1.weight
  - Froze policy model parameter: model.vqmodel.decoder.up.3.block.0.norm1.bias
  - Froze policy model parameter: model.vqmodel.decoder.up.3.block.0.conv1.weight
  - Froze policy model parameter: model.vqmodel.decoder.up.3.block.0.conv1.bias
  - Froze policy model parameter: model.vqmodel.decoder.up.3.block.0.norm2.weight
  - Froze policy model parameter: model.vqmodel.decoder.up.3.block.0.norm2.bias
  - Froze policy model parameter: model.vqmodel.decoder.up.3.block.0.conv2.weight
  - Froze policy model parameter: model.vqmodel.decoder.up.3.block.0.conv2.bias
  - Froze policy model parameter: model.vqmodel.decoder.up.3.block.0.nin_shortcut.weight
  - Froze policy model parameter: model.vqmodel.decoder.up.3.block.0.nin_shortcut.bias
  - Froze policy model parameter: model.vqmodel.decoder.up.3.block.1.norm1.weight
  - Froze policy model parameter: model.vqmodel.decoder.up.3.block.1.norm1.bias
  - Froze policy model parameter: model.vqmodel.decoder.up.3.block.1.conv1.weight
  - Froze policy model parameter: model.vqmodel.decoder.up.3.block.1.conv1.bias
  - Froze policy model parameter: model.vqmodel.decoder.up.3.block.1.norm2.weight
  - Froze policy model parameter: model.vqmodel.decoder.up.3.block.1.norm2.bias
  - Froze policy model parameter: model.vqmodel.decoder.up.3.block.1.conv2.weight
  - Froze policy model parameter: model.vqmodel.decoder.up.3.block.1.conv2.bias
  - Froze policy model parameter: model.vqmodel.decoder.up.3.block.2.norm1.weight
  - Froze policy model parameter: model.vqmodel.decoder.up.3.block.2.norm1.bias
  - Froze policy model parameter: model.vqmodel.decoder.up.3.block.2.conv1.weight
  - Froze policy model parameter: model.vqmodel.decoder.up.3.block.2.conv1.bias
  - Froze policy model parameter: model.vqmodel.decoder.up.3.block.2.norm2.weight
  - Froze policy model parameter: model.vqmodel.decoder.up.3.block.2.norm2.bias
  - Froze policy model parameter: model.vqmodel.decoder.up.3.block.2.conv2.weight
  - Froze policy model parameter: model.vqmodel.decoder.up.3.block.2.conv2.bias
  - Froze policy model parameter: model.vqmodel.decoder.up.3.upsample.conv.weight
  - Froze policy model parameter: model.vqmodel.decoder.up.3.upsample.conv.bias
  - Froze policy model parameter: model.vqmodel.decoder.up.4.block.0.norm1.weight
  - Froze policy model parameter: model.vqmodel.decoder.up.4.block.0.norm1.bias
  - Froze policy model parameter: model.vqmodel.decoder.up.4.block.0.conv1.weight
  - Froze policy model parameter: model.vqmodel.decoder.up.4.block.0.conv1.bias
  - Froze policy model parameter: model.vqmodel.decoder.up.4.block.0.norm2.weight
  - Froze policy model parameter: model.vqmodel.decoder.up.4.block.0.norm2.bias
  - Froze policy model parameter: model.vqmodel.decoder.up.4.block.0.conv2.weight
  - Froze policy model parameter: model.vqmodel.decoder.up.4.block.0.conv2.bias
  - Froze policy model parameter: model.vqmodel.decoder.up.4.block.1.norm1.weight
  - Froze policy model parameter: model.vqmodel.decoder.up.4.block.1.norm1.bias
  - Froze policy model parameter: model.vqmodel.decoder.up.4.block.1.conv1.weight
  - Froze policy model parameter: model.vqmodel.decoder.up.4.block.1.conv1.bias
  - Froze policy model parameter: model.vqmodel.decoder.up.4.block.1.norm2.weight
  - Froze policy model parameter: model.vqmodel.decoder.up.4.block.1.norm2.bias
  - Froze policy model parameter: model.vqmodel.decoder.up.4.block.1.conv2.weight
  - Froze policy model parameter: model.vqmodel.decoder.up.4.block.1.conv2.bias
  - Froze policy model parameter: model.vqmodel.decoder.up.4.block.2.norm1.weight
  - Froze policy model parameter: model.vqmodel.decoder.up.4.block.2.norm1.bias
  - Froze policy model parameter: model.vqmodel.decoder.up.4.block.2.conv1.weight
  - Froze policy model parameter: model.vqmodel.decoder.up.4.block.2.conv1.bias
  - Froze policy model parameter: model.vqmodel.decoder.up.4.block.2.norm2.weight
  - Froze policy model parameter: model.vqmodel.decoder.up.4.block.2.norm2.bias
  - Froze policy model parameter: model.vqmodel.decoder.up.4.block.2.conv2.weight
  - Froze policy model parameter: model.vqmodel.decoder.up.4.block.2.conv2.bias
  - Froze policy model parameter: model.vqmodel.decoder.up.4.upsample.conv.weight
  - Froze policy model parameter: model.vqmodel.decoder.up.4.upsample.conv.bias
  - Froze policy model parameter: model.vqmodel.decoder.norm_out.weight
  - Froze policy model parameter: model.vqmodel.decoder.norm_out.bias
  - Froze policy model parameter: model.vqmodel.decoder.conv_out.weight
  - Froze policy model parameter: model.vqmodel.decoder.conv_out.bias
  - Froze policy model parameter: model.vqmodel.quantize.embedding.weight
  - Froze policy model parameter: model.vqmodel.quant_conv.weight
  - Froze policy model parameter: model.vqmodel.quant_conv.bias
  - Froze policy model parameter: model.vqmodel.post_quant_conv.weight
  - Froze policy model parameter: model.vqmodel.post_quant_conv.bias
  - Froze policy model parameter: mlp_head.time_embed.mlp.0.weight
  - Froze policy model parameter: mlp_head.time_embed.mlp.0.bias
  - Froze policy model parameter: mlp_head.time_embed.mlp.2.weight
  - Froze policy model parameter: mlp_head.time_embed.mlp.2.bias
  - Froze policy model parameter: mlp_head.cond_embed.weight
  - Froze policy model parameter: mlp_head.cond_embed.bias
  - Froze policy model parameter: mlp_head.input_proj.weight
  - Froze policy model parameter: mlp_head.input_proj.bias
  - Froze policy model parameter: mlp_head.res_blocks.0.in_ln.weight
  - Froze policy model parameter: mlp_head.res_blocks.0.in_ln.bias
  - Froze policy model parameter: mlp_head.res_blocks.0.mlp.0.weight
  - Froze policy model parameter: mlp_head.res_blocks.0.mlp.0.bias
  - Froze policy model parameter: mlp_head.res_blocks.0.mlp.2.weight
  - Froze policy model parameter: mlp_head.res_blocks.0.mlp.2.bias
  - Froze policy model parameter: mlp_head.res_blocks.0.adaLN_modulation.1.weight
  - Froze policy model parameter: mlp_head.res_blocks.0.adaLN_modulation.1.bias
  - Froze policy model parameter: mlp_head.res_blocks.1.in_ln.weight
  - Froze policy model parameter: mlp_head.res_blocks.1.in_ln.bias
  - Froze policy model parameter: mlp_head.res_blocks.1.mlp.0.weight
  - Froze policy model parameter: mlp_head.res_blocks.1.mlp.0.bias
  - Froze policy model parameter: mlp_head.res_blocks.1.mlp.2.weight
  - Froze policy model parameter: mlp_head.res_blocks.1.mlp.2.bias
  - Froze policy model parameter: mlp_head.res_blocks.1.adaLN_modulation.1.weight
  - Froze policy model parameter: mlp_head.res_blocks.1.adaLN_modulation.1.bias
  - Froze policy model parameter: mlp_head.res_blocks.2.in_ln.weight
  - Froze policy model parameter: mlp_head.res_blocks.2.in_ln.bias
  - Froze policy model parameter: mlp_head.res_blocks.2.mlp.0.weight
  - Froze policy model parameter: mlp_head.res_blocks.2.mlp.0.bias
  - Froze policy model parameter: mlp_head.res_blocks.2.mlp.2.weight
  - Froze policy model parameter: mlp_head.res_blocks.2.mlp.2.bias
  - Froze policy model parameter: mlp_head.res_blocks.2.adaLN_modulation.1.weight
  - Froze policy model parameter: mlp_head.res_blocks.2.adaLN_modulation.1.bias
  - Froze policy model parameter: mlp_head.final_layer.linear.weight
  - Froze policy model parameter: mlp_head.final_layer.linear.bias
  - Froze policy model parameter: mlp_head.final_layer.adaLN_modulation.1.weight
  - Froze policy model parameter: mlp_head.final_layer.adaLN_modulation.1.bias
Model parts frozen.
Loaded 2 reward functions: ['answer_correctness_reward', 'format_reward']
Trainer initialized.
--- [Step 3/3] Starting GRPO training... ---
Loading checkpoint shards: 100%|██████████| 3/3 [00:00<00:00, 25.88it/s]Loading checkpoint shards: 100%|██████████| 3/3 [00:00<00:00, 25.84it/s]
Freezing non-trainable parts of the model...
  - Froze policy model parameter: model.vqmodel.encoder.conv_in.weight
  - Froze policy model parameter: model.vqmodel.encoder.conv_in.bias
  - Froze policy model parameter: model.vqmodel.encoder.down.0.block.0.norm1.weight
  - Froze policy model parameter: model.vqmodel.encoder.down.0.block.0.norm1.bias
  - Froze policy model parameter: model.vqmodel.encoder.down.0.block.0.conv1.weight
  - Froze policy model parameter: model.vqmodel.encoder.down.0.block.0.conv1.bias
  - Froze policy model parameter: model.vqmodel.encoder.down.0.block.0.norm2.weight
  - Froze policy model parameter: model.vqmodel.encoder.down.0.block.0.norm2.bias
  - Froze policy model parameter: model.vqmodel.encoder.down.0.block.0.conv2.weight
  - Froze policy model parameter: model.vqmodel.encoder.down.0.block.0.conv2.bias
  - Froze policy model parameter: model.vqmodel.encoder.down.0.block.1.norm1.weight
  - Froze policy model parameter: model.vqmodel.encoder.down.0.block.1.norm1.bias
  - Froze policy model parameter: model.vqmodel.encoder.down.0.block.1.conv1.weight
  - Froze policy model parameter: model.vqmodel.encoder.down.0.block.1.conv1.bias
  - Froze policy model parameter: model.vqmodel.encoder.down.0.block.1.norm2.weight
  - Froze policy model parameter: model.vqmodel.encoder.down.0.block.1.norm2.bias
  - Froze policy model parameter: model.vqmodel.encoder.down.0.block.1.conv2.weight
  - Froze policy model parameter: model.vqmodel.encoder.down.0.block.1.conv2.bias
  - Froze policy model parameter: model.vqmodel.encoder.down.0.downsample.conv.weight
  - Froze policy model parameter: model.vqmodel.encoder.down.0.downsample.conv.bias
  - Froze policy model parameter: model.vqmodel.encoder.down.1.block.0.norm1.weight
  - Froze policy model parameter: model.vqmodel.encoder.down.1.block.0.norm1.bias
  - Froze policy model parameter: model.vqmodel.encoder.down.1.block.0.conv1.weight
  - Froze policy model parameter: model.vqmodel.encoder.down.1.block.0.conv1.bias
  - Froze policy model parameter: model.vqmodel.encoder.down.1.block.0.norm2.weight
  - Froze policy model parameter: model.vqmodel.encoder.down.1.block.0.norm2.bias
  - Froze policy model parameter: model.vqmodel.encoder.down.1.block.0.conv2.weight
  - Froze policy model parameter: model.vqmodel.encoder.down.1.block.0.conv2.bias
  - Froze policy model parameter: model.vqmodel.encoder.down.1.block.1.norm1.weight
  - Froze policy model parameter: model.vqmodel.encoder.down.1.block.1.norm1.bias
  - Froze policy model parameter: model.vqmodel.encoder.down.1.block.1.conv1.weight
  - Froze policy model parameter: model.vqmodel.encoder.down.1.block.1.conv1.bias
  - Froze policy model parameter: model.vqmodel.encoder.down.1.block.1.norm2.weight
  - Froze policy model parameter: model.vqmodel.encoder.down.1.block.1.norm2.bias
  - Froze policy model parameter: model.vqmodel.encoder.down.1.block.1.conv2.weight
  - Froze policy model parameter: model.vqmodel.encoder.down.1.block.1.conv2.bias
  - Froze policy model parameter: model.vqmodel.encoder.down.1.downsample.conv.weight
  - Froze policy model parameter: model.vqmodel.encoder.down.1.downsample.conv.bias
  - Froze policy model parameter: model.vqmodel.encoder.down.2.block.0.norm1.weight
  - Froze policy model parameter: model.vqmodel.encoder.down.2.block.0.norm1.bias
  - Froze policy model parameter: model.vqmodel.encoder.down.2.block.0.conv1.weight
  - Froze policy model parameter: model.vqmodel.encoder.down.2.block.0.conv1.bias
  - Froze policy model parameter: model.vqmodel.encoder.down.2.block.0.norm2.weight
  - Froze policy model parameter: model.vqmodel.encoder.down.2.block.0.norm2.bias
  - Froze policy model parameter: model.vqmodel.encoder.down.2.block.0.conv2.weight
  - Froze policy model parameter: model.vqmodel.encoder.down.2.block.0.conv2.bias
  - Froze policy model parameter: model.vqmodel.encoder.down.2.block.0.nin_shortcut.weight
  - Froze policy model parameter: model.vqmodel.encoder.down.2.block.0.nin_shortcut.bias
  - Froze policy model parameter: model.vqmodel.encoder.down.2.block.1.norm1.weight
  - Froze policy model parameter: model.vqmodel.encoder.down.2.block.1.norm1.bias
  - Froze policy model parameter: model.vqmodel.encoder.down.2.block.1.conv1.weight
  - Froze policy model parameter: model.vqmodel.encoder.down.2.block.1.conv1.bias
  - Froze policy model parameter: model.vqmodel.encoder.down.2.block.1.norm2.weight
  - Froze policy model parameter: model.vqmodel.encoder.down.2.block.1.norm2.bias
  - Froze policy model parameter: model.vqmodel.encoder.down.2.block.1.conv2.weight
  - Froze policy model parameter: model.vqmodel.encoder.down.2.block.1.conv2.bias
  - Froze policy model parameter: model.vqmodel.encoder.down.2.downsample.conv.weight
  - Froze policy model parameter: model.vqmodel.encoder.down.2.downsample.conv.bias
  - Froze policy model parameter: model.vqmodel.encoder.down.3.block.0.norm1.weight
  - Froze policy model parameter: model.vqmodel.encoder.down.3.block.0.norm1.bias
  - Froze policy model parameter: model.vqmodel.encoder.down.3.block.0.conv1.weight
  - Froze policy model parameter: model.vqmodel.encoder.down.3.block.0.conv1.bias
  - Froze policy model parameter: model.vqmodel.encoder.down.3.block.0.norm2.weight
  - Froze policy model parameter: model.vqmodel.encoder.down.3.block.0.norm2.bias
  - Froze policy model parameter: model.vqmodel.encoder.down.3.block.0.conv2.weight
  - Froze policy model parameter: model.vqmodel.encoder.down.3.block.0.conv2.bias
  - Froze policy model parameter: model.vqmodel.encoder.down.3.block.1.norm1.weight
  - Froze policy model parameter: model.vqmodel.encoder.down.3.block.1.norm1.bias
  - Froze policy model parameter: model.vqmodel.encoder.down.3.block.1.conv1.weight
  - Froze policy model parameter: model.vqmodel.encoder.down.3.block.1.conv1.bias
  - Froze policy model parameter: model.vqmodel.encoder.down.3.block.1.norm2.weight
  - Froze policy model parameter: model.vqmodel.encoder.down.3.block.1.norm2.bias
  - Froze policy model parameter: model.vqmodel.encoder.down.3.block.1.conv2.weight
  - Froze policy model parameter: model.vqmodel.encoder.down.3.block.1.conv2.bias
  - Froze policy model parameter: model.vqmodel.encoder.down.3.downsample.conv.weight
  - Froze policy model parameter: model.vqmodel.encoder.down.3.downsample.conv.bias
  - Froze policy model parameter: model.vqmodel.encoder.down.4.block.0.norm1.weight
  - Froze policy model parameter: model.vqmodel.encoder.down.4.block.0.norm1.bias
  - Froze policy model parameter: model.vqmodel.encoder.down.4.block.0.conv1.weight
  - Froze policy model parameter: model.vqmodel.encoder.down.4.block.0.conv1.bias
  - Froze policy model parameter: model.vqmodel.encoder.down.4.block.0.norm2.weight
  - Froze policy model parameter: model.vqmodel.encoder.down.4.block.0.norm2.bias
  - Froze policy model parameter: model.vqmodel.encoder.down.4.block.0.conv2.weight
  - Froze policy model parameter: model.vqmodel.encoder.down.4.block.0.conv2.bias
  - Froze policy model parameter: model.vqmodel.encoder.down.4.block.0.nin_shortcut.weight
  - Froze policy model parameter: model.vqmodel.encoder.down.4.block.0.nin_shortcut.bias
  - Froze policy model parameter: model.vqmodel.encoder.down.4.block.1.norm1.weight
  - Froze policy model parameter: model.vqmodel.encoder.down.4.block.1.norm1.bias
  - Froze policy model parameter: model.vqmodel.encoder.down.4.block.1.conv1.weight
  - Froze policy model parameter: model.vqmodel.encoder.down.4.block.1.conv1.bias
  - Froze policy model parameter: model.vqmodel.encoder.down.4.block.1.norm2.weight
  - Froze policy model parameter: model.vqmodel.encoder.down.4.block.1.norm2.bias
  - Froze policy model parameter: model.vqmodel.encoder.down.4.block.1.conv2.weight
  - Froze policy model parameter: model.vqmodel.encoder.down.4.block.1.conv2.bias
  - Froze policy model parameter: model.vqmodel.encoder.mid.block_1.norm1.weight
  - Froze policy model parameter: model.vqmodel.encoder.mid.block_1.norm1.bias
  - Froze policy model parameter: model.vqmodel.encoder.mid.block_1.conv1.weight
  - Froze policy model parameter: model.vqmodel.encoder.mid.block_1.conv1.bias
  - Froze policy model parameter: model.vqmodel.encoder.mid.block_1.norm2.weight
  - Froze policy model parameter: model.vqmodel.encoder.mid.block_1.norm2.bias
  - Froze policy model parameter: model.vqmodel.encoder.mid.block_1.conv2.weight
  - Froze policy model parameter: model.vqmodel.encoder.mid.block_1.conv2.bias
  - Froze policy model parameter: model.vqmodel.encoder.mid.attn_1.norm.weight
  - Froze policy model parameter: model.vqmodel.encoder.mid.attn_1.norm.bias
  - Froze policy model parameter: model.vqmodel.encoder.mid.attn_1.q.weight
  - Froze policy model parameter: model.vqmodel.encoder.mid.attn_1.q.bias
  - Froze policy model parameter: model.vqmodel.encoder.mid.attn_1.k.weight
  - Froze policy model parameter: model.vqmodel.encoder.mid.attn_1.k.bias
  - Froze policy model parameter: model.vqmodel.encoder.mid.attn_1.v.weight
  - Froze policy model parameter: model.vqmodel.encoder.mid.attn_1.v.bias
  - Froze policy model parameter: model.vqmodel.encoder.mid.attn_1.proj_out.weight
  - Froze policy model parameter: model.vqmodel.encoder.mid.attn_1.proj_out.bias
  - Froze policy model parameter: model.vqmodel.encoder.mid.block_2.norm1.weight
  - Froze policy model parameter: model.vqmodel.encoder.mid.block_2.norm1.bias
  - Froze policy model parameter: model.vqmodel.encoder.mid.block_2.conv1.weight
  - Froze policy model parameter: model.vqmodel.encoder.mid.block_2.conv1.bias
  - Froze policy model parameter: model.vqmodel.encoder.mid.block_2.norm2.weight
  - Froze policy model parameter: model.vqmodel.encoder.mid.block_2.norm2.bias
  - Froze policy model parameter: model.vqmodel.encoder.mid.block_2.conv2.weight
  - Froze policy model parameter: model.vqmodel.encoder.mid.block_2.conv2.bias
  - Froze policy model parameter: model.vqmodel.encoder.norm_out.weight
  - Froze policy model parameter: model.vqmodel.encoder.norm_out.bias
  - Froze policy model parameter: model.vqmodel.encoder.conv_out.weight
  - Froze policy model parameter: model.vqmodel.encoder.conv_out.bias
  - Froze policy model parameter: model.vqmodel.decoder.conv_in.weight
  - Froze policy model parameter: model.vqmodel.decoder.conv_in.bias
  - Froze policy model parameter: model.vqmodel.decoder.mid.block_1.norm1.weight
  - Froze policy model parameter: model.vqmodel.decoder.mid.block_1.norm1.bias
  - Froze policy model parameter: model.vqmodel.decoder.mid.block_1.conv1.weight
  - Froze policy model parameter: model.vqmodel.decoder.mid.block_1.conv1.bias
  - Froze policy model parameter: model.vqmodel.decoder.mid.block_1.norm2.weight
  - Froze policy model parameter: model.vqmodel.decoder.mid.block_1.norm2.bias
  - Froze policy model parameter: model.vqmodel.decoder.mid.block_1.conv2.weight
  - Froze policy model parameter: model.vqmodel.decoder.mid.block_1.conv2.bias
  - Froze policy model parameter: model.vqmodel.decoder.mid.attn_1.norm.weight
  - Froze policy model parameter: model.vqmodel.decoder.mid.attn_1.norm.bias
  - Froze policy model parameter: model.vqmodel.decoder.mid.attn_1.q.weight
  - Froze policy model parameter: model.vqmodel.decoder.mid.attn_1.q.bias
  - Froze policy model parameter: model.vqmodel.decoder.mid.attn_1.k.weight
  - Froze policy model parameter: model.vqmodel.decoder.mid.attn_1.k.bias
  - Froze policy model parameter: model.vqmodel.decoder.mid.attn_1.v.weight
  - Froze policy model parameter: model.vqmodel.decoder.mid.attn_1.v.bias
  - Froze policy model parameter: model.vqmodel.decoder.mid.attn_1.proj_out.weight
  - Froze policy model parameter: model.vqmodel.decoder.mid.attn_1.proj_out.bias
  - Froze policy model parameter: model.vqmodel.decoder.mid.block_2.norm1.weight
  - Froze policy model parameter: model.vqmodel.decoder.mid.block_2.norm1.bias
  - Froze policy model parameter: model.vqmodel.decoder.mid.block_2.conv1.weight
  - Froze policy model parameter: model.vqmodel.decoder.mid.block_2.conv1.bias
  - Froze policy model parameter: model.vqmodel.decoder.mid.block_2.norm2.weight
  - Froze policy model parameter: model.vqmodel.decoder.mid.block_2.norm2.bias
  - Froze policy model parameter: model.vqmodel.decoder.mid.block_2.conv2.weight
  - Froze policy model parameter: model.vqmodel.decoder.mid.block_2.conv2.bias
  - Froze policy model parameter: model.vqmodel.decoder.up.0.block.0.norm1.weight
  - Froze policy model parameter: model.vqmodel.decoder.up.0.block.0.norm1.bias
  - Froze policy model parameter: model.vqmodel.decoder.up.0.block.0.conv1.weight
  - Froze policy model parameter: model.vqmodel.decoder.up.0.block.0.conv1.bias
  - Froze policy model parameter: model.vqmodel.decoder.up.0.block.0.norm2.weight
  - Froze policy model parameter: model.vqmodel.decoder.up.0.block.0.norm2.bias
  - Froze policy model parameter: model.vqmodel.decoder.up.0.block.0.conv2.weight
  - Froze policy model parameter: model.vqmodel.decoder.up.0.block.0.conv2.bias
  - Froze policy model parameter: model.vqmodel.decoder.up.0.block.1.norm1.weight
  - Froze policy model parameter: model.vqmodel.decoder.up.0.block.1.norm1.bias
  - Froze policy model parameter: model.vqmodel.decoder.up.0.block.1.conv1.weight
  - Froze policy model parameter: model.vqmodel.decoder.up.0.block.1.conv1.bias
  - Froze policy model parameter: model.vqmodel.decoder.up.0.block.1.norm2.weight
  - Froze policy model parameter: model.vqmodel.decoder.up.0.block.1.norm2.bias
  - Froze policy model parameter: model.vqmodel.decoder.up.0.block.1.conv2.weight
  - Froze policy model parameter: model.vqmodel.decoder.up.0.block.1.conv2.bias
  - Froze policy model parameter: model.vqmodel.decoder.up.0.block.2.norm1.weight
  - Froze policy model parameter: model.vqmodel.decoder.up.0.block.2.norm1.bias
  - Froze policy model parameter: model.vqmodel.decoder.up.0.block.2.conv1.weight
  - Froze policy model parameter: model.vqmodel.decoder.up.0.block.2.conv1.bias
  - Froze policy model parameter: model.vqmodel.decoder.up.0.block.2.norm2.weight
  - Froze policy model parameter: model.vqmodel.decoder.up.0.block.2.norm2.bias
  - Froze policy model parameter: model.vqmodel.decoder.up.0.block.2.conv2.weight
  - Froze policy model parameter: model.vqmodel.decoder.up.0.block.2.conv2.bias
  - Froze policy model parameter: model.vqmodel.decoder.up.1.block.0.norm1.weight
  - Froze policy model parameter: model.vqmodel.decoder.up.1.block.0.norm1.bias
  - Froze policy model parameter: model.vqmodel.decoder.up.1.block.0.conv1.weight
  - Froze policy model parameter: model.vqmodel.decoder.up.1.block.0.conv1.bias
  - Froze policy model parameter: model.vqmodel.decoder.up.1.block.0.norm2.weight
  - Froze policy model parameter: model.vqmodel.decoder.up.1.block.0.norm2.bias
  - Froze policy model parameter: model.vqmodel.decoder.up.1.block.0.conv2.weight
  - Froze policy model parameter: model.vqmodel.decoder.up.1.block.0.conv2.bias
  - Froze policy model parameter: model.vqmodel.decoder.up.1.block.0.nin_shortcut.weight
  - Froze policy model parameter: model.vqmodel.decoder.up.1.block.0.nin_shortcut.bias
  - Froze policy model parameter: model.vqmodel.decoder.up.1.block.1.norm1.weight
  - Froze policy model parameter: model.vqmodel.decoder.up.1.block.1.norm1.bias
  - Froze policy model parameter: model.vqmodel.decoder.up.1.block.1.conv1.weight
  - Froze policy model parameter: model.vqmodel.decoder.up.1.block.1.conv1.bias
  - Froze policy model parameter: model.vqmodel.decoder.up.1.block.1.norm2.weight
  - Froze policy model parameter: model.vqmodel.decoder.up.1.block.1.norm2.bias
  - Froze policy model parameter: model.vqmodel.decoder.up.1.block.1.conv2.weight
  - Froze policy model parameter: model.vqmodel.decoder.up.1.block.1.conv2.bias
  - Froze policy model parameter: model.vqmodel.decoder.up.1.block.2.norm1.weight
  - Froze policy model parameter: model.vqmodel.decoder.up.1.block.2.norm1.bias
  - Froze policy model parameter: model.vqmodel.decoder.up.1.block.2.conv1.weight
  - Froze policy model parameter: model.vqmodel.decoder.up.1.block.2.conv1.bias
  - Froze policy model parameter: model.vqmodel.decoder.up.1.block.2.norm2.weight
  - Froze policy model parameter: model.vqmodel.decoder.up.1.block.2.norm2.bias
  - Froze policy model parameter: model.vqmodel.decoder.up.1.block.2.conv2.weight
  - Froze policy model parameter: model.vqmodel.decoder.up.1.block.2.conv2.bias
  - Froze policy model parameter: model.vqmodel.decoder.up.1.upsample.conv.weight
  - Froze policy model parameter: model.vqmodel.decoder.up.1.upsample.conv.bias
  - Froze policy model parameter: model.vqmodel.decoder.up.2.block.0.norm1.weight
  - Froze policy model parameter: model.vqmodel.decoder.up.2.block.0.norm1.bias
  - Froze policy model parameter: model.vqmodel.decoder.up.2.block.0.conv1.weight
  - Froze policy model parameter: model.vqmodel.decoder.up.2.block.0.conv1.bias
  - Froze policy model parameter: model.vqmodel.decoder.up.2.block.0.norm2.weight
  - Froze policy model parameter: model.vqmodel.decoder.up.2.block.0.norm2.bias
  - Froze policy model parameter: model.vqmodel.decoder.up.2.block.0.conv2.weight
  - Froze policy model parameter: model.vqmodel.decoder.up.2.block.0.conv2.bias
  - Froze policy model parameter: model.vqmodel.decoder.up.2.block.1.norm1.weight
  - Froze policy model parameter: model.vqmodel.decoder.up.2.block.1.norm1.bias
  - Froze policy model parameter: model.vqmodel.decoder.up.2.block.1.conv1.weight
  - Froze policy model parameter: model.vqmodel.decoder.up.2.block.1.conv1.bias
  - Froze policy model parameter: model.vqmodel.decoder.up.2.block.1.norm2.weight
  - Froze policy model parameter: model.vqmodel.decoder.up.2.block.1.norm2.bias
  - Froze policy model parameter: model.vqmodel.decoder.up.2.block.1.conv2.weight
  - Froze policy model parameter: model.vqmodel.decoder.up.2.block.1.conv2.bias
  - Froze policy model parameter: model.vqmodel.decoder.up.2.block.2.norm1.weight
  - Froze policy model parameter: model.vqmodel.decoder.up.2.block.2.norm1.bias
  - Froze policy model parameter: model.vqmodel.decoder.up.2.block.2.conv1.weight
  - Froze policy model parameter: model.vqmodel.decoder.up.2.block.2.conv1.bias
  - Froze policy model parameter: model.vqmodel.decoder.up.2.block.2.norm2.weight
  - Froze policy model parameter: model.vqmodel.decoder.up.2.block.2.norm2.bias
  - Froze policy model parameter: model.vqmodel.decoder.up.2.block.2.conv2.weight
  - Froze policy model parameter: model.vqmodel.decoder.up.2.block.2.conv2.bias
  - Froze policy model parameter: model.vqmodel.decoder.up.2.upsample.conv.weight
  - Froze policy model parameter: model.vqmodel.decoder.up.2.upsample.conv.bias
  - Froze policy model parameter: model.vqmodel.decoder.up.3.block.0.norm1.weight
  - Froze policy model parameter: model.vqmodel.decoder.up.3.block.0.norm1.bias
  - Froze policy model parameter: model.vqmodel.decoder.up.3.block.0.conv1.weight
  - Froze policy model parameter: model.vqmodel.decoder.up.3.block.0.conv1.bias
  - Froze policy model parameter: model.vqmodel.decoder.up.3.block.0.norm2.weight
  - Froze policy model parameter: model.vqmodel.decoder.up.3.block.0.norm2.bias
  - Froze policy model parameter: model.vqmodel.decoder.up.3.block.0.conv2.weight
  - Froze policy model parameter: model.vqmodel.decoder.up.3.block.0.conv2.bias
  - Froze policy model parameter: model.vqmodel.decoder.up.3.block.0.nin_shortcut.weight
  - Froze policy model parameter: model.vqmodel.decoder.up.3.block.0.nin_shortcut.bias
  - Froze policy model parameter: model.vqmodel.decoder.up.3.block.1.norm1.weight
  - Froze policy model parameter: model.vqmodel.decoder.up.3.block.1.norm1.bias
  - Froze policy model parameter: model.vqmodel.decoder.up.3.block.1.conv1.weight
  - Froze policy model parameter: model.vqmodel.decoder.up.3.block.1.conv1.bias
  - Froze policy model parameter: model.vqmodel.decoder.up.3.block.1.norm2.weight
  - Froze policy model parameter: model.vqmodel.decoder.up.3.block.1.norm2.bias
  - Froze policy model parameter: model.vqmodel.decoder.up.3.block.1.conv2.weight
  - Froze policy model parameter: model.vqmodel.decoder.up.3.block.1.conv2.bias
  - Froze policy model parameter: model.vqmodel.decoder.up.3.block.2.norm1.weight
  - Froze policy model parameter: model.vqmodel.decoder.up.3.block.2.norm1.bias
  - Froze policy model parameter: model.vqmodel.decoder.up.3.block.2.conv1.weight
  - Froze policy model parameter: model.vqmodel.decoder.up.3.block.2.conv1.bias
  - Froze policy model parameter: model.vqmodel.decoder.up.3.block.2.norm2.weight
  - Froze policy model parameter: model.vqmodel.decoder.up.3.block.2.norm2.bias
  - Froze policy model parameter: model.vqmodel.decoder.up.3.block.2.conv2.weight
  - Froze policy model parameter: model.vqmodel.decoder.up.3.block.2.conv2.bias
  - Froze policy model parameter: model.vqmodel.decoder.up.3.upsample.conv.weight
  - Froze policy model parameter: model.vqmodel.decoder.up.3.upsample.conv.bias
  - Froze policy model parameter: model.vqmodel.decoder.up.4.block.0.norm1.weight
  - Froze policy model parameter: model.vqmodel.decoder.up.4.block.0.norm1.bias
  - Froze policy model parameter: model.vqmodel.decoder.up.4.block.0.conv1.weight
  - Froze policy model parameter: model.vqmodel.decoder.up.4.block.0.conv1.bias
  - Froze policy model parameter: model.vqmodel.decoder.up.4.block.0.norm2.weight
  - Froze policy model parameter: model.vqmodel.decoder.up.4.block.0.norm2.bias
  - Froze policy model parameter: model.vqmodel.decoder.up.4.block.0.conv2.weight
  - Froze policy model parameter: model.vqmodel.decoder.up.4.block.0.conv2.bias
  - Froze policy model parameter: model.vqmodel.decoder.up.4.block.1.norm1.weight
  - Froze policy model parameter: model.vqmodel.decoder.up.4.block.1.norm1.bias
  - Froze policy model parameter: model.vqmodel.decoder.up.4.block.1.conv1.weight
  - Froze policy model parameter: model.vqmodel.decoder.up.4.block.1.conv1.bias
  - Froze policy model parameter: model.vqmodel.decoder.up.4.block.1.norm2.weight
  - Froze policy model parameter: model.vqmodel.decoder.up.4.block.1.norm2.bias
  - Froze policy model parameter: model.vqmodel.decoder.up.4.block.1.conv2.weight
  - Froze policy model parameter: model.vqmodel.decoder.up.4.block.1.conv2.bias
  - Froze policy model parameter: model.vqmodel.decoder.up.4.block.2.norm1.weight
  - Froze policy model parameter: model.vqmodel.decoder.up.4.block.2.norm1.bias
  - Froze policy model parameter: model.vqmodel.decoder.up.4.block.2.conv1.weight
  - Froze policy model parameter: model.vqmodel.decoder.up.4.block.2.conv1.bias
  - Froze policy model parameter: model.vqmodel.decoder.up.4.block.2.norm2.weight
  - Froze policy model parameter: model.vqmodel.decoder.up.4.block.2.norm2.bias
  - Froze policy model parameter: model.vqmodel.decoder.up.4.block.2.conv2.weight
  - Froze policy model parameter: model.vqmodel.decoder.up.4.block.2.conv2.bias
  - Froze policy model parameter: model.vqmodel.decoder.up.4.upsample.conv.weight
  - Froze policy model parameter: model.vqmodel.decoder.up.4.upsample.conv.bias
  - Froze policy model parameter: model.vqmodel.decoder.norm_out.weight
  - Froze policy model parameter: model.vqmodel.decoder.norm_out.bias
  - Froze policy model parameter: model.vqmodel.decoder.conv_out.weight
  - Froze policy model parameter: model.vqmodel.decoder.conv_out.bias
  - Froze policy model parameter: model.vqmodel.quantize.embedding.weight
  - Froze policy model parameter: model.vqmodel.quant_conv.weight
  - Froze policy model parameter: model.vqmodel.quant_conv.bias
  - Froze policy model parameter: model.vqmodel.post_quant_conv.weight
  - Froze policy model parameter: model.vqmodel.post_quant_conv.bias
  - Froze policy model parameter: mlp_head.time_embed.mlp.0.weight
  - Froze policy model parameter: mlp_head.time_embed.mlp.0.bias
  - Froze policy model parameter: mlp_head.time_embed.mlp.2.weight
  - Froze policy model parameter: mlp_head.time_embed.mlp.2.bias
  - Froze policy model parameter: mlp_head.cond_embed.weight
  - Froze policy model parameter: mlp_head.cond_embed.bias
  - Froze policy model parameter: mlp_head.input_proj.weight
  - Froze policy model parameter: mlp_head.input_proj.bias
  - Froze policy model parameter: mlp_head.res_blocks.0.in_ln.weight
  - Froze policy model parameter: mlp_head.res_blocks.0.in_ln.bias
  - Froze policy model parameter: mlp_head.res_blocks.0.mlp.0.weight
  - Froze policy model parameter: mlp_head.res_blocks.0.mlp.0.bias
  - Froze policy model parameter: mlp_head.res_blocks.0.mlp.2.weight
  - Froze policy model parameter: mlp_head.res_blocks.0.mlp.2.bias
  - Froze policy model parameter: mlp_head.res_blocks.0.adaLN_modulation.1.weight
  - Froze policy model parameter: mlp_head.res_blocks.0.adaLN_modulation.1.bias
  - Froze policy model parameter: mlp_head.res_blocks.1.in_ln.weight
  - Froze policy model parameter: mlp_head.res_blocks.1.in_ln.bias
  - Froze policy model parameter: mlp_head.res_blocks.1.mlp.0.weight
  - Froze policy model parameter: mlp_head.res_blocks.1.mlp.0.bias
  - Froze policy model parameter: mlp_head.res_blocks.1.mlp.2.weight
  - Froze policy model parameter: mlp_head.res_blocks.1.mlp.2.bias
  - Froze policy model parameter: mlp_head.res_blocks.1.adaLN_modulation.1.weight
  - Froze policy model parameter: mlp_head.res_blocks.1.adaLN_modulation.1.bias
  - Froze policy model parameter: mlp_head.res_blocks.2.in_ln.weight
  - Froze policy model parameter: mlp_head.res_blocks.2.in_ln.bias
  - Froze policy model parameter: mlp_head.res_blocks.2.mlp.0.weight
  - Froze policy model parameter: mlp_head.res_blocks.2.mlp.0.bias
  - Froze policy model parameter: mlp_head.res_blocks.2.mlp.2.weight
  - Froze policy model parameter: mlp_head.res_blocks.2.mlp.2.bias
  - Froze policy model parameter: mlp_head.res_blocks.2.adaLN_modulation.1.weight
  - Froze policy model parameter: mlp_head.res_blocks.2.adaLN_modulation.1.bias
  - Froze policy model parameter: mlp_head.final_layer.linear.weight
  - Froze policy model parameter: mlp_head.final_layer.linear.bias
  - Froze policy model parameter: mlp_head.final_layer.adaLN_modulation.1.weight
  - Froze policy model parameter: mlp_head.final_layer.adaLN_modulation.1.bias
Model parts frozen.
`torch_dtype` is deprecated! Use `dtype` instead!
Loaded 2 reward functions: ['answer_correctness_reward', 'format_reward']
Trainer initialized.
--- [Step 3/3] Starting GRPO training... ---
Loading checkpoint shards:   0%|          | 0/3 [00:00<?, ?it/s]Loading checkpoint shards: 100%|██████████| 3/3 [00:00<00:00, 26.34it/s]Loading checkpoint shards: 100%|██████████| 3/3 [00:00<00:00, 26.30it/s]
Freezing non-trainable parts of the model...
  - Froze policy model parameter: model.vqmodel.encoder.conv_in.weight
  - Froze policy model parameter: model.vqmodel.encoder.conv_in.bias
  - Froze policy model parameter: model.vqmodel.encoder.down.0.block.0.norm1.weight
  - Froze policy model parameter: model.vqmodel.encoder.down.0.block.0.norm1.bias
  - Froze policy model parameter: model.vqmodel.encoder.down.0.block.0.conv1.weight
  - Froze policy model parameter: model.vqmodel.encoder.down.0.block.0.conv1.bias
  - Froze policy model parameter: model.vqmodel.encoder.down.0.block.0.norm2.weight
  - Froze policy model parameter: model.vqmodel.encoder.down.0.block.0.norm2.bias
  - Froze policy model parameter: model.vqmodel.encoder.down.0.block.0.conv2.weight
  - Froze policy model parameter: model.vqmodel.encoder.down.0.block.0.conv2.bias
  - Froze policy model parameter: model.vqmodel.encoder.down.0.block.1.norm1.weight
  - Froze policy model parameter: model.vqmodel.encoder.down.0.block.1.norm1.bias
  - Froze policy model parameter: model.vqmodel.encoder.down.0.block.1.conv1.weight
  - Froze policy model parameter: model.vqmodel.encoder.down.0.block.1.conv1.bias
  - Froze policy model parameter: model.vqmodel.encoder.down.0.block.1.norm2.weight
  - Froze policy model parameter: model.vqmodel.encoder.down.0.block.1.norm2.bias
  - Froze policy model parameter: model.vqmodel.encoder.down.0.block.1.conv2.weight
  - Froze policy model parameter: model.vqmodel.encoder.down.0.block.1.conv2.bias
  - Froze policy model parameter: model.vqmodel.encoder.down.0.downsample.conv.weight
  - Froze policy model parameter: model.vqmodel.encoder.down.0.downsample.conv.bias
  - Froze policy model parameter: model.vqmodel.encoder.down.1.block.0.norm1.weight
  - Froze policy model parameter: model.vqmodel.encoder.down.1.block.0.norm1.bias
  - Froze policy model parameter: model.vqmodel.encoder.down.1.block.0.conv1.weight
  - Froze policy model parameter: model.vqmodel.encoder.down.1.block.0.conv1.bias
  - Froze policy model parameter: model.vqmodel.encoder.down.1.block.0.norm2.weight
  - Froze policy model parameter: model.vqmodel.encoder.down.1.block.0.norm2.bias
  - Froze policy model parameter: model.vqmodel.encoder.down.1.block.0.conv2.weight
  - Froze policy model parameter: model.vqmodel.encoder.down.1.block.0.conv2.bias
  - Froze policy model parameter: model.vqmodel.encoder.down.1.block.1.norm1.weight
  - Froze policy model parameter: model.vqmodel.encoder.down.1.block.1.norm1.bias
  - Froze policy model parameter: model.vqmodel.encoder.down.1.block.1.conv1.weight
  - Froze policy model parameter: model.vqmodel.encoder.down.1.block.1.conv1.bias
  - Froze policy model parameter: model.vqmodel.encoder.down.1.block.1.norm2.weight
  - Froze policy model parameter: model.vqmodel.encoder.down.1.block.1.norm2.bias
  - Froze policy model parameter: model.vqmodel.encoder.down.1.block.1.conv2.weight
  - Froze policy model parameter: model.vqmodel.encoder.down.1.block.1.conv2.bias
  - Froze policy model parameter: model.vqmodel.encoder.down.1.downsample.conv.weight
  - Froze policy model parameter: model.vqmodel.encoder.down.1.downsample.conv.bias
  - Froze policy model parameter: model.vqmodel.encoder.down.2.block.0.norm1.weight
  - Froze policy model parameter: model.vqmodel.encoder.down.2.block.0.norm1.bias
  - Froze policy model parameter: model.vqmodel.encoder.down.2.block.0.conv1.weight
  - Froze policy model parameter: model.vqmodel.encoder.down.2.block.0.conv1.bias
  - Froze policy model parameter: model.vqmodel.encoder.down.2.block.0.norm2.weight
  - Froze policy model parameter: model.vqmodel.encoder.down.2.block.0.norm2.bias
  - Froze policy model parameter: model.vqmodel.encoder.down.2.block.0.conv2.weight
  - Froze policy model parameter: model.vqmodel.encoder.down.2.block.0.conv2.bias
  - Froze policy model parameter: model.vqmodel.encoder.down.2.block.0.nin_shortcut.weight
  - Froze policy model parameter: model.vqmodel.encoder.down.2.block.0.nin_shortcut.bias
  - Froze policy model parameter: model.vqmodel.encoder.down.2.block.1.norm1.weight
  - Froze policy model parameter: model.vqmodel.encoder.down.2.block.1.norm1.bias
  - Froze policy model parameter: model.vqmodel.encoder.down.2.block.1.conv1.weight
  - Froze policy model parameter: model.vqmodel.encoder.down.2.block.1.conv1.bias
  - Froze policy model parameter: model.vqmodel.encoder.down.2.block.1.norm2.weight
  - Froze policy model parameter: model.vqmodel.encoder.down.2.block.1.norm2.bias
  - Froze policy model parameter: model.vqmodel.encoder.down.2.block.1.conv2.weight
  - Froze policy model parameter: model.vqmodel.encoder.down.2.block.1.conv2.bias
  - Froze policy model parameter: model.vqmodel.encoder.down.2.downsample.conv.weight
  - Froze policy model parameter: model.vqmodel.encoder.down.2.downsample.conv.bias
  - Froze policy model parameter: model.vqmodel.encoder.down.3.block.0.norm1.weight
  - Froze policy model parameter: model.vqmodel.encoder.down.3.block.0.norm1.bias
  - Froze policy model parameter: model.vqmodel.encoder.down.3.block.0.conv1.weight
  - Froze policy model parameter: model.vqmodel.encoder.down.3.block.0.conv1.bias
  - Froze policy model parameter: model.vqmodel.encoder.down.3.block.0.norm2.weight
  - Froze policy model parameter: model.vqmodel.encoder.down.3.block.0.norm2.bias
  - Froze policy model parameter: model.vqmodel.encoder.down.3.block.0.conv2.weight
  - Froze policy model parameter: model.vqmodel.encoder.down.3.block.0.conv2.bias
  - Froze policy model parameter: model.vqmodel.encoder.down.3.block.1.norm1.weight
  - Froze policy model parameter: model.vqmodel.encoder.down.3.block.1.norm1.bias
  - Froze policy model parameter: model.vqmodel.encoder.down.3.block.1.conv1.weight
  - Froze policy model parameter: model.vqmodel.encoder.down.3.block.1.conv1.bias
  - Froze policy model parameter: model.vqmodel.encoder.down.3.block.1.norm2.weight
  - Froze policy model parameter: model.vqmodel.encoder.down.3.block.1.norm2.bias
  - Froze policy model parameter: model.vqmodel.encoder.down.3.block.1.conv2.weight
  - Froze policy model parameter: model.vqmodel.encoder.down.3.block.1.conv2.bias
  - Froze policy model parameter: model.vqmodel.encoder.down.3.downsample.conv.weight
  - Froze policy model parameter: model.vqmodel.encoder.down.3.downsample.conv.bias
  - Froze policy model parameter: model.vqmodel.encoder.down.4.block.0.norm1.weight
  - Froze policy model parameter: model.vqmodel.encoder.down.4.block.0.norm1.bias
  - Froze policy model parameter: model.vqmodel.encoder.down.4.block.0.conv1.weight
  - Froze policy model parameter: model.vqmodel.encoder.down.4.block.0.conv1.bias
  - Froze policy model parameter: model.vqmodel.encoder.down.4.block.0.norm2.weight
  - Froze policy model parameter: model.vqmodel.encoder.down.4.block.0.norm2.bias
  - Froze policy model parameter: model.vqmodel.encoder.down.4.block.0.conv2.weight
  - Froze policy model parameter: model.vqmodel.encoder.down.4.block.0.conv2.bias
  - Froze policy model parameter: model.vqmodel.encoder.down.4.block.0.nin_shortcut.weight
  - Froze policy model parameter: model.vqmodel.encoder.down.4.block.0.nin_shortcut.bias
  - Froze policy model parameter: model.vqmodel.encoder.down.4.block.1.norm1.weight
  - Froze policy model parameter: model.vqmodel.encoder.down.4.block.1.norm1.bias
  - Froze policy model parameter: model.vqmodel.encoder.down.4.block.1.conv1.weight
  - Froze policy model parameter: model.vqmodel.encoder.down.4.block.1.conv1.bias
  - Froze policy model parameter: model.vqmodel.encoder.down.4.block.1.norm2.weight
  - Froze policy model parameter: model.vqmodel.encoder.down.4.block.1.norm2.bias
  - Froze policy model parameter: model.vqmodel.encoder.down.4.block.1.conv2.weight
  - Froze policy model parameter: model.vqmodel.encoder.down.4.block.1.conv2.bias
  - Froze policy model parameter: model.vqmodel.encoder.mid.block_1.norm1.weight
  - Froze policy model parameter: model.vqmodel.encoder.mid.block_1.norm1.bias
  - Froze policy model parameter: model.vqmodel.encoder.mid.block_1.conv1.weight
  - Froze policy model parameter: model.vqmodel.encoder.mid.block_1.conv1.bias
  - Froze policy model parameter: model.vqmodel.encoder.mid.block_1.norm2.weight
  - Froze policy model parameter: model.vqmodel.encoder.mid.block_1.norm2.bias
  - Froze policy model parameter: model.vqmodel.encoder.mid.block_1.conv2.weight
  - Froze policy model parameter: model.vqmodel.encoder.mid.block_1.conv2.bias
  - Froze policy model parameter: model.vqmodel.encoder.mid.attn_1.norm.weight
  - Froze policy model parameter: model.vqmodel.encoder.mid.attn_1.norm.bias
  - Froze policy model parameter: model.vqmodel.encoder.mid.attn_1.q.weight
  - Froze policy model parameter: model.vqmodel.encoder.mid.attn_1.q.bias
  - Froze policy model parameter: model.vqmodel.encoder.mid.attn_1.k.weight
  - Froze policy model parameter: model.vqmodel.encoder.mid.attn_1.k.bias
  - Froze policy model parameter: model.vqmodel.encoder.mid.attn_1.v.weight
  - Froze policy model parameter: model.vqmodel.encoder.mid.attn_1.v.bias
  - Froze policy model parameter: model.vqmodel.encoder.mid.attn_1.proj_out.weight
  - Froze policy model parameter: model.vqmodel.encoder.mid.attn_1.proj_out.bias
  - Froze policy model parameter: model.vqmodel.encoder.mid.block_2.norm1.weight
  - Froze policy model parameter: model.vqmodel.encoder.mid.block_2.norm1.bias
  - Froze policy model parameter: model.vqmodel.encoder.mid.block_2.conv1.weight
  - Froze policy model parameter: model.vqmodel.encoder.mid.block_2.conv1.bias
  - Froze policy model parameter: model.vqmodel.encoder.mid.block_2.norm2.weight
  - Froze policy model parameter: model.vqmodel.encoder.mid.block_2.norm2.bias
  - Froze policy model parameter: model.vqmodel.encoder.mid.block_2.conv2.weight
  - Froze policy model parameter: model.vqmodel.encoder.mid.block_2.conv2.bias
  - Froze policy model parameter: model.vqmodel.encoder.norm_out.weight
  - Froze policy model parameter: model.vqmodel.encoder.norm_out.bias
  - Froze policy model parameter: model.vqmodel.encoder.conv_out.weight
  - Froze policy model parameter: model.vqmodel.encoder.conv_out.bias
  - Froze policy model parameter: model.vqmodel.decoder.conv_in.weight
  - Froze policy model parameter: model.vqmodel.decoder.conv_in.bias
  - Froze policy model parameter: model.vqmodel.decoder.mid.block_1.norm1.weight
  - Froze policy model parameter: model.vqmodel.decoder.mid.block_1.norm1.bias
  - Froze policy model parameter: model.vqmodel.decoder.mid.block_1.conv1.weight
  - Froze policy model parameter: model.vqmodel.decoder.mid.block_1.conv1.bias
  - Froze policy model parameter: model.vqmodel.decoder.mid.block_1.norm2.weight
  - Froze policy model parameter: model.vqmodel.decoder.mid.block_1.norm2.bias
  - Froze policy model parameter: model.vqmodel.decoder.mid.block_1.conv2.weight
  - Froze policy model parameter: model.vqmodel.decoder.mid.block_1.conv2.bias
  - Froze policy model parameter: model.vqmodel.decoder.mid.attn_1.norm.weight
  - Froze policy model parameter: model.vqmodel.decoder.mid.attn_1.norm.bias
  - Froze policy model parameter: model.vqmodel.decoder.mid.attn_1.q.weight
  - Froze policy model parameter: model.vqmodel.decoder.mid.attn_1.q.bias
  - Froze policy model parameter: model.vqmodel.decoder.mid.attn_1.k.weight
  - Froze policy model parameter: model.vqmodel.decoder.mid.attn_1.k.bias
  - Froze policy model parameter: model.vqmodel.decoder.mid.attn_1.v.weight
  - Froze policy model parameter: model.vqmodel.decoder.mid.attn_1.v.bias
  - Froze policy model parameter: model.vqmodel.decoder.mid.attn_1.proj_out.weight
  - Froze policy model parameter: model.vqmodel.decoder.mid.attn_1.proj_out.bias
  - Froze policy model parameter: model.vqmodel.decoder.mid.block_2.norm1.weight
  - Froze policy model parameter: model.vqmodel.decoder.mid.block_2.norm1.bias
  - Froze policy model parameter: model.vqmodel.decoder.mid.block_2.conv1.weight
  - Froze policy model parameter: model.vqmodel.decoder.mid.block_2.conv1.bias
  - Froze policy model parameter: model.vqmodel.decoder.mid.block_2.norm2.weight
  - Froze policy model parameter: model.vqmodel.decoder.mid.block_2.norm2.bias
  - Froze policy model parameter: model.vqmodel.decoder.mid.block_2.conv2.weight
  - Froze policy model parameter: model.vqmodel.decoder.mid.block_2.conv2.bias
  - Froze policy model parameter: model.vqmodel.decoder.up.0.block.0.norm1.weight
  - Froze policy model parameter: model.vqmodel.decoder.up.0.block.0.norm1.bias
  - Froze policy model parameter: model.vqmodel.decoder.up.0.block.0.conv1.weight
  - Froze policy model parameter: model.vqmodel.decoder.up.0.block.0.conv1.bias
  - Froze policy model parameter: model.vqmodel.decoder.up.0.block.0.norm2.weight
  - Froze policy model parameter: model.vqmodel.decoder.up.0.block.0.norm2.bias
  - Froze policy model parameter: model.vqmodel.decoder.up.0.block.0.conv2.weight
  - Froze policy model parameter: model.vqmodel.decoder.up.0.block.0.conv2.bias
  - Froze policy model parameter: model.vqmodel.decoder.up.0.block.1.norm1.weight
  - Froze policy model parameter: model.vqmodel.decoder.up.0.block.1.norm1.bias
  - Froze policy model parameter: model.vqmodel.decoder.up.0.block.1.conv1.weight
  - Froze policy model parameter: model.vqmodel.decoder.up.0.block.1.conv1.bias
  - Froze policy model parameter: model.vqmodel.decoder.up.0.block.1.norm2.weight
  - Froze policy model parameter: model.vqmodel.decoder.up.0.block.1.norm2.bias
  - Froze policy model parameter: model.vqmodel.decoder.up.0.block.1.conv2.weight
  - Froze policy model parameter: model.vqmodel.decoder.up.0.block.1.conv2.bias
  - Froze policy model parameter: model.vqmodel.decoder.up.0.block.2.norm1.weight
  - Froze policy model parameter: model.vqmodel.decoder.up.0.block.2.norm1.bias
  - Froze policy model parameter: model.vqmodel.decoder.up.0.block.2.conv1.weight
  - Froze policy model parameter: model.vqmodel.decoder.up.0.block.2.conv1.bias
  - Froze policy model parameter: model.vqmodel.decoder.up.0.block.2.norm2.weight
  - Froze policy model parameter: model.vqmodel.decoder.up.0.block.2.norm2.bias
  - Froze policy model parameter: model.vqmodel.decoder.up.0.block.2.conv2.weight
  - Froze policy model parameter: model.vqmodel.decoder.up.0.block.2.conv2.bias
  - Froze policy model parameter: model.vqmodel.decoder.up.1.block.0.norm1.weight
  - Froze policy model parameter: model.vqmodel.decoder.up.1.block.0.norm1.bias
  - Froze policy model parameter: model.vqmodel.decoder.up.1.block.0.conv1.weight
  - Froze policy model parameter: model.vqmodel.decoder.up.1.block.0.conv1.bias
  - Froze policy model parameter: model.vqmodel.decoder.up.1.block.0.norm2.weight
  - Froze policy model parameter: model.vqmodel.decoder.up.1.block.0.norm2.bias
  - Froze policy model parameter: model.vqmodel.decoder.up.1.block.0.conv2.weight
  - Froze policy model parameter: model.vqmodel.decoder.up.1.block.0.conv2.bias
  - Froze policy model parameter: model.vqmodel.decoder.up.1.block.0.nin_shortcut.weight
  - Froze policy model parameter: model.vqmodel.decoder.up.1.block.0.nin_shortcut.bias
  - Froze policy model parameter: model.vqmodel.decoder.up.1.block.1.norm1.weight
  - Froze policy model parameter: model.vqmodel.decoder.up.1.block.1.norm1.bias
  - Froze policy model parameter: model.vqmodel.decoder.up.1.block.1.conv1.weight
  - Froze policy model parameter: model.vqmodel.decoder.up.1.block.1.conv1.bias
  - Froze policy model parameter: model.vqmodel.decoder.up.1.block.1.norm2.weight
  - Froze policy model parameter: model.vqmodel.decoder.up.1.block.1.norm2.bias
  - Froze policy model parameter: model.vqmodel.decoder.up.1.block.1.conv2.weight
  - Froze policy model parameter: model.vqmodel.decoder.up.1.block.1.conv2.bias
  - Froze policy model parameter: model.vqmodel.decoder.up.1.block.2.norm1.weight
  - Froze policy model parameter: model.vqmodel.decoder.up.1.block.2.norm1.bias
  - Froze policy model parameter: model.vqmodel.decoder.up.1.block.2.conv1.weight
  - Froze policy model parameter: model.vqmodel.decoder.up.1.block.2.conv1.bias
  - Froze policy model parameter: model.vqmodel.decoder.up.1.block.2.norm2.weight
  - Froze policy model parameter: model.vqmodel.decoder.up.1.block.2.norm2.bias
  - Froze policy model parameter: model.vqmodel.decoder.up.1.block.2.conv2.weight
  - Froze policy model parameter: model.vqmodel.decoder.up.1.block.2.conv2.bias
  - Froze policy model parameter: model.vqmodel.decoder.up.1.upsample.conv.weight
  - Froze policy model parameter: model.vqmodel.decoder.up.1.upsample.conv.bias
  - Froze policy model parameter: model.vqmodel.decoder.up.2.block.0.norm1.weight
  - Froze policy model parameter: model.vqmodel.decoder.up.2.block.0.norm1.bias
  - Froze policy model parameter: model.vqmodel.decoder.up.2.block.0.conv1.weight
  - Froze policy model parameter: model.vqmodel.decoder.up.2.block.0.conv1.bias
  - Froze policy model parameter: model.vqmodel.decoder.up.2.block.0.norm2.weight
  - Froze policy model parameter: model.vqmodel.decoder.up.2.block.0.norm2.bias
  - Froze policy model parameter: model.vqmodel.decoder.up.2.block.0.conv2.weight
  - Froze policy model parameter: model.vqmodel.decoder.up.2.block.0.conv2.bias
  - Froze policy model parameter: model.vqmodel.decoder.up.2.block.1.norm1.weight
  - Froze policy model parameter: model.vqmodel.decoder.up.2.block.1.norm1.bias
  - Froze policy model parameter: model.vqmodel.decoder.up.2.block.1.conv1.weight
  - Froze policy model parameter: model.vqmodel.decoder.up.2.block.1.conv1.bias
  - Froze policy model parameter: model.vqmodel.decoder.up.2.block.1.norm2.weight
  - Froze policy model parameter: model.vqmodel.decoder.up.2.block.1.norm2.bias
  - Froze policy model parameter: model.vqmodel.decoder.up.2.block.1.conv2.weight
  - Froze policy model parameter: model.vqmodel.decoder.up.2.block.1.conv2.bias
  - Froze policy model parameter: model.vqmodel.decoder.up.2.block.2.norm1.weight
  - Froze policy model parameter: model.vqmodel.decoder.up.2.block.2.norm1.bias
  - Froze policy model parameter: model.vqmodel.decoder.up.2.block.2.conv1.weight
  - Froze policy model parameter: model.vqmodel.decoder.up.2.block.2.conv1.bias
  - Froze policy model parameter: model.vqmodel.decoder.up.2.block.2.norm2.weight
  - Froze policy model parameter: model.vqmodel.decoder.up.2.block.2.norm2.bias
  - Froze policy model parameter: model.vqmodel.decoder.up.2.block.2.conv2.weight
  - Froze policy model parameter: model.vqmodel.decoder.up.2.block.2.conv2.bias
  - Froze policy model parameter: model.vqmodel.decoder.up.2.upsample.conv.weight
  - Froze policy model parameter: model.vqmodel.decoder.up.2.upsample.conv.bias
  - Froze policy model parameter: model.vqmodel.decoder.up.3.block.0.norm1.weight
  - Froze policy model parameter: model.vqmodel.decoder.up.3.block.0.norm1.bias
  - Froze policy model parameter: model.vqmodel.decoder.up.3.block.0.conv1.weight
  - Froze policy model parameter: model.vqmodel.decoder.up.3.block.0.conv1.bias
  - Froze policy model parameter: model.vqmodel.decoder.up.3.block.0.norm2.weight
  - Froze policy model parameter: model.vqmodel.decoder.up.3.block.0.norm2.bias
  - Froze policy model parameter: model.vqmodel.decoder.up.3.block.0.conv2.weight
  - Froze policy model parameter: model.vqmodel.decoder.up.3.block.0.conv2.bias
  - Froze policy model parameter: model.vqmodel.decoder.up.3.block.0.nin_shortcut.weight
  - Froze policy model parameter: model.vqmodel.decoder.up.3.block.0.nin_shortcut.bias
  - Froze policy model parameter: model.vqmodel.decoder.up.3.block.1.norm1.weight
  - Froze policy model parameter: model.vqmodel.decoder.up.3.block.1.norm1.bias
  - Froze policy model parameter: model.vqmodel.decoder.up.3.block.1.conv1.weight
  - Froze policy model parameter: model.vqmodel.decoder.up.3.block.1.conv1.bias
  - Froze policy model parameter: model.vqmodel.decoder.up.3.block.1.norm2.weight
  - Froze policy model parameter: model.vqmodel.decoder.up.3.block.1.norm2.bias
  - Froze policy model parameter: model.vqmodel.decoder.up.3.block.1.conv2.weight
  - Froze policy model parameter: model.vqmodel.decoder.up.3.block.1.conv2.bias
  - Froze policy model parameter: model.vqmodel.decoder.up.3.block.2.norm1.weight
  - Froze policy model parameter: model.vqmodel.decoder.up.3.block.2.norm1.bias
  - Froze policy model parameter: model.vqmodel.decoder.up.3.block.2.conv1.weight
  - Froze policy model parameter: model.vqmodel.decoder.up.3.block.2.conv1.bias
  - Froze policy model parameter: model.vqmodel.decoder.up.3.block.2.norm2.weight
  - Froze policy model parameter: model.vqmodel.decoder.up.3.block.2.norm2.bias
  - Froze policy model parameter: model.vqmodel.decoder.up.3.block.2.conv2.weight
  - Froze policy model parameter: model.vqmodel.decoder.up.3.block.2.conv2.bias
  - Froze policy model parameter: model.vqmodel.decoder.up.3.upsample.conv.weight
  - Froze policy model parameter: model.vqmodel.decoder.up.3.upsample.conv.bias
  - Froze policy model parameter: model.vqmodel.decoder.up.4.block.0.norm1.weight
  - Froze policy model parameter: model.vqmodel.decoder.up.4.block.0.norm1.bias
  - Froze policy model parameter: model.vqmodel.decoder.up.4.block.0.conv1.weight
  - Froze policy model parameter: model.vqmodel.decoder.up.4.block.0.conv1.bias
  - Froze policy model parameter: model.vqmodel.decoder.up.4.block.0.norm2.weight
  - Froze policy model parameter: model.vqmodel.decoder.up.4.block.0.norm2.bias
  - Froze policy model parameter: model.vqmodel.decoder.up.4.block.0.conv2.weight
  - Froze policy model parameter: model.vqmodel.decoder.up.4.block.0.conv2.bias
  - Froze policy model parameter: model.vqmodel.decoder.up.4.block.1.norm1.weight
  - Froze policy model parameter: model.vqmodel.decoder.up.4.block.1.norm1.bias
  - Froze policy model parameter: model.vqmodel.decoder.up.4.block.1.conv1.weight
  - Froze policy model parameter: model.vqmodel.decoder.up.4.block.1.conv1.bias
  - Froze policy model parameter: model.vqmodel.decoder.up.4.block.1.norm2.weight
  - Froze policy model parameter: model.vqmodel.decoder.up.4.block.1.norm2.bias
  - Froze policy model parameter: model.vqmodel.decoder.up.4.block.1.conv2.weight
  - Froze policy model parameter: model.vqmodel.decoder.up.4.block.1.conv2.bias
  - Froze policy model parameter: model.vqmodel.decoder.up.4.block.2.norm1.weight
  - Froze policy model parameter: model.vqmodel.decoder.up.4.block.2.norm1.bias
  - Froze policy model parameter: model.vqmodel.decoder.up.4.block.2.conv1.weight
  - Froze policy model parameter: model.vqmodel.decoder.up.4.block.2.conv1.bias
  - Froze policy model parameter: model.vqmodel.decoder.up.4.block.2.norm2.weight
  - Froze policy model parameter: model.vqmodel.decoder.up.4.block.2.norm2.bias
  - Froze policy model parameter: model.vqmodel.decoder.up.4.block.2.conv2.weight
  - Froze policy model parameter: model.vqmodel.decoder.up.4.block.2.conv2.bias
  - Froze policy model parameter: model.vqmodel.decoder.up.4.upsample.conv.weight
  - Froze policy model parameter: model.vqmodel.decoder.up.4.upsample.conv.bias
  - Froze policy model parameter: model.vqmodel.decoder.norm_out.weight
  - Froze policy model parameter: model.vqmodel.decoder.norm_out.bias
  - Froze policy model parameter: model.vqmodel.decoder.conv_out.weight
  - Froze policy model parameter: model.vqmodel.decoder.conv_out.bias
  - Froze policy model parameter: model.vqmodel.quantize.embedding.weight
  - Froze policy model parameter: model.vqmodel.quant_conv.weight
  - Froze policy model parameter: model.vqmodel.quant_conv.bias
  - Froze policy model parameter: model.vqmodel.post_quant_conv.weight
  - Froze policy model parameter: model.vqmodel.post_quant_conv.bias
  - Froze policy model parameter: mlp_head.time_embed.mlp.0.weight
  - Froze policy model parameter: mlp_head.time_embed.mlp.0.bias
  - Froze policy model parameter: mlp_head.time_embed.mlp.2.weight
  - Froze policy model parameter: mlp_head.time_embed.mlp.2.bias
  - Froze policy model parameter: mlp_head.cond_embed.weight
  - Froze policy model parameter: mlp_head.cond_embed.bias
  - Froze policy model parameter: mlp_head.input_proj.weight
  - Froze policy model parameter: mlp_head.input_proj.bias
  - Froze policy model parameter: mlp_head.res_blocks.0.in_ln.weight
  - Froze policy model parameter: mlp_head.res_blocks.0.in_ln.bias
  - Froze policy model parameter: mlp_head.res_blocks.0.mlp.0.weight
  - Froze policy model parameter: mlp_head.res_blocks.0.mlp.0.bias
  - Froze policy model parameter: mlp_head.res_blocks.0.mlp.2.weight
  - Froze policy model parameter: mlp_head.res_blocks.0.mlp.2.bias
  - Froze policy model parameter: mlp_head.res_blocks.0.adaLN_modulation.1.weight
  - Froze policy model parameter: mlp_head.res_blocks.0.adaLN_modulation.1.bias
  - Froze policy model parameter: mlp_head.res_blocks.1.in_ln.weight
  - Froze policy model parameter: mlp_head.res_blocks.1.in_ln.bias
  - Froze policy model parameter: mlp_head.res_blocks.1.mlp.0.weight
  - Froze policy model parameter: mlp_head.res_blocks.1.mlp.0.bias
  - Froze policy model parameter: mlp_head.res_blocks.1.mlp.2.weight
  - Froze policy model parameter: mlp_head.res_blocks.1.mlp.2.bias
  - Froze policy model parameter: mlp_head.res_blocks.1.adaLN_modulation.1.weight
  - Froze policy model parameter: mlp_head.res_blocks.1.adaLN_modulation.1.bias
  - Froze policy model parameter: mlp_head.res_blocks.2.in_ln.weight
  - Froze policy model parameter: mlp_head.res_blocks.2.in_ln.bias
  - Froze policy model parameter: mlp_head.res_blocks.2.mlp.0.weight
  - Froze policy model parameter: mlp_head.res_blocks.2.mlp.0.bias
  - Froze policy model parameter: mlp_head.res_blocks.2.mlp.2.weight
  - Froze policy model parameter: mlp_head.res_blocks.2.mlp.2.bias
  - Froze policy model parameter: mlp_head.res_blocks.2.adaLN_modulation.1.weight
  - Froze policy model parameter: mlp_head.res_blocks.2.adaLN_modulation.1.bias
  - Froze policy model parameter: mlp_head.final_layer.linear.weight
  - Froze policy model parameter: mlp_head.final_layer.linear.bias
  - Froze policy model parameter: mlp_head.final_layer.adaLN_modulation.1.weight
  - Froze policy model parameter: mlp_head.final_layer.adaLN_modulation.1.bias
Model parts frozen.
Loaded 2 reward functions: ['answer_correctness_reward', 'format_reward']
Trainer initialized.
--- [Step 3/3] Starting GRPO training... ---
`torch_dtype` is deprecated! Use `dtype` instead!
`torch_dtype` is deprecated! Use `dtype` instead!
Loading checkpoint shards:   0%|          | 0/3 [00:00<?, ?it/s]Loading checkpoint shards: 100%|██████████| 3/3 [00:00<00:00, 18.79it/s]Loading checkpoint shards: 100%|██████████| 3/3 [00:00<00:00, 18.77it/s]
Freezing non-trainable parts of the model...
  - Froze policy model parameter: model.vqmodel.encoder.conv_in.weight
  - Froze policy model parameter: model.vqmodel.encoder.conv_in.bias
  - Froze policy model parameter: model.vqmodel.encoder.down.0.block.0.norm1.weight
  - Froze policy model parameter: model.vqmodel.encoder.down.0.block.0.norm1.bias
  - Froze policy model parameter: model.vqmodel.encoder.down.0.block.0.conv1.weight
  - Froze policy model parameter: model.vqmodel.encoder.down.0.block.0.conv1.bias
  - Froze policy model parameter: model.vqmodel.encoder.down.0.block.0.norm2.weight
  - Froze policy model parameter: model.vqmodel.encoder.down.0.block.0.norm2.bias
  - Froze policy model parameter: model.vqmodel.encoder.down.0.block.0.conv2.weight
  - Froze policy model parameter: model.vqmodel.encoder.down.0.block.0.conv2.bias
  - Froze policy model parameter: model.vqmodel.encoder.down.0.block.1.norm1.weight
  - Froze policy model parameter: model.vqmodel.encoder.down.0.block.1.norm1.bias
  - Froze policy model parameter: model.vqmodel.encoder.down.0.block.1.conv1.weight
  - Froze policy model parameter: model.vqmodel.encoder.down.0.block.1.conv1.bias
  - Froze policy model parameter: model.vqmodel.encoder.down.0.block.1.norm2.weight
  - Froze policy model parameter: model.vqmodel.encoder.down.0.block.1.norm2.bias
  - Froze policy model parameter: model.vqmodel.encoder.down.0.block.1.conv2.weight
  - Froze policy model parameter: model.vqmodel.encoder.down.0.block.1.conv2.bias
  - Froze policy model parameter: model.vqmodel.encoder.down.0.downsample.conv.weight
  - Froze policy model parameter: model.vqmodel.encoder.down.0.downsample.conv.bias
  - Froze policy model parameter: model.vqmodel.encoder.down.1.block.0.norm1.weight
  - Froze policy model parameter: model.vqmodel.encoder.down.1.block.0.norm1.bias
  - Froze policy model parameter: model.vqmodel.encoder.down.1.block.0.conv1.weight
  - Froze policy model parameter: model.vqmodel.encoder.down.1.block.0.conv1.bias
  - Froze policy model parameter: model.vqmodel.encoder.down.1.block.0.norm2.weight
  - Froze policy model parameter: model.vqmodel.encoder.down.1.block.0.norm2.bias
  - Froze policy model parameter: model.vqmodel.encoder.down.1.block.0.conv2.weight
  - Froze policy model parameter: model.vqmodel.encoder.down.1.block.0.conv2.bias
  - Froze policy model parameter: model.vqmodel.encoder.down.1.block.1.norm1.weight
  - Froze policy model parameter: model.vqmodel.encoder.down.1.block.1.norm1.bias
  - Froze policy model parameter: model.vqmodel.encoder.down.1.block.1.conv1.weight
  - Froze policy model parameter: model.vqmodel.encoder.down.1.block.1.conv1.bias
  - Froze policy model parameter: model.vqmodel.encoder.down.1.block.1.norm2.weight
  - Froze policy model parameter: model.vqmodel.encoder.down.1.block.1.norm2.bias
  - Froze policy model parameter: model.vqmodel.encoder.down.1.block.1.conv2.weight
  - Froze policy model parameter: model.vqmodel.encoder.down.1.block.1.conv2.bias
  - Froze policy model parameter: model.vqmodel.encoder.down.1.downsample.conv.weight
  - Froze policy model parameter: model.vqmodel.encoder.down.1.downsample.conv.bias
  - Froze policy model parameter: model.vqmodel.encoder.down.2.block.0.norm1.weight
  - Froze policy model parameter: model.vqmodel.encoder.down.2.block.0.norm1.bias
  - Froze policy model parameter: model.vqmodel.encoder.down.2.block.0.conv1.weight
  - Froze policy model parameter: model.vqmodel.encoder.down.2.block.0.conv1.bias
  - Froze policy model parameter: model.vqmodel.encoder.down.2.block.0.norm2.weight
  - Froze policy model parameter: model.vqmodel.encoder.down.2.block.0.norm2.bias
  - Froze policy model parameter: model.vqmodel.encoder.down.2.block.0.conv2.weight
  - Froze policy model parameter: model.vqmodel.encoder.down.2.block.0.conv2.bias
  - Froze policy model parameter: model.vqmodel.encoder.down.2.block.0.nin_shortcut.weight
  - Froze policy model parameter: model.vqmodel.encoder.down.2.block.0.nin_shortcut.bias
  - Froze policy model parameter: model.vqmodel.encoder.down.2.block.1.norm1.weight
  - Froze policy model parameter: model.vqmodel.encoder.down.2.block.1.norm1.bias
  - Froze policy model parameter: model.vqmodel.encoder.down.2.block.1.conv1.weight
  - Froze policy model parameter: model.vqmodel.encoder.down.2.block.1.conv1.bias
  - Froze policy model parameter: model.vqmodel.encoder.down.2.block.1.norm2.weight
  - Froze policy model parameter: model.vqmodel.encoder.down.2.block.1.norm2.bias
  - Froze policy model parameter: model.vqmodel.encoder.down.2.block.1.conv2.weight
  - Froze policy model parameter: model.vqmodel.encoder.down.2.block.1.conv2.bias
  - Froze policy model parameter: model.vqmodel.encoder.down.2.downsample.conv.weight
  - Froze policy model parameter: model.vqmodel.encoder.down.2.downsample.conv.bias
  - Froze policy model parameter: model.vqmodel.encoder.down.3.block.0.norm1.weight
  - Froze policy model parameter: model.vqmodel.encoder.down.3.block.0.norm1.bias
  - Froze policy model parameter: model.vqmodel.encoder.down.3.block.0.conv1.weight
  - Froze policy model parameter: model.vqmodel.encoder.down.3.block.0.conv1.bias
  - Froze policy model parameter: model.vqmodel.encoder.down.3.block.0.norm2.weight
  - Froze policy model parameter: model.vqmodel.encoder.down.3.block.0.norm2.bias
  - Froze policy model parameter: model.vqmodel.encoder.down.3.block.0.conv2.weight
  - Froze policy model parameter: model.vqmodel.encoder.down.3.block.0.conv2.bias
  - Froze policy model parameter: model.vqmodel.encoder.down.3.block.1.norm1.weight
  - Froze policy model parameter: model.vqmodel.encoder.down.3.block.1.norm1.bias
  - Froze policy model parameter: model.vqmodel.encoder.down.3.block.1.conv1.weight
  - Froze policy model parameter: model.vqmodel.encoder.down.3.block.1.conv1.bias
  - Froze policy model parameter: model.vqmodel.encoder.down.3.block.1.norm2.weight
  - Froze policy model parameter: model.vqmodel.encoder.down.3.block.1.norm2.bias
  - Froze policy model parameter: model.vqmodel.encoder.down.3.block.1.conv2.weight
  - Froze policy model parameter: model.vqmodel.encoder.down.3.block.1.conv2.bias
  - Froze policy model parameter: model.vqmodel.encoder.down.3.downsample.conv.weight
  - Froze policy model parameter: model.vqmodel.encoder.down.3.downsample.conv.bias
  - Froze policy model parameter: model.vqmodel.encoder.down.4.block.0.norm1.weight
  - Froze policy model parameter: model.vqmodel.encoder.down.4.block.0.norm1.bias
  - Froze policy model parameter: model.vqmodel.encoder.down.4.block.0.conv1.weight
  - Froze policy model parameter: model.vqmodel.encoder.down.4.block.0.conv1.bias
  - Froze policy model parameter: model.vqmodel.encoder.down.4.block.0.norm2.weight
  - Froze policy model parameter: model.vqmodel.encoder.down.4.block.0.norm2.bias
  - Froze policy model parameter: model.vqmodel.encoder.down.4.block.0.conv2.weight
  - Froze policy model parameter: model.vqmodel.encoder.down.4.block.0.conv2.bias
  - Froze policy model parameter: model.vqmodel.encoder.down.4.block.0.nin_shortcut.weight
  - Froze policy model parameter: model.vqmodel.encoder.down.4.block.0.nin_shortcut.bias
  - Froze policy model parameter: model.vqmodel.encoder.down.4.block.1.norm1.weight
  - Froze policy model parameter: model.vqmodel.encoder.down.4.block.1.norm1.bias
  - Froze policy model parameter: model.vqmodel.encoder.down.4.block.1.conv1.weight
  - Froze policy model parameter: model.vqmodel.encoder.down.4.block.1.conv1.bias
  - Froze policy model parameter: model.vqmodel.encoder.down.4.block.1.norm2.weight
  - Froze policy model parameter: model.vqmodel.encoder.down.4.block.1.norm2.bias
  - Froze policy model parameter: model.vqmodel.encoder.down.4.block.1.conv2.weight
  - Froze policy model parameter: model.vqmodel.encoder.down.4.block.1.conv2.bias
  - Froze policy model parameter: model.vqmodel.encoder.mid.block_1.norm1.weight
  - Froze policy model parameter: model.vqmodel.encoder.mid.block_1.norm1.bias
  - Froze policy model parameter: model.vqmodel.encoder.mid.block_1.conv1.weight
  - Froze policy model parameter: model.vqmodel.encoder.mid.block_1.conv1.bias
  - Froze policy model parameter: model.vqmodel.encoder.mid.block_1.norm2.weight
  - Froze policy model parameter: model.vqmodel.encoder.mid.block_1.norm2.bias
  - Froze policy model parameter: model.vqmodel.encoder.mid.block_1.conv2.weight
  - Froze policy model parameter: model.vqmodel.encoder.mid.block_1.conv2.bias
  - Froze policy model parameter: model.vqmodel.encoder.mid.attn_1.norm.weight
  - Froze policy model parameter: model.vqmodel.encoder.mid.attn_1.norm.bias
  - Froze policy model parameter: model.vqmodel.encoder.mid.attn_1.q.weight
  - Froze policy model parameter: model.vqmodel.encoder.mid.attn_1.q.bias
  - Froze policy model parameter: model.vqmodel.encoder.mid.attn_1.k.weight
  - Froze policy model parameter: model.vqmodel.encoder.mid.attn_1.k.bias
  - Froze policy model parameter: model.vqmodel.encoder.mid.attn_1.v.weight
  - Froze policy model parameter: model.vqmodel.encoder.mid.attn_1.v.bias
  - Froze policy model parameter: model.vqmodel.encoder.mid.attn_1.proj_out.weight
  - Froze policy model parameter: model.vqmodel.encoder.mid.attn_1.proj_out.bias
  - Froze policy model parameter: model.vqmodel.encoder.mid.block_2.norm1.weight
  - Froze policy model parameter: model.vqmodel.encoder.mid.block_2.norm1.bias
  - Froze policy model parameter: model.vqmodel.encoder.mid.block_2.conv1.weight
  - Froze policy model parameter: model.vqmodel.encoder.mid.block_2.conv1.bias
  - Froze policy model parameter: model.vqmodel.encoder.mid.block_2.norm2.weight
  - Froze policy model parameter: model.vqmodel.encoder.mid.block_2.norm2.bias
  - Froze policy model parameter: model.vqmodel.encoder.mid.block_2.conv2.weight
  - Froze policy model parameter: model.vqmodel.encoder.mid.block_2.conv2.bias
  - Froze policy model parameter: model.vqmodel.encoder.norm_out.weight
  - Froze policy model parameter: model.vqmodel.encoder.norm_out.bias
  - Froze policy model parameter: model.vqmodel.encoder.conv_out.weight
  - Froze policy model parameter: model.vqmodel.encoder.conv_out.bias
  - Froze policy model parameter: model.vqmodel.decoder.conv_in.weight
  - Froze policy model parameter: model.vqmodel.decoder.conv_in.bias
  - Froze policy model parameter: model.vqmodel.decoder.mid.block_1.norm1.weight
  - Froze policy model parameter: model.vqmodel.decoder.mid.block_1.norm1.bias
  - Froze policy model parameter: model.vqmodel.decoder.mid.block_1.conv1.weight
  - Froze policy model parameter: model.vqmodel.decoder.mid.block_1.conv1.bias
  - Froze policy model parameter: model.vqmodel.decoder.mid.block_1.norm2.weight
  - Froze policy model parameter: model.vqmodel.decoder.mid.block_1.norm2.bias
  - Froze policy model parameter: model.vqmodel.decoder.mid.block_1.conv2.weight
  - Froze policy model parameter: model.vqmodel.decoder.mid.block_1.conv2.bias
  - Froze policy model parameter: model.vqmodel.decoder.mid.attn_1.norm.weight
  - Froze policy model parameter: model.vqmodel.decoder.mid.attn_1.norm.bias
  - Froze policy model parameter: model.vqmodel.decoder.mid.attn_1.q.weight
  - Froze policy model parameter: model.vqmodel.decoder.mid.attn_1.q.bias
  - Froze policy model parameter: model.vqmodel.decoder.mid.attn_1.k.weight
  - Froze policy model parameter: model.vqmodel.decoder.mid.attn_1.k.bias
  - Froze policy model parameter: model.vqmodel.decoder.mid.attn_1.v.weight
  - Froze policy model parameter: model.vqmodel.decoder.mid.attn_1.v.bias
  - Froze policy model parameter: model.vqmodel.decoder.mid.attn_1.proj_out.weight
  - Froze policy model parameter: model.vqmodel.decoder.mid.attn_1.proj_out.bias
  - Froze policy model parameter: model.vqmodel.decoder.mid.block_2.norm1.weight
  - Froze policy model parameter: model.vqmodel.decoder.mid.block_2.norm1.bias
  - Froze policy model parameter: model.vqmodel.decoder.mid.block_2.conv1.weight
  - Froze policy model parameter: model.vqmodel.decoder.mid.block_2.conv1.bias
  - Froze policy model parameter: model.vqmodel.decoder.mid.block_2.norm2.weight
  - Froze policy model parameter: model.vqmodel.decoder.mid.block_2.norm2.bias
  - Froze policy model parameter: model.vqmodel.decoder.mid.block_2.conv2.weight
  - Froze policy model parameter: model.vqmodel.decoder.mid.block_2.conv2.bias
  - Froze policy model parameter: model.vqmodel.decoder.up.0.block.0.norm1.weight
  - Froze policy model parameter: model.vqmodel.decoder.up.0.block.0.norm1.bias
  - Froze policy model parameter: model.vqmodel.decoder.up.0.block.0.conv1.weight
  - Froze policy model parameter: model.vqmodel.decoder.up.0.block.0.conv1.bias
  - Froze policy model parameter: model.vqmodel.decoder.up.0.block.0.norm2.weight
  - Froze policy model parameter: model.vqmodel.decoder.up.0.block.0.norm2.bias
  - Froze policy model parameter: model.vqmodel.decoder.up.0.block.0.conv2.weight
  - Froze policy model parameter: model.vqmodel.decoder.up.0.block.0.conv2.bias
  - Froze policy model parameter: model.vqmodel.decoder.up.0.block.1.norm1.weight
  - Froze policy model parameter: model.vqmodel.decoder.up.0.block.1.norm1.bias
  - Froze policy model parameter: model.vqmodel.decoder.up.0.block.1.conv1.weight
  - Froze policy model parameter: model.vqmodel.decoder.up.0.block.1.conv1.bias
  - Froze policy model parameter: model.vqmodel.decoder.up.0.block.1.norm2.weight
  - Froze policy model parameter: model.vqmodel.decoder.up.0.block.1.norm2.bias
  - Froze policy model parameter: model.vqmodel.decoder.up.0.block.1.conv2.weight
  - Froze policy model parameter: model.vqmodel.decoder.up.0.block.1.conv2.bias
  - Froze policy model parameter: model.vqmodel.decoder.up.0.block.2.norm1.weight
  - Froze policy model parameter: model.vqmodel.decoder.up.0.block.2.norm1.bias
  - Froze policy model parameter: model.vqmodel.decoder.up.0.block.2.conv1.weight
  - Froze policy model parameter: model.vqmodel.decoder.up.0.block.2.conv1.bias
  - Froze policy model parameter: model.vqmodel.decoder.up.0.block.2.norm2.weight
  - Froze policy model parameter: model.vqmodel.decoder.up.0.block.2.norm2.bias
  - Froze policy model parameter: model.vqmodel.decoder.up.0.block.2.conv2.weight
  - Froze policy model parameter: model.vqmodel.decoder.up.0.block.2.conv2.bias
  - Froze policy model parameter: model.vqmodel.decoder.up.1.block.0.norm1.weight
  - Froze policy model parameter: model.vqmodel.decoder.up.1.block.0.norm1.bias
  - Froze policy model parameter: model.vqmodel.decoder.up.1.block.0.conv1.weight
  - Froze policy model parameter: model.vqmodel.decoder.up.1.block.0.conv1.bias
  - Froze policy model parameter: model.vqmodel.decoder.up.1.block.0.norm2.weight
  - Froze policy model parameter: model.vqmodel.decoder.up.1.block.0.norm2.bias
  - Froze policy model parameter: model.vqmodel.decoder.up.1.block.0.conv2.weight
  - Froze policy model parameter: model.vqmodel.decoder.up.1.block.0.conv2.bias
  - Froze policy model parameter: model.vqmodel.decoder.up.1.block.0.nin_shortcut.weight
  - Froze policy model parameter: model.vqmodel.decoder.up.1.block.0.nin_shortcut.bias
  - Froze policy model parameter: model.vqmodel.decoder.up.1.block.1.norm1.weight
  - Froze policy model parameter: model.vqmodel.decoder.up.1.block.1.norm1.bias
  - Froze policy model parameter: model.vqmodel.decoder.up.1.block.1.conv1.weight
  - Froze policy model parameter: model.vqmodel.decoder.up.1.block.1.conv1.bias
  - Froze policy model parameter: model.vqmodel.decoder.up.1.block.1.norm2.weight
  - Froze policy model parameter: model.vqmodel.decoder.up.1.block.1.norm2.bias
  - Froze policy model parameter: model.vqmodel.decoder.up.1.block.1.conv2.weight
  - Froze policy model parameter: model.vqmodel.decoder.up.1.block.1.conv2.bias
  - Froze policy model parameter: model.vqmodel.decoder.up.1.block.2.norm1.weight
  - Froze policy model parameter: model.vqmodel.decoder.up.1.block.2.norm1.bias
  - Froze policy model parameter: model.vqmodel.decoder.up.1.block.2.conv1.weight
  - Froze policy model parameter: model.vqmodel.decoder.up.1.block.2.conv1.bias
  - Froze policy model parameter: model.vqmodel.decoder.up.1.block.2.norm2.weight
  - Froze policy model parameter: model.vqmodel.decoder.up.1.block.2.norm2.bias
  - Froze policy model parameter: model.vqmodel.decoder.up.1.block.2.conv2.weight
  - Froze policy model parameter: model.vqmodel.decoder.up.1.block.2.conv2.bias
  - Froze policy model parameter: model.vqmodel.decoder.up.1.upsample.conv.weight
  - Froze policy model parameter: model.vqmodel.decoder.up.1.upsample.conv.bias
  - Froze policy model parameter: model.vqmodel.decoder.up.2.block.0.norm1.weight
  - Froze policy model parameter: model.vqmodel.decoder.up.2.block.0.norm1.bias
  - Froze policy model parameter: model.vqmodel.decoder.up.2.block.0.conv1.weight
  - Froze policy model parameter: model.vqmodel.decoder.up.2.block.0.conv1.bias
  - Froze policy model parameter: model.vqmodel.decoder.up.2.block.0.norm2.weight
  - Froze policy model parameter: model.vqmodel.decoder.up.2.block.0.norm2.bias
  - Froze policy model parameter: model.vqmodel.decoder.up.2.block.0.conv2.weight
  - Froze policy model parameter: model.vqmodel.decoder.up.2.block.0.conv2.bias
  - Froze policy model parameter: model.vqmodel.decoder.up.2.block.1.norm1.weight
  - Froze policy model parameter: model.vqmodel.decoder.up.2.block.1.norm1.bias
  - Froze policy model parameter: model.vqmodel.decoder.up.2.block.1.conv1.weight
  - Froze policy model parameter: model.vqmodel.decoder.up.2.block.1.conv1.bias
  - Froze policy model parameter: model.vqmodel.decoder.up.2.block.1.norm2.weight
  - Froze policy model parameter: model.vqmodel.decoder.up.2.block.1.norm2.bias
  - Froze policy model parameter: model.vqmodel.decoder.up.2.block.1.conv2.weight
  - Froze policy model parameter: model.vqmodel.decoder.up.2.block.1.conv2.bias
  - Froze policy model parameter: model.vqmodel.decoder.up.2.block.2.norm1.weight
  - Froze policy model parameter: model.vqmodel.decoder.up.2.block.2.norm1.bias
  - Froze policy model parameter: model.vqmodel.decoder.up.2.block.2.conv1.weight
  - Froze policy model parameter: model.vqmodel.decoder.up.2.block.2.conv1.bias
  - Froze policy model parameter: model.vqmodel.decoder.up.2.block.2.norm2.weight
  - Froze policy model parameter: model.vqmodel.decoder.up.2.block.2.norm2.bias
  - Froze policy model parameter: model.vqmodel.decoder.up.2.block.2.conv2.weight
  - Froze policy model parameter: model.vqmodel.decoder.up.2.block.2.conv2.bias
  - Froze policy model parameter: model.vqmodel.decoder.up.2.upsample.conv.weight
  - Froze policy model parameter: model.vqmodel.decoder.up.2.upsample.conv.bias
  - Froze policy model parameter: model.vqmodel.decoder.up.3.block.0.norm1.weight
  - Froze policy model parameter: model.vqmodel.decoder.up.3.block.0.norm1.bias
  - Froze policy model parameter: model.vqmodel.decoder.up.3.block.0.conv1.weight
  - Froze policy model parameter: model.vqmodel.decoder.up.3.block.0.conv1.bias
  - Froze policy model parameter: model.vqmodel.decoder.up.3.block.0.norm2.weight
  - Froze policy model parameter: model.vqmodel.decoder.up.3.block.0.norm2.bias
  - Froze policy model parameter: model.vqmodel.decoder.up.3.block.0.conv2.weight
  - Froze policy model parameter: model.vqmodel.decoder.up.3.block.0.conv2.bias
  - Froze policy model parameter: model.vqmodel.decoder.up.3.block.0.nin_shortcut.weight
  - Froze policy model parameter: model.vqmodel.decoder.up.3.block.0.nin_shortcut.bias
  - Froze policy model parameter: model.vqmodel.decoder.up.3.block.1.norm1.weight
  - Froze policy model parameter: model.vqmodel.decoder.up.3.block.1.norm1.bias
  - Froze policy model parameter: model.vqmodel.decoder.up.3.block.1.conv1.weight
  - Froze policy model parameter: model.vqmodel.decoder.up.3.block.1.conv1.bias
  - Froze policy model parameter: model.vqmodel.decoder.up.3.block.1.norm2.weight
  - Froze policy model parameter: model.vqmodel.decoder.up.3.block.1.norm2.bias
  - Froze policy model parameter: model.vqmodel.decoder.up.3.block.1.conv2.weight
  - Froze policy model parameter: model.vqmodel.decoder.up.3.block.1.conv2.bias
  - Froze policy model parameter: model.vqmodel.decoder.up.3.block.2.norm1.weight
  - Froze policy model parameter: model.vqmodel.decoder.up.3.block.2.norm1.bias
  - Froze policy model parameter: model.vqmodel.decoder.up.3.block.2.conv1.weight
  - Froze policy model parameter: model.vqmodel.decoder.up.3.block.2.conv1.bias
  - Froze policy model parameter: model.vqmodel.decoder.up.3.block.2.norm2.weight
  - Froze policy model parameter: model.vqmodel.decoder.up.3.block.2.norm2.bias
  - Froze policy model parameter: model.vqmodel.decoder.up.3.block.2.conv2.weight
  - Froze policy model parameter: model.vqmodel.decoder.up.3.block.2.conv2.bias
  - Froze policy model parameter: model.vqmodel.decoder.up.3.upsample.conv.weight
  - Froze policy model parameter: model.vqmodel.decoder.up.3.upsample.conv.bias
  - Froze policy model parameter: model.vqmodel.decoder.up.4.block.0.norm1.weight
  - Froze policy model parameter: model.vqmodel.decoder.up.4.block.0.norm1.bias
  - Froze policy model parameter: model.vqmodel.decoder.up.4.block.0.conv1.weight
  - Froze policy model parameter: model.vqmodel.decoder.up.4.block.0.conv1.bias
  - Froze policy model parameter: model.vqmodel.decoder.up.4.block.0.norm2.weight
  - Froze policy model parameter: model.vqmodel.decoder.up.4.block.0.norm2.bias
  - Froze policy model parameter: model.vqmodel.decoder.up.4.block.0.conv2.weight
  - Froze policy model parameter: model.vqmodel.decoder.up.4.block.0.conv2.bias
  - Froze policy model parameter: model.vqmodel.decoder.up.4.block.1.norm1.weight
  - Froze policy model parameter: model.vqmodel.decoder.up.4.block.1.norm1.bias
  - Froze policy model parameter: model.vqmodel.decoder.up.4.block.1.conv1.weight
  - Froze policy model parameter: model.vqmodel.decoder.up.4.block.1.conv1.bias
  - Froze policy model parameter: model.vqmodel.decoder.up.4.block.1.norm2.weight
  - Froze policy model parameter: model.vqmodel.decoder.up.4.block.1.norm2.bias
  - Froze policy model parameter: model.vqmodel.decoder.up.4.block.1.conv2.weight
  - Froze policy model parameter: model.vqmodel.decoder.up.4.block.1.conv2.bias
  - Froze policy model parameter: model.vqmodel.decoder.up.4.block.2.norm1.weight
  - Froze policy model parameter: model.vqmodel.decoder.up.4.block.2.norm1.bias
  - Froze policy model parameter: model.vqmodel.decoder.up.4.block.2.conv1.weight
  - Froze policy model parameter: model.vqmodel.decoder.up.4.block.2.conv1.bias
  - Froze policy model parameter: model.vqmodel.decoder.up.4.block.2.norm2.weight
  - Froze policy model parameter: model.vqmodel.decoder.up.4.block.2.norm2.bias
  - Froze policy model parameter: model.vqmodel.decoder.up.4.block.2.conv2.weight
  - Froze policy model parameter: model.vqmodel.decoder.up.4.block.2.conv2.bias
  - Froze policy model parameter: model.vqmodel.decoder.up.4.upsample.conv.weight
  - Froze policy model parameter: model.vqmodel.decoder.up.4.upsample.conv.bias
  - Froze policy model parameter: model.vqmodel.decoder.norm_out.weight
  - Froze policy model parameter: model.vqmodel.decoder.norm_out.bias
  - Froze policy model parameter: model.vqmodel.decoder.conv_out.weight
  - Froze policy model parameter: model.vqmodel.decoder.conv_out.bias
  - Froze policy model parameter: model.vqmodel.quantize.embedding.weight
  - Froze policy model parameter: model.vqmodel.quant_conv.weight
  - Froze policy model parameter: model.vqmodel.quant_conv.bias
  - Froze policy model parameter: model.vqmodel.post_quant_conv.weight
  - Froze policy model parameter: model.vqmodel.post_quant_conv.bias
  - Froze policy model parameter: mlp_head.time_embed.mlp.0.weight
  - Froze policy model parameter: mlp_head.time_embed.mlp.0.bias
  - Froze policy model parameter: mlp_head.time_embed.mlp.2.weight
  - Froze policy model parameter: mlp_head.time_embed.mlp.2.bias
  - Froze policy model parameter: mlp_head.cond_embed.weight
  - Froze policy model parameter: mlp_head.cond_embed.bias
  - Froze policy model parameter: mlp_head.input_proj.weight
  - Froze policy model parameter: mlp_head.input_proj.bias
  - Froze policy model parameter: mlp_head.res_blocks.0.in_ln.weight
  - Froze policy model parameter: mlp_head.res_blocks.0.in_ln.bias
  - Froze policy model parameter: mlp_head.res_blocks.0.mlp.0.weight
  - Froze policy model parameter: mlp_head.res_blocks.0.mlp.0.bias
  - Froze policy model parameter: mlp_head.res_blocks.0.mlp.2.weight
  - Froze policy model parameter: mlp_head.res_blocks.0.mlp.2.bias
  - Froze policy model parameter: mlp_head.res_blocks.0.adaLN_modulation.1.weight
  - Froze policy model parameter: mlp_head.res_blocks.0.adaLN_modulation.1.bias
  - Froze policy model parameter: mlp_head.res_blocks.1.in_ln.weight
  - Froze policy model parameter: mlp_head.res_blocks.1.in_ln.bias
  - Froze policy model parameter: mlp_head.res_blocks.1.mlp.0.weight
  - Froze policy model parameter: mlp_head.res_blocks.1.mlp.0.bias
  - Froze policy model parameter: mlp_head.res_blocks.1.mlp.2.weight
  - Froze policy model parameter: mlp_head.res_blocks.1.mlp.2.bias
  - Froze policy model parameter: mlp_head.res_blocks.1.adaLN_modulation.1.weight
  - Froze policy model parameter: mlp_head.res_blocks.1.adaLN_modulation.1.bias
  - Froze policy model parameter: mlp_head.res_blocks.2.in_ln.weight
  - Froze policy model parameter: mlp_head.res_blocks.2.in_ln.bias
  - Froze policy model parameter: mlp_head.res_blocks.2.mlp.0.weight
  - Froze policy model parameter: mlp_head.res_blocks.2.mlp.0.bias
  - Froze policy model parameter: mlp_head.res_blocks.2.mlp.2.weight
  - Froze policy model parameter: mlp_head.res_blocks.2.mlp.2.bias
  - Froze policy model parameter: mlp_head.res_blocks.2.adaLN_modulation.1.weight
  - Froze policy model parameter: mlp_head.res_blocks.2.adaLN_modulation.1.bias
  - Froze policy model parameter: mlp_head.final_layer.linear.weight
  - Froze policy model parameter: mlp_head.final_layer.linear.bias
  - Froze policy model parameter: mlp_head.final_layer.adaLN_modulation.1.weight
  - Froze policy model parameter: mlp_head.final_layer.adaLN_modulation.1.bias
Model parts frozen.
Loaded 2 reward functions: ['answer_correctness_reward', 'format_reward']
Trainer initialized.
--- [Step 3/3] Starting GRPO training... ---
`torch_dtype` is deprecated! Use `dtype` instead!
Loading checkpoint shards:   0%|          | 0/3 [00:00<?, ?it/s]Loading checkpoint shards: 100%|██████████| 3/3 [00:00<00:00, 26.36it/s]Loading checkpoint shards: 100%|██████████| 3/3 [00:00<00:00, 26.31it/s]
Freezing non-trainable parts of the model...
  - Froze policy model parameter: model.vqmodel.encoder.conv_in.weight
  - Froze policy model parameter: model.vqmodel.encoder.conv_in.bias
  - Froze policy model parameter: model.vqmodel.encoder.down.0.block.0.norm1.weight
  - Froze policy model parameter: model.vqmodel.encoder.down.0.block.0.norm1.bias
  - Froze policy model parameter: model.vqmodel.encoder.down.0.block.0.conv1.weight
  - Froze policy model parameter: model.vqmodel.encoder.down.0.block.0.conv1.bias
  - Froze policy model parameter: model.vqmodel.encoder.down.0.block.0.norm2.weight
  - Froze policy model parameter: model.vqmodel.encoder.down.0.block.0.norm2.bias
  - Froze policy model parameter: model.vqmodel.encoder.down.0.block.0.conv2.weight
  - Froze policy model parameter: model.vqmodel.encoder.down.0.block.0.conv2.bias
  - Froze policy model parameter: model.vqmodel.encoder.down.0.block.1.norm1.weight
  - Froze policy model parameter: model.vqmodel.encoder.down.0.block.1.norm1.bias
  - Froze policy model parameter: model.vqmodel.encoder.down.0.block.1.conv1.weight
  - Froze policy model parameter: model.vqmodel.encoder.down.0.block.1.conv1.bias
  - Froze policy model parameter: model.vqmodel.encoder.down.0.block.1.norm2.weight
  - Froze policy model parameter: model.vqmodel.encoder.down.0.block.1.norm2.bias
  - Froze policy model parameter: model.vqmodel.encoder.down.0.block.1.conv2.weight
  - Froze policy model parameter: model.vqmodel.encoder.down.0.block.1.conv2.bias
  - Froze policy model parameter: model.vqmodel.encoder.down.0.downsample.conv.weight
  - Froze policy model parameter: model.vqmodel.encoder.down.0.downsample.conv.bias
  - Froze policy model parameter: model.vqmodel.encoder.down.1.block.0.norm1.weight
  - Froze policy model parameter: model.vqmodel.encoder.down.1.block.0.norm1.bias
  - Froze policy model parameter: model.vqmodel.encoder.down.1.block.0.conv1.weight
  - Froze policy model parameter: model.vqmodel.encoder.down.1.block.0.conv1.bias
  - Froze policy model parameter: model.vqmodel.encoder.down.1.block.0.norm2.weight
  - Froze policy model parameter: model.vqmodel.encoder.down.1.block.0.norm2.bias
  - Froze policy model parameter: model.vqmodel.encoder.down.1.block.0.conv2.weight
  - Froze policy model parameter: model.vqmodel.encoder.down.1.block.0.conv2.bias
  - Froze policy model parameter: model.vqmodel.encoder.down.1.block.1.norm1.weight
  - Froze policy model parameter: model.vqmodel.encoder.down.1.block.1.norm1.bias
  - Froze policy model parameter: model.vqmodel.encoder.down.1.block.1.conv1.weight
  - Froze policy model parameter: model.vqmodel.encoder.down.1.block.1.conv1.bias
  - Froze policy model parameter: model.vqmodel.encoder.down.1.block.1.norm2.weight
  - Froze policy model parameter: model.vqmodel.encoder.down.1.block.1.norm2.bias
  - Froze policy model parameter: model.vqmodel.encoder.down.1.block.1.conv2.weight
  - Froze policy model parameter: model.vqmodel.encoder.down.1.block.1.conv2.bias
  - Froze policy model parameter: model.vqmodel.encoder.down.1.downsample.conv.weight
  - Froze policy model parameter: model.vqmodel.encoder.down.1.downsample.conv.bias
  - Froze policy model parameter: model.vqmodel.encoder.down.2.block.0.norm1.weight
  - Froze policy model parameter: model.vqmodel.encoder.down.2.block.0.norm1.bias
  - Froze policy model parameter: model.vqmodel.encoder.down.2.block.0.conv1.weight
  - Froze policy model parameter: model.vqmodel.encoder.down.2.block.0.conv1.bias
  - Froze policy model parameter: model.vqmodel.encoder.down.2.block.0.norm2.weight
  - Froze policy model parameter: model.vqmodel.encoder.down.2.block.0.norm2.bias
  - Froze policy model parameter: model.vqmodel.encoder.down.2.block.0.conv2.weight
  - Froze policy model parameter: model.vqmodel.encoder.down.2.block.0.conv2.bias
  - Froze policy model parameter: model.vqmodel.encoder.down.2.block.0.nin_shortcut.weight
  - Froze policy model parameter: model.vqmodel.encoder.down.2.block.0.nin_shortcut.bias
  - Froze policy model parameter: model.vqmodel.encoder.down.2.block.1.norm1.weight
  - Froze policy model parameter: model.vqmodel.encoder.down.2.block.1.norm1.bias
  - Froze policy model parameter: model.vqmodel.encoder.down.2.block.1.conv1.weight
  - Froze policy model parameter: model.vqmodel.encoder.down.2.block.1.conv1.bias
  - Froze policy model parameter: model.vqmodel.encoder.down.2.block.1.norm2.weight
  - Froze policy model parameter: model.vqmodel.encoder.down.2.block.1.norm2.bias
  - Froze policy model parameter: model.vqmodel.encoder.down.2.block.1.conv2.weight
  - Froze policy model parameter: model.vqmodel.encoder.down.2.block.1.conv2.bias
  - Froze policy model parameter: model.vqmodel.encoder.down.2.downsample.conv.weight
  - Froze policy model parameter: model.vqmodel.encoder.down.2.downsample.conv.bias
  - Froze policy model parameter: model.vqmodel.encoder.down.3.block.0.norm1.weight
  - Froze policy model parameter: model.vqmodel.encoder.down.3.block.0.norm1.bias
  - Froze policy model parameter: model.vqmodel.encoder.down.3.block.0.conv1.weight
  - Froze policy model parameter: model.vqmodel.encoder.down.3.block.0.conv1.bias
  - Froze policy model parameter: model.vqmodel.encoder.down.3.block.0.norm2.weight
  - Froze policy model parameter: model.vqmodel.encoder.down.3.block.0.norm2.bias
  - Froze policy model parameter: model.vqmodel.encoder.down.3.block.0.conv2.weight
  - Froze policy model parameter: model.vqmodel.encoder.down.3.block.0.conv2.bias
  - Froze policy model parameter: model.vqmodel.encoder.down.3.block.1.norm1.weight
  - Froze policy model parameter: model.vqmodel.encoder.down.3.block.1.norm1.bias
  - Froze policy model parameter: model.vqmodel.encoder.down.3.block.1.conv1.weight
  - Froze policy model parameter: model.vqmodel.encoder.down.3.block.1.conv1.bias
  - Froze policy model parameter: model.vqmodel.encoder.down.3.block.1.norm2.weight
  - Froze policy model parameter: model.vqmodel.encoder.down.3.block.1.norm2.bias
  - Froze policy model parameter: model.vqmodel.encoder.down.3.block.1.conv2.weight
  - Froze policy model parameter: model.vqmodel.encoder.down.3.block.1.conv2.bias
  - Froze policy model parameter: model.vqmodel.encoder.down.3.downsample.conv.weight
  - Froze policy model parameter: model.vqmodel.encoder.down.3.downsample.conv.bias
  - Froze policy model parameter: model.vqmodel.encoder.down.4.block.0.norm1.weight
  - Froze policy model parameter: model.vqmodel.encoder.down.4.block.0.norm1.bias
  - Froze policy model parameter: model.vqmodel.encoder.down.4.block.0.conv1.weight
  - Froze policy model parameter: model.vqmodel.encoder.down.4.block.0.conv1.bias
  - Froze policy model parameter: model.vqmodel.encoder.down.4.block.0.norm2.weight
  - Froze policy model parameter: model.vqmodel.encoder.down.4.block.0.norm2.bias
  - Froze policy model parameter: model.vqmodel.encoder.down.4.block.0.conv2.weight
  - Froze policy model parameter: model.vqmodel.encoder.down.4.block.0.conv2.bias
  - Froze policy model parameter: model.vqmodel.encoder.down.4.block.0.nin_shortcut.weight
  - Froze policy model parameter: model.vqmodel.encoder.down.4.block.0.nin_shortcut.bias
  - Froze policy model parameter: model.vqmodel.encoder.down.4.block.1.norm1.weight
  - Froze policy model parameter: model.vqmodel.encoder.down.4.block.1.norm1.bias
  - Froze policy model parameter: model.vqmodel.encoder.down.4.block.1.conv1.weight
  - Froze policy model parameter: model.vqmodel.encoder.down.4.block.1.conv1.bias
  - Froze policy model parameter: model.vqmodel.encoder.down.4.block.1.norm2.weight
  - Froze policy model parameter: model.vqmodel.encoder.down.4.block.1.norm2.bias
  - Froze policy model parameter: model.vqmodel.encoder.down.4.block.1.conv2.weight
  - Froze policy model parameter: model.vqmodel.encoder.down.4.block.1.conv2.bias
  - Froze policy model parameter: model.vqmodel.encoder.mid.block_1.norm1.weight
  - Froze policy model parameter: model.vqmodel.encoder.mid.block_1.norm1.bias
  - Froze policy model parameter: model.vqmodel.encoder.mid.block_1.conv1.weight
  - Froze policy model parameter: model.vqmodel.encoder.mid.block_1.conv1.bias
  - Froze policy model parameter: model.vqmodel.encoder.mid.block_1.norm2.weight
  - Froze policy model parameter: model.vqmodel.encoder.mid.block_1.norm2.bias
  - Froze policy model parameter: model.vqmodel.encoder.mid.block_1.conv2.weight
  - Froze policy model parameter: model.vqmodel.encoder.mid.block_1.conv2.bias
  - Froze policy model parameter: model.vqmodel.encoder.mid.attn_1.norm.weight
  - Froze policy model parameter: model.vqmodel.encoder.mid.attn_1.norm.bias
  - Froze policy model parameter: model.vqmodel.encoder.mid.attn_1.q.weight
  - Froze policy model parameter: model.vqmodel.encoder.mid.attn_1.q.bias
  - Froze policy model parameter: model.vqmodel.encoder.mid.attn_1.k.weight
  - Froze policy model parameter: model.vqmodel.encoder.mid.attn_1.k.bias
  - Froze policy model parameter: model.vqmodel.encoder.mid.attn_1.v.weight
  - Froze policy model parameter: model.vqmodel.encoder.mid.attn_1.v.bias
  - Froze policy model parameter: model.vqmodel.encoder.mid.attn_1.proj_out.weight
  - Froze policy model parameter: model.vqmodel.encoder.mid.attn_1.proj_out.bias
  - Froze policy model parameter: model.vqmodel.encoder.mid.block_2.norm1.weight
  - Froze policy model parameter: model.vqmodel.encoder.mid.block_2.norm1.bias
  - Froze policy model parameter: model.vqmodel.encoder.mid.block_2.conv1.weight
  - Froze policy model parameter: model.vqmodel.encoder.mid.block_2.conv1.bias
  - Froze policy model parameter: model.vqmodel.encoder.mid.block_2.norm2.weight
  - Froze policy model parameter: model.vqmodel.encoder.mid.block_2.norm2.bias
  - Froze policy model parameter: model.vqmodel.encoder.mid.block_2.conv2.weight
  - Froze policy model parameter: model.vqmodel.encoder.mid.block_2.conv2.bias
  - Froze policy model parameter: model.vqmodel.encoder.norm_out.weight
  - Froze policy model parameter: model.vqmodel.encoder.norm_out.bias
  - Froze policy model parameter: model.vqmodel.encoder.conv_out.weight
  - Froze policy model parameter: model.vqmodel.encoder.conv_out.bias
  - Froze policy model parameter: model.vqmodel.decoder.conv_in.weight
  - Froze policy model parameter: model.vqmodel.decoder.conv_in.bias
  - Froze policy model parameter: model.vqmodel.decoder.mid.block_1.norm1.weight
  - Froze policy model parameter: model.vqmodel.decoder.mid.block_1.norm1.bias
  - Froze policy model parameter: model.vqmodel.decoder.mid.block_1.conv1.weight
  - Froze policy model parameter: model.vqmodel.decoder.mid.block_1.conv1.bias
  - Froze policy model parameter: model.vqmodel.decoder.mid.block_1.norm2.weight
  - Froze policy model parameter: model.vqmodel.decoder.mid.block_1.norm2.bias
  - Froze policy model parameter: model.vqmodel.decoder.mid.block_1.conv2.weight
  - Froze policy model parameter: model.vqmodel.decoder.mid.block_1.conv2.bias
  - Froze policy model parameter: model.vqmodel.decoder.mid.attn_1.norm.weight
  - Froze policy model parameter: model.vqmodel.decoder.mid.attn_1.norm.bias
  - Froze policy model parameter: model.vqmodel.decoder.mid.attn_1.q.weight
  - Froze policy model parameter: model.vqmodel.decoder.mid.attn_1.q.bias
  - Froze policy model parameter: model.vqmodel.decoder.mid.attn_1.k.weight
  - Froze policy model parameter: model.vqmodel.decoder.mid.attn_1.k.bias
  - Froze policy model parameter: model.vqmodel.decoder.mid.attn_1.v.weight
  - Froze policy model parameter: model.vqmodel.decoder.mid.attn_1.v.bias
  - Froze policy model parameter: model.vqmodel.decoder.mid.attn_1.proj_out.weight
  - Froze policy model parameter: model.vqmodel.decoder.mid.attn_1.proj_out.bias
  - Froze policy model parameter: model.vqmodel.decoder.mid.block_2.norm1.weight
  - Froze policy model parameter: model.vqmodel.decoder.mid.block_2.norm1.bias
  - Froze policy model parameter: model.vqmodel.decoder.mid.block_2.conv1.weight
  - Froze policy model parameter: model.vqmodel.decoder.mid.block_2.conv1.bias
  - Froze policy model parameter: model.vqmodel.decoder.mid.block_2.norm2.weight
  - Froze policy model parameter: model.vqmodel.decoder.mid.block_2.norm2.bias
  - Froze policy model parameter: model.vqmodel.decoder.mid.block_2.conv2.weight
  - Froze policy model parameter: model.vqmodel.decoder.mid.block_2.conv2.bias
  - Froze policy model parameter: model.vqmodel.decoder.up.0.block.0.norm1.weight
  - Froze policy model parameter: model.vqmodel.decoder.up.0.block.0.norm1.bias
  - Froze policy model parameter: model.vqmodel.decoder.up.0.block.0.conv1.weight
  - Froze policy model parameter: model.vqmodel.decoder.up.0.block.0.conv1.bias
  - Froze policy model parameter: model.vqmodel.decoder.up.0.block.0.norm2.weight
  - Froze policy model parameter: model.vqmodel.decoder.up.0.block.0.norm2.bias
  - Froze policy model parameter: model.vqmodel.decoder.up.0.block.0.conv2.weight
  - Froze policy model parameter: model.vqmodel.decoder.up.0.block.0.conv2.bias
  - Froze policy model parameter: model.vqmodel.decoder.up.0.block.1.norm1.weight
  - Froze policy model parameter: model.vqmodel.decoder.up.0.block.1.norm1.bias
  - Froze policy model parameter: model.vqmodel.decoder.up.0.block.1.conv1.weight
  - Froze policy model parameter: model.vqmodel.decoder.up.0.block.1.conv1.bias
  - Froze policy model parameter: model.vqmodel.decoder.up.0.block.1.norm2.weight
  - Froze policy model parameter: model.vqmodel.decoder.up.0.block.1.norm2.bias
  - Froze policy model parameter: model.vqmodel.decoder.up.0.block.1.conv2.weight
  - Froze policy model parameter: model.vqmodel.decoder.up.0.block.1.conv2.bias
  - Froze policy model parameter: model.vqmodel.decoder.up.0.block.2.norm1.weight
  - Froze policy model parameter: model.vqmodel.decoder.up.0.block.2.norm1.bias
  - Froze policy model parameter: model.vqmodel.decoder.up.0.block.2.conv1.weight
  - Froze policy model parameter: model.vqmodel.decoder.up.0.block.2.conv1.bias
  - Froze policy model parameter: model.vqmodel.decoder.up.0.block.2.norm2.weight
  - Froze policy model parameter: model.vqmodel.decoder.up.0.block.2.norm2.bias
  - Froze policy model parameter: model.vqmodel.decoder.up.0.block.2.conv2.weight
  - Froze policy model parameter: model.vqmodel.decoder.up.0.block.2.conv2.bias
  - Froze policy model parameter: model.vqmodel.decoder.up.1.block.0.norm1.weight
  - Froze policy model parameter: model.vqmodel.decoder.up.1.block.0.norm1.bias
  - Froze policy model parameter: model.vqmodel.decoder.up.1.block.0.conv1.weight
  - Froze policy model parameter: model.vqmodel.decoder.up.1.block.0.conv1.bias
  - Froze policy model parameter: model.vqmodel.decoder.up.1.block.0.norm2.weight
  - Froze policy model parameter: model.vqmodel.decoder.up.1.block.0.norm2.bias
  - Froze policy model parameter: model.vqmodel.decoder.up.1.block.0.conv2.weight
  - Froze policy model parameter: model.vqmodel.decoder.up.1.block.0.conv2.bias
  - Froze policy model parameter: model.vqmodel.decoder.up.1.block.0.nin_shortcut.weight
  - Froze policy model parameter: model.vqmodel.decoder.up.1.block.0.nin_shortcut.bias
  - Froze policy model parameter: model.vqmodel.decoder.up.1.block.1.norm1.weight
  - Froze policy model parameter: model.vqmodel.decoder.up.1.block.1.norm1.bias
  - Froze policy model parameter: model.vqmodel.decoder.up.1.block.1.conv1.weight
  - Froze policy model parameter: model.vqmodel.decoder.up.1.block.1.conv1.bias
  - Froze policy model parameter: model.vqmodel.decoder.up.1.block.1.norm2.weight
  - Froze policy model parameter: model.vqmodel.decoder.up.1.block.1.norm2.bias
  - Froze policy model parameter: model.vqmodel.decoder.up.1.block.1.conv2.weight
  - Froze policy model parameter: model.vqmodel.decoder.up.1.block.1.conv2.bias
  - Froze policy model parameter: model.vqmodel.decoder.up.1.block.2.norm1.weight
  - Froze policy model parameter: model.vqmodel.decoder.up.1.block.2.norm1.bias
  - Froze policy model parameter: model.vqmodel.decoder.up.1.block.2.conv1.weight
  - Froze policy model parameter: model.vqmodel.decoder.up.1.block.2.conv1.bias
  - Froze policy model parameter: model.vqmodel.decoder.up.1.block.2.norm2.weight
  - Froze policy model parameter: model.vqmodel.decoder.up.1.block.2.norm2.bias
  - Froze policy model parameter: model.vqmodel.decoder.up.1.block.2.conv2.weight
  - Froze policy model parameter: model.vqmodel.decoder.up.1.block.2.conv2.bias
  - Froze policy model parameter: model.vqmodel.decoder.up.1.upsample.conv.weight
  - Froze policy model parameter: model.vqmodel.decoder.up.1.upsample.conv.bias
  - Froze policy model parameter: model.vqmodel.decoder.up.2.block.0.norm1.weight
  - Froze policy model parameter: model.vqmodel.decoder.up.2.block.0.norm1.bias
  - Froze policy model parameter: model.vqmodel.decoder.up.2.block.0.conv1.weight
  - Froze policy model parameter: model.vqmodel.decoder.up.2.block.0.conv1.bias
  - Froze policy model parameter: model.vqmodel.decoder.up.2.block.0.norm2.weight
  - Froze policy model parameter: model.vqmodel.decoder.up.2.block.0.norm2.bias
  - Froze policy model parameter: model.vqmodel.decoder.up.2.block.0.conv2.weight
  - Froze policy model parameter: model.vqmodel.decoder.up.2.block.0.conv2.bias
  - Froze policy model parameter: model.vqmodel.decoder.up.2.block.1.norm1.weight
  - Froze policy model parameter: model.vqmodel.decoder.up.2.block.1.norm1.bias
  - Froze policy model parameter: model.vqmodel.decoder.up.2.block.1.conv1.weight
  - Froze policy model parameter: model.vqmodel.decoder.up.2.block.1.conv1.bias
  - Froze policy model parameter: model.vqmodel.decoder.up.2.block.1.norm2.weight
  - Froze policy model parameter: model.vqmodel.decoder.up.2.block.1.norm2.bias
  - Froze policy model parameter: model.vqmodel.decoder.up.2.block.1.conv2.weight
  - Froze policy model parameter: model.vqmodel.decoder.up.2.block.1.conv2.bias
  - Froze policy model parameter: model.vqmodel.decoder.up.2.block.2.norm1.weight
  - Froze policy model parameter: model.vqmodel.decoder.up.2.block.2.norm1.bias
  - Froze policy model parameter: model.vqmodel.decoder.up.2.block.2.conv1.weight
  - Froze policy model parameter: model.vqmodel.decoder.up.2.block.2.conv1.bias
  - Froze policy model parameter: model.vqmodel.decoder.up.2.block.2.norm2.weight
  - Froze policy model parameter: model.vqmodel.decoder.up.2.block.2.norm2.bias
  - Froze policy model parameter: model.vqmodel.decoder.up.2.block.2.conv2.weight
  - Froze policy model parameter: model.vqmodel.decoder.up.2.block.2.conv2.bias
  - Froze policy model parameter: model.vqmodel.decoder.up.2.upsample.conv.weight
  - Froze policy model parameter: model.vqmodel.decoder.up.2.upsample.conv.bias
  - Froze policy model parameter: model.vqmodel.decoder.up.3.block.0.norm1.weight
  - Froze policy model parameter: model.vqmodel.decoder.up.3.block.0.norm1.bias
  - Froze policy model parameter: model.vqmodel.decoder.up.3.block.0.conv1.weight
  - Froze policy model parameter: model.vqmodel.decoder.up.3.block.0.conv1.bias
  - Froze policy model parameter: model.vqmodel.decoder.up.3.block.0.norm2.weight
  - Froze policy model parameter: model.vqmodel.decoder.up.3.block.0.norm2.bias
  - Froze policy model parameter: model.vqmodel.decoder.up.3.block.0.conv2.weight
  - Froze policy model parameter: model.vqmodel.decoder.up.3.block.0.conv2.bias
  - Froze policy model parameter: model.vqmodel.decoder.up.3.block.0.nin_shortcut.weight
  - Froze policy model parameter: model.vqmodel.decoder.up.3.block.0.nin_shortcut.bias
  - Froze policy model parameter: model.vqmodel.decoder.up.3.block.1.norm1.weight
  - Froze policy model parameter: model.vqmodel.decoder.up.3.block.1.norm1.bias
  - Froze policy model parameter: model.vqmodel.decoder.up.3.block.1.conv1.weight
  - Froze policy model parameter: model.vqmodel.decoder.up.3.block.1.conv1.bias
  - Froze policy model parameter: model.vqmodel.decoder.up.3.block.1.norm2.weight
  - Froze policy model parameter: model.vqmodel.decoder.up.3.block.1.norm2.bias
  - Froze policy model parameter: model.vqmodel.decoder.up.3.block.1.conv2.weight
  - Froze policy model parameter: model.vqmodel.decoder.up.3.block.1.conv2.bias
  - Froze policy model parameter: model.vqmodel.decoder.up.3.block.2.norm1.weight
  - Froze policy model parameter: model.vqmodel.decoder.up.3.block.2.norm1.bias
  - Froze policy model parameter: model.vqmodel.decoder.up.3.block.2.conv1.weight
  - Froze policy model parameter: model.vqmodel.decoder.up.3.block.2.conv1.bias
  - Froze policy model parameter: model.vqmodel.decoder.up.3.block.2.norm2.weight
  - Froze policy model parameter: model.vqmodel.decoder.up.3.block.2.norm2.bias
  - Froze policy model parameter: model.vqmodel.decoder.up.3.block.2.conv2.weight
  - Froze policy model parameter: model.vqmodel.decoder.up.3.block.2.conv2.bias
  - Froze policy model parameter: model.vqmodel.decoder.up.3.upsample.conv.weight
  - Froze policy model parameter: model.vqmodel.decoder.up.3.upsample.conv.bias
  - Froze policy model parameter: model.vqmodel.decoder.up.4.block.0.norm1.weight
  - Froze policy model parameter: model.vqmodel.decoder.up.4.block.0.norm1.bias
  - Froze policy model parameter: model.vqmodel.decoder.up.4.block.0.conv1.weight
  - Froze policy model parameter: model.vqmodel.decoder.up.4.block.0.conv1.bias
  - Froze policy model parameter: model.vqmodel.decoder.up.4.block.0.norm2.weight
  - Froze policy model parameter: model.vqmodel.decoder.up.4.block.0.norm2.bias
  - Froze policy model parameter: model.vqmodel.decoder.up.4.block.0.conv2.weight
  - Froze policy model parameter: model.vqmodel.decoder.up.4.block.0.conv2.bias
  - Froze policy model parameter: model.vqmodel.decoder.up.4.block.1.norm1.weight
  - Froze policy model parameter: model.vqmodel.decoder.up.4.block.1.norm1.bias
  - Froze policy model parameter: model.vqmodel.decoder.up.4.block.1.conv1.weight
  - Froze policy model parameter: model.vqmodel.decoder.up.4.block.1.conv1.bias
  - Froze policy model parameter: model.vqmodel.decoder.up.4.block.1.norm2.weight
  - Froze policy model parameter: model.vqmodel.decoder.up.4.block.1.norm2.bias
  - Froze policy model parameter: model.vqmodel.decoder.up.4.block.1.conv2.weight
  - Froze policy model parameter: model.vqmodel.decoder.up.4.block.1.conv2.bias
  - Froze policy model parameter: model.vqmodel.decoder.up.4.block.2.norm1.weight
  - Froze policy model parameter: model.vqmodel.decoder.up.4.block.2.norm1.bias
  - Froze policy model parameter: model.vqmodel.decoder.up.4.block.2.conv1.weight
  - Froze policy model parameter: model.vqmodel.decoder.up.4.block.2.conv1.bias
  - Froze policy model parameter: model.vqmodel.decoder.up.4.block.2.norm2.weight
  - Froze policy model parameter: model.vqmodel.decoder.up.4.block.2.norm2.bias
  - Froze policy model parameter: model.vqmodel.decoder.up.4.block.2.conv2.weight
  - Froze policy model parameter: model.vqmodel.decoder.up.4.block.2.conv2.bias
  - Froze policy model parameter: model.vqmodel.decoder.up.4.upsample.conv.weight
  - Froze policy model parameter: model.vqmodel.decoder.up.4.upsample.conv.bias
  - Froze policy model parameter: model.vqmodel.decoder.norm_out.weight
  - Froze policy model parameter: model.vqmodel.decoder.norm_out.bias
  - Froze policy model parameter: model.vqmodel.decoder.conv_out.weight
  - Froze policy model parameter: model.vqmodel.decoder.conv_out.bias
  - Froze policy model parameter: model.vqmodel.quantize.embedding.weight
  - Froze policy model parameter: model.vqmodel.quant_conv.weight
  - Froze policy model parameter: model.vqmodel.quant_conv.bias
  - Froze policy model parameter: model.vqmodel.post_quant_conv.weight
  - Froze policy model parameter: model.vqmodel.post_quant_conv.bias
  - Froze policy model parameter: mlp_head.time_embed.mlp.0.weight
  - Froze policy model parameter: mlp_head.time_embed.mlp.0.bias
  - Froze policy model parameter: mlp_head.time_embed.mlp.2.weight
  - Froze policy model parameter: mlp_head.time_embed.mlp.2.bias
  - Froze policy model parameter: mlp_head.cond_embed.weight
  - Froze policy model parameter: mlp_head.cond_embed.bias
  - Froze policy model parameter: mlp_head.input_proj.weight
  - Froze policy model parameter: mlp_head.input_proj.bias
  - Froze policy model parameter: mlp_head.res_blocks.0.in_ln.weight
  - Froze policy model parameter: mlp_head.res_blocks.0.in_ln.bias
  - Froze policy model parameter: mlp_head.res_blocks.0.mlp.0.weight
  - Froze policy model parameter: mlp_head.res_blocks.0.mlp.0.bias
  - Froze policy model parameter: mlp_head.res_blocks.0.mlp.2.weight
  - Froze policy model parameter: mlp_head.res_blocks.0.mlp.2.bias
  - Froze policy model parameter: mlp_head.res_blocks.0.adaLN_modulation.1.weight
  - Froze policy model parameter: mlp_head.res_blocks.0.adaLN_modulation.1.bias
  - Froze policy model parameter: mlp_head.res_blocks.1.in_ln.weight
  - Froze policy model parameter: mlp_head.res_blocks.1.in_ln.bias
  - Froze policy model parameter: mlp_head.res_blocks.1.mlp.0.weight
  - Froze policy model parameter: mlp_head.res_blocks.1.mlp.0.bias
  - Froze policy model parameter: mlp_head.res_blocks.1.mlp.2.weight
  - Froze policy model parameter: mlp_head.res_blocks.1.mlp.2.bias
  - Froze policy model parameter: mlp_head.res_blocks.1.adaLN_modulation.1.weight
  - Froze policy model parameter: mlp_head.res_blocks.1.adaLN_modulation.1.bias
  - Froze policy model parameter: mlp_head.res_blocks.2.in_ln.weight
  - Froze policy model parameter: mlp_head.res_blocks.2.in_ln.bias
  - Froze policy model parameter: mlp_head.res_blocks.2.mlp.0.weight
  - Froze policy model parameter: mlp_head.res_blocks.2.mlp.0.bias
  - Froze policy model parameter: mlp_head.res_blocks.2.mlp.2.weight
  - Froze policy model parameter: mlp_head.res_blocks.2.mlp.2.bias
  - Froze policy model parameter: mlp_head.res_blocks.2.adaLN_modulation.1.weight
  - Froze policy model parameter: mlp_head.res_blocks.2.adaLN_modulation.1.bias
  - Froze policy model parameter: mlp_head.final_layer.linear.weight
  - Froze policy model parameter: mlp_head.final_layer.linear.bias
  - Froze policy model parameter: mlp_head.final_layer.adaLN_modulation.1.weight
  - Froze policy model parameter: mlp_head.final_layer.adaLN_modulation.1.bias
Model parts frozen.
Loaded 2 reward functions: ['answer_correctness_reward', 'format_reward']
Trainer initialized.
--- [Step 3/3] Starting GRPO training... ---
`torch_dtype` is deprecated! Use `dtype` instead!
`torch_dtype` is deprecated! Use `dtype` instead!
Loading checkpoint shards:   0%|          | 0/3 [00:00<?, ?it/s]`torch_dtype` is deprecated! Use `dtype` instead!
Loading checkpoint shards: 100%|██████████| 3/3 [00:00<00:00, 26.35it/s]Loading checkpoint shards: 100%|██████████| 3/3 [00:00<00:00, 26.29it/s]
Freezing non-trainable parts of the model...
  - Froze policy model parameter: model.vqmodel.encoder.conv_in.weight
  - Froze policy model parameter: model.vqmodel.encoder.conv_in.bias
  - Froze policy model parameter: model.vqmodel.encoder.down.0.block.0.norm1.weight
  - Froze policy model parameter: model.vqmodel.encoder.down.0.block.0.norm1.bias
  - Froze policy model parameter: model.vqmodel.encoder.down.0.block.0.conv1.weight
  - Froze policy model parameter: model.vqmodel.encoder.down.0.block.0.conv1.bias
  - Froze policy model parameter: model.vqmodel.encoder.down.0.block.0.norm2.weight
  - Froze policy model parameter: model.vqmodel.encoder.down.0.block.0.norm2.bias
  - Froze policy model parameter: model.vqmodel.encoder.down.0.block.0.conv2.weight
  - Froze policy model parameter: model.vqmodel.encoder.down.0.block.0.conv2.bias
  - Froze policy model parameter: model.vqmodel.encoder.down.0.block.1.norm1.weight
  - Froze policy model parameter: model.vqmodel.encoder.down.0.block.1.norm1.bias
  - Froze policy model parameter: model.vqmodel.encoder.down.0.block.1.conv1.weight
  - Froze policy model parameter: model.vqmodel.encoder.down.0.block.1.conv1.bias
  - Froze policy model parameter: model.vqmodel.encoder.down.0.block.1.norm2.weight
  - Froze policy model parameter: model.vqmodel.encoder.down.0.block.1.norm2.bias
  - Froze policy model parameter: model.vqmodel.encoder.down.0.block.1.conv2.weight
  - Froze policy model parameter: model.vqmodel.encoder.down.0.block.1.conv2.bias
  - Froze policy model parameter: model.vqmodel.encoder.down.0.downsample.conv.weight
  - Froze policy model parameter: model.vqmodel.encoder.down.0.downsample.conv.bias
  - Froze policy model parameter: model.vqmodel.encoder.down.1.block.0.norm1.weight
  - Froze policy model parameter: model.vqmodel.encoder.down.1.block.0.norm1.bias
  - Froze policy model parameter: model.vqmodel.encoder.down.1.block.0.conv1.weight
  - Froze policy model parameter: model.vqmodel.encoder.down.1.block.0.conv1.bias
  - Froze policy model parameter: model.vqmodel.encoder.down.1.block.0.norm2.weight
  - Froze policy model parameter: model.vqmodel.encoder.down.1.block.0.norm2.bias
  - Froze policy model parameter: model.vqmodel.encoder.down.1.block.0.conv2.weight
  - Froze policy model parameter: model.vqmodel.encoder.down.1.block.0.conv2.bias
  - Froze policy model parameter: model.vqmodel.encoder.down.1.block.1.norm1.weight
  - Froze policy model parameter: model.vqmodel.encoder.down.1.block.1.norm1.bias
  - Froze policy model parameter: model.vqmodel.encoder.down.1.block.1.conv1.weight
  - Froze policy model parameter: model.vqmodel.encoder.down.1.block.1.conv1.bias
  - Froze policy model parameter: model.vqmodel.encoder.down.1.block.1.norm2.weight
  - Froze policy model parameter: model.vqmodel.encoder.down.1.block.1.norm2.bias
  - Froze policy model parameter: model.vqmodel.encoder.down.1.block.1.conv2.weight
  - Froze policy model parameter: model.vqmodel.encoder.down.1.block.1.conv2.bias
  - Froze policy model parameter: model.vqmodel.encoder.down.1.downsample.conv.weight
  - Froze policy model parameter: model.vqmodel.encoder.down.1.downsample.conv.bias
  - Froze policy model parameter: model.vqmodel.encoder.down.2.block.0.norm1.weight
  - Froze policy model parameter: model.vqmodel.encoder.down.2.block.0.norm1.bias
  - Froze policy model parameter: model.vqmodel.encoder.down.2.block.0.conv1.weight
  - Froze policy model parameter: model.vqmodel.encoder.down.2.block.0.conv1.bias
  - Froze policy model parameter: model.vqmodel.encoder.down.2.block.0.norm2.weight
  - Froze policy model parameter: model.vqmodel.encoder.down.2.block.0.norm2.bias
  - Froze policy model parameter: model.vqmodel.encoder.down.2.block.0.conv2.weight
  - Froze policy model parameter: model.vqmodel.encoder.down.2.block.0.conv2.bias
  - Froze policy model parameter: model.vqmodel.encoder.down.2.block.0.nin_shortcut.weight
  - Froze policy model parameter: model.vqmodel.encoder.down.2.block.0.nin_shortcut.bias
  - Froze policy model parameter: model.vqmodel.encoder.down.2.block.1.norm1.weight
  - Froze policy model parameter: model.vqmodel.encoder.down.2.block.1.norm1.bias
  - Froze policy model parameter: model.vqmodel.encoder.down.2.block.1.conv1.weight
  - Froze policy model parameter: model.vqmodel.encoder.down.2.block.1.conv1.bias
  - Froze policy model parameter: model.vqmodel.encoder.down.2.block.1.norm2.weight
  - Froze policy model parameter: model.vqmodel.encoder.down.2.block.1.norm2.bias
  - Froze policy model parameter: model.vqmodel.encoder.down.2.block.1.conv2.weight
  - Froze policy model parameter: model.vqmodel.encoder.down.2.block.1.conv2.bias
  - Froze policy model parameter: model.vqmodel.encoder.down.2.downsample.conv.weight
  - Froze policy model parameter: model.vqmodel.encoder.down.2.downsample.conv.bias
  - Froze policy model parameter: model.vqmodel.encoder.down.3.block.0.norm1.weight
  - Froze policy model parameter: model.vqmodel.encoder.down.3.block.0.norm1.bias
  - Froze policy model parameter: model.vqmodel.encoder.down.3.block.0.conv1.weight
  - Froze policy model parameter: model.vqmodel.encoder.down.3.block.0.conv1.bias
  - Froze policy model parameter: model.vqmodel.encoder.down.3.block.0.norm2.weight
  - Froze policy model parameter: model.vqmodel.encoder.down.3.block.0.norm2.bias
  - Froze policy model parameter: model.vqmodel.encoder.down.3.block.0.conv2.weight
  - Froze policy model parameter: model.vqmodel.encoder.down.3.block.0.conv2.bias
  - Froze policy model parameter: model.vqmodel.encoder.down.3.block.1.norm1.weight
  - Froze policy model parameter: model.vqmodel.encoder.down.3.block.1.norm1.bias
  - Froze policy model parameter: model.vqmodel.encoder.down.3.block.1.conv1.weight
  - Froze policy model parameter: model.vqmodel.encoder.down.3.block.1.conv1.bias
  - Froze policy model parameter: model.vqmodel.encoder.down.3.block.1.norm2.weight
  - Froze policy model parameter: model.vqmodel.encoder.down.3.block.1.norm2.bias
  - Froze policy model parameter: model.vqmodel.encoder.down.3.block.1.conv2.weight
  - Froze policy model parameter: model.vqmodel.encoder.down.3.block.1.conv2.bias
  - Froze policy model parameter: model.vqmodel.encoder.down.3.downsample.conv.weight
  - Froze policy model parameter: model.vqmodel.encoder.down.3.downsample.conv.bias
  - Froze policy model parameter: model.vqmodel.encoder.down.4.block.0.norm1.weight
  - Froze policy model parameter: model.vqmodel.encoder.down.4.block.0.norm1.bias
  - Froze policy model parameter: model.vqmodel.encoder.down.4.block.0.conv1.weight
  - Froze policy model parameter: model.vqmodel.encoder.down.4.block.0.conv1.bias
  - Froze policy model parameter: model.vqmodel.encoder.down.4.block.0.norm2.weight
  - Froze policy model parameter: model.vqmodel.encoder.down.4.block.0.norm2.bias
  - Froze policy model parameter: model.vqmodel.encoder.down.4.block.0.conv2.weight
  - Froze policy model parameter: model.vqmodel.encoder.down.4.block.0.conv2.bias
  - Froze policy model parameter: model.vqmodel.encoder.down.4.block.0.nin_shortcut.weight
  - Froze policy model parameter: model.vqmodel.encoder.down.4.block.0.nin_shortcut.bias
  - Froze policy model parameter: model.vqmodel.encoder.down.4.block.1.norm1.weight
  - Froze policy model parameter: model.vqmodel.encoder.down.4.block.1.norm1.bias
  - Froze policy model parameter: model.vqmodel.encoder.down.4.block.1.conv1.weight
  - Froze policy model parameter: model.vqmodel.encoder.down.4.block.1.conv1.bias
  - Froze policy model parameter: model.vqmodel.encoder.down.4.block.1.norm2.weight
  - Froze policy model parameter: model.vqmodel.encoder.down.4.block.1.norm2.bias
  - Froze policy model parameter: model.vqmodel.encoder.down.4.block.1.conv2.weight
  - Froze policy model parameter: model.vqmodel.encoder.down.4.block.1.conv2.bias
  - Froze policy model parameter: model.vqmodel.encoder.mid.block_1.norm1.weight
  - Froze policy model parameter: model.vqmodel.encoder.mid.block_1.norm1.bias
  - Froze policy model parameter: model.vqmodel.encoder.mid.block_1.conv1.weight
  - Froze policy model parameter: model.vqmodel.encoder.mid.block_1.conv1.bias
  - Froze policy model parameter: model.vqmodel.encoder.mid.block_1.norm2.weight
  - Froze policy model parameter: model.vqmodel.encoder.mid.block_1.norm2.bias
  - Froze policy model parameter: model.vqmodel.encoder.mid.block_1.conv2.weight
  - Froze policy model parameter: model.vqmodel.encoder.mid.block_1.conv2.bias
  - Froze policy model parameter: model.vqmodel.encoder.mid.attn_1.norm.weight
  - Froze policy model parameter: model.vqmodel.encoder.mid.attn_1.norm.bias
  - Froze policy model parameter: model.vqmodel.encoder.mid.attn_1.q.weight
  - Froze policy model parameter: model.vqmodel.encoder.mid.attn_1.q.bias
  - Froze policy model parameter: model.vqmodel.encoder.mid.attn_1.k.weight
  - Froze policy model parameter: model.vqmodel.encoder.mid.attn_1.k.bias
  - Froze policy model parameter: model.vqmodel.encoder.mid.attn_1.v.weight
  - Froze policy model parameter: model.vqmodel.encoder.mid.attn_1.v.bias
  - Froze policy model parameter: model.vqmodel.encoder.mid.attn_1.proj_out.weight
  - Froze policy model parameter: model.vqmodel.encoder.mid.attn_1.proj_out.bias
  - Froze policy model parameter: model.vqmodel.encoder.mid.block_2.norm1.weight
  - Froze policy model parameter: model.vqmodel.encoder.mid.block_2.norm1.bias
  - Froze policy model parameter: model.vqmodel.encoder.mid.block_2.conv1.weight
  - Froze policy model parameter: model.vqmodel.encoder.mid.block_2.conv1.bias
  - Froze policy model parameter: model.vqmodel.encoder.mid.block_2.norm2.weight
  - Froze policy model parameter: model.vqmodel.encoder.mid.block_2.norm2.bias
  - Froze policy model parameter: model.vqmodel.encoder.mid.block_2.conv2.weight
  - Froze policy model parameter: model.vqmodel.encoder.mid.block_2.conv2.bias
  - Froze policy model parameter: model.vqmodel.encoder.norm_out.weight
  - Froze policy model parameter: model.vqmodel.encoder.norm_out.bias
  - Froze policy model parameter: model.vqmodel.encoder.conv_out.weight
  - Froze policy model parameter: model.vqmodel.encoder.conv_out.bias
  - Froze policy model parameter: model.vqmodel.decoder.conv_in.weight
  - Froze policy model parameter: model.vqmodel.decoder.conv_in.bias
  - Froze policy model parameter: model.vqmodel.decoder.mid.block_1.norm1.weight
  - Froze policy model parameter: model.vqmodel.decoder.mid.block_1.norm1.bias
  - Froze policy model parameter: model.vqmodel.decoder.mid.block_1.conv1.weight
  - Froze policy model parameter: model.vqmodel.decoder.mid.block_1.conv1.bias
  - Froze policy model parameter: model.vqmodel.decoder.mid.block_1.norm2.weight
  - Froze policy model parameter: model.vqmodel.decoder.mid.block_1.norm2.bias
  - Froze policy model parameter: model.vqmodel.decoder.mid.block_1.conv2.weight
  - Froze policy model parameter: model.vqmodel.decoder.mid.block_1.conv2.bias
  - Froze policy model parameter: model.vqmodel.decoder.mid.attn_1.norm.weight
  - Froze policy model parameter: model.vqmodel.decoder.mid.attn_1.norm.bias
  - Froze policy model parameter: model.vqmodel.decoder.mid.attn_1.q.weight
  - Froze policy model parameter: model.vqmodel.decoder.mid.attn_1.q.bias
  - Froze policy model parameter: model.vqmodel.decoder.mid.attn_1.k.weight
  - Froze policy model parameter: model.vqmodel.decoder.mid.attn_1.k.bias
  - Froze policy model parameter: model.vqmodel.decoder.mid.attn_1.v.weight
  - Froze policy model parameter: model.vqmodel.decoder.mid.attn_1.v.bias
  - Froze policy model parameter: model.vqmodel.decoder.mid.attn_1.proj_out.weight
  - Froze policy model parameter: model.vqmodel.decoder.mid.attn_1.proj_out.bias
  - Froze policy model parameter: model.vqmodel.decoder.mid.block_2.norm1.weight
  - Froze policy model parameter: model.vqmodel.decoder.mid.block_2.norm1.bias
  - Froze policy model parameter: model.vqmodel.decoder.mid.block_2.conv1.weight
  - Froze policy model parameter: model.vqmodel.decoder.mid.block_2.conv1.bias
  - Froze policy model parameter: model.vqmodel.decoder.mid.block_2.norm2.weight
  - Froze policy model parameter: model.vqmodel.decoder.mid.block_2.norm2.bias
  - Froze policy model parameter: model.vqmodel.decoder.mid.block_2.conv2.weight
  - Froze policy model parameter: model.vqmodel.decoder.mid.block_2.conv2.bias
  - Froze policy model parameter: model.vqmodel.decoder.up.0.block.0.norm1.weight
  - Froze policy model parameter: model.vqmodel.decoder.up.0.block.0.norm1.bias
  - Froze policy model parameter: model.vqmodel.decoder.up.0.block.0.conv1.weight
  - Froze policy model parameter: model.vqmodel.decoder.up.0.block.0.conv1.bias
  - Froze policy model parameter: model.vqmodel.decoder.up.0.block.0.norm2.weight
  - Froze policy model parameter: model.vqmodel.decoder.up.0.block.0.norm2.bias
  - Froze policy model parameter: model.vqmodel.decoder.up.0.block.0.conv2.weight
  - Froze policy model parameter: model.vqmodel.decoder.up.0.block.0.conv2.bias
  - Froze policy model parameter: model.vqmodel.decoder.up.0.block.1.norm1.weight
  - Froze policy model parameter: model.vqmodel.decoder.up.0.block.1.norm1.bias
  - Froze policy model parameter: model.vqmodel.decoder.up.0.block.1.conv1.weight
  - Froze policy model parameter: model.vqmodel.decoder.up.0.block.1.conv1.bias
  - Froze policy model parameter: model.vqmodel.decoder.up.0.block.1.norm2.weight
  - Froze policy model parameter: model.vqmodel.decoder.up.0.block.1.norm2.bias
  - Froze policy model parameter: model.vqmodel.decoder.up.0.block.1.conv2.weight
  - Froze policy model parameter: model.vqmodel.decoder.up.0.block.1.conv2.bias
  - Froze policy model parameter: model.vqmodel.decoder.up.0.block.2.norm1.weight
  - Froze policy model parameter: model.vqmodel.decoder.up.0.block.2.norm1.bias
  - Froze policy model parameter: model.vqmodel.decoder.up.0.block.2.conv1.weight
  - Froze policy model parameter: model.vqmodel.decoder.up.0.block.2.conv1.bias
  - Froze policy model parameter: model.vqmodel.decoder.up.0.block.2.norm2.weight
  - Froze policy model parameter: model.vqmodel.decoder.up.0.block.2.norm2.bias
  - Froze policy model parameter: model.vqmodel.decoder.up.0.block.2.conv2.weight
  - Froze policy model parameter: model.vqmodel.decoder.up.0.block.2.conv2.bias
  - Froze policy model parameter: model.vqmodel.decoder.up.1.block.0.norm1.weight
  - Froze policy model parameter: model.vqmodel.decoder.up.1.block.0.norm1.bias
  - Froze policy model parameter: model.vqmodel.decoder.up.1.block.0.conv1.weight
  - Froze policy model parameter: model.vqmodel.decoder.up.1.block.0.conv1.bias
  - Froze policy model parameter: model.vqmodel.decoder.up.1.block.0.norm2.weight
  - Froze policy model parameter: model.vqmodel.decoder.up.1.block.0.norm2.bias
  - Froze policy model parameter: model.vqmodel.decoder.up.1.block.0.conv2.weight
  - Froze policy model parameter: model.vqmodel.decoder.up.1.block.0.conv2.bias
  - Froze policy model parameter: model.vqmodel.decoder.up.1.block.0.nin_shortcut.weight
  - Froze policy model parameter: model.vqmodel.decoder.up.1.block.0.nin_shortcut.bias
  - Froze policy model parameter: model.vqmodel.decoder.up.1.block.1.norm1.weight
  - Froze policy model parameter: model.vqmodel.decoder.up.1.block.1.norm1.bias
  - Froze policy model parameter: model.vqmodel.decoder.up.1.block.1.conv1.weight
  - Froze policy model parameter: model.vqmodel.decoder.up.1.block.1.conv1.bias
  - Froze policy model parameter: model.vqmodel.decoder.up.1.block.1.norm2.weight
  - Froze policy model parameter: model.vqmodel.decoder.up.1.block.1.norm2.bias
  - Froze policy model parameter: model.vqmodel.decoder.up.1.block.1.conv2.weight
  - Froze policy model parameter: model.vqmodel.decoder.up.1.block.1.conv2.bias
  - Froze policy model parameter: model.vqmodel.decoder.up.1.block.2.norm1.weight
  - Froze policy model parameter: model.vqmodel.decoder.up.1.block.2.norm1.bias
  - Froze policy model parameter: model.vqmodel.decoder.up.1.block.2.conv1.weight
  - Froze policy model parameter: model.vqmodel.decoder.up.1.block.2.conv1.bias
  - Froze policy model parameter: model.vqmodel.decoder.up.1.block.2.norm2.weight
  - Froze policy model parameter: model.vqmodel.decoder.up.1.block.2.norm2.bias
  - Froze policy model parameter: model.vqmodel.decoder.up.1.block.2.conv2.weight
  - Froze policy model parameter: model.vqmodel.decoder.up.1.block.2.conv2.bias
  - Froze policy model parameter: model.vqmodel.decoder.up.1.upsample.conv.weight
  - Froze policy model parameter: model.vqmodel.decoder.up.1.upsample.conv.bias
  - Froze policy model parameter: model.vqmodel.decoder.up.2.block.0.norm1.weight
  - Froze policy model parameter: model.vqmodel.decoder.up.2.block.0.norm1.bias
  - Froze policy model parameter: model.vqmodel.decoder.up.2.block.0.conv1.weight
  - Froze policy model parameter: model.vqmodel.decoder.up.2.block.0.conv1.bias
  - Froze policy model parameter: model.vqmodel.decoder.up.2.block.0.norm2.weight
  - Froze policy model parameter: model.vqmodel.decoder.up.2.block.0.norm2.bias
  - Froze policy model parameter: model.vqmodel.decoder.up.2.block.0.conv2.weight
  - Froze policy model parameter: model.vqmodel.decoder.up.2.block.0.conv2.bias
  - Froze policy model parameter: model.vqmodel.decoder.up.2.block.1.norm1.weight
  - Froze policy model parameter: model.vqmodel.decoder.up.2.block.1.norm1.bias
  - Froze policy model parameter: model.vqmodel.decoder.up.2.block.1.conv1.weight
  - Froze policy model parameter: model.vqmodel.decoder.up.2.block.1.conv1.bias
  - Froze policy model parameter: model.vqmodel.decoder.up.2.block.1.norm2.weight
  - Froze policy model parameter: model.vqmodel.decoder.up.2.block.1.norm2.bias
  - Froze policy model parameter: model.vqmodel.decoder.up.2.block.1.conv2.weight
  - Froze policy model parameter: model.vqmodel.decoder.up.2.block.1.conv2.bias
  - Froze policy model parameter: model.vqmodel.decoder.up.2.block.2.norm1.weight
  - Froze policy model parameter: model.vqmodel.decoder.up.2.block.2.norm1.bias
  - Froze policy model parameter: model.vqmodel.decoder.up.2.block.2.conv1.weight
  - Froze policy model parameter: model.vqmodel.decoder.up.2.block.2.conv1.bias
  - Froze policy model parameter: model.vqmodel.decoder.up.2.block.2.norm2.weight
  - Froze policy model parameter: model.vqmodel.decoder.up.2.block.2.norm2.bias
  - Froze policy model parameter: model.vqmodel.decoder.up.2.block.2.conv2.weight
  - Froze policy model parameter: model.vqmodel.decoder.up.2.block.2.conv2.bias
  - Froze policy model parameter: model.vqmodel.decoder.up.2.upsample.conv.weight
  - Froze policy model parameter: model.vqmodel.decoder.up.2.upsample.conv.bias
  - Froze policy model parameter: model.vqmodel.decoder.up.3.block.0.norm1.weight
  - Froze policy model parameter: model.vqmodel.decoder.up.3.block.0.norm1.bias
  - Froze policy model parameter: model.vqmodel.decoder.up.3.block.0.conv1.weight
  - Froze policy model parameter: model.vqmodel.decoder.up.3.block.0.conv1.bias
  - Froze policy model parameter: model.vqmodel.decoder.up.3.block.0.norm2.weight
  - Froze policy model parameter: model.vqmodel.decoder.up.3.block.0.norm2.bias
  - Froze policy model parameter: model.vqmodel.decoder.up.3.block.0.conv2.weight
  - Froze policy model parameter: model.vqmodel.decoder.up.3.block.0.conv2.bias
  - Froze policy model parameter: model.vqmodel.decoder.up.3.block.0.nin_shortcut.weight
  - Froze policy model parameter: model.vqmodel.decoder.up.3.block.0.nin_shortcut.bias
  - Froze policy model parameter: model.vqmodel.decoder.up.3.block.1.norm1.weight
  - Froze policy model parameter: model.vqmodel.decoder.up.3.block.1.norm1.bias
  - Froze policy model parameter: model.vqmodel.decoder.up.3.block.1.conv1.weight
  - Froze policy model parameter: model.vqmodel.decoder.up.3.block.1.conv1.bias
  - Froze policy model parameter: model.vqmodel.decoder.up.3.block.1.norm2.weight
  - Froze policy model parameter: model.vqmodel.decoder.up.3.block.1.norm2.bias
  - Froze policy model parameter: model.vqmodel.decoder.up.3.block.1.conv2.weight
  - Froze policy model parameter: model.vqmodel.decoder.up.3.block.1.conv2.bias
  - Froze policy model parameter: model.vqmodel.decoder.up.3.block.2.norm1.weight
  - Froze policy model parameter: model.vqmodel.decoder.up.3.block.2.norm1.bias
  - Froze policy model parameter: model.vqmodel.decoder.up.3.block.2.conv1.weight
  - Froze policy model parameter: model.vqmodel.decoder.up.3.block.2.conv1.bias
  - Froze policy model parameter: model.vqmodel.decoder.up.3.block.2.norm2.weight
  - Froze policy model parameter: model.vqmodel.decoder.up.3.block.2.norm2.bias
  - Froze policy model parameter: model.vqmodel.decoder.up.3.block.2.conv2.weight
  - Froze policy model parameter: model.vqmodel.decoder.up.3.block.2.conv2.bias
  - Froze policy model parameter: model.vqmodel.decoder.up.3.upsample.conv.weight
  - Froze policy model parameter: model.vqmodel.decoder.up.3.upsample.conv.bias
  - Froze policy model parameter: model.vqmodel.decoder.up.4.block.0.norm1.weight
  - Froze policy model parameter: model.vqmodel.decoder.up.4.block.0.norm1.bias
  - Froze policy model parameter: model.vqmodel.decoder.up.4.block.0.conv1.weight
  - Froze policy model parameter: model.vqmodel.decoder.up.4.block.0.conv1.bias
  - Froze policy model parameter: model.vqmodel.decoder.up.4.block.0.norm2.weight
  - Froze policy model parameter: model.vqmodel.decoder.up.4.block.0.norm2.bias
  - Froze policy model parameter: model.vqmodel.decoder.up.4.block.0.conv2.weight
  - Froze policy model parameter: model.vqmodel.decoder.up.4.block.0.conv2.bias
  - Froze policy model parameter: model.vqmodel.decoder.up.4.block.1.norm1.weight
  - Froze policy model parameter: model.vqmodel.decoder.up.4.block.1.norm1.bias
  - Froze policy model parameter: model.vqmodel.decoder.up.4.block.1.conv1.weight
  - Froze policy model parameter: model.vqmodel.decoder.up.4.block.1.conv1.bias
  - Froze policy model parameter: model.vqmodel.decoder.up.4.block.1.norm2.weight
  - Froze policy model parameter: model.vqmodel.decoder.up.4.block.1.norm2.bias
  - Froze policy model parameter: model.vqmodel.decoder.up.4.block.1.conv2.weight
  - Froze policy model parameter: model.vqmodel.decoder.up.4.block.1.conv2.bias
  - Froze policy model parameter: model.vqmodel.decoder.up.4.block.2.norm1.weight
  - Froze policy model parameter: model.vqmodel.decoder.up.4.block.2.norm1.bias
  - Froze policy model parameter: model.vqmodel.decoder.up.4.block.2.conv1.weight
  - Froze policy model parameter: model.vqmodel.decoder.up.4.block.2.conv1.bias
  - Froze policy model parameter: model.vqmodel.decoder.up.4.block.2.norm2.weight
  - Froze policy model parameter: model.vqmodel.decoder.up.4.block.2.norm2.bias
  - Froze policy model parameter: model.vqmodel.decoder.up.4.block.2.conv2.weight
  - Froze policy model parameter: model.vqmodel.decoder.up.4.block.2.conv2.bias
  - Froze policy model parameter: model.vqmodel.decoder.up.4.upsample.conv.weight
  - Froze policy model parameter: model.vqmodel.decoder.up.4.upsample.conv.bias
  - Froze policy model parameter: model.vqmodel.decoder.norm_out.weight
  - Froze policy model parameter: model.vqmodel.decoder.norm_out.bias
  - Froze policy model parameter: model.vqmodel.decoder.conv_out.weight
  - Froze policy model parameter: model.vqmodel.decoder.conv_out.bias
  - Froze policy model parameter: model.vqmodel.quantize.embedding.weight
  - Froze policy model parameter: model.vqmodel.quant_conv.weight
  - Froze policy model parameter: model.vqmodel.quant_conv.bias
  - Froze policy model parameter: model.vqmodel.post_quant_conv.weight
  - Froze policy model parameter: model.vqmodel.post_quant_conv.bias
  - Froze policy model parameter: mlp_head.time_embed.mlp.0.weight
  - Froze policy model parameter: mlp_head.time_embed.mlp.0.bias
  - Froze policy model parameter: mlp_head.time_embed.mlp.2.weight
  - Froze policy model parameter: mlp_head.time_embed.mlp.2.bias
  - Froze policy model parameter: mlp_head.cond_embed.weight
  - Froze policy model parameter: mlp_head.cond_embed.bias
  - Froze policy model parameter: mlp_head.input_proj.weight
  - Froze policy model parameter: mlp_head.input_proj.bias
  - Froze policy model parameter: mlp_head.res_blocks.0.in_ln.weight
  - Froze policy model parameter: mlp_head.res_blocks.0.in_ln.bias
  - Froze policy model parameter: mlp_head.res_blocks.0.mlp.0.weight
  - Froze policy model parameter: mlp_head.res_blocks.0.mlp.0.bias
  - Froze policy model parameter: mlp_head.res_blocks.0.mlp.2.weight
  - Froze policy model parameter: mlp_head.res_blocks.0.mlp.2.bias
  - Froze policy model parameter: mlp_head.res_blocks.0.adaLN_modulation.1.weight
  - Froze policy model parameter: mlp_head.res_blocks.0.adaLN_modulation.1.bias
  - Froze policy model parameter: mlp_head.res_blocks.1.in_ln.weight
  - Froze policy model parameter: mlp_head.res_blocks.1.in_ln.bias
  - Froze policy model parameter: mlp_head.res_blocks.1.mlp.0.weight
  - Froze policy model parameter: mlp_head.res_blocks.1.mlp.0.bias
  - Froze policy model parameter: mlp_head.res_blocks.1.mlp.2.weight
  - Froze policy model parameter: mlp_head.res_blocks.1.mlp.2.bias
  - Froze policy model parameter: mlp_head.res_blocks.1.adaLN_modulation.1.weight
  - Froze policy model parameter: mlp_head.res_blocks.1.adaLN_modulation.1.bias
  - Froze policy model parameter: mlp_head.res_blocks.2.in_ln.weight
  - Froze policy model parameter: mlp_head.res_blocks.2.in_ln.bias
  - Froze policy model parameter: mlp_head.res_blocks.2.mlp.0.weight
  - Froze policy model parameter: mlp_head.res_blocks.2.mlp.0.bias
  - Froze policy model parameter: mlp_head.res_blocks.2.mlp.2.weight
  - Froze policy model parameter: mlp_head.res_blocks.2.mlp.2.bias
  - Froze policy model parameter: mlp_head.res_blocks.2.adaLN_modulation.1.weight
  - Froze policy model parameter: mlp_head.res_blocks.2.adaLN_modulation.1.bias
  - Froze policy model parameter: mlp_head.final_layer.linear.weight
  - Froze policy model parameter: mlp_head.final_layer.linear.bias
  - Froze policy model parameter: mlp_head.final_layer.adaLN_modulation.1.weight
  - Froze policy model parameter: mlp_head.final_layer.adaLN_modulation.1.bias
Model parts frozen.
Loaded 2 reward functions: ['answer_correctness_reward', 'format_reward']
Trainer initialized.
--- [Step 3/3] Starting GRPO training... ---
`torch_dtype` is deprecated! Use `dtype` instead!
Loading checkpoint shards:   0%|          | 0/3 [00:00<?, ?it/s]`torch_dtype` is deprecated! Use `dtype` instead!
Loading checkpoint shards: 100%|██████████| 3/3 [00:00<00:00, 25.87it/s]Loading checkpoint shards: 100%|██████████| 3/3 [00:00<00:00, 25.83it/s]
Freezing non-trainable parts of the model...
  - Froze policy model parameter: model.vqmodel.encoder.conv_in.weight
  - Froze policy model parameter: model.vqmodel.encoder.conv_in.bias
  - Froze policy model parameter: model.vqmodel.encoder.down.0.block.0.norm1.weight
  - Froze policy model parameter: model.vqmodel.encoder.down.0.block.0.norm1.bias
  - Froze policy model parameter: model.vqmodel.encoder.down.0.block.0.conv1.weight
  - Froze policy model parameter: model.vqmodel.encoder.down.0.block.0.conv1.bias
  - Froze policy model parameter: model.vqmodel.encoder.down.0.block.0.norm2.weight
  - Froze policy model parameter: model.vqmodel.encoder.down.0.block.0.norm2.bias
  - Froze policy model parameter: model.vqmodel.encoder.down.0.block.0.conv2.weight
  - Froze policy model parameter: model.vqmodel.encoder.down.0.block.0.conv2.bias
  - Froze policy model parameter: model.vqmodel.encoder.down.0.block.1.norm1.weight
  - Froze policy model parameter: model.vqmodel.encoder.down.0.block.1.norm1.bias
  - Froze policy model parameter: model.vqmodel.encoder.down.0.block.1.conv1.weight
  - Froze policy model parameter: model.vqmodel.encoder.down.0.block.1.conv1.bias
  - Froze policy model parameter: model.vqmodel.encoder.down.0.block.1.norm2.weight
  - Froze policy model parameter: model.vqmodel.encoder.down.0.block.1.norm2.bias
  - Froze policy model parameter: model.vqmodel.encoder.down.0.block.1.conv2.weight
  - Froze policy model parameter: model.vqmodel.encoder.down.0.block.1.conv2.bias
  - Froze policy model parameter: model.vqmodel.encoder.down.0.downsample.conv.weight
  - Froze policy model parameter: model.vqmodel.encoder.down.0.downsample.conv.bias
  - Froze policy model parameter: model.vqmodel.encoder.down.1.block.0.norm1.weight
  - Froze policy model parameter: model.vqmodel.encoder.down.1.block.0.norm1.bias
  - Froze policy model parameter: model.vqmodel.encoder.down.1.block.0.conv1.weight
  - Froze policy model parameter: model.vqmodel.encoder.down.1.block.0.conv1.bias
  - Froze policy model parameter: model.vqmodel.encoder.down.1.block.0.norm2.weight
  - Froze policy model parameter: model.vqmodel.encoder.down.1.block.0.norm2.bias
  - Froze policy model parameter: model.vqmodel.encoder.down.1.block.0.conv2.weight
  - Froze policy model parameter: model.vqmodel.encoder.down.1.block.0.conv2.bias
  - Froze policy model parameter: model.vqmodel.encoder.down.1.block.1.norm1.weight
  - Froze policy model parameter: model.vqmodel.encoder.down.1.block.1.norm1.bias
  - Froze policy model parameter: model.vqmodel.encoder.down.1.block.1.conv1.weight
  - Froze policy model parameter: model.vqmodel.encoder.down.1.block.1.conv1.bias
  - Froze policy model parameter: model.vqmodel.encoder.down.1.block.1.norm2.weight
  - Froze policy model parameter: model.vqmodel.encoder.down.1.block.1.norm2.bias
  - Froze policy model parameter: model.vqmodel.encoder.down.1.block.1.conv2.weight
  - Froze policy model parameter: model.vqmodel.encoder.down.1.block.1.conv2.bias
  - Froze policy model parameter: model.vqmodel.encoder.down.1.downsample.conv.weight
  - Froze policy model parameter: model.vqmodel.encoder.down.1.downsample.conv.bias
  - Froze policy model parameter: model.vqmodel.encoder.down.2.block.0.norm1.weight
  - Froze policy model parameter: model.vqmodel.encoder.down.2.block.0.norm1.bias
  - Froze policy model parameter: model.vqmodel.encoder.down.2.block.0.conv1.weight
  - Froze policy model parameter: model.vqmodel.encoder.down.2.block.0.conv1.bias
  - Froze policy model parameter: model.vqmodel.encoder.down.2.block.0.norm2.weight
  - Froze policy model parameter: model.vqmodel.encoder.down.2.block.0.norm2.bias
  - Froze policy model parameter: model.vqmodel.encoder.down.2.block.0.conv2.weight
  - Froze policy model parameter: model.vqmodel.encoder.down.2.block.0.conv2.bias
  - Froze policy model parameter: model.vqmodel.encoder.down.2.block.0.nin_shortcut.weight
  - Froze policy model parameter: model.vqmodel.encoder.down.2.block.0.nin_shortcut.bias
  - Froze policy model parameter: model.vqmodel.encoder.down.2.block.1.norm1.weight
  - Froze policy model parameter: model.vqmodel.encoder.down.2.block.1.norm1.bias
  - Froze policy model parameter: model.vqmodel.encoder.down.2.block.1.conv1.weight
  - Froze policy model parameter: model.vqmodel.encoder.down.2.block.1.conv1.bias
  - Froze policy model parameter: model.vqmodel.encoder.down.2.block.1.norm2.weight
  - Froze policy model parameter: model.vqmodel.encoder.down.2.block.1.norm2.bias
  - Froze policy model parameter: model.vqmodel.encoder.down.2.block.1.conv2.weight
  - Froze policy model parameter: model.vqmodel.encoder.down.2.block.1.conv2.bias
  - Froze policy model parameter: model.vqmodel.encoder.down.2.downsample.conv.weight
  - Froze policy model parameter: model.vqmodel.encoder.down.2.downsample.conv.bias
  - Froze policy model parameter: model.vqmodel.encoder.down.3.block.0.norm1.weight
  - Froze policy model parameter: model.vqmodel.encoder.down.3.block.0.norm1.bias
  - Froze policy model parameter: model.vqmodel.encoder.down.3.block.0.conv1.weight
  - Froze policy model parameter: model.vqmodel.encoder.down.3.block.0.conv1.bias
  - Froze policy model parameter: model.vqmodel.encoder.down.3.block.0.norm2.weight
  - Froze policy model parameter: model.vqmodel.encoder.down.3.block.0.norm2.bias
  - Froze policy model parameter: model.vqmodel.encoder.down.3.block.0.conv2.weight
  - Froze policy model parameter: model.vqmodel.encoder.down.3.block.0.conv2.bias
  - Froze policy model parameter: model.vqmodel.encoder.down.3.block.1.norm1.weight
  - Froze policy model parameter: model.vqmodel.encoder.down.3.block.1.norm1.bias
  - Froze policy model parameter: model.vqmodel.encoder.down.3.block.1.conv1.weight
  - Froze policy model parameter: model.vqmodel.encoder.down.3.block.1.conv1.bias
  - Froze policy model parameter: model.vqmodel.encoder.down.3.block.1.norm2.weight
  - Froze policy model parameter: model.vqmodel.encoder.down.3.block.1.norm2.bias
  - Froze policy model parameter: model.vqmodel.encoder.down.3.block.1.conv2.weight
  - Froze policy model parameter: model.vqmodel.encoder.down.3.block.1.conv2.bias
  - Froze policy model parameter: model.vqmodel.encoder.down.3.downsample.conv.weight
  - Froze policy model parameter: model.vqmodel.encoder.down.3.downsample.conv.bias
  - Froze policy model parameter: model.vqmodel.encoder.down.4.block.0.norm1.weight
  - Froze policy model parameter: model.vqmodel.encoder.down.4.block.0.norm1.bias
  - Froze policy model parameter: model.vqmodel.encoder.down.4.block.0.conv1.weight
  - Froze policy model parameter: model.vqmodel.encoder.down.4.block.0.conv1.bias
  - Froze policy model parameter: model.vqmodel.encoder.down.4.block.0.norm2.weight
  - Froze policy model parameter: model.vqmodel.encoder.down.4.block.0.norm2.bias
  - Froze policy model parameter: model.vqmodel.encoder.down.4.block.0.conv2.weight
  - Froze policy model parameter: model.vqmodel.encoder.down.4.block.0.conv2.bias
  - Froze policy model parameter: model.vqmodel.encoder.down.4.block.0.nin_shortcut.weight
  - Froze policy model parameter: model.vqmodel.encoder.down.4.block.0.nin_shortcut.bias
  - Froze policy model parameter: model.vqmodel.encoder.down.4.block.1.norm1.weight
  - Froze policy model parameter: model.vqmodel.encoder.down.4.block.1.norm1.bias
  - Froze policy model parameter: model.vqmodel.encoder.down.4.block.1.conv1.weight
  - Froze policy model parameter: model.vqmodel.encoder.down.4.block.1.conv1.bias
  - Froze policy model parameter: model.vqmodel.encoder.down.4.block.1.norm2.weight
  - Froze policy model parameter: model.vqmodel.encoder.down.4.block.1.norm2.bias
  - Froze policy model parameter: model.vqmodel.encoder.down.4.block.1.conv2.weight
  - Froze policy model parameter: model.vqmodel.encoder.down.4.block.1.conv2.bias
  - Froze policy model parameter: model.vqmodel.encoder.mid.block_1.norm1.weight
  - Froze policy model parameter: model.vqmodel.encoder.mid.block_1.norm1.bias
  - Froze policy model parameter: model.vqmodel.encoder.mid.block_1.conv1.weight
  - Froze policy model parameter: model.vqmodel.encoder.mid.block_1.conv1.bias
  - Froze policy model parameter: model.vqmodel.encoder.mid.block_1.norm2.weight
  - Froze policy model parameter: model.vqmodel.encoder.mid.block_1.norm2.bias
  - Froze policy model parameter: model.vqmodel.encoder.mid.block_1.conv2.weight
  - Froze policy model parameter: model.vqmodel.encoder.mid.block_1.conv2.bias
  - Froze policy model parameter: model.vqmodel.encoder.mid.attn_1.norm.weight
  - Froze policy model parameter: model.vqmodel.encoder.mid.attn_1.norm.bias
  - Froze policy model parameter: model.vqmodel.encoder.mid.attn_1.q.weight
  - Froze policy model parameter: model.vqmodel.encoder.mid.attn_1.q.bias
  - Froze policy model parameter: model.vqmodel.encoder.mid.attn_1.k.weight
  - Froze policy model parameter: model.vqmodel.encoder.mid.attn_1.k.bias
  - Froze policy model parameter: model.vqmodel.encoder.mid.attn_1.v.weight
  - Froze policy model parameter: model.vqmodel.encoder.mid.attn_1.v.bias
  - Froze policy model parameter: model.vqmodel.encoder.mid.attn_1.proj_out.weight
  - Froze policy model parameter: model.vqmodel.encoder.mid.attn_1.proj_out.bias
  - Froze policy model parameter: model.vqmodel.encoder.mid.block_2.norm1.weight
  - Froze policy model parameter: model.vqmodel.encoder.mid.block_2.norm1.bias
  - Froze policy model parameter: model.vqmodel.encoder.mid.block_2.conv1.weight
  - Froze policy model parameter: model.vqmodel.encoder.mid.block_2.conv1.bias
  - Froze policy model parameter: model.vqmodel.encoder.mid.block_2.norm2.weight
  - Froze policy model parameter: model.vqmodel.encoder.mid.block_2.norm2.bias
  - Froze policy model parameter: model.vqmodel.encoder.mid.block_2.conv2.weight
  - Froze policy model parameter: model.vqmodel.encoder.mid.block_2.conv2.bias
  - Froze policy model parameter: model.vqmodel.encoder.norm_out.weight
  - Froze policy model parameter: model.vqmodel.encoder.norm_out.bias
  - Froze policy model parameter: model.vqmodel.encoder.conv_out.weight
  - Froze policy model parameter: model.vqmodel.encoder.conv_out.bias
  - Froze policy model parameter: model.vqmodel.decoder.conv_in.weight
  - Froze policy model parameter: model.vqmodel.decoder.conv_in.bias
  - Froze policy model parameter: model.vqmodel.decoder.mid.block_1.norm1.weight
  - Froze policy model parameter: model.vqmodel.decoder.mid.block_1.norm1.bias
  - Froze policy model parameter: model.vqmodel.decoder.mid.block_1.conv1.weight
  - Froze policy model parameter: model.vqmodel.decoder.mid.block_1.conv1.bias
  - Froze policy model parameter: model.vqmodel.decoder.mid.block_1.norm2.weight
  - Froze policy model parameter: model.vqmodel.decoder.mid.block_1.norm2.bias
  - Froze policy model parameter: model.vqmodel.decoder.mid.block_1.conv2.weight
  - Froze policy model parameter: model.vqmodel.decoder.mid.block_1.conv2.bias
  - Froze policy model parameter: model.vqmodel.decoder.mid.attn_1.norm.weight
  - Froze policy model parameter: model.vqmodel.decoder.mid.attn_1.norm.bias
  - Froze policy model parameter: model.vqmodel.decoder.mid.attn_1.q.weight
  - Froze policy model parameter: model.vqmodel.decoder.mid.attn_1.q.bias
  - Froze policy model parameter: model.vqmodel.decoder.mid.attn_1.k.weight
  - Froze policy model parameter: model.vqmodel.decoder.mid.attn_1.k.bias
  - Froze policy model parameter: model.vqmodel.decoder.mid.attn_1.v.weight
  - Froze policy model parameter: model.vqmodel.decoder.mid.attn_1.v.bias
  - Froze policy model parameter: model.vqmodel.decoder.mid.attn_1.proj_out.weight
  - Froze policy model parameter: model.vqmodel.decoder.mid.attn_1.proj_out.bias
  - Froze policy model parameter: model.vqmodel.decoder.mid.block_2.norm1.weight
  - Froze policy model parameter: model.vqmodel.decoder.mid.block_2.norm1.bias
  - Froze policy model parameter: model.vqmodel.decoder.mid.block_2.conv1.weight
  - Froze policy model parameter: model.vqmodel.decoder.mid.block_2.conv1.bias
  - Froze policy model parameter: model.vqmodel.decoder.mid.block_2.norm2.weight
  - Froze policy model parameter: model.vqmodel.decoder.mid.block_2.norm2.bias
  - Froze policy model parameter: model.vqmodel.decoder.mid.block_2.conv2.weight
  - Froze policy model parameter: model.vqmodel.decoder.mid.block_2.conv2.bias
  - Froze policy model parameter: model.vqmodel.decoder.up.0.block.0.norm1.weight
  - Froze policy model parameter: model.vqmodel.decoder.up.0.block.0.norm1.bias
  - Froze policy model parameter: model.vqmodel.decoder.up.0.block.0.conv1.weight
  - Froze policy model parameter: model.vqmodel.decoder.up.0.block.0.conv1.bias
  - Froze policy model parameter: model.vqmodel.decoder.up.0.block.0.norm2.weight
  - Froze policy model parameter: model.vqmodel.decoder.up.0.block.0.norm2.bias
  - Froze policy model parameter: model.vqmodel.decoder.up.0.block.0.conv2.weight
  - Froze policy model parameter: model.vqmodel.decoder.up.0.block.0.conv2.bias
  - Froze policy model parameter: model.vqmodel.decoder.up.0.block.1.norm1.weight
  - Froze policy model parameter: model.vqmodel.decoder.up.0.block.1.norm1.bias
  - Froze policy model parameter: model.vqmodel.decoder.up.0.block.1.conv1.weight
  - Froze policy model parameter: model.vqmodel.decoder.up.0.block.1.conv1.bias
  - Froze policy model parameter: model.vqmodel.decoder.up.0.block.1.norm2.weight
  - Froze policy model parameter: model.vqmodel.decoder.up.0.block.1.norm2.bias
  - Froze policy model parameter: model.vqmodel.decoder.up.0.block.1.conv2.weight
  - Froze policy model parameter: model.vqmodel.decoder.up.0.block.1.conv2.bias
  - Froze policy model parameter: model.vqmodel.decoder.up.0.block.2.norm1.weight
  - Froze policy model parameter: model.vqmodel.decoder.up.0.block.2.norm1.bias
  - Froze policy model parameter: model.vqmodel.decoder.up.0.block.2.conv1.weight
  - Froze policy model parameter: model.vqmodel.decoder.up.0.block.2.conv1.bias
  - Froze policy model parameter: model.vqmodel.decoder.up.0.block.2.norm2.weight
  - Froze policy model parameter: model.vqmodel.decoder.up.0.block.2.norm2.bias
  - Froze policy model parameter: model.vqmodel.decoder.up.0.block.2.conv2.weight
  - Froze policy model parameter: model.vqmodel.decoder.up.0.block.2.conv2.bias
  - Froze policy model parameter: model.vqmodel.decoder.up.1.block.0.norm1.weight
  - Froze policy model parameter: model.vqmodel.decoder.up.1.block.0.norm1.bias
  - Froze policy model parameter: model.vqmodel.decoder.up.1.block.0.conv1.weight
  - Froze policy model parameter: model.vqmodel.decoder.up.1.block.0.conv1.bias
  - Froze policy model parameter: model.vqmodel.decoder.up.1.block.0.norm2.weight
  - Froze policy model parameter: model.vqmodel.decoder.up.1.block.0.norm2.bias
  - Froze policy model parameter: model.vqmodel.decoder.up.1.block.0.conv2.weight
  - Froze policy model parameter: model.vqmodel.decoder.up.1.block.0.conv2.bias
  - Froze policy model parameter: model.vqmodel.decoder.up.1.block.0.nin_shortcut.weight
  - Froze policy model parameter: model.vqmodel.decoder.up.1.block.0.nin_shortcut.bias
  - Froze policy model parameter: model.vqmodel.decoder.up.1.block.1.norm1.weight
  - Froze policy model parameter: model.vqmodel.decoder.up.1.block.1.norm1.bias
  - Froze policy model parameter: model.vqmodel.decoder.up.1.block.1.conv1.weight
  - Froze policy model parameter: model.vqmodel.decoder.up.1.block.1.conv1.bias
  - Froze policy model parameter: model.vqmodel.decoder.up.1.block.1.norm2.weight
  - Froze policy model parameter: model.vqmodel.decoder.up.1.block.1.norm2.bias
  - Froze policy model parameter: model.vqmodel.decoder.up.1.block.1.conv2.weight
  - Froze policy model parameter: model.vqmodel.decoder.up.1.block.1.conv2.bias
  - Froze policy model parameter: model.vqmodel.decoder.up.1.block.2.norm1.weight
  - Froze policy model parameter: model.vqmodel.decoder.up.1.block.2.norm1.bias
  - Froze policy model parameter: model.vqmodel.decoder.up.1.block.2.conv1.weight
  - Froze policy model parameter: model.vqmodel.decoder.up.1.block.2.conv1.bias
  - Froze policy model parameter: model.vqmodel.decoder.up.1.block.2.norm2.weight
  - Froze policy model parameter: model.vqmodel.decoder.up.1.block.2.norm2.bias
  - Froze policy model parameter: model.vqmodel.decoder.up.1.block.2.conv2.weight
  - Froze policy model parameter: model.vqmodel.decoder.up.1.block.2.conv2.bias
  - Froze policy model parameter: model.vqmodel.decoder.up.1.upsample.conv.weight
  - Froze policy model parameter: model.vqmodel.decoder.up.1.upsample.conv.bias
  - Froze policy model parameter: model.vqmodel.decoder.up.2.block.0.norm1.weight
  - Froze policy model parameter: model.vqmodel.decoder.up.2.block.0.norm1.bias
  - Froze policy model parameter: model.vqmodel.decoder.up.2.block.0.conv1.weight
  - Froze policy model parameter: model.vqmodel.decoder.up.2.block.0.conv1.bias
  - Froze policy model parameter: model.vqmodel.decoder.up.2.block.0.norm2.weight
  - Froze policy model parameter: model.vqmodel.decoder.up.2.block.0.norm2.bias
  - Froze policy model parameter: model.vqmodel.decoder.up.2.block.0.conv2.weight
  - Froze policy model parameter: model.vqmodel.decoder.up.2.block.0.conv2.bias
  - Froze policy model parameter: model.vqmodel.decoder.up.2.block.1.norm1.weight
  - Froze policy model parameter: model.vqmodel.decoder.up.2.block.1.norm1.bias
  - Froze policy model parameter: model.vqmodel.decoder.up.2.block.1.conv1.weight
  - Froze policy model parameter: model.vqmodel.decoder.up.2.block.1.conv1.bias
  - Froze policy model parameter: model.vqmodel.decoder.up.2.block.1.norm2.weight
  - Froze policy model parameter: model.vqmodel.decoder.up.2.block.1.norm2.bias
  - Froze policy model parameter: model.vqmodel.decoder.up.2.block.1.conv2.weight
  - Froze policy model parameter: model.vqmodel.decoder.up.2.block.1.conv2.bias
  - Froze policy model parameter: model.vqmodel.decoder.up.2.block.2.norm1.weight
  - Froze policy model parameter: model.vqmodel.decoder.up.2.block.2.norm1.bias
  - Froze policy model parameter: model.vqmodel.decoder.up.2.block.2.conv1.weight
  - Froze policy model parameter: model.vqmodel.decoder.up.2.block.2.conv1.bias
  - Froze policy model parameter: model.vqmodel.decoder.up.2.block.2.norm2.weight
  - Froze policy model parameter: model.vqmodel.decoder.up.2.block.2.norm2.bias
  - Froze policy model parameter: model.vqmodel.decoder.up.2.block.2.conv2.weight
  - Froze policy model parameter: model.vqmodel.decoder.up.2.block.2.conv2.bias
  - Froze policy model parameter: model.vqmodel.decoder.up.2.upsample.conv.weight
  - Froze policy model parameter: model.vqmodel.decoder.up.2.upsample.conv.bias
  - Froze policy model parameter: model.vqmodel.decoder.up.3.block.0.norm1.weight
  - Froze policy model parameter: model.vqmodel.decoder.up.3.block.0.norm1.bias
  - Froze policy model parameter: model.vqmodel.decoder.up.3.block.0.conv1.weight
  - Froze policy model parameter: model.vqmodel.decoder.up.3.block.0.conv1.bias
  - Froze policy model parameter: model.vqmodel.decoder.up.3.block.0.norm2.weight
  - Froze policy model parameter: model.vqmodel.decoder.up.3.block.0.norm2.bias
  - Froze policy model parameter: model.vqmodel.decoder.up.3.block.0.conv2.weight
  - Froze policy model parameter: model.vqmodel.decoder.up.3.block.0.conv2.bias
  - Froze policy model parameter: model.vqmodel.decoder.up.3.block.0.nin_shortcut.weight
  - Froze policy model parameter: model.vqmodel.decoder.up.3.block.0.nin_shortcut.bias
  - Froze policy model parameter: model.vqmodel.decoder.up.3.block.1.norm1.weight
  - Froze policy model parameter: model.vqmodel.decoder.up.3.block.1.norm1.bias
  - Froze policy model parameter: model.vqmodel.decoder.up.3.block.1.conv1.weight
  - Froze policy model parameter: model.vqmodel.decoder.up.3.block.1.conv1.bias
  - Froze policy model parameter: model.vqmodel.decoder.up.3.block.1.norm2.weight
  - Froze policy model parameter: model.vqmodel.decoder.up.3.block.1.norm2.bias
  - Froze policy model parameter: model.vqmodel.decoder.up.3.block.1.conv2.weight
  - Froze policy model parameter: model.vqmodel.decoder.up.3.block.1.conv2.bias
  - Froze policy model parameter: model.vqmodel.decoder.up.3.block.2.norm1.weight
  - Froze policy model parameter: model.vqmodel.decoder.up.3.block.2.norm1.bias
  - Froze policy model parameter: model.vqmodel.decoder.up.3.block.2.conv1.weight
  - Froze policy model parameter: model.vqmodel.decoder.up.3.block.2.conv1.bias
  - Froze policy model parameter: model.vqmodel.decoder.up.3.block.2.norm2.weight
  - Froze policy model parameter: model.vqmodel.decoder.up.3.block.2.norm2.bias
  - Froze policy model parameter: model.vqmodel.decoder.up.3.block.2.conv2.weight
  - Froze policy model parameter: model.vqmodel.decoder.up.3.block.2.conv2.bias
  - Froze policy model parameter: model.vqmodel.decoder.up.3.upsample.conv.weight
  - Froze policy model parameter: model.vqmodel.decoder.up.3.upsample.conv.bias
  - Froze policy model parameter: model.vqmodel.decoder.up.4.block.0.norm1.weight
  - Froze policy model parameter: model.vqmodel.decoder.up.4.block.0.norm1.bias
  - Froze policy model parameter: model.vqmodel.decoder.up.4.block.0.conv1.weight
  - Froze policy model parameter: model.vqmodel.decoder.up.4.block.0.conv1.bias
  - Froze policy model parameter: model.vqmodel.decoder.up.4.block.0.norm2.weight
  - Froze policy model parameter: model.vqmodel.decoder.up.4.block.0.norm2.bias
  - Froze policy model parameter: model.vqmodel.decoder.up.4.block.0.conv2.weight
  - Froze policy model parameter: model.vqmodel.decoder.up.4.block.0.conv2.bias
  - Froze policy model parameter: model.vqmodel.decoder.up.4.block.1.norm1.weight
  - Froze policy model parameter: model.vqmodel.decoder.up.4.block.1.norm1.bias
  - Froze policy model parameter: model.vqmodel.decoder.up.4.block.1.conv1.weight
  - Froze policy model parameter: model.vqmodel.decoder.up.4.block.1.conv1.bias
  - Froze policy model parameter: model.vqmodel.decoder.up.4.block.1.norm2.weight
  - Froze policy model parameter: model.vqmodel.decoder.up.4.block.1.norm2.bias
  - Froze policy model parameter: model.vqmodel.decoder.up.4.block.1.conv2.weight
  - Froze policy model parameter: model.vqmodel.decoder.up.4.block.1.conv2.bias
  - Froze policy model parameter: model.vqmodel.decoder.up.4.block.2.norm1.weight
  - Froze policy model parameter: model.vqmodel.decoder.up.4.block.2.norm1.bias
  - Froze policy model parameter: model.vqmodel.decoder.up.4.block.2.conv1.weight
  - Froze policy model parameter: model.vqmodel.decoder.up.4.block.2.conv1.bias
  - Froze policy model parameter: model.vqmodel.decoder.up.4.block.2.norm2.weight
  - Froze policy model parameter: model.vqmodel.decoder.up.4.block.2.norm2.bias
  - Froze policy model parameter: model.vqmodel.decoder.up.4.block.2.conv2.weight
  - Froze policy model parameter: model.vqmodel.decoder.up.4.block.2.conv2.bias
  - Froze policy model parameter: model.vqmodel.decoder.up.4.upsample.conv.weight
  - Froze policy model parameter: model.vqmodel.decoder.up.4.upsample.conv.bias
  - Froze policy model parameter: model.vqmodel.decoder.norm_out.weight
  - Froze policy model parameter: model.vqmodel.decoder.norm_out.bias
  - Froze policy model parameter: model.vqmodel.decoder.conv_out.weight
  - Froze policy model parameter: model.vqmodel.decoder.conv_out.bias
  - Froze policy model parameter: model.vqmodel.quantize.embedding.weight
  - Froze policy model parameter: model.vqmodel.quant_conv.weight
  - Froze policy model parameter: model.vqmodel.quant_conv.bias
  - Froze policy model parameter: model.vqmodel.post_quant_conv.weight
  - Froze policy model parameter: model.vqmodel.post_quant_conv.bias
  - Froze policy model parameter: mlp_head.time_embed.mlp.0.weight
  - Froze policy model parameter: mlp_head.time_embed.mlp.0.bias
  - Froze policy model parameter: mlp_head.time_embed.mlp.2.weight
  - Froze policy model parameter: mlp_head.time_embed.mlp.2.bias
  - Froze policy model parameter: mlp_head.cond_embed.weight
  - Froze policy model parameter: mlp_head.cond_embed.bias
  - Froze policy model parameter: mlp_head.input_proj.weight
  - Froze policy model parameter: mlp_head.input_proj.bias
  - Froze policy model parameter: mlp_head.res_blocks.0.in_ln.weight
  - Froze policy model parameter: mlp_head.res_blocks.0.in_ln.bias
  - Froze policy model parameter: mlp_head.res_blocks.0.mlp.0.weight
  - Froze policy model parameter: mlp_head.res_blocks.0.mlp.0.bias
  - Froze policy model parameter: mlp_head.res_blocks.0.mlp.2.weight
  - Froze policy model parameter: mlp_head.res_blocks.0.mlp.2.bias
  - Froze policy model parameter: mlp_head.res_blocks.0.adaLN_modulation.1.weight
  - Froze policy model parameter: mlp_head.res_blocks.0.adaLN_modulation.1.bias
  - Froze policy model parameter: mlp_head.res_blocks.1.in_ln.weight
  - Froze policy model parameter: mlp_head.res_blocks.1.in_ln.bias
  - Froze policy model parameter: mlp_head.res_blocks.1.mlp.0.weight
  - Froze policy model parameter: mlp_head.res_blocks.1.mlp.0.bias
  - Froze policy model parameter: mlp_head.res_blocks.1.mlp.2.weight
  - Froze policy model parameter: mlp_head.res_blocks.1.mlp.2.bias
  - Froze policy model parameter: mlp_head.res_blocks.1.adaLN_modulation.1.weight
  - Froze policy model parameter: mlp_head.res_blocks.1.adaLN_modulation.1.bias
  - Froze policy model parameter: mlp_head.res_blocks.2.in_ln.weight
  - Froze policy model parameter: mlp_head.res_blocks.2.in_ln.bias
  - Froze policy model parameter: mlp_head.res_blocks.2.mlp.0.weight
  - Froze policy model parameter: mlp_head.res_blocks.2.mlp.0.bias
  - Froze policy model parameter: mlp_head.res_blocks.2.mlp.2.weight
  - Froze policy model parameter: mlp_head.res_blocks.2.mlp.2.bias
  - Froze policy model parameter: mlp_head.res_blocks.2.adaLN_modulation.1.weight
  - Froze policy model parameter: mlp_head.res_blocks.2.adaLN_modulation.1.bias
  - Froze policy model parameter: mlp_head.final_layer.linear.weight
  - Froze policy model parameter: mlp_head.final_layer.linear.bias
  - Froze policy model parameter: mlp_head.final_layer.adaLN_modulation.1.weight
  - Froze policy model parameter: mlp_head.final_layer.adaLN_modulation.1.bias
Model parts frozen.
Loaded 2 reward functions: ['answer_correctness_reward', 'format_reward']
Trainer initialized.
--- [Step 3/3] Starting GRPO training... ---
`torch_dtype` is deprecated! Use `dtype` instead!
Loading checkpoint shards:   0%|          | 0/3 [00:00<?, ?it/s]Loading checkpoint shards: 100%|██████████| 3/3 [00:00<00:00, 25.61it/s]Loading checkpoint shards: 100%|██████████| 3/3 [00:00<00:00, 25.57it/s]
Freezing non-trainable parts of the model...
  - Froze policy model parameter: model.vqmodel.encoder.conv_in.weight
  - Froze policy model parameter: model.vqmodel.encoder.conv_in.bias
  - Froze policy model parameter: model.vqmodel.encoder.down.0.block.0.norm1.weight
  - Froze policy model parameter: model.vqmodel.encoder.down.0.block.0.norm1.bias
  - Froze policy model parameter: model.vqmodel.encoder.down.0.block.0.conv1.weight
  - Froze policy model parameter: model.vqmodel.encoder.down.0.block.0.conv1.bias
  - Froze policy model parameter: model.vqmodel.encoder.down.0.block.0.norm2.weight
  - Froze policy model parameter: model.vqmodel.encoder.down.0.block.0.norm2.bias
  - Froze policy model parameter: model.vqmodel.encoder.down.0.block.0.conv2.weight
  - Froze policy model parameter: model.vqmodel.encoder.down.0.block.0.conv2.bias
  - Froze policy model parameter: model.vqmodel.encoder.down.0.block.1.norm1.weight
  - Froze policy model parameter: model.vqmodel.encoder.down.0.block.1.norm1.bias
  - Froze policy model parameter: model.vqmodel.encoder.down.0.block.1.conv1.weight
  - Froze policy model parameter: model.vqmodel.encoder.down.0.block.1.conv1.bias
  - Froze policy model parameter: model.vqmodel.encoder.down.0.block.1.norm2.weight
  - Froze policy model parameter: model.vqmodel.encoder.down.0.block.1.norm2.bias
  - Froze policy model parameter: model.vqmodel.encoder.down.0.block.1.conv2.weight
  - Froze policy model parameter: model.vqmodel.encoder.down.0.block.1.conv2.bias
  - Froze policy model parameter: model.vqmodel.encoder.down.0.downsample.conv.weight
  - Froze policy model parameter: model.vqmodel.encoder.down.0.downsample.conv.bias
  - Froze policy model parameter: model.vqmodel.encoder.down.1.block.0.norm1.weight
  - Froze policy model parameter: model.vqmodel.encoder.down.1.block.0.norm1.bias
  - Froze policy model parameter: model.vqmodel.encoder.down.1.block.0.conv1.weight
  - Froze policy model parameter: model.vqmodel.encoder.down.1.block.0.conv1.bias
  - Froze policy model parameter: model.vqmodel.encoder.down.1.block.0.norm2.weight
  - Froze policy model parameter: model.vqmodel.encoder.down.1.block.0.norm2.bias
  - Froze policy model parameter: model.vqmodel.encoder.down.1.block.0.conv2.weight
  - Froze policy model parameter: model.vqmodel.encoder.down.1.block.0.conv2.bias
  - Froze policy model parameter: model.vqmodel.encoder.down.1.block.1.norm1.weight
  - Froze policy model parameter: model.vqmodel.encoder.down.1.block.1.norm1.bias
  - Froze policy model parameter: model.vqmodel.encoder.down.1.block.1.conv1.weight
  - Froze policy model parameter: model.vqmodel.encoder.down.1.block.1.conv1.bias
  - Froze policy model parameter: model.vqmodel.encoder.down.1.block.1.norm2.weight
  - Froze policy model parameter: model.vqmodel.encoder.down.1.block.1.norm2.bias
  - Froze policy model parameter: model.vqmodel.encoder.down.1.block.1.conv2.weight
  - Froze policy model parameter: model.vqmodel.encoder.down.1.block.1.conv2.bias
  - Froze policy model parameter: model.vqmodel.encoder.down.1.downsample.conv.weight
  - Froze policy model parameter: model.vqmodel.encoder.down.1.downsample.conv.bias
  - Froze policy model parameter: model.vqmodel.encoder.down.2.block.0.norm1.weight
  - Froze policy model parameter: model.vqmodel.encoder.down.2.block.0.norm1.bias
  - Froze policy model parameter: model.vqmodel.encoder.down.2.block.0.conv1.weight
  - Froze policy model parameter: model.vqmodel.encoder.down.2.block.0.conv1.bias
  - Froze policy model parameter: model.vqmodel.encoder.down.2.block.0.norm2.weight
  - Froze policy model parameter: model.vqmodel.encoder.down.2.block.0.norm2.bias
  - Froze policy model parameter: model.vqmodel.encoder.down.2.block.0.conv2.weight
  - Froze policy model parameter: model.vqmodel.encoder.down.2.block.0.conv2.bias
  - Froze policy model parameter: model.vqmodel.encoder.down.2.block.0.nin_shortcut.weight
  - Froze policy model parameter: model.vqmodel.encoder.down.2.block.0.nin_shortcut.bias
  - Froze policy model parameter: model.vqmodel.encoder.down.2.block.1.norm1.weight
  - Froze policy model parameter: model.vqmodel.encoder.down.2.block.1.norm1.bias
  - Froze policy model parameter: model.vqmodel.encoder.down.2.block.1.conv1.weight
  - Froze policy model parameter: model.vqmodel.encoder.down.2.block.1.conv1.bias
  - Froze policy model parameter: model.vqmodel.encoder.down.2.block.1.norm2.weight
  - Froze policy model parameter: model.vqmodel.encoder.down.2.block.1.norm2.bias
  - Froze policy model parameter: model.vqmodel.encoder.down.2.block.1.conv2.weight
  - Froze policy model parameter: model.vqmodel.encoder.down.2.block.1.conv2.bias
  - Froze policy model parameter: model.vqmodel.encoder.down.2.downsample.conv.weight
  - Froze policy model parameter: model.vqmodel.encoder.down.2.downsample.conv.bias
  - Froze policy model parameter: model.vqmodel.encoder.down.3.block.0.norm1.weight
  - Froze policy model parameter: model.vqmodel.encoder.down.3.block.0.norm1.bias
  - Froze policy model parameter: model.vqmodel.encoder.down.3.block.0.conv1.weight
  - Froze policy model parameter: model.vqmodel.encoder.down.3.block.0.conv1.bias
  - Froze policy model parameter: model.vqmodel.encoder.down.3.block.0.norm2.weight
  - Froze policy model parameter: model.vqmodel.encoder.down.3.block.0.norm2.bias
  - Froze policy model parameter: model.vqmodel.encoder.down.3.block.0.conv2.weight
  - Froze policy model parameter: model.vqmodel.encoder.down.3.block.0.conv2.bias
  - Froze policy model parameter: model.vqmodel.encoder.down.3.block.1.norm1.weight
  - Froze policy model parameter: model.vqmodel.encoder.down.3.block.1.norm1.bias
  - Froze policy model parameter: model.vqmodel.encoder.down.3.block.1.conv1.weight
  - Froze policy model parameter: model.vqmodel.encoder.down.3.block.1.conv1.bias
  - Froze policy model parameter: model.vqmodel.encoder.down.3.block.1.norm2.weight
  - Froze policy model parameter: model.vqmodel.encoder.down.3.block.1.norm2.bias
  - Froze policy model parameter: model.vqmodel.encoder.down.3.block.1.conv2.weight
  - Froze policy model parameter: model.vqmodel.encoder.down.3.block.1.conv2.bias
  - Froze policy model parameter: model.vqmodel.encoder.down.3.downsample.conv.weight
  - Froze policy model parameter: model.vqmodel.encoder.down.3.downsample.conv.bias
  - Froze policy model parameter: model.vqmodel.encoder.down.4.block.0.norm1.weight
  - Froze policy model parameter: model.vqmodel.encoder.down.4.block.0.norm1.bias
  - Froze policy model parameter: model.vqmodel.encoder.down.4.block.0.conv1.weight
  - Froze policy model parameter: model.vqmodel.encoder.down.4.block.0.conv1.bias
  - Froze policy model parameter: model.vqmodel.encoder.down.4.block.0.norm2.weight
  - Froze policy model parameter: model.vqmodel.encoder.down.4.block.0.norm2.bias
  - Froze policy model parameter: model.vqmodel.encoder.down.4.block.0.conv2.weight
  - Froze policy model parameter: model.vqmodel.encoder.down.4.block.0.conv2.bias
  - Froze policy model parameter: model.vqmodel.encoder.down.4.block.0.nin_shortcut.weight
  - Froze policy model parameter: model.vqmodel.encoder.down.4.block.0.nin_shortcut.bias
  - Froze policy model parameter: model.vqmodel.encoder.down.4.block.1.norm1.weight
  - Froze policy model parameter: model.vqmodel.encoder.down.4.block.1.norm1.bias
  - Froze policy model parameter: model.vqmodel.encoder.down.4.block.1.conv1.weight
  - Froze policy model parameter: model.vqmodel.encoder.down.4.block.1.conv1.bias
  - Froze policy model parameter: model.vqmodel.encoder.down.4.block.1.norm2.weight
  - Froze policy model parameter: model.vqmodel.encoder.down.4.block.1.norm2.bias
  - Froze policy model parameter: model.vqmodel.encoder.down.4.block.1.conv2.weight
  - Froze policy model parameter: model.vqmodel.encoder.down.4.block.1.conv2.bias
  - Froze policy model parameter: model.vqmodel.encoder.mid.block_1.norm1.weight
  - Froze policy model parameter: model.vqmodel.encoder.mid.block_1.norm1.bias
  - Froze policy model parameter: model.vqmodel.encoder.mid.block_1.conv1.weight
  - Froze policy model parameter: model.vqmodel.encoder.mid.block_1.conv1.bias
  - Froze policy model parameter: model.vqmodel.encoder.mid.block_1.norm2.weight
  - Froze policy model parameter: model.vqmodel.encoder.mid.block_1.norm2.bias
  - Froze policy model parameter: model.vqmodel.encoder.mid.block_1.conv2.weight
  - Froze policy model parameter: model.vqmodel.encoder.mid.block_1.conv2.bias
  - Froze policy model parameter: model.vqmodel.encoder.mid.attn_1.norm.weight
  - Froze policy model parameter: model.vqmodel.encoder.mid.attn_1.norm.bias
  - Froze policy model parameter: model.vqmodel.encoder.mid.attn_1.q.weight
  - Froze policy model parameter: model.vqmodel.encoder.mid.attn_1.q.bias
  - Froze policy model parameter: model.vqmodel.encoder.mid.attn_1.k.weight
  - Froze policy model parameter: model.vqmodel.encoder.mid.attn_1.k.bias
  - Froze policy model parameter: model.vqmodel.encoder.mid.attn_1.v.weight
  - Froze policy model parameter: model.vqmodel.encoder.mid.attn_1.v.bias
  - Froze policy model parameter: model.vqmodel.encoder.mid.attn_1.proj_out.weight
  - Froze policy model parameter: model.vqmodel.encoder.mid.attn_1.proj_out.bias
  - Froze policy model parameter: model.vqmodel.encoder.mid.block_2.norm1.weight
  - Froze policy model parameter: model.vqmodel.encoder.mid.block_2.norm1.bias
  - Froze policy model parameter: model.vqmodel.encoder.mid.block_2.conv1.weight
  - Froze policy model parameter: model.vqmodel.encoder.mid.block_2.conv1.bias
  - Froze policy model parameter: model.vqmodel.encoder.mid.block_2.norm2.weight
  - Froze policy model parameter: model.vqmodel.encoder.mid.block_2.norm2.bias
  - Froze policy model parameter: model.vqmodel.encoder.mid.block_2.conv2.weight
  - Froze policy model parameter: model.vqmodel.encoder.mid.block_2.conv2.bias
  - Froze policy model parameter: model.vqmodel.encoder.norm_out.weight
  - Froze policy model parameter: model.vqmodel.encoder.norm_out.bias
  - Froze policy model parameter: model.vqmodel.encoder.conv_out.weight
  - Froze policy model parameter: model.vqmodel.encoder.conv_out.bias
  - Froze policy model parameter: model.vqmodel.decoder.conv_in.weight
  - Froze policy model parameter: model.vqmodel.decoder.conv_in.bias
  - Froze policy model parameter: model.vqmodel.decoder.mid.block_1.norm1.weight
  - Froze policy model parameter: model.vqmodel.decoder.mid.block_1.norm1.bias
  - Froze policy model parameter: model.vqmodel.decoder.mid.block_1.conv1.weight
  - Froze policy model parameter: model.vqmodel.decoder.mid.block_1.conv1.bias
  - Froze policy model parameter: model.vqmodel.decoder.mid.block_1.norm2.weight
  - Froze policy model parameter: model.vqmodel.decoder.mid.block_1.norm2.bias
  - Froze policy model parameter: model.vqmodel.decoder.mid.block_1.conv2.weight
  - Froze policy model parameter: model.vqmodel.decoder.mid.block_1.conv2.bias
  - Froze policy model parameter: model.vqmodel.decoder.mid.attn_1.norm.weight
  - Froze policy model parameter: model.vqmodel.decoder.mid.attn_1.norm.bias
  - Froze policy model parameter: model.vqmodel.decoder.mid.attn_1.q.weight
  - Froze policy model parameter: model.vqmodel.decoder.mid.attn_1.q.bias
  - Froze policy model parameter: model.vqmodel.decoder.mid.attn_1.k.weight
  - Froze policy model parameter: model.vqmodel.decoder.mid.attn_1.k.bias
  - Froze policy model parameter: model.vqmodel.decoder.mid.attn_1.v.weight
  - Froze policy model parameter: model.vqmodel.decoder.mid.attn_1.v.bias
  - Froze policy model parameter: model.vqmodel.decoder.mid.attn_1.proj_out.weight
  - Froze policy model parameter: model.vqmodel.decoder.mid.attn_1.proj_out.bias
  - Froze policy model parameter: model.vqmodel.decoder.mid.block_2.norm1.weight
  - Froze policy model parameter: model.vqmodel.decoder.mid.block_2.norm1.bias
  - Froze policy model parameter: model.vqmodel.decoder.mid.block_2.conv1.weight
  - Froze policy model parameter: model.vqmodel.decoder.mid.block_2.conv1.bias
  - Froze policy model parameter: model.vqmodel.decoder.mid.block_2.norm2.weight
  - Froze policy model parameter: model.vqmodel.decoder.mid.block_2.norm2.bias
  - Froze policy model parameter: model.vqmodel.decoder.mid.block_2.conv2.weight
  - Froze policy model parameter: model.vqmodel.decoder.mid.block_2.conv2.bias
  - Froze policy model parameter: model.vqmodel.decoder.up.0.block.0.norm1.weight
  - Froze policy model parameter: model.vqmodel.decoder.up.0.block.0.norm1.bias
  - Froze policy model parameter: model.vqmodel.decoder.up.0.block.0.conv1.weight
  - Froze policy model parameter: model.vqmodel.decoder.up.0.block.0.conv1.bias
  - Froze policy model parameter: model.vqmodel.decoder.up.0.block.0.norm2.weight
  - Froze policy model parameter: model.vqmodel.decoder.up.0.block.0.norm2.bias
  - Froze policy model parameter: model.vqmodel.decoder.up.0.block.0.conv2.weight
  - Froze policy model parameter: model.vqmodel.decoder.up.0.block.0.conv2.bias
  - Froze policy model parameter: model.vqmodel.decoder.up.0.block.1.norm1.weight
  - Froze policy model parameter: model.vqmodel.decoder.up.0.block.1.norm1.bias
  - Froze policy model parameter: model.vqmodel.decoder.up.0.block.1.conv1.weight
  - Froze policy model parameter: model.vqmodel.decoder.up.0.block.1.conv1.bias
  - Froze policy model parameter: model.vqmodel.decoder.up.0.block.1.norm2.weight
  - Froze policy model parameter: model.vqmodel.decoder.up.0.block.1.norm2.bias
  - Froze policy model parameter: model.vqmodel.decoder.up.0.block.1.conv2.weight
  - Froze policy model parameter: model.vqmodel.decoder.up.0.block.1.conv2.bias
  - Froze policy model parameter: model.vqmodel.decoder.up.0.block.2.norm1.weight
  - Froze policy model parameter: model.vqmodel.decoder.up.0.block.2.norm1.bias
  - Froze policy model parameter: model.vqmodel.decoder.up.0.block.2.conv1.weight
  - Froze policy model parameter: model.vqmodel.decoder.up.0.block.2.conv1.bias
  - Froze policy model parameter: model.vqmodel.decoder.up.0.block.2.norm2.weight
  - Froze policy model parameter: model.vqmodel.decoder.up.0.block.2.norm2.bias
  - Froze policy model parameter: model.vqmodel.decoder.up.0.block.2.conv2.weight
  - Froze policy model parameter: model.vqmodel.decoder.up.0.block.2.conv2.bias
  - Froze policy model parameter: model.vqmodel.decoder.up.1.block.0.norm1.weight
  - Froze policy model parameter: model.vqmodel.decoder.up.1.block.0.norm1.bias
  - Froze policy model parameter: model.vqmodel.decoder.up.1.block.0.conv1.weight
  - Froze policy model parameter: model.vqmodel.decoder.up.1.block.0.conv1.bias
  - Froze policy model parameter: model.vqmodel.decoder.up.1.block.0.norm2.weight
  - Froze policy model parameter: model.vqmodel.decoder.up.1.block.0.norm2.bias
  - Froze policy model parameter: model.vqmodel.decoder.up.1.block.0.conv2.weight
  - Froze policy model parameter: model.vqmodel.decoder.up.1.block.0.conv2.bias
  - Froze policy model parameter: model.vqmodel.decoder.up.1.block.0.nin_shortcut.weight
  - Froze policy model parameter: model.vqmodel.decoder.up.1.block.0.nin_shortcut.bias
  - Froze policy model parameter: model.vqmodel.decoder.up.1.block.1.norm1.weight
  - Froze policy model parameter: model.vqmodel.decoder.up.1.block.1.norm1.bias
  - Froze policy model parameter: model.vqmodel.decoder.up.1.block.1.conv1.weight
  - Froze policy model parameter: model.vqmodel.decoder.up.1.block.1.conv1.bias
  - Froze policy model parameter: model.vqmodel.decoder.up.1.block.1.norm2.weight
  - Froze policy model parameter: model.vqmodel.decoder.up.1.block.1.norm2.bias
  - Froze policy model parameter: model.vqmodel.decoder.up.1.block.1.conv2.weight
  - Froze policy model parameter: model.vqmodel.decoder.up.1.block.1.conv2.bias
  - Froze policy model parameter: model.vqmodel.decoder.up.1.block.2.norm1.weight
  - Froze policy model parameter: model.vqmodel.decoder.up.1.block.2.norm1.bias
  - Froze policy model parameter: model.vqmodel.decoder.up.1.block.2.conv1.weight
  - Froze policy model parameter: model.vqmodel.decoder.up.1.block.2.conv1.bias
  - Froze policy model parameter: model.vqmodel.decoder.up.1.block.2.norm2.weight
  - Froze policy model parameter: model.vqmodel.decoder.up.1.block.2.norm2.bias
  - Froze policy model parameter: model.vqmodel.decoder.up.1.block.2.conv2.weight
  - Froze policy model parameter: model.vqmodel.decoder.up.1.block.2.conv2.bias
  - Froze policy model parameter: model.vqmodel.decoder.up.1.upsample.conv.weight
  - Froze policy model parameter: model.vqmodel.decoder.up.1.upsample.conv.bias
  - Froze policy model parameter: model.vqmodel.decoder.up.2.block.0.norm1.weight
  - Froze policy model parameter: model.vqmodel.decoder.up.2.block.0.norm1.bias
  - Froze policy model parameter: model.vqmodel.decoder.up.2.block.0.conv1.weight
  - Froze policy model parameter: model.vqmodel.decoder.up.2.block.0.conv1.bias
  - Froze policy model parameter: model.vqmodel.decoder.up.2.block.0.norm2.weight
  - Froze policy model parameter: model.vqmodel.decoder.up.2.block.0.norm2.bias
  - Froze policy model parameter: model.vqmodel.decoder.up.2.block.0.conv2.weight
  - Froze policy model parameter: model.vqmodel.decoder.up.2.block.0.conv2.bias
  - Froze policy model parameter: model.vqmodel.decoder.up.2.block.1.norm1.weight
  - Froze policy model parameter: model.vqmodel.decoder.up.2.block.1.norm1.bias
  - Froze policy model parameter: model.vqmodel.decoder.up.2.block.1.conv1.weight
  - Froze policy model parameter: model.vqmodel.decoder.up.2.block.1.conv1.bias
  - Froze policy model parameter: model.vqmodel.decoder.up.2.block.1.norm2.weight
  - Froze policy model parameter: model.vqmodel.decoder.up.2.block.1.norm2.bias
  - Froze policy model parameter: model.vqmodel.decoder.up.2.block.1.conv2.weight
  - Froze policy model parameter: model.vqmodel.decoder.up.2.block.1.conv2.bias
  - Froze policy model parameter: model.vqmodel.decoder.up.2.block.2.norm1.weight
  - Froze policy model parameter: model.vqmodel.decoder.up.2.block.2.norm1.bias
  - Froze policy model parameter: model.vqmodel.decoder.up.2.block.2.conv1.weight
  - Froze policy model parameter: model.vqmodel.decoder.up.2.block.2.conv1.bias
  - Froze policy model parameter: model.vqmodel.decoder.up.2.block.2.norm2.weight
  - Froze policy model parameter: model.vqmodel.decoder.up.2.block.2.norm2.bias
  - Froze policy model parameter: model.vqmodel.decoder.up.2.block.2.conv2.weight
  - Froze policy model parameter: model.vqmodel.decoder.up.2.block.2.conv2.bias
  - Froze policy model parameter: model.vqmodel.decoder.up.2.upsample.conv.weight
  - Froze policy model parameter: model.vqmodel.decoder.up.2.upsample.conv.bias
  - Froze policy model parameter: model.vqmodel.decoder.up.3.block.0.norm1.weight
  - Froze policy model parameter: model.vqmodel.decoder.up.3.block.0.norm1.bias
  - Froze policy model parameter: model.vqmodel.decoder.up.3.block.0.conv1.weight
  - Froze policy model parameter: model.vqmodel.decoder.up.3.block.0.conv1.bias
  - Froze policy model parameter: model.vqmodel.decoder.up.3.block.0.norm2.weight
  - Froze policy model parameter: model.vqmodel.decoder.up.3.block.0.norm2.bias
  - Froze policy model parameter: model.vqmodel.decoder.up.3.block.0.conv2.weight
  - Froze policy model parameter: model.vqmodel.decoder.up.3.block.0.conv2.bias
  - Froze policy model parameter: model.vqmodel.decoder.up.3.block.0.nin_shortcut.weight
  - Froze policy model parameter: model.vqmodel.decoder.up.3.block.0.nin_shortcut.bias
  - Froze policy model parameter: model.vqmodel.decoder.up.3.block.1.norm1.weight
  - Froze policy model parameter: model.vqmodel.decoder.up.3.block.1.norm1.bias
  - Froze policy model parameter: model.vqmodel.decoder.up.3.block.1.conv1.weight
  - Froze policy model parameter: model.vqmodel.decoder.up.3.block.1.conv1.bias
  - Froze policy model parameter: model.vqmodel.decoder.up.3.block.1.norm2.weight
  - Froze policy model parameter: model.vqmodel.decoder.up.3.block.1.norm2.bias
  - Froze policy model parameter: model.vqmodel.decoder.up.3.block.1.conv2.weight
  - Froze policy model parameter: model.vqmodel.decoder.up.3.block.1.conv2.bias
  - Froze policy model parameter: model.vqmodel.decoder.up.3.block.2.norm1.weight
  - Froze policy model parameter: model.vqmodel.decoder.up.3.block.2.norm1.bias
  - Froze policy model parameter: model.vqmodel.decoder.up.3.block.2.conv1.weight
  - Froze policy model parameter: model.vqmodel.decoder.up.3.block.2.conv1.bias
  - Froze policy model parameter: model.vqmodel.decoder.up.3.block.2.norm2.weight
  - Froze policy model parameter: model.vqmodel.decoder.up.3.block.2.norm2.bias
  - Froze policy model parameter: model.vqmodel.decoder.up.3.block.2.conv2.weight
  - Froze policy model parameter: model.vqmodel.decoder.up.3.block.2.conv2.bias
  - Froze policy model parameter: model.vqmodel.decoder.up.3.upsample.conv.weight
  - Froze policy model parameter: model.vqmodel.decoder.up.3.upsample.conv.bias
  - Froze policy model parameter: model.vqmodel.decoder.up.4.block.0.norm1.weight
  - Froze policy model parameter: model.vqmodel.decoder.up.4.block.0.norm1.bias
  - Froze policy model parameter: model.vqmodel.decoder.up.4.block.0.conv1.weight
  - Froze policy model parameter: model.vqmodel.decoder.up.4.block.0.conv1.bias
  - Froze policy model parameter: model.vqmodel.decoder.up.4.block.0.norm2.weight
  - Froze policy model parameter: model.vqmodel.decoder.up.4.block.0.norm2.bias
  - Froze policy model parameter: model.vqmodel.decoder.up.4.block.0.conv2.weight
  - Froze policy model parameter: model.vqmodel.decoder.up.4.block.0.conv2.bias
  - Froze policy model parameter: model.vqmodel.decoder.up.4.block.1.norm1.weight
  - Froze policy model parameter: model.vqmodel.decoder.up.4.block.1.norm1.bias
  - Froze policy model parameter: model.vqmodel.decoder.up.4.block.1.conv1.weight
  - Froze policy model parameter: model.vqmodel.decoder.up.4.block.1.conv1.bias
  - Froze policy model parameter: model.vqmodel.decoder.up.4.block.1.norm2.weight
  - Froze policy model parameter: model.vqmodel.decoder.up.4.block.1.norm2.bias
  - Froze policy model parameter: model.vqmodel.decoder.up.4.block.1.conv2.weight
  - Froze policy model parameter: model.vqmodel.decoder.up.4.block.1.conv2.bias
  - Froze policy model parameter: model.vqmodel.decoder.up.4.block.2.norm1.weight
  - Froze policy model parameter: model.vqmodel.decoder.up.4.block.2.norm1.bias
  - Froze policy model parameter: model.vqmodel.decoder.up.4.block.2.conv1.weight
  - Froze policy model parameter: model.vqmodel.decoder.up.4.block.2.conv1.bias
  - Froze policy model parameter: model.vqmodel.decoder.up.4.block.2.norm2.weight
  - Froze policy model parameter: model.vqmodel.decoder.up.4.block.2.norm2.bias
  - Froze policy model parameter: model.vqmodel.decoder.up.4.block.2.conv2.weight
  - Froze policy model parameter: model.vqmodel.decoder.up.4.block.2.conv2.bias
  - Froze policy model parameter: model.vqmodel.decoder.up.4.upsample.conv.weight
  - Froze policy model parameter: model.vqmodel.decoder.up.4.upsample.conv.bias
  - Froze policy model parameter: model.vqmodel.decoder.norm_out.weight
  - Froze policy model parameter: model.vqmodel.decoder.norm_out.bias
  - Froze policy model parameter: model.vqmodel.decoder.conv_out.weight
  - Froze policy model parameter: model.vqmodel.decoder.conv_out.bias
  - Froze policy model parameter: model.vqmodel.quantize.embedding.weight
  - Froze policy model parameter: model.vqmodel.quant_conv.weight
  - Froze policy model parameter: model.vqmodel.quant_conv.bias
  - Froze policy model parameter: model.vqmodel.post_quant_conv.weight
  - Froze policy model parameter: model.vqmodel.post_quant_conv.bias
  - Froze policy model parameter: mlp_head.time_embed.mlp.0.weight
  - Froze policy model parameter: mlp_head.time_embed.mlp.0.bias
  - Froze policy model parameter: mlp_head.time_embed.mlp.2.weight
  - Froze policy model parameter: mlp_head.time_embed.mlp.2.bias
  - Froze policy model parameter: mlp_head.cond_embed.weight
  - Froze policy model parameter: mlp_head.cond_embed.bias
  - Froze policy model parameter: mlp_head.input_proj.weight
  - Froze policy model parameter: mlp_head.input_proj.bias
  - Froze policy model parameter: mlp_head.res_blocks.0.in_ln.weight
  - Froze policy model parameter: mlp_head.res_blocks.0.in_ln.bias
  - Froze policy model parameter: mlp_head.res_blocks.0.mlp.0.weight
  - Froze policy model parameter: mlp_head.res_blocks.0.mlp.0.bias
  - Froze policy model parameter: mlp_head.res_blocks.0.mlp.2.weight
  - Froze policy model parameter: mlp_head.res_blocks.0.mlp.2.bias
  - Froze policy model parameter: mlp_head.res_blocks.0.adaLN_modulation.1.weight
  - Froze policy model parameter: mlp_head.res_blocks.0.adaLN_modulation.1.bias
  - Froze policy model parameter: mlp_head.res_blocks.1.in_ln.weight
  - Froze policy model parameter: mlp_head.res_blocks.1.in_ln.bias
  - Froze policy model parameter: mlp_head.res_blocks.1.mlp.0.weight
  - Froze policy model parameter: mlp_head.res_blocks.1.mlp.0.bias
  - Froze policy model parameter: mlp_head.res_blocks.1.mlp.2.weight
  - Froze policy model parameter: mlp_head.res_blocks.1.mlp.2.bias
  - Froze policy model parameter: mlp_head.res_blocks.1.adaLN_modulation.1.weight
  - Froze policy model parameter: mlp_head.res_blocks.1.adaLN_modulation.1.bias
  - Froze policy model parameter: mlp_head.res_blocks.2.in_ln.weight
  - Froze policy model parameter: mlp_head.res_blocks.2.in_ln.bias
  - Froze policy model parameter: mlp_head.res_blocks.2.mlp.0.weight
  - Froze policy model parameter: mlp_head.res_blocks.2.mlp.0.bias
  - Froze policy model parameter: mlp_head.res_blocks.2.mlp.2.weight
  - Froze policy model parameter: mlp_head.res_blocks.2.mlp.2.bias
  - Froze policy model parameter: mlp_head.res_blocks.2.adaLN_modulation.1.weight
  - Froze policy model parameter: mlp_head.res_blocks.2.adaLN_modulation.1.bias
  - Froze policy model parameter: mlp_head.final_layer.linear.weight
  - Froze policy model parameter: mlp_head.final_layer.linear.bias
  - Froze policy model parameter: mlp_head.final_layer.adaLN_modulation.1.weight
  - Froze policy model parameter: mlp_head.final_layer.adaLN_modulation.1.bias
Model parts frozen.
Loaded 2 reward functions: ['answer_correctness_reward', 'format_reward']
Trainer initialized.
--- [Step 3/3] Starting GRPO training... ---
[rank1]:W1028 05:34:16.800000 337926 site-packages/torch/utils/cpp_extension.py:2425] TORCH_CUDA_ARCH_LIST is not set, all archs for visible cards are included for compilation. 
[rank1]:W1028 05:34:16.800000 337926 site-packages/torch/utils/cpp_extension.py:2425] If this is not desired, please set os.environ['TORCH_CUDA_ARCH_LIST'] to specific architectures.
[rank0]:W1028 05:34:17.017000 337925 site-packages/torch/utils/cpp_extension.py:2425] TORCH_CUDA_ARCH_LIST is not set, all archs for visible cards are included for compilation. 
[rank0]:W1028 05:34:17.017000 337925 site-packages/torch/utils/cpp_extension.py:2425] If this is not desired, please set os.environ['TORCH_CUDA_ARCH_LIST'] to specific architectures.
[rank7]:W1028 05:34:17.362000 337932 site-packages/torch/utils/cpp_extension.py:2425] TORCH_CUDA_ARCH_LIST is not set, all archs for visible cards are included for compilation. 
[rank7]:W1028 05:34:17.362000 337932 site-packages/torch/utils/cpp_extension.py:2425] If this is not desired, please set os.environ['TORCH_CUDA_ARCH_LIST'] to specific architectures.
[rank6]:W1028 05:34:17.437000 337931 site-packages/torch/utils/cpp_extension.py:2425] TORCH_CUDA_ARCH_LIST is not set, all archs for visible cards are included for compilation. 
[rank6]:W1028 05:34:17.437000 337931 site-packages/torch/utils/cpp_extension.py:2425] If this is not desired, please set os.environ['TORCH_CUDA_ARCH_LIST'] to specific architectures.
[rank4]:W1028 05:34:18.770000 337929 site-packages/torch/utils/cpp_extension.py:2425] TORCH_CUDA_ARCH_LIST is not set, all archs for visible cards are included for compilation. 
[rank4]:W1028 05:34:18.770000 337929 site-packages/torch/utils/cpp_extension.py:2425] If this is not desired, please set os.environ['TORCH_CUDA_ARCH_LIST'] to specific architectures.
[rank2]:W1028 05:34:18.841000 337927 site-packages/torch/utils/cpp_extension.py:2425] TORCH_CUDA_ARCH_LIST is not set, all archs for visible cards are included for compilation. 
[rank2]:W1028 05:34:18.841000 337927 site-packages/torch/utils/cpp_extension.py:2425] If this is not desired, please set os.environ['TORCH_CUDA_ARCH_LIST'] to specific architectures.
[rank3]:W1028 05:34:19.170000 337928 site-packages/torch/utils/cpp_extension.py:2425] TORCH_CUDA_ARCH_LIST is not set, all archs for visible cards are included for compilation. 
[rank3]:W1028 05:34:19.170000 337928 site-packages/torch/utils/cpp_extension.py:2425] If this is not desired, please set os.environ['TORCH_CUDA_ARCH_LIST'] to specific architectures.
multimodal_generation_mode text-only
Setting `pad_token_id` to `eos_token_id`:2 for open-end generation.
multimodal_generation_mode text-only
Setting `pad_token_id` to `eos_token_id`:2 for open-end generation.
multimodal_generation_mode text-only
Setting `pad_token_id` to `eos_token_id`:2 for open-end generation.
multimodal_generation_mode text-only
Setting `pad_token_id` to `eos_token_id`:2 for open-end generation.
multimodal_generation_mode text-only
Setting `pad_token_id` to `eos_token_id`:2 for open-end generation.
multimodal_generation_mode text-only
Setting `pad_token_id` to `eos_token_id`:2 for open-end generation.
multimodal_generation_mode text-only
Setting `pad_token_id` to `eos_token_id`:2 for open-end generation.
multimodal_generation_mode text-only
Setting `pad_token_id` to `eos_token_id`:2 for open-end generation.
wandb: Currently logged in as: xjy110156 (xjy110156-) to https://api.wandb.ai. Use `wandb login --relogin` to force relogin
multimodal_generation_mode text-only
Setting `pad_token_id` to `eos_token_id`:2 for open-end generation.
wandb: creating run
wandb: Tracking run with wandb version 0.22.0
wandb: Run data is saved locally in /data1/oujingfeng/project/twgi/Orthus/train/grpo/wandb/run-20251028_053454-5g9onmt5
wandb: Run `wandb offline` to turn off syncing.
wandb: Syncing run orthus-7b-grpo-geneval-v1
wandb: ⭐️ View project at https://wandb.ai/xjy110156-/orthus-grpo-project
wandb: 🚀 View run at https://wandb.ai/xjy110156-/orthus-grpo-project/runs/5g9onmt5
wandb: WARNING Serializing object of type dict that is 1922480 bytes
  0%|          | 0/2000 [00:00<?, ?it/s]multimodal_generation_mode text-only
Setting `pad_token_id` to `eos_token_id`:2 for open-end generation.
multimodal_generation_mode text-only
Setting `pad_token_id` to `eos_token_id`:2 for open-end generation.
multimodal_generation_mode text-only
Setting `pad_token_id` to `eos_token_id`:2 for open-end generation.
multimodal_generation_mode text-only
Setting `pad_token_id` to `eos_token_id`:2 for open-end generation.
multimodal_generation_mode text-only
Setting `pad_token_id` to `eos_token_id`:2 for open-end generation.
multimodal_generation_mode text-only
Setting `pad_token_id` to `eos_token_id`:2 for open-end generation.
multimodal_generation_mode text-only
Setting `pad_token_id` to `eos_token_id`:2 for open-end generation.
                                        {'reward/mean': 0.0, 'reward/std': 0.0, 'policy/advantage_mean': 0.0, 'policy/advantage_std': 0.0, 'loss/pg_loss': 0.0, 'loss/kl_div': -0.3997468013389438, 'epoch': 0}
  0%|          | 0/2000 [00:05<?, ?it/s]Could not estimate the number of tokens of the input, floating-point operations will not be computed
Could not estimate the number of tokens of the input, floating-point operations will not be computed
Could not estimate the number of tokens of the input, floating-point operations will not be computed
Could not estimate the number of tokens of the input, floating-point operations will not be computed
Could not estimate the number of tokens of the input, floating-point operations will not be computed
Could not estimate the number of tokens of the input, floating-point operations will not be computed
Could not estimate the number of tokens of the input, floating-point operations will not be computed
multimodal_generation_mode text-only
Setting `pad_token_id` to `eos_token_id`:2 for open-end generation.
multimodal_generation_mode text-only
Setting `pad_token_id` to `eos_token_id`:2 for open-end generation.
multimodal_generation_mode text-only
Setting `pad_token_id` to `eos_token_id`:2 for open-end generation.
multimodal_generation_mode text-only
Setting `pad_token_id` to `eos_token_id`:2 for open-end generation.
multimodal_generation_mode text-only
Setting `pad_token_id` to `eos_token_id`:2 for open-end generation.
multimodal_generation_mode text-only
Setting `pad_token_id` to `eos_token_id`:2 for open-end generation.
multimodal_generation_mode text-only
Setting `pad_token_id` to `eos_token_id`:2 for open-end generation.
Could not estimate the number of tokens of the input, floating-point operations will not be computed
multimodal_generation_mode text-only
Setting `pad_token_id` to `eos_token_id`:2 for open-end generation.
multimodal_generation_mode text-only
Setting `pad_token_id` to `eos_token_id`:2 for open-end generation.
multimodal_generation_mode text-only
Setting `pad_token_id` to `eos_token_id`:2 for open-end generation.
multimodal_generation_mode text-only
Setting `pad_token_id` to `eos_token_id`:2 for open-end generation.
multimodal_generation_mode text-only
Setting `pad_token_id` to `eos_token_id`:2 for open-end generation.
multimodal_generation_mode text-only
Setting `pad_token_id` to `eos_token_id`:2 for open-end generation.
multimodal_generation_mode text-only
Setting `pad_token_id` to `eos_token_id`:2 for open-end generation.
                                        {'reward/mean': 0.0, 'reward/std': 0.0, 'policy/advantage_mean': 0.0, 'policy/advantage_std': 0.0, 'loss/pg_loss': 0.0, 'loss/kl_div': -0.6773131443903997, 'epoch': 0}
  0%|          | 0/2000 [00:20<?, ?it/s]multimodal_generation_mode text-only
Setting `pad_token_id` to `eos_token_id`:2 for open-end generation.
multimodal_generation_mode text-only
Setting `pad_token_id` to `eos_token_id`:2 for open-end generation.
  0%|          | 1/2000 [00:50<28:07:19, 50.64s/it]                                                   {'loss': 0.0, 'grad_norm': 0.0, 'learning_rate': 1e-06, 'epoch': 0.15}
  0%|          | 1/2000 [00:50<28:07:19, 50.64s/it]multimodal_generation_mode text-only
multimodal_generation_mode text-only
Setting `pad_token_id` to `eos_token_id`:2 for open-end generation.
Setting `pad_token_id` to `eos_token_id`:2 for open-end generation.
multimodal_generation_mode text-only
multimodal_generation_mode text-only
multimodal_generation_mode text-only
Setting `pad_token_id` to `eos_token_id`:2 for open-end generation.
multimodal_generation_mode text-only
Setting `pad_token_id` to `eos_token_id`:2 for open-end generation.
Setting `pad_token_id` to `eos_token_id`:2 for open-end generation.
Setting `pad_token_id` to `eos_token_id`:2 for open-end generation.
multimodal_generation_mode text-only
Setting `pad_token_id` to `eos_token_id`:2 for open-end generation.
multimodal_generation_mode text-only
Setting `pad_token_id` to `eos_token_id`:2 for open-end generation.
multimodal_generation_mode text-only
Setting `pad_token_id` to `eos_token_id`:2 for open-end generation.
multimodal_generation_mode text-only
Setting `pad_token_id` to `eos_token_id`:2 for open-end generation.
multimodal_generation_mode text-only
Setting `pad_token_id` to `eos_token_id`:2 for open-end generation.
multimodal_generation_mode text-only
Setting `pad_token_id` to `eos_token_id`:2 for open-end generation.
multimodal_generation_mode text-only
Setting `pad_token_id` to `eos_token_id`:2 for open-end generation.
multimodal_generation_mode text-only
Setting `pad_token_id` to `eos_token_id`:2 for open-end generation.
multimodal_generation_mode text-only
Setting `pad_token_id` to `eos_token_id`:2 for open-end generation.
multimodal_generation_mode text-only
Setting `pad_token_id` to `eos_token_id`:2 for open-end generation.
                                                   {'reward/mean': 0.0, 'reward/std': 0.0, 'policy/advantage_mean': 0.0, 'policy/advantage_std': 0.0, 'loss/pg_loss': 0.0, 'loss/kl_div': -0.4135645779696378, 'epoch': 0.15}
  0%|          | 1/2000 [00:55<28:07:19, 50.64s/it]multimodal_generation_mode text-onlymultimodal_generation_mode
 text-only
Setting `pad_token_id` to `eos_token_id`:2 for open-end generation.
Setting `pad_token_id` to `eos_token_id`:2 for open-end generation.
multimodal_generation_mode text-only
multimodal_generation_mode text-only
Setting `pad_token_id` to `eos_token_id`:2 for open-end generation.
multimodal_generation_mode text-only
Setting `pad_token_id` to `eos_token_id`:2 for open-end generation.
Setting `pad_token_id` to `eos_token_id`:2 for open-end generation.
multimodal_generation_mode text-only
Setting `pad_token_id` to `eos_token_id`:2 for open-end generation.
multimodal_generation_mode text-only
Setting `pad_token_id` to `eos_token_id`:2 for open-end generation.
multimodal_generation_mode text-only
Setting `pad_token_id` to `eos_token_id`:2 for open-end generation.
multimodal_generation_mode text-only
Setting `pad_token_id` to `eos_token_id`:2 for open-end generation.
multimodal_generation_mode text-only
Setting `pad_token_id` to `eos_token_id`:2 for open-end generation.
multimodal_generation_mode text-only
Setting `pad_token_id` to `eos_token_id`:2 for open-end generation.
multimodal_generation_mode text-only
Setting `pad_token_id` to `eos_token_id`:2 for open-end generation.
multimodal_generation_mode text-only
Setting `pad_token_id` to `eos_token_id`:2 for open-end generation.
multimodal_generation_mode text-only
Setting `pad_token_id` to `eos_token_id`:2 for open-end generation.
multimodal_generation_mode text-only
Setting `pad_token_id` to `eos_token_id`:2 for open-end generation.
multimodal_generation_mode text-only
Setting `pad_token_id` to `eos_token_id`:2 for open-end generation.
                                                   {'reward/mean': 0.0, 'reward/std': 0.0, 'policy/advantage_mean': 0.0, 'policy/advantage_std': 0.0, 'loss/pg_loss': 0.0, 'loss/kl_div': -0.16066989997507994, 'epoch': 0.15}
  0%|          | 1/2000 [01:16<28:07:19, 50.64s/it]  0%|          | 2/2000 [01:36<26:37:51, 47.98s/it]                                                   {'loss': 0.0, 'grad_norm': 0.0, 'learning_rate': 9.995e-07, 'epoch': 0.31}
  0%|          | 2/2000 [01:36<26:37:51, 47.98s/it]multimodal_generation_mode text-only
Setting `pad_token_id` to `eos_token_id`:2 for open-end generation.
multimodal_generation_mode text-only
Setting `pad_token_id` to `eos_token_id`:2 for open-end generation.
multimodal_generation_mode text-only
Setting `pad_token_id` to `eos_token_id`:2 for open-end generation.
multimodal_generation_mode text-only
Setting `pad_token_id` to `eos_token_id`:2 for open-end generation.
multimodal_generation_mode text-only
multimodal_generation_mode text-only
Setting `pad_token_id` to `eos_token_id`:2 for open-end generation.
Setting `pad_token_id` to `eos_token_id`:2 for open-end generation.
multimodal_generation_mode text-only
multimodal_generation_mode text-only
Setting `pad_token_id` to `eos_token_id`:2 for open-end generation.
Setting `pad_token_id` to `eos_token_id`:2 for open-end generation.
multimodal_generation_mode text-only
Setting `pad_token_id` to `eos_token_id`:2 for open-end generation.
multimodal_generation_mode text-only
Setting `pad_token_id` to `eos_token_id`:2 for open-end generation.
multimodal_generation_mode text-only
Setting `pad_token_id` to `eos_token_id`:2 for open-end generation.
multimodal_generation_mode text-only
Setting `pad_token_id` to `eos_token_id`:2 for open-end generation.
multimodal_generation_mode text-only
Setting `pad_token_id` to `eos_token_id`:2 for open-end generation.
multimodal_generation_mode text-only
Setting `pad_token_id` to `eos_token_id`:2 for open-end generation.
multimodal_generation_mode text-only
Setting `pad_token_id` to `eos_token_id`:2 for open-end generation.
multimodal_generation_mode text-only
Setting `pad_token_id` to `eos_token_id`:2 for open-end generation.
                                                   {'reward/mean': 0.0, 'reward/std': 0.0, 'policy/advantage_mean': 0.0, 'policy/advantage_std': 0.0, 'loss/pg_loss': 0.0, 'loss/kl_div': -0.17373804114330774, 'epoch': 0.31}
  0%|          | 2/2000 [01:43<26:37:51, 47.98s/it]multimodal_generation_mode text-only
Setting `pad_token_id` to `eos_token_id`:2 for open-end generation.
multimodal_generation_mode text-only
multimodal_generation_mode text-only
Setting `pad_token_id` to `eos_token_id`:2 for open-end generation.
Setting `pad_token_id` to `eos_token_id`:2 for open-end generation.
multimodal_generation_mode text-only
Setting `pad_token_id` to `eos_token_id`:2 for open-end generation.
multimodal_generation_mode text-only
Setting `pad_token_id` to `eos_token_id`:2 for open-end generation.
multimodal_generation_mode text-only
Setting `pad_token_id` to `eos_token_id`:2 for open-end generation.
multimodal_generation_mode text-only
Setting `pad_token_id` to `eos_token_id`:2 for open-end generation.
multimodal_generation_mode text-only
Setting `pad_token_id` to `eos_token_id`:2 for open-end generation.
multimodal_generation_mode text-only
Setting `pad_token_id` to `eos_token_id`:2 for open-end generation.
multimodal_generation_mode text-only
Setting `pad_token_id` to `eos_token_id`:2 for open-end generation.
multimodal_generation_mode text-only
Setting `pad_token_id` to `eos_token_id`:2 for open-end generation.
multimodal_generation_mode text-only
Setting `pad_token_id` to `eos_token_id`:2 for open-end generation.
multimodal_generation_mode text-only
Setting `pad_token_id` to `eos_token_id`:2 for open-end generation.
multimodal_generation_mode text-only
Setting `pad_token_id` to `eos_token_id`:2 for open-end generation.
multimodal_generation_mode text-only
Setting `pad_token_id` to `eos_token_id`:2 for open-end generation.
multimodal_generation_mode text-only
Setting `pad_token_id` to `eos_token_id`:2 for open-end generation.
                                                   {'reward/mean': 0.0, 'reward/std': 0.0, 'policy/advantage_mean': 0.0, 'policy/advantage_std': 0.0, 'loss/pg_loss': 0.0, 'loss/kl_div': -0.32052498393588597, 'epoch': 0.31}
  0%|          | 2/2000 [02:01<26:37:51, 47.98s/it]  0%|          | 3/2000 [02:23<26:21:40, 47.52s/it]                                                   {'loss': 0.0, 'grad_norm': 0.0, 'learning_rate': 9.989999999999999e-07, 'epoch': 0.46}
  0%|          | 3/2000 [02:23<26:21:40, 47.52s/it]multimodal_generation_mode text-only
Setting `pad_token_id` to `eos_token_id`:2 for open-end generation.
multimodal_generation_mode text-only
multimodal_generation_modemultimodal_generation_mode text-only
 text-only
Setting `pad_token_id` to `eos_token_id`:2 for open-end generation.
multimodal_generation_mode text-only
Setting `pad_token_id` to `eos_token_id`:2 for open-end generation.
Setting `pad_token_id` to `eos_token_id`:2 for open-end generation.
multimodal_generation_modeSetting `pad_token_id` to `eos_token_id`:2 for open-end generation.
 text-only
multimodal_generation_mode text-only
Setting `pad_token_id` to `eos_token_id`:2 for open-end generation.
Setting `pad_token_id` to `eos_token_id`:2 for open-end generation.
multimodal_generation_mode text-only
Setting `pad_token_id` to `eos_token_id`:2 for open-end generation.
multimodal_generation_mode text-only
Setting `pad_token_id` to `eos_token_id`:2 for open-end generation.
multimodal_generation_mode text-only
Setting `pad_token_id` to `eos_token_id`:2 for open-end generation.
multimodal_generation_mode text-only
Setting `pad_token_id` to `eos_token_id`:2 for open-end generation.
multimodal_generation_mode text-only
Setting `pad_token_id` to `eos_token_id`:2 for open-end generation.
multimodal_generation_mode text-only
Setting `pad_token_id` to `eos_token_id`:2 for open-end generation.
multimodal_generation_mode text-only
Setting `pad_token_id` to `eos_token_id`:2 for open-end generation.
multimodal_generation_mode text-only
Setting `pad_token_id` to `eos_token_id`:2 for open-end generation.
multimodal_generation_mode text-only
Setting `pad_token_id` to `eos_token_id`:2 for open-end generation.
                                                   {'reward/mean': 0.0, 'reward/std': 0.0, 'policy/advantage_mean': 0.0, 'policy/advantage_std': 0.0, 'loss/pg_loss': 0.0, 'loss/kl_div': -0.15746122649884156, 'epoch': 0.46}
  0%|          | 3/2000 [02:36<26:21:40, 47.52s/it]multimodal_generation_mode text-only
Setting `pad_token_id` to `eos_token_id`:2 for open-end generation.
multimodal_generation_mode text-only
multimodal_generation_mode text-only
Setting `pad_token_id` to `eos_token_id`:2 for open-end generation.
Setting `pad_token_id` to `eos_token_id`:2 for open-end generation.
multimodal_generation_mode text-only
Setting `pad_token_id` to `eos_token_id`:2 for open-end generation.
multimodal_generation_mode text-only
Setting `pad_token_id` to `eos_token_id`:2 for open-end generation.
multimodal_generation_mode text-only
Setting `pad_token_id` to `eos_token_id`:2 for open-end generation.
multimodal_generation_mode text-only
Setting `pad_token_id` to `eos_token_id`:2 for open-end generation.
multimodal_generation_mode text-only
Setting `pad_token_id` to `eos_token_id`:2 for open-end generation.
multimodal_generation_mode text-only
Setting `pad_token_id` to `eos_token_id`:2 for open-end generation.
multimodal_generation_mode text-only
Setting `pad_token_id` to `eos_token_id`:2 for open-end generation.
multimodal_generation_mode text-only
Setting `pad_token_id` to `eos_token_id`:2 for open-end generation.
multimodal_generation_mode text-only
Setting `pad_token_id` to `eos_token_id`:2 for open-end generation.
multimodal_generation_mode text-only
Setting `pad_token_id` to `eos_token_id`:2 for open-end generation.
multimodal_generation_mode text-only
Setting `pad_token_id` to `eos_token_id`:2 for open-end generation.
multimodal_generation_mode text-only
Setting `pad_token_id` to `eos_token_id`:2 for open-end generation.
multimodal_generation_mode text-only
Setting `pad_token_id` to `eos_token_id`:2 for open-end generation.
                                                   {'reward/mean': 0.0, 'reward/std': 0.0, 'policy/advantage_mean': 0.0, 'policy/advantage_std': 0.0, 'loss/pg_loss': 0.0, 'loss/kl_div': -0.07793949319304322, 'epoch': 0.46}
  0%|          | 3/2000 [02:47<26:21:40, 47.52s/it]  0%|          | 4/2000 [03:08<25:50:22, 46.60s/it]                                                   {'loss': 0.0, 'grad_norm': 0.0, 'learning_rate': 9.985e-07, 'epoch': 0.62}
  0%|          | 4/2000 [03:08<25:50:22, 46.60s/it]multimodal_generation_mode text-only
Setting `pad_token_id` to `eos_token_id`:2 for open-end generation.
multimodal_generation_mode text-only
Setting `pad_token_id` to `eos_token_id`:2 for open-end generation.
multimodal_generation_mode text-only
Setting `pad_token_id` to `eos_token_id`:2 for open-end generation.
multimodal_generation_mode text-only
Setting `pad_token_id` to `eos_token_id`:2 for open-end generation.
multimodal_generation_mode text-only
multimodal_generation_mode text-only
multimodal_generation_mode text-only
Setting `pad_token_id` to `eos_token_id`:2 for open-end generation.
Setting `pad_token_id` to `eos_token_id`:2 for open-end generation.
Setting `pad_token_id` to `eos_token_id`:2 for open-end generation.
multimodal_generation_mode text-only
Setting `pad_token_id` to `eos_token_id`:2 for open-end generation.
multimodal_generation_mode text-only
Setting `pad_token_id` to `eos_token_id`:2 for open-end generation.
multimodal_generation_mode text-only
Setting `pad_token_id` to `eos_token_id`:2 for open-end generation.
multimodal_generation_mode text-only
Setting `pad_token_id` to `eos_token_id`:2 for open-end generation.
multimodal_generation_mode text-only
Setting `pad_token_id` to `eos_token_id`:2 for open-end generation.
multimodal_generation_mode text-only
Setting `pad_token_id` to `eos_token_id`:2 for open-end generation.
multimodal_generation_mode text-only
Setting `pad_token_id` to `eos_token_id`:2 for open-end generation.
                                                   {'reward/mean': 0.0, 'reward/std': 0.0, 'policy/advantage_mean': 0.0, 'policy/advantage_std': 0.0, 'loss/pg_loss': 0.0, 'loss/kl_div': -0.1697702926138173, 'epoch': 0.62}
  0%|          | 4/2000 [03:15<25:50:22, 46.60s/it]multimodal_generation_mode text-only
Setting `pad_token_id` to `eos_token_id`:2 for open-end generation.
multimodal_generation_mode text-only
Setting `pad_token_id` to `eos_token_id`:2 for open-end generation.
multimodal_generation_mode text-only
Setting `pad_token_id` to `eos_token_id`:2 for open-end generation.
multimodal_generation_mode text-only
multimodal_generation_mode text-only
Setting `pad_token_id` to `eos_token_id`:2 for open-end generation.
Setting `pad_token_id` to `eos_token_id`:2 for open-end generation.
multimodal_generation_mode text-only
multimodal_generation_mode text-only
multimodal_generation_mode text-only
Setting `pad_token_id` to `eos_token_id`:2 for open-end generation.
Setting `pad_token_id` to `eos_token_id`:2 for open-end generation.
Setting `pad_token_id` to `eos_token_id`:2 for open-end generation.
multimodal_generation_mode text-only
Setting `pad_token_id` to `eos_token_id`:2 for open-end generation.
multimodal_generation_mode text-only
Setting `pad_token_id` to `eos_token_id`:2 for open-end generation.
multimodal_generation_mode text-only
Setting `pad_token_id` to `eos_token_id`:2 for open-end generation.
multimodal_generation_mode text-only
Setting `pad_token_id` to `eos_token_id`:2 for open-end generation.
multimodal_generation_mode text-only
Setting `pad_token_id` to `eos_token_id`:2 for open-end generation.
multimodal_generation_mode text-only
Setting `pad_token_id` to `eos_token_id`:2 for open-end generation.
multimodal_generation_mode text-only
Setting `pad_token_id` to `eos_token_id`:2 for open-end generation.
multimodal_generation_mode text-only
Setting `pad_token_id` to `eos_token_id`:2 for open-end generation.
multimodal_generation_mode text-only
Setting `pad_token_id` to `eos_token_id`:2 for open-end generation.
multimodal_generation_mode text-only
Setting `pad_token_id` to `eos_token_id`:2 for open-end generation.
                                                   {'reward/mean': 0.0, 'reward/std': 0.0, 'policy/advantage_mean': 0.0, 'policy/advantage_std': 0.0, 'loss/pg_loss': 0.0, 'loss/kl_div': -0.2711728598184632, 'epoch': 0.62}
  0%|          | 4/2000 [03:34<25:50:22, 46.60s/it]  0%|          | 5/2000 [04:00<26:43:30, 48.23s/it]                                                   {'loss': 0.0, 'grad_norm': 0.0, 'learning_rate': 9.98e-07, 'epoch': 0.77}
  0%|          | 5/2000 [04:00<26:43:30, 48.23s/it]multimodal_generation_mode text-only
Setting `pad_token_id` to `eos_token_id`:2 for open-end generation.
multimodal_generation_mode text-only
multimodal_generation_modeSetting `pad_token_id` to `eos_token_id`:2 for open-end generation.
 text-only
Setting `pad_token_id` to `eos_token_id`:2 for open-end generation.
multimodal_generation_mode text-only
Setting `pad_token_id` to `eos_token_id`:2 for open-end generation.
multimodal_generation_mode text-only
multimodal_generation_modeSetting `pad_token_id` to `eos_token_id`:2 for open-end generation.
 text-only
multimodal_generation_modeSetting `pad_token_id` to `eos_token_id`:2 for open-end generation.
 text-only
Setting `pad_token_id` to `eos_token_id`:2 for open-end generation.
multimodal_generation_mode text-only
Setting `pad_token_id` to `eos_token_id`:2 for open-end generation.
multimodal_generation_mode text-only
Setting `pad_token_id` to `eos_token_id`:2 for open-end generation.
multimodal_generation_mode text-only
Setting `pad_token_id` to `eos_token_id`:2 for open-end generation.
multimodal_generation_mode text-only
Setting `pad_token_id` to `eos_token_id`:2 for open-end generation.
multimodal_generation_mode text-only
Setting `pad_token_id` to `eos_token_id`:2 for open-end generation.
multimodal_generation_mode text-only
Setting `pad_token_id` to `eos_token_id`:2 for open-end generation.
multimodal_generation_mode text-only
Setting `pad_token_id` to `eos_token_id`:2 for open-end generation.
multimodal_generation_mode text-only
Setting `pad_token_id` to `eos_token_id`:2 for open-end generation.
multimodal_generation_mode text-only
Setting `pad_token_id` to `eos_token_id`:2 for open-end generation.
                                                   {'reward/mean': 0.0, 'reward/std': 0.0, 'policy/advantage_mean': 0.0, 'policy/advantage_std': 0.0, 'loss/pg_loss': 0.0, 'loss/kl_div': -0.20141067504882812, 'epoch': 0.77}
  0%|          | 5/2000 [04:07<26:43:30, 48.23s/it]multimodal_generation_mode text-only
Setting `pad_token_id` to `eos_token_id`:2 for open-end generation.
multimodal_generation_mode text-only
Setting `pad_token_id` to `eos_token_id`:2 for open-end generation.
multimodal_generation_mode text-only
multimodal_generation_mode text-only
Setting `pad_token_id` to `eos_token_id`:2 for open-end generation.
Setting `pad_token_id` to `eos_token_id`:2 for open-end generation.
multimodal_generation_mode text-only
Setting `pad_token_id` to `eos_token_id`:2 for open-end generation.
multimodal_generation_mode text-only
Setting `pad_token_id` to `eos_token_id`:2 for open-end generation.
multimodal_generation_mode text-only
Setting `pad_token_id` to `eos_token_id`:2 for open-end generation.
multimodal_generation_mode text-only
Setting `pad_token_id` to `eos_token_id`:2 for open-end generation.
multimodal_generation_mode text-only
Setting `pad_token_id` to `eos_token_id`:2 for open-end generation.
multimodal_generation_mode text-only
Setting `pad_token_id` to `eos_token_id`:2 for open-end generation.
multimodal_generation_mode text-only
Setting `pad_token_id` to `eos_token_id`:2 for open-end generation.
multimodal_generation_mode text-only
Setting `pad_token_id` to `eos_token_id`:2 for open-end generation.
multimodal_generation_mode text-only
Setting `pad_token_id` to `eos_token_id`:2 for open-end generation.
multimodal_generation_mode text-only
Setting `pad_token_id` to `eos_token_id`:2 for open-end generation.
                                                   {'reward/mean': 0.0, 'reward/std': 0.0, 'policy/advantage_mean': 0.0, 'policy/advantage_std': 0.0, 'loss/pg_loss': 0.0, 'loss/kl_div': -0.2116443722747093, 'epoch': 0.77}
  0%|          | 5/2000 [04:20<26:43:30, 48.23s/it]multimodal_generation_mode text-only
Setting `pad_token_id` to `eos_token_id`:2 for open-end generation.
multimodal_generation_mode text-only
Setting `pad_token_id` to `eos_token_id`:2 for open-end generation.
  0%|          | 6/2000 [04:43<25:48:17, 46.59s/it]                                                   {'loss': 0.0, 'grad_norm': 0.0, 'learning_rate': 9.975e-07, 'epoch': 0.92}
  0%|          | 6/2000 [04:43<25:48:17, 46.59s/it]multimodal_generation_mode text-only
Setting `pad_token_id` to `eos_token_id`:2 for open-end generation.
multimodal_generation_mode text-only
Setting `pad_token_id` to `eos_token_id`:2 for open-end generation.
multimodal_generation_mode text-only
Setting `pad_token_id` to `eos_token_id`:2 for open-end generation.
multimodal_generation_mode text-only
Setting `pad_token_id` to `eos_token_id`:2 for open-end generation.
multimodal_generation_mode text-only
multimodal_generation_mode text-only
Setting `pad_token_id` to `eos_token_id`:2 for open-end generation.
Setting `pad_token_id` to `eos_token_id`:2 for open-end generation.
multimodal_generation_mode text-only
multimodal_generation_mode text-only
Setting `pad_token_id` to `eos_token_id`:2 for open-end generation.
Setting `pad_token_id` to `eos_token_id`:2 for open-end generation.
multimodal_generation_mode text-only
Setting `pad_token_id` to `eos_token_id`:2 for open-end generation.
multimodal_generation_mode text-only
Setting `pad_token_id` to `eos_token_id`:2 for open-end generation.
multimodal_generation_mode text-only
Setting `pad_token_id` to `eos_token_id`:2 for open-end generation.
multimodal_generation_mode text-only
Setting `pad_token_id` to `eos_token_id`:2 for open-end generation.
multimodal_generation_mode text-only
Setting `pad_token_id` to `eos_token_id`:2 for open-end generation.
multimodal_generation_mode text-only
Setting `pad_token_id` to `eos_token_id`:2 for open-end generation.
multimodal_generation_mode text-only
Setting `pad_token_id` to `eos_token_id`:2 for open-end generation.
multimodal_generation_mode text-only
Setting `pad_token_id` to `eos_token_id`:2 for open-end generation.
                                                   {'reward/mean': 0.0, 'reward/std': 0.0, 'policy/advantage_mean': 0.0, 'policy/advantage_std': 0.0, 'loss/pg_loss': 0.0, 'loss/kl_div': -0.10354351323876677, 'epoch': 0.92}
  0%|          | 6/2000 [04:50<25:48:17, 46.59s/it]  0%|          | 7/2000 [05:08<21:55:08, 39.59s/it]                                                   {'loss': 0.0, 'grad_norm': 0.0, 'learning_rate': 9.97e-07, 'epoch': 1.0}
  0%|          | 7/2000 [05:08<21:55:08, 39.59s/it]multimodal_generation_mode text-only
multimodal_generation_mode text-onlySetting `pad_token_id` to `eos_token_id`:2 for open-end generation.

multimodal_generation_mode text-only
Setting `pad_token_id` to `eos_token_id`:2 for open-end generation.
Setting `pad_token_id` to `eos_token_id`:2 for open-end generation.
multimodal_generation_mode text-only
Setting `pad_token_id` to `eos_token_id`:2 for open-end generation.
multimodal_generation_mode text-only
Setting `pad_token_id` to `eos_token_id`:2 for open-end generation.
multimodal_generation_mode text-only
Setting `pad_token_id` to `eos_token_id`:2 for open-end generation.
multimodal_generation_mode text-only
multimodal_generation_mode text-only
Setting `pad_token_id` to `eos_token_id`:2 for open-end generation.
Setting `pad_token_id` to `eos_token_id`:2 for open-end generation.
multimodal_generation_mode text-only
Setting `pad_token_id` to `eos_token_id`:2 for open-end generation.
multimodal_generation_mode text-only
Setting `pad_token_id` to `eos_token_id`:2 for open-end generation.
multimodal_generation_mode text-only
Setting `pad_token_id` to `eos_token_id`:2 for open-end generation.
multimodal_generation_mode text-only
Setting `pad_token_id` to `eos_token_id`:2 for open-end generation.
multimodal_generation_mode text-only
Setting `pad_token_id` to `eos_token_id`:2 for open-end generation.
multimodal_generation_mode text-only
Setting `pad_token_id` to `eos_token_id`:2 for open-end generation.
multimodal_generation_mode text-only
Setting `pad_token_id` to `eos_token_id`:2 for open-end generation.
                                                   {'reward/mean': 0.0, 'reward/std': 0.0, 'policy/advantage_mean': 0.0, 'policy/advantage_std': 0.0, 'loss/pg_loss': 0.0, 'loss/kl_div': -0.24904724529811315, 'epoch': 1.0}
  0%|          | 7/2000 [05:13<21:55:08, 39.59s/it]multimodal_generation_mode text-only
Setting `pad_token_id` to `eos_token_id`:2 for open-end generation.
multimodal_generation_mode text-only
Setting `pad_token_id` to `eos_token_id`:2 for open-end generation.
multimodal_generation_mode text-only
Setting `pad_token_id` to `eos_token_id`:2 for open-end generation.
multimodal_generation_mode text-only
Setting `pad_token_id` to `eos_token_id`:2 for open-end generation.
multimodal_generation_mode text-only
Setting `pad_token_id` to `eos_token_id`:2 for open-end generation.
multimodal_generation_mode text-only
Setting `pad_token_id` to `eos_token_id`:2 for open-end generation.
multimodal_generation_mode text-only
Setting `pad_token_id` to `eos_token_id`:2 for open-end generation.
multimodal_generation_mode text-only
Setting `pad_token_id` to `eos_token_id`:2 for open-end generation.
multimodal_generation_mode text-only
Setting `pad_token_id` to `eos_token_id`:2 for open-end generation.
multimodal_generation_mode text-only
Setting `pad_token_id` to `eos_token_id`:2 for open-end generation.
                                                   {'reward/mean': 0.0, 'reward/std': 0.0, 'policy/advantage_mean': 0.0, 'policy/advantage_std': 0.0, 'loss/pg_loss': 0.0, 'loss/kl_div': -0.4027687907218933, 'epoch': 1.0}
  0%|          | 7/2000 [05:24<21:55:08, 39.59s/it]multimodal_generation_mode text-only
Setting `pad_token_id` to `eos_token_id`:2 for open-end generation.
multimodal_generation_mode text-only
Setting `pad_token_id` to `eos_token_id`:2 for open-end generation.
multimodal_generation_mode text-only
Setting `pad_token_id` to `eos_token_id`:2 for open-end generation.
multimodal_generation_mode text-only
Setting `pad_token_id` to `eos_token_id`:2 for open-end generation.
multimodal_generation_mode text-only
Setting `pad_token_id` to `eos_token_id`:2 for open-end generation.
multimodal_generation_mode text-only
Setting `pad_token_id` to `eos_token_id`:2 for open-end generation.
multimodal_generation_mode text-only
Setting `pad_token_id` to `eos_token_id`:2 for open-end generation.
  0%|          | 8/2000 [05:50<22:21:54, 40.42s/it]                                                   {'loss': 0.0, 'grad_norm': 0.0, 'learning_rate': 9.965e-07, 'epoch': 1.15}
  0%|          | 8/2000 [05:50<22:21:54, 40.42s/it]multimodal_generation_mode text-only
Setting `pad_token_id` to `eos_token_id`:2 for open-end generation.
multimodal_generation_mode text-only
Setting `pad_token_id` to `eos_token_id`:2 for open-end generation.
multimodal_generation_mode text-only
Setting `pad_token_id` to `eos_token_id`:2 for open-end generation.
multimodal_generation_mode text-only
Setting `pad_token_id` to `eos_token_id`:2 for open-end generation.
multimodal_generation_mode text-only
Setting `pad_token_id` to `eos_token_id`:2 for open-end generation.
multimodal_generation_mode text-only
Setting `pad_token_id` to `eos_token_id`:2 for open-end generation.
multimodal_generation_mode text-only
Setting `pad_token_id` to `eos_token_id`:2 for open-end generation.
multimodal_generation_mode text-only
Setting `pad_token_id` to `eos_token_id`:2 for open-end generation.
multimodal_generation_mode text-only
Setting `pad_token_id` to `eos_token_id`:2 for open-end generation.
multimodal_generation_mode text-only
Setting `pad_token_id` to `eos_token_id`:2 for open-end generation.
multimodal_generation_mode text-only
Setting `pad_token_id` to `eos_token_id`:2 for open-end generation.
multimodal_generation_mode text-only
Setting `pad_token_id` to `eos_token_id`:2 for open-end generation.
multimodal_generation_mode text-only
Setting `pad_token_id` to `eos_token_id`:2 for open-end generation.
multimodal_generation_mode text-only
Setting `pad_token_id` to `eos_token_id`:2 for open-end generation.
multimodal_generation_mode text-only
Setting `pad_token_id` to `eos_token_id`:2 for open-end generation.
                                                   {'reward/mean': 0.0, 'reward/std': 0.0, 'policy/advantage_mean': 0.0, 'policy/advantage_std': 0.0, 'loss/pg_loss': 0.0, 'loss/kl_div': -0.23164547511509487, 'epoch': 1.15}
  0%|          | 8/2000 [05:56<22:21:54, 40.42s/it]multimodal_generation_mode text-only
Setting `pad_token_id` to `eos_token_id`:2 for open-end generation.
multimodal_generation_mode text-only
Setting `pad_token_id` to `eos_token_id`:2 for open-end generation.
multimodal_generation_mode text-only
Setting `pad_token_id` to `eos_token_id`:2 for open-end generation.
multimodal_generation_mode text-only
multimodal_generation_modeSetting `pad_token_id` to `eos_token_id`:2 for open-end generation.
 text-only
Setting `pad_token_id` to `eos_token_id`:2 for open-end generation.
multimodal_generation_mode text-only
Setting `pad_token_id` to `eos_token_id`:2 for open-end generation.
multimodal_generation_mode text-only
Setting `pad_token_id` to `eos_token_id`:2 for open-end generation.
multimodal_generation_mode text-only
Setting `pad_token_id` to `eos_token_id`:2 for open-end generation.
multimodal_generation_mode text-only
Setting `pad_token_id` to `eos_token_id`:2 for open-end generation.
multimodal_generation_mode text-only
Setting `pad_token_id` to `eos_token_id`:2 for open-end generation.
multimodal_generation_mode text-only
Setting `pad_token_id` to `eos_token_id`:2 for open-end generation.
multimodal_generation_mode text-only
Setting `pad_token_id` to `eos_token_id`:2 for open-end generation.
multimodal_generation_mode text-only
Setting `pad_token_id` to `eos_token_id`:2 for open-end generation.
multimodal_generation_mode text-only
Setting `pad_token_id` to `eos_token_id`:2 for open-end generation.
multimodal_generation_mode text-only
Setting `pad_token_id` to `eos_token_id`:2 for open-end generation.
multimodal_generation_mode text-only
Setting `pad_token_id` to `eos_token_id`:2 for open-end generation.
                                                   {'reward/mean': 0.0, 'reward/std': 0.0, 'policy/advantage_mean': 0.0, 'policy/advantage_std': 0.0, 'loss/pg_loss': 0.0, 'loss/kl_div': -0.07329376956872773, 'epoch': 1.15}
  0%|          | 8/2000 [06:14<22:21:54, 40.42s/it]multimodal_generation_mode text-only
Setting `pad_token_id` to `eos_token_id`:2 for open-end generation.
  0%|          | 9/2000 [06:40<23:58:04, 43.34s/it]                                                   {'loss': 0.0, 'grad_norm': 0.0, 'learning_rate': 9.959999999999999e-07, 'epoch': 1.31}
  0%|          | 9/2000 [06:40<23:58:04, 43.34s/it]multimodal_generation_mode text-only
Setting `pad_token_id` to `eos_token_id`:2 for open-end generation.
multimodal_generation_mode text-only
Setting `pad_token_id` to `eos_token_id`:2 for open-end generation.
multimodal_generation_mode text-only
Setting `pad_token_id` to `eos_token_id`:2 for open-end generation.
multimodal_generation_mode text-only
Setting `pad_token_id` to `eos_token_id`:2 for open-end generation.
multimodal_generation_mode text-only
multimodal_generation_mode text-only
Setting `pad_token_id` to `eos_token_id`:2 for open-end generation.
Setting `pad_token_id` to `eos_token_id`:2 for open-end generation.
multimodal_generation_mode text-only
Setting `pad_token_id` to `eos_token_id`:2 for open-end generation.
multimodal_generation_mode text-only
Setting `pad_token_id` to `eos_token_id`:2 for open-end generation.
multimodal_generation_mode text-only
Setting `pad_token_id` to `eos_token_id`:2 for open-end generation.
multimodal_generation_mode text-only
Setting `pad_token_id` to `eos_token_id`:2 for open-end generation.
multimodal_generation_mode text-only
Setting `pad_token_id` to `eos_token_id`:2 for open-end generation.
multimodal_generation_mode text-only
Setting `pad_token_id` to `eos_token_id`:2 for open-end generation.
multimodal_generation_mode text-only
Setting `pad_token_id` to `eos_token_id`:2 for open-end generation.
multimodal_generation_mode text-only
Setting `pad_token_id` to `eos_token_id`:2 for open-end generation.
multimodal_generation_mode text-only
Setting `pad_token_id` to `eos_token_id`:2 for open-end generation.
multimodal_generation_mode text-only
Setting `pad_token_id` to `eos_token_id`:2 for open-end generation.
                                                   {'reward/mean': 0.0, 'reward/std': 0.0, 'policy/advantage_mean': 0.0, 'policy/advantage_std': 0.0, 'loss/pg_loss': 0.0, 'loss/kl_div': -0.22102802771109123, 'epoch': 1.31}
  0%|          | 9/2000 [06:44<23:58:04, 43.34s/it]multimodal_generation_mode text-only
Setting `pad_token_id` to `eos_token_id`:2 for open-end generation.
multimodal_generation_mode text-only
Setting `pad_token_id` to `eos_token_id`:2 for open-end generation.
multimodal_generation_mode text-only
Setting `pad_token_id` to `eos_token_id`:2 for open-end generation.
multimodal_generation_mode text-only
Setting `pad_token_id` to `eos_token_id`:2 for open-end generation.
multimodal_generation_mode text-only
Setting `pad_token_id` to `eos_token_id`:2 for open-end generation.
multimodal_generation_mode text-only
Setting `pad_token_id` to `eos_token_id`:2 for open-end generation.
multimodal_generation_mode text-only
Setting `pad_token_id` to `eos_token_id`:2 for open-end generation.
multimodal_generation_mode text-only
Setting `pad_token_id` to `eos_token_id`:2 for open-end generation.
multimodal_generation_mode text-only
Setting `pad_token_id` to `eos_token_id`:2 for open-end generation.
multimodal_generation_mode text-only
Setting `pad_token_id` to `eos_token_id`:2 for open-end generation.
multimodal_generation_mode text-only
Setting `pad_token_id` to `eos_token_id`:2 for open-end generation.
multimodal_generation_mode text-only
Setting `pad_token_id` to `eos_token_id`:2 for open-end generation.
multimodal_generation_mode text-only
Setting `pad_token_id` to `eos_token_id`:2 for open-end generation.
multimodal_generation_mode text-only
Setting `pad_token_id` to `eos_token_id`:2 for open-end generation.
multimodal_generation_mode text-only
Setting `pad_token_id` to `eos_token_id`:2 for open-end generation.
multimodal_generation_mode text-only
Setting `pad_token_id` to `eos_token_id`:2 for open-end generation.
                                                   {'reward/mean': 0.0, 'reward/std': 0.0, 'policy/advantage_mean': 0.0, 'policy/advantage_std': 0.0, 'loss/pg_loss': 0.0, 'loss/kl_div': -0.15518619227067135, 'epoch': 1.31}
  0%|          | 9/2000 [07:05<23:58:04, 43.34s/it]  0%|          | 10/2000 [07:22<23:39:47, 42.81s/it]                                                    {'loss': 0.0, 'grad_norm': 0.0, 'learning_rate': 9.955e-07, 'epoch': 1.46}
  0%|          | 10/2000 [07:22<23:39:47, 42.81s/it]multimodal_generation_mode text-only
Setting `pad_token_id` to `eos_token_id`:2 for open-end generation.
multimodal_generation_mode text-only
Setting `pad_token_id` to `eos_token_id`:2 for open-end generation.
multimodal_generation_mode text-only
multimodal_generation_mode text-only
Setting `pad_token_id` to `eos_token_id`:2 for open-end generation.
Setting `pad_token_id` to `eos_token_id`:2 for open-end generation.
multimodal_generation_mode text-only
Setting `pad_token_id` to `eos_token_id`:2 for open-end generation.
multimodal_generation_mode text-only
multimodal_generation_mode text-only
Setting `pad_token_id` to `eos_token_id`:2 for open-end generation.
Setting `pad_token_id` to `eos_token_id`:2 for open-end generation.
multimodal_generation_mode text-only
Setting `pad_token_id` to `eos_token_id`:2 for open-end generation.
multimodal_generation_mode text-only
Setting `pad_token_id` to `eos_token_id`:2 for open-end generation.
multimodal_generation_mode text-only
Setting `pad_token_id` to `eos_token_id`:2 for open-end generation.
multimodal_generation_mode text-only
Setting `pad_token_id` to `eos_token_id`:2 for open-end generation.
multimodal_generation_mode text-only
Setting `pad_token_id` to `eos_token_id`:2 for open-end generation.
multimodal_generation_mode text-only
Setting `pad_token_id` to `eos_token_id`:2 for open-end generation.
multimodal_generation_mode text-only
Setting `pad_token_id` to `eos_token_id`:2 for open-end generation.
                                                    {'reward/mean': 0.0, 'reward/std': 0.0, 'policy/advantage_mean': 0.0, 'policy/advantage_std': 0.0, 'loss/pg_loss': 0.0, 'loss/kl_div': -0.19074285598028273, 'epoch': 1.46}
  0%|          | 10/2000 [07:26<23:39:47, 42.81s/it]multimodal_generation_mode text-only
Setting `pad_token_id` to `eos_token_id`:2 for open-end generation.
multimodal_generation_mode text-only
Setting `pad_token_id` to `eos_token_id`:2 for open-end generation.
multimodal_generation_mode text-only
Setting `pad_token_id` to `eos_token_id`:2 for open-end generation.
multimodal_generation_mode text-only
Setting `pad_token_id` to `eos_token_id`:2 for open-end generation.
multimodal_generation_mode text-only
multimodal_generation_mode text-only
Setting `pad_token_id` to `eos_token_id`:2 for open-end generation.
Setting `pad_token_id` to `eos_token_id`:2 for open-end generation.
multimodal_generation_mode text-only
Setting `pad_token_id` to `eos_token_id`:2 for open-end generation.
multimodal_generation_mode text-only
Setting `pad_token_id` to `eos_token_id`:2 for open-end generation.
multimodal_generation_mode text-only
Setting `pad_token_id` to `eos_token_id`:2 for open-end generation.
multimodal_generation_mode text-only
Setting `pad_token_id` to `eos_token_id`:2 for open-end generation.
multimodal_generation_mode text-only
Setting `pad_token_id` to `eos_token_id`:2 for open-end generation.
multimodal_generation_mode text-only
Setting `pad_token_id` to `eos_token_id`:2 for open-end generation.
multimodal_generation_mode text-only
Setting `pad_token_id` to `eos_token_id`:2 for open-end generation.
                                                    {'reward/mean': 0.0, 'reward/std': 0.0, 'policy/advantage_mean': 0.0, 'policy/advantage_std': 0.0, 'loss/pg_loss': 0.0, 'loss/kl_div': -0.4982507093897406, 'epoch': 1.46}
  0%|          | 10/2000 [07:48<23:39:47, 42.81s/it]multimodal_generation_mode text-only
Setting `pad_token_id` to `eos_token_id`:2 for open-end generation.
multimodal_generation_mode text-only
Setting `pad_token_id` to `eos_token_id`:2 for open-end generation.
multimodal_generation_mode text-only
Setting `pad_token_id` to `eos_token_id`:2 for open-end generation.
multimodal_generation_mode text-only
Setting `pad_token_id` to `eos_token_id`:2 for open-end generation.
multimodal_generation_mode text-only
Setting `pad_token_id` to `eos_token_id`:2 for open-end generation.
  1%|          | 11/2000 [08:10<24:37:56, 44.58s/it]                                                    {'loss': 0.0, 'grad_norm': 0.0, 'learning_rate': 9.95e-07, 'epoch': 1.62}
  1%|          | 11/2000 [08:10<24:37:56, 44.58s/it]multimodal_generation_mode text-only
Setting `pad_token_id` to `eos_token_id`:2 for open-end generation.
multimodal_generation_mode text-only
multimodal_generation_mode text-only
Setting `pad_token_id` to `eos_token_id`:2 for open-end generation.
multimodal_generation_mode text-only
Setting `pad_token_id` to `eos_token_id`:2 for open-end generation.
Setting `pad_token_id` to `eos_token_id`:2 for open-end generation.
multimodal_generation_mode text-only
Setting `pad_token_id` to `eos_token_id`:2 for open-end generation.
multimodal_generation_mode text-only
multimodal_generation_mode text-only
Setting `pad_token_id` to `eos_token_id`:2 for open-end generation.
Setting `pad_token_id` to `eos_token_id`:2 for open-end generation.
multimodal_generation_mode text-only
Setting `pad_token_id` to `eos_token_id`:2 for open-end generation.
multimodal_generation_mode text-only
Setting `pad_token_id` to `eos_token_id`:2 for open-end generation.
multimodal_generation_mode text-only
Setting `pad_token_id` to `eos_token_id`:2 for open-end generation.
multimodal_generation_mode text-only
Setting `pad_token_id` to `eos_token_id`:2 for open-end generation.
multimodal_generation_mode text-only
Setting `pad_token_id` to `eos_token_id`:2 for open-end generation.
multimodal_generation_mode text-only
Setting `pad_token_id` to `eos_token_id`:2 for open-end generation.
multimodal_generation_mode text-only
Setting `pad_token_id` to `eos_token_id`:2 for open-end generation.
multimodal_generation_mode text-only
Setting `pad_token_id` to `eos_token_id`:2 for open-end generation.
multimodal_generation_mode text-only
Setting `pad_token_id` to `eos_token_id`:2 for open-end generation.
                                                    {'reward/mean': 0.0, 'reward/std': 0.0, 'policy/advantage_mean': 0.0, 'policy/advantage_std': 0.0, 'loss/pg_loss': 0.0, 'loss/kl_div': -0.16569046098358778, 'epoch': 1.62}
  1%|          | 11/2000 [08:18<24:37:56, 44.58s/it]multimodal_generation_mode text-only
Setting `pad_token_id` to `eos_token_id`:2 for open-end generation.
multimodal_generation_mode text-only
Setting `pad_token_id` to `eos_token_id`:2 for open-end generation.
multimodal_generation_mode text-only
Setting `pad_token_id` to `eos_token_id`:2 for open-end generation.
multimodal_generation_mode text-only
multimodal_generation_mode text-only
Setting `pad_token_id` to `eos_token_id`:2 for open-end generation.
Setting `pad_token_id` to `eos_token_id`:2 for open-end generation.
multimodal_generation_mode text-only
Setting `pad_token_id` to `eos_token_id`:2 for open-end generation.
multimodal_generation_mode text-only
Setting `pad_token_id` to `eos_token_id`:2 for open-end generation.
multimodal_generation_mode text-only
Setting `pad_token_id` to `eos_token_id`:2 for open-end generation.
multimodal_generation_mode text-only
Setting `pad_token_id` to `eos_token_id`:2 for open-end generation.
multimodal_generation_mode text-only
Setting `pad_token_id` to `eos_token_id`:2 for open-end generation.
multimodal_generation_mode text-only
Setting `pad_token_id` to `eos_token_id`:2 for open-end generation.
multimodal_generation_mode text-only
Setting `pad_token_id` to `eos_token_id`:2 for open-end generation.
multimodal_generation_mode text-only
Setting `pad_token_id` to `eos_token_id`:2 for open-end generation.
multimodal_generation_mode text-only
Setting `pad_token_id` to `eos_token_id`:2 for open-end generation.
multimodal_generation_mode text-only
Setting `pad_token_id` to `eos_token_id`:2 for open-end generation.
multimodal_generation_mode text-only
Setting `pad_token_id` to `eos_token_id`:2 for open-end generation.
                                                    {'reward/mean': 0.0, 'reward/std': 0.0, 'policy/advantage_mean': 0.0, 'policy/advantage_std': 0.0, 'loss/pg_loss': 0.0, 'loss/kl_div': -0.291831502512497, 'epoch': 1.62}
  1%|          | 11/2000 [08:39<24:37:56, 44.58s/it]  1%|          | 12/2000 [08:57<24:57:04, 45.18s/it]                                                    {'loss': 0.0, 'grad_norm': 0.0, 'learning_rate': 9.945e-07, 'epoch': 1.77}
  1%|          | 12/2000 [08:57<24:57:04, 45.18s/it]multimodal_generation_mode text-only
Setting `pad_token_id` to `eos_token_id`:2 for open-end generation.
multimodal_generation_mode text-only
Setting `pad_token_id` to `eos_token_id`:2 for open-end generation.
multimodal_generation_modemultimodal_generation_mode text-only
 text-only
multimodal_generation_modeSetting `pad_token_id` to `eos_token_id`:2 for open-end generation.
 Setting `pad_token_id` to `eos_token_id`:2 for open-end generation.
text-only
Setting `pad_token_id` to `eos_token_id`:2 for open-end generation.
multimodal_generation_mode text-only
Setting `pad_token_id` to `eos_token_id`:2 for open-end generation.
multimodal_generation_mode text-only
Setting `pad_token_id` to `eos_token_id`:2 for open-end generation.
multimodal_generation_mode text-only
Setting `pad_token_id` to `eos_token_id`:2 for open-end generation.
multimodal_generation_mode text-only
Setting `pad_token_id` to `eos_token_id`:2 for open-end generation.
multimodal_generation_mode text-only
Setting `pad_token_id` to `eos_token_id`:2 for open-end generation.
multimodal_generation_mode text-only
Setting `pad_token_id` to `eos_token_id`:2 for open-end generation.
multimodal_generation_mode text-only
Setting `pad_token_id` to `eos_token_id`:2 for open-end generation.
multimodal_generation_mode text-only
Setting `pad_token_id` to `eos_token_id`:2 for open-end generation.
multimodal_generation_mode text-only
Setting `pad_token_id` to `eos_token_id`:2 for open-end generation.
multimodal_generation_mode text-only
Setting `pad_token_id` to `eos_token_id`:2 for open-end generation.
multimodal_generation_mode text-only
Setting `pad_token_id` to `eos_token_id`:2 for open-end generation.
                                                    {'reward/mean': 0.0, 'reward/std': 0.0, 'policy/advantage_mean': 0.0, 'policy/advantage_std': 0.0, 'loss/pg_loss': 0.0, 'loss/kl_div': -0.057784950767939706, 'epoch': 1.77}
  1%|          | 12/2000 [09:09<24:57:04, 45.18s/it]multimodal_generation_mode text-only
Setting `pad_token_id` to `eos_token_id`:2 for open-end generation.
multimodal_generation_mode text-only
Setting `pad_token_id` to `eos_token_id`:2 for open-end generation.
multimodal_generation_mode text-only
Setting `pad_token_id` to `eos_token_id`:2 for open-end generation.
multimodal_generation_mode text-only
Setting `pad_token_id` to `eos_token_id`:2 for open-end generation.
multimodal_generation_mode text-only
Setting `pad_token_id` to `eos_token_id`:2 for open-end generation.
multimodal_generation_mode text-only
Setting `pad_token_id` to `eos_token_id`:2 for open-end generation.
multimodal_generation_mode text-only
Setting `pad_token_id` to `eos_token_id`:2 for open-end generation.
multimodal_generation_mode text-only
Setting `pad_token_id` to `eos_token_id`:2 for open-end generation.
multimodal_generation_mode text-only
Setting `pad_token_id` to `eos_token_id`:2 for open-end generation.
multimodal_generation_mode text-only
Setting `pad_token_id` to `eos_token_id`:2 for open-end generation.
multimodal_generation_mode text-only
Setting `pad_token_id` to `eos_token_id`:2 for open-end generation.
multimodal_generation_mode text-only
Setting `pad_token_id` to `eos_token_id`:2 for open-end generation.
multimodal_generation_mode text-only
Setting `pad_token_id` to `eos_token_id`:2 for open-end generation.
multimodal_generation_mode text-only
Setting `pad_token_id` to `eos_token_id`:2 for open-end generation.
multimodal_generation_mode text-only
Setting `pad_token_id` to `eos_token_id`:2 for open-end generation.
multimodal_generation_mode text-only
Setting `pad_token_id` to `eos_token_id`:2 for open-end generation.
                                                    {'reward/mean': 0.0, 'reward/std': 0.0, 'policy/advantage_mean': 0.0, 'policy/advantage_std': 0.0, 'loss/pg_loss': 0.0, 'loss/kl_div': -0.402885878017183, 'epoch': 1.77}
  1%|          | 12/2000 [09:28<24:57:04, 45.18s/it]  1%|          | 13/2000 [09:45<25:24:58, 46.05s/it]                                                    {'loss': 0.0, 'grad_norm': 0.0, 'learning_rate': 9.94e-07, 'epoch': 1.92}
  1%|          | 13/2000 [09:45<25:24:58, 46.05s/it]multimodal_generation_mode text-only
Setting `pad_token_id` to `eos_token_id`:2 for open-end generation.
multimodal_generation_mode text-only
Setting `pad_token_id` to `eos_token_id`:2 for open-end generation.
multimodal_generation_mode text-only
Setting `pad_token_id` to `eos_token_id`:2 for open-end generation.
multimodal_generation_mode text-only
Setting `pad_token_id` to `eos_token_id`:2 for open-end generation.
multimodal_generation_mode text-only
multimodal_generation_mode text-only
Setting `pad_token_id` to `eos_token_id`:2 for open-end generation.
Setting `pad_token_id` to `eos_token_id`:2 for open-end generation.
multimodal_generation_modemultimodal_generation_mode text-only
 text-only
Setting `pad_token_id` to `eos_token_id`:2 for open-end generation.
Setting `pad_token_id` to `eos_token_id`:2 for open-end generation.
multimodal_generation_mode text-only
Setting `pad_token_id` to `eos_token_id`:2 for open-end generation.
multimodal_generation_mode text-only
Setting `pad_token_id` to `eos_token_id`:2 for open-end generation.
multimodal_generation_mode text-only
Setting `pad_token_id` to `eos_token_id`:2 for open-end generation.
multimodal_generation_mode text-only
Setting `pad_token_id` to `eos_token_id`:2 for open-end generation.
multimodal_generation_mode text-only
Setting `pad_token_id` to `eos_token_id`:2 for open-end generation.
multimodal_generation_mode text-only
Setting `pad_token_id` to `eos_token_id`:2 for open-end generation.
multimodal_generation_mode text-only
Setting `pad_token_id` to `eos_token_id`:2 for open-end generation.
                                                    {'reward/mean': 0.0, 'reward/std': 0.0, 'policy/advantage_mean': 0.0, 'policy/advantage_std': 0.0, 'loss/pg_loss': 0.0, 'loss/kl_div': -0.2617604013835414, 'epoch': 1.92}
  1%|          | 13/2000 [09:53<25:24:58, 46.05s/it]multimodal_generation_mode text-only
Setting `pad_token_id` to `eos_token_id`:2 for open-end generation.
  1%|          | 14/2000 [10:12<22:14:37, 40.32s/it]                                                    {'loss': 0.0, 'grad_norm': 0.0, 'learning_rate': 9.935e-07, 'epoch': 2.0}
  1%|          | 14/2000 [10:12<22:14:37, 40.32s/it]multimodal_generation_mode text-only
multimodal_generation_mode text-only
Setting `pad_token_id` to `eos_token_id`:2 for open-end generation.
Setting `pad_token_id` to `eos_token_id`:2 for open-end generation.
multimodal_generation_mode text-only
Setting `pad_token_id` to `eos_token_id`:2 for open-end generation.
multimodal_generation_mode text-only
Setting `pad_token_id` to `eos_token_id`:2 for open-end generation.
multimodal_generation_mode text-only
multimodal_generation_mode text-only
Setting `pad_token_id` to `eos_token_id`:2 for open-end generation.
Setting `pad_token_id` to `eos_token_id`:2 for open-end generation.
multimodal_generation_mode text-only
Setting `pad_token_id` to `eos_token_id`:2 for open-end generation.
multimodal_generation_mode text-only
Setting `pad_token_id` to `eos_token_id`:2 for open-end generation.
multimodal_generation_mode text-only
Setting `pad_token_id` to `eos_token_id`:2 for open-end generation.
multimodal_generation_mode text-only
Setting `pad_token_id` to `eos_token_id`:2 for open-end generation.
multimodal_generation_mode text-only
Setting `pad_token_id` to `eos_token_id`:2 for open-end generation.
multimodal_generation_mode text-only
Setting `pad_token_id` to `eos_token_id`:2 for open-end generation.
multimodal_generation_mode text-only
Setting `pad_token_id` to `eos_token_id`:2 for open-end generation.
multimodal_generation_mode text-only
Setting `pad_token_id` to `eos_token_id`:2 for open-end generation.
multimodal_generation_mode text-only
Setting `pad_token_id` to `eos_token_id`:2 for open-end generation.
                                                    {'reward/mean': 0.0, 'reward/std': 0.0, 'policy/advantage_mean': 0.0, 'policy/advantage_std': 0.0, 'loss/pg_loss': 0.0, 'loss/kl_div': -0.24274485661433293, 'epoch': 2.0}
  1%|          | 14/2000 [10:17<22:14:37, 40.32s/it]multimodal_generation_mode text-only
Setting `pad_token_id` to `eos_token_id`:2 for open-end generation.
multimodal_generation_mode text-only
Setting `pad_token_id` to `eos_token_id`:2 for open-end generation.
multimodal_generation_mode text-only
Setting `pad_token_id` to `eos_token_id`:2 for open-end generation.
multimodal_generation_mode text-only
multimodal_generation_mode text-only
Setting `pad_token_id` to `eos_token_id`:2 for open-end generation.
Setting `pad_token_id` to `eos_token_id`:2 for open-end generation.
multimodal_generation_mode text-only
Setting `pad_token_id` to `eos_token_id`:2 for open-end generation.
multimodal_generation_mode text-only
Setting `pad_token_id` to `eos_token_id`:2 for open-end generation.
multimodal_generation_mode text-only
Setting `pad_token_id` to `eos_token_id`:2 for open-end generation.
multimodal_generation_mode text-only
Setting `pad_token_id` to `eos_token_id`:2 for open-end generation.
multimodal_generation_mode text-only
Setting `pad_token_id` to `eos_token_id`:2 for open-end generation.
multimodal_generation_mode text-only
Setting `pad_token_id` to `eos_token_id`:2 for open-end generation.
multimodal_generation_mode text-only
Setting `pad_token_id` to `eos_token_id`:2 for open-end generation.
multimodal_generation_mode text-only
Setting `pad_token_id` to `eos_token_id`:2 for open-end generation.
multimodal_generation_mode text-only
Setting `pad_token_id` to `eos_token_id`:2 for open-end generation.
multimodal_generation_mode text-only
Setting `pad_token_id` to `eos_token_id`:2 for open-end generation.
multimodal_generation_mode text-only
Setting `pad_token_id` to `eos_token_id`:2 for open-end generation.
multimodal_generation_mode text-only
Setting `pad_token_id` to `eos_token_id`:2 for open-end generation.
                                                    {'reward/mean': 0.0, 'reward/std': 0.0, 'policy/advantage_mean': 0.0, 'policy/advantage_std': 0.0, 'loss/pg_loss': 0.0, 'loss/kl_div': -0.6149706956816883, 'epoch': 2.0}
  1%|          | 14/2000 [10:42<22:14:37, 40.32s/it]  1%|          | 15/2000 [11:02<23:52:26, 43.30s/it]                                                    {'loss': 0.0, 'grad_norm': 0.0, 'learning_rate': 9.929999999999999e-07, 'epoch': 2.15}
  1%|          | 15/2000 [11:02<23:52:26, 43.30s/it]multimodal_generation_mode text-only
Setting `pad_token_id` to `eos_token_id`:2 for open-end generation.
multimodal_generation_mode text-only
Setting `pad_token_id` to `eos_token_id`:2 for open-end generation.
multimodal_generation_mode text-only
multimodal_generation_mode text-only
Setting `pad_token_id` to `eos_token_id`:2 for open-end generation.
Setting `pad_token_id` to `eos_token_id`:2 for open-end generation.
multimodal_generation_mode text-only
Setting `pad_token_id` to `eos_token_id`:2 for open-end generation.
multimodal_generation_mode text-only
Setting `pad_token_id` to `eos_token_id`:2 for open-end generation.
multimodal_generation_mode text-only
multimodal_generation_mode text-only
Setting `pad_token_id` to `eos_token_id`:2 for open-end generation.
Setting `pad_token_id` to `eos_token_id`:2 for open-end generation.
multimodal_generation_mode text-only
Setting `pad_token_id` to `eos_token_id`:2 for open-end generation.
multimodal_generation_mode text-only
Setting `pad_token_id` to `eos_token_id`:2 for open-end generation.
multimodal_generation_mode text-only
Setting `pad_token_id` to `eos_token_id`:2 for open-end generation.
multimodal_generation_mode text-only
Setting `pad_token_id` to `eos_token_id`:2 for open-end generation.
multimodal_generation_mode text-only
Setting `pad_token_id` to `eos_token_id`:2 for open-end generation.
multimodal_generation_mode text-only
Setting `pad_token_id` to `eos_token_id`:2 for open-end generation.
multimodal_generation_mode text-only
Setting `pad_token_id` to `eos_token_id`:2 for open-end generation.
                                                    {'reward/mean': 0.0, 'reward/std': 0.0, 'policy/advantage_mean': 0.0, 'policy/advantage_std': 0.0, 'loss/pg_loss': 0.0, 'loss/kl_div': -0.15947972644459119, 'epoch': 2.15}
  1%|          | 15/2000 [11:09<23:52:26, 43.30s/it]multimodal_generation_mode text-only
Setting `pad_token_id` to `eos_token_id`:2 for open-end generation.
multimodal_generation_mode text-only
Setting `pad_token_id` to `eos_token_id`:2 for open-end generation.
multimodal_generation_mode text-only
Setting `pad_token_id` to `eos_token_id`:2 for open-end generation.
multimodal_generation_mode text-only
Setting `pad_token_id` to `eos_token_id`:2 for open-end generation.
multimodal_generation_mode text-only
Setting `pad_token_id` to `eos_token_id`:2 for open-end generation.
multimodal_generation_mode text-only
Setting `pad_token_id` to `eos_token_id`:2 for open-end generation.
multimodal_generation_mode text-only
multimodal_generation_mode text-only
Setting `pad_token_id` to `eos_token_id`:2 for open-end generation.
Setting `pad_token_id` to `eos_token_id`:2 for open-end generation.
multimodal_generation_mode text-only
Setting `pad_token_id` to `eos_token_id`:2 for open-end generation.
multimodal_generation_mode text-only
Setting `pad_token_id` to `eos_token_id`:2 for open-end generation.
multimodal_generation_mode text-only
Setting `pad_token_id` to `eos_token_id`:2 for open-end generation.
multimodal_generation_mode text-only
Setting `pad_token_id` to `eos_token_id`:2 for open-end generation.
multimodal_generation_mode text-only
Setting `pad_token_id` to `eos_token_id`:2 for open-end generation.
multimodal_generation_mode text-only
Setting `pad_token_id` to `eos_token_id`:2 for open-end generation.
multimodal_generation_mode text-only
Setting `pad_token_id` to `eos_token_id`:2 for open-end generation.
multimodal_generation_mode text-only
Setting `pad_token_id` to `eos_token_id`:2 for open-end generation.
multimodal_generation_mode text-only
Setting `pad_token_id` to `eos_token_id`:2 for open-end generation.
                                                    {'reward/mean': 0.0, 'reward/std': 0.0, 'policy/advantage_mean': 0.0, 'policy/advantage_std': 0.0, 'loss/pg_loss': 0.0, 'loss/kl_div': -0.12294364231888966, 'epoch': 2.15}
  1%|          | 15/2000 [11:34<23:52:26, 43.30s/it]  1%|          | 16/2000 [11:52<24:56:26, 45.26s/it]                                                    {'loss': 0.0, 'grad_norm': 0.0, 'learning_rate': 9.925e-07, 'epoch': 2.31}
  1%|          | 16/2000 [11:52<24:56:26, 45.26s/it]multimodal_generation_mode text-only
Setting `pad_token_id` to `eos_token_id`:2 for open-end generation.
multimodal_generation_mode text-only
Setting `pad_token_id` to `eos_token_id`:2 for open-end generation.
multimodal_generation_mode text-only
Setting `pad_token_id` to `eos_token_id`:2 for open-end generation.
multimodal_generation_mode text-only
multimodal_generation_modemultimodal_generation_mode text-only
 text-only
Setting `pad_token_id` to `eos_token_id`:2 for open-end generation.
Setting `pad_token_id` to `eos_token_id`:2 for open-end generation.
multimodal_generation_modemultimodal_generation_mode  text-onlytext-only

Setting `pad_token_id` to `eos_token_id`:2 for open-end generation.
Setting `pad_token_id` to `eos_token_id`:2 for open-end generation.
Setting `pad_token_id` to `eos_token_id`:2 for open-end generation.
multimodal_generation_mode text-only
Setting `pad_token_id` to `eos_token_id`:2 for open-end generation.
multimodal_generation_mode text-only
Setting `pad_token_id` to `eos_token_id`:2 for open-end generation.
multimodal_generation_mode text-only
Setting `pad_token_id` to `eos_token_id`:2 for open-end generation.
multimodal_generation_mode text-only
Setting `pad_token_id` to `eos_token_id`:2 for open-end generation.
multimodal_generation_mode text-only
Setting `pad_token_id` to `eos_token_id`:2 for open-end generation.
multimodal_generation_mode text-only
Setting `pad_token_id` to `eos_token_id`:2 for open-end generation.
multimodal_generation_mode text-only
Setting `pad_token_id` to `eos_token_id`:2 for open-end generation.
multimodal_generation_mode text-only
Setting `pad_token_id` to `eos_token_id`:2 for open-end generation.
                                                    {'reward/mean': 0.0, 'reward/std': 0.0, 'policy/advantage_mean': 0.0, 'policy/advantage_std': 0.0, 'loss/pg_loss': 0.0, 'loss/kl_div': -0.1543915999563117, 'epoch': 2.31}
  1%|          | 16/2000 [12:02<24:56:26, 45.26s/it]multimodal_generation_mode text-only
Setting `pad_token_id` to `eos_token_id`:2 for open-end generation.
multimodal_generation_mode text-only
Setting `pad_token_id` to `eos_token_id`:2 for open-end generation.
multimodal_generation_mode text-only
Setting `pad_token_id` to `eos_token_id`:2 for open-end generation.
multimodal_generation_mode text-only
Setting `pad_token_id` to `eos_token_id`:2 for open-end generation.
multimodal_generation_mode text-only
Setting `pad_token_id` to `eos_token_id`:2 for open-end generation.
multimodal_generation_mode text-only
multimodal_generation_mode text-only
Setting `pad_token_id` to `eos_token_id`:2 for open-end generation.
Setting `pad_token_id` to `eos_token_id`:2 for open-end generation.
multimodal_generation_mode text-only
Setting `pad_token_id` to `eos_token_id`:2 for open-end generation.
multimodal_generation_mode text-only
Setting `pad_token_id` to `eos_token_id`:2 for open-end generation.
multimodal_generation_mode text-only
Setting `pad_token_id` to `eos_token_id`:2 for open-end generation.
multimodal_generation_mode text-only
Setting `pad_token_id` to `eos_token_id`:2 for open-end generation.
multimodal_generation_mode text-only
Setting `pad_token_id` to `eos_token_id`:2 for open-end generation.
multimodal_generation_mode text-only
Setting `pad_token_id` to `eos_token_id`:2 for open-end generation.
multimodal_generation_mode text-only
Setting `pad_token_id` to `eos_token_id`:2 for open-end generation.
multimodal_generation_mode text-only
Setting `pad_token_id` to `eos_token_id`:2 for open-end generation.
multimodal_generation_mode text-only
Setting `pad_token_id` to `eos_token_id`:2 for open-end generation.
                                                    {'reward/mean': 0.0, 'reward/std': 0.0, 'policy/advantage_mean': 0.0, 'policy/advantage_std': 0.0, 'loss/pg_loss': 0.0, 'loss/kl_div': -0.20458319752486712, 'epoch': 2.31}
  1%|          | 16/2000 [12:18<24:56:26, 45.26s/it]  1%|          | 17/2000 [12:39<25:09:34, 45.68s/it]                                                    {'loss': 0.0, 'grad_norm': 0.0, 'learning_rate': 9.92e-07, 'epoch': 2.46}
  1%|          | 17/2000 [12:39<25:09:34, 45.68s/it]multimodal_generation_mode text-only
Setting `pad_token_id` to `eos_token_id`:2 for open-end generation.
multimodal_generation_mode text-only
Setting `pad_token_id` to `eos_token_id`:2 for open-end generation.
multimodal_generation_mode text-only
Setting `pad_token_id` to `eos_token_id`:2 for open-end generation.
multimodal_generation_mode text-only
Setting `pad_token_id` to `eos_token_id`:2 for open-end generation.
multimodal_generation_mode text-only
multimodal_generation_mode text-only
Setting `pad_token_id` to `eos_token_id`:2 for open-end generation.
Setting `pad_token_id` to `eos_token_id`:2 for open-end generation.
multimodal_generation_mode text-only
multimodal_generation_mode text-only
Setting `pad_token_id` to `eos_token_id`:2 for open-end generation.
Setting `pad_token_id` to `eos_token_id`:2 for open-end generation.
multimodal_generation_mode text-only
Setting `pad_token_id` to `eos_token_id`:2 for open-end generation.
multimodal_generation_mode text-only
Setting `pad_token_id` to `eos_token_id`:2 for open-end generation.
multimodal_generation_mode text-only
Setting `pad_token_id` to `eos_token_id`:2 for open-end generation.
multimodal_generation_mode text-only
Setting `pad_token_id` to `eos_token_id`:2 for open-end generation.
multimodal_generation_mode text-only
Setting `pad_token_id` to `eos_token_id`:2 for open-end generation.
multimodal_generation_mode text-only
Setting `pad_token_id` to `eos_token_id`:2 for open-end generation.
multimodal_generation_mode text-only
Setting `pad_token_id` to `eos_token_id`:2 for open-end generation.
multimodal_generation_mode text-only
Setting `pad_token_id` to `eos_token_id`:2 for open-end generation.
                                                    {'reward/mean': 0.0, 'reward/std': 0.0, 'policy/advantage_mean': 0.0, 'policy/advantage_std': 0.0, 'loss/pg_loss': 0.0, 'loss/kl_div': -0.07130999020547256, 'epoch': 2.46}
  1%|          | 17/2000 [12:51<25:09:34, 45.68s/it]multimodal_generation_mode text-only
Setting `pad_token_id` to `eos_token_id`:2 for open-end generation.
multimodal_generation_mode text-only
Setting `pad_token_id` to `eos_token_id`:2 for open-end generation.
multimodal_generation_mode text-only
Setting `pad_token_id` to `eos_token_id`:2 for open-end generation.
multimodal_generation_mode text-only
Setting `pad_token_id` to `eos_token_id`:2 for open-end generation.
multimodal_generation_mode text-only
multimodal_generation_mode text-only
Setting `pad_token_id` to `eos_token_id`:2 for open-end generation.
Setting `pad_token_id` to `eos_token_id`:2 for open-end generation.
multimodal_generation_mode text-only
Setting `pad_token_id` to `eos_token_id`:2 for open-end generation.
multimodal_generation_mode text-only
Setting `pad_token_id` to `eos_token_id`:2 for open-end generation.
multimodal_generation_mode text-only
Setting `pad_token_id` to `eos_token_id`:2 for open-end generation.
multimodal_generation_mode text-only
Setting `pad_token_id` to `eos_token_id`:2 for open-end generation.
multimodal_generation_mode text-only
Setting `pad_token_id` to `eos_token_id`:2 for open-end generation.
multimodal_generation_mode text-only
Setting `pad_token_id` to `eos_token_id`:2 for open-end generation.
multimodal_generation_mode text-only
Setting `pad_token_id` to `eos_token_id`:2 for open-end generation.
multimodal_generation_mode text-only
Setting `pad_token_id` to `eos_token_id`:2 for open-end generation.
multimodal_generation_mode text-only
Setting `pad_token_id` to `eos_token_id`:2 for open-end generation.
multimodal_generation_mode text-only
Setting `pad_token_id` to `eos_token_id`:2 for open-end generation.
                                                    {'reward/mean': 0.0, 'reward/std': 0.0, 'policy/advantage_mean': 0.0, 'policy/advantage_std': 0.0, 'loss/pg_loss': 0.0, 'loss/kl_div': -0.6131709843725708, 'epoch': 2.46}
  1%|          | 17/2000 [13:05<25:09:34, 45.68s/it]  1%|          | 18/2000 [13:23<24:57:42, 45.34s/it]                                                    {'loss': 0.0, 'grad_norm': 0.0, 'learning_rate': 9.915e-07, 'epoch': 2.62}
  1%|          | 18/2000 [13:23<24:57:42, 45.34s/it]multimodal_generation_mode text-only
Setting `pad_token_id` to `eos_token_id`:2 for open-end generation.
multimodal_generation_mode text-only
Setting `pad_token_id` to `eos_token_id`:2 for open-end generation.
multimodal_generation_mode text-only
multimodal_generation_mode text-only
Setting `pad_token_id` to `eos_token_id`:2 for open-end generation.
Setting `pad_token_id` to `eos_token_id`:2 for open-end generation.
multimodal_generation_mode text-only
multimodal_generation_mode text-only
multimodal_generation_mode Setting `pad_token_id` to `eos_token_id`:2 for open-end generation.
text-only
Setting `pad_token_id` to `eos_token_id`:2 for open-end generation.
multimodal_generation_mode text-only
Setting `pad_token_id` to `eos_token_id`:2 for open-end generation.
Setting `pad_token_id` to `eos_token_id`:2 for open-end generation.
multimodal_generation_mode text-only
Setting `pad_token_id` to `eos_token_id`:2 for open-end generation.
multimodal_generation_mode text-only
Setting `pad_token_id` to `eos_token_id`:2 for open-end generation.
multimodal_generation_mode text-only
Setting `pad_token_id` to `eos_token_id`:2 for open-end generation.
multimodal_generation_mode text-only
Setting `pad_token_id` to `eos_token_id`:2 for open-end generation.
multimodal_generation_mode text-only
Setting `pad_token_id` to `eos_token_id`:2 for open-end generation.
multimodal_generation_mode text-only
Setting `pad_token_id` to `eos_token_id`:2 for open-end generation.
multimodal_generation_mode text-only
Setting `pad_token_id` to `eos_token_id`:2 for open-end generation.
multimodal_generation_mode text-only
Setting `pad_token_id` to `eos_token_id`:2 for open-end generation.
                                                    {'reward/mean': 0.0, 'reward/std': 0.0, 'policy/advantage_mean': 0.0, 'policy/advantage_std': 0.0, 'loss/pg_loss': 0.0, 'loss/kl_div': -0.5589502984951423, 'epoch': 2.62}
  1%|          | 18/2000 [13:36<24:57:42, 45.34s/it]multimodal_generation_mode text-only
Setting `pad_token_id` to `eos_token_id`:2 for open-end generation.
multimodal_generation_mode text-only
Setting `pad_token_id` to `eos_token_id`:2 for open-end generation.
multimodal_generation_mode text-only
multimodal_generation_mode text-only
Setting `pad_token_id` to `eos_token_id`:2 for open-end generation.
Setting `pad_token_id` to `eos_token_id`:2 for open-end generation.
multimodal_generation_mode text-only
Setting `pad_token_id` to `eos_token_id`:2 for open-end generation.
multimodal_generation_mode multimodal_generation_modetext-only
 text-only
Setting `pad_token_id` to `eos_token_id`:2 for open-end generation.
Setting `pad_token_id` to `eos_token_id`:2 for open-end generation.
multimodal_generation_mode text-only
Setting `pad_token_id` to `eos_token_id`:2 for open-end generation.
multimodal_generation_mode text-only
Setting `pad_token_id` to `eos_token_id`:2 for open-end generation.
multimodal_generation_mode text-only
Setting `pad_token_id` to `eos_token_id`:2 for open-end generation.
multimodal_generation_mode text-only
Setting `pad_token_id` to `eos_token_id`:2 for open-end generation.
multimodal_generation_mode text-only
Setting `pad_token_id` to `eos_token_id`:2 for open-end generation.
multimodal_generation_mode text-only
Setting `pad_token_id` to `eos_token_id`:2 for open-end generation.
multimodal_generation_mode text-only
Setting `pad_token_id` to `eos_token_id`:2 for open-end generation.
multimodal_generation_mode text-only
Setting `pad_token_id` to `eos_token_id`:2 for open-end generation.
multimodal_generation_mode text-only
Setting `pad_token_id` to `eos_token_id`:2 for open-end generation.
                                                    {'reward/mean': 0.0, 'reward/std': 0.0, 'policy/advantage_mean': 0.0, 'policy/advantage_std': 0.0, 'loss/pg_loss': 0.0, 'loss/kl_div': -0.4049546017366297, 'epoch': 2.62}
  1%|          | 18/2000 [13:47<24:57:42, 45.34s/it]  1%|          | 19/2000 [14:09<25:05:54, 45.61s/it]                                                    {'loss': 0.0, 'grad_norm': 0.0, 'learning_rate': 9.91e-07, 'epoch': 2.77}
  1%|          | 19/2000 [14:09<25:05:54, 45.61s/it]multimodal_generation_mode text-only
Setting `pad_token_id` to `eos_token_id`:2 for open-end generation.
multimodal_generation_mode text-only
Setting `pad_token_id` to `eos_token_id`:2 for open-end generation.
multimodal_generation_mode text-only
Setting `pad_token_id` to `eos_token_id`:2 for open-end generation.
multimodal_generation_mode text-only
multimodal_generation_mode text-only
Setting `pad_token_id` to `eos_token_id`:2 for open-end generation.
Setting `pad_token_id` to `eos_token_id`:2 for open-end generation.
multimodal_generation_mode text-only
multimodal_generation_mode text-only
Setting `pad_token_id` to `eos_token_id`:2 for open-end generation.
Setting `pad_token_id` to `eos_token_id`:2 for open-end generation.
multimodal_generation_mode text-only
Setting `pad_token_id` to `eos_token_id`:2 for open-end generation.
multimodal_generation_mode text-only
Setting `pad_token_id` to `eos_token_id`:2 for open-end generation.
multimodal_generation_mode text-only
Setting `pad_token_id` to `eos_token_id`:2 for open-end generation.
multimodal_generation_mode text-only
Setting `pad_token_id` to `eos_token_id`:2 for open-end generation.
multimodal_generation_mode text-only
Setting `pad_token_id` to `eos_token_id`:2 for open-end generation.
multimodal_generation_mode text-only
Setting `pad_token_id` to `eos_token_id`:2 for open-end generation.
multimodal_generation_mode text-only
Setting `pad_token_id` to `eos_token_id`:2 for open-end generation.
multimodal_generation_mode text-only
Setting `pad_token_id` to `eos_token_id`:2 for open-end generation.
                                                    {'reward/mean': 0.0, 'reward/std': 0.0, 'policy/advantage_mean': 0.0, 'policy/advantage_std': 0.0, 'loss/pg_loss': 0.0, 'loss/kl_div': -0.16876454739957242, 'epoch': 2.77}
  1%|          | 19/2000 [14:16<25:05:54, 45.61s/it]multimodal_generation_mode text-only
Setting `pad_token_id` to `eos_token_id`:2 for open-end generation.
multimodal_generation_mode text-only
Setting `pad_token_id` to `eos_token_id`:2 for open-end generation.
multimodal_generation_mode text-only
Setting `pad_token_id` to `eos_token_id`:2 for open-end generation.
multimodal_generation_mode text-only
Setting `pad_token_id` to `eos_token_id`:2 for open-end generation.
multimodal_generation_mode text-only
Setting `pad_token_id` to `eos_token_id`:2 for open-end generation.
multimodal_generation_mode text-only
Setting `pad_token_id` to `eos_token_id`:2 for open-end generation.
multimodal_generation_mode text-only
Setting `pad_token_id` to `eos_token_id`:2 for open-end generation.
multimodal_generation_mode text-only
Setting `pad_token_id` to `eos_token_id`:2 for open-end generation.
multimodal_generation_mode text-only
Setting `pad_token_id` to `eos_token_id`:2 for open-end generation.
multimodal_generation_mode text-only
Setting `pad_token_id` to `eos_token_id`:2 for open-end generation.
multimodal_generation_mode text-only
Setting `pad_token_id` to `eos_token_id`:2 for open-end generation.
multimodal_generation_mode text-only
Setting `pad_token_id` to `eos_token_id`:2 for open-end generation.
multimodal_generation_mode text-only
Setting `pad_token_id` to `eos_token_id`:2 for open-end generation.
multimodal_generation_mode text-only
Setting `pad_token_id` to `eos_token_id`:2 for open-end generation.
multimodal_generation_mode text-only
Setting `pad_token_id` to `eos_token_id`:2 for open-end generation.
multimodal_generation_mode text-only
Setting `pad_token_id` to `eos_token_id`:2 for open-end generation.
multimodal_generation_mode text-only
Setting `pad_token_id` to `eos_token_id`:2 for open-end generation.
                                                    {'reward/mean': 0.0, 'reward/std': 0.0, 'policy/advantage_mean': 0.0, 'policy/advantage_std': 0.0, 'loss/pg_loss': 0.0, 'loss/kl_div': -0.17157878670641172, 'epoch': 2.77}
  1%|          | 19/2000 [14:35<25:05:54, 45.61s/it]  1%|          | 20/2000 [14:54<24:56:22, 45.34s/it]                                                    {'loss': 0.0, 'grad_norm': 0.0, 'learning_rate': 9.905e-07, 'epoch': 2.92}
  1%|          | 20/2000 [14:54<24:56:22, 45.34s/it]multimodal_generation_mode text-only
Setting `pad_token_id` to `eos_token_id`:2 for open-end generation.
multimodal_generation_mode text-only
Setting `pad_token_id` to `eos_token_id`:2 for open-end generation.
multimodal_generation_mode text-only
Setting `pad_token_id` to `eos_token_id`:2 for open-end generation.
multimodal_generation_mode text-only
Setting `pad_token_id` to `eos_token_id`:2 for open-end generation.
multimodal_generation_mode text-only
multimodal_generation_mode text-only
Setting `pad_token_id` to `eos_token_id`:2 for open-end generation.
Setting `pad_token_id` to `eos_token_id`:2 for open-end generation.
multimodal_generation_mode text-only
Setting `pad_token_id` to `eos_token_id`:2 for open-end generation.
multimodal_generation_mode text-only
Setting `pad_token_id` to `eos_token_id`:2 for open-end generation.
multimodal_generation_mode text-only
Setting `pad_token_id` to `eos_token_id`:2 for open-end generation.
multimodal_generation_mode text-only
Setting `pad_token_id` to `eos_token_id`:2 for open-end generation.
multimodal_generation_mode text-only
Setting `pad_token_id` to `eos_token_id`:2 for open-end generation.
multimodal_generation_mode text-only
Setting `pad_token_id` to `eos_token_id`:2 for open-end generation.
multimodal_generation_mode text-only
Setting `pad_token_id` to `eos_token_id`:2 for open-end generation.
multimodal_generation_mode text-only
Setting `pad_token_id` to `eos_token_id`:2 for open-end generation.
multimodal_generation_mode text-only
Setting `pad_token_id` to `eos_token_id`:2 for open-end generation.
multimodal_generation_mode text-only
Setting `pad_token_id` to `eos_token_id`:2 for open-end generation.
                                                    {'reward/mean': 0.0, 'reward/std': 0.0, 'policy/advantage_mean': 0.0, 'policy/advantage_std': 0.0, 'loss/pg_loss': 0.0, 'loss/kl_div': -0.09677266645001935, 'epoch': 2.92}
  1%|          | 20/2000 [14:59<24:56:22, 45.34s/it]  1%|          | 21/2000 [15:18<21:18:18, 38.76s/it]                                                    {'loss': 0.0, 'grad_norm': 0.0, 'learning_rate': 9.9e-07, 'epoch': 3.0}
  1%|          | 21/2000 [15:18<21:18:18, 38.76s/it]multimodal_generation_mode text-only
Setting `pad_token_id` to `eos_token_id`:2 for open-end generation.
multimodal_generation_mode text-only
Setting `pad_token_id` to `eos_token_id`:2 for open-end generation.
multimodal_generation_mode text-only
multimodal_generation_mode text-only
Setting `pad_token_id` to `eos_token_id`:2 for open-end generation.
multimodal_generation_mode text-only
multimodal_generation_mode text-only
Setting `pad_token_id` to `eos_token_id`:2 for open-end generation.
Setting `pad_token_id` to `eos_token_id`:2 for open-end generation.
Setting `pad_token_id` to `eos_token_id`:2 for open-end generation.
multimodal_generation_mode text-only
Setting `pad_token_id` to `eos_token_id`:2 for open-end generation.
multimodal_generation_mode text-only
Setting `pad_token_id` to `eos_token_id`:2 for open-end generation.
multimodal_generation_mode text-only
Setting `pad_token_id` to `eos_token_id`:2 for open-end generation.
multimodal_generation_mode text-only
Setting `pad_token_id` to `eos_token_id`:2 for open-end generation.
multimodal_generation_mode text-only
Setting `pad_token_id` to `eos_token_id`:2 for open-end generation.
multimodal_generation_mode text-only
Setting `pad_token_id` to `eos_token_id`:2 for open-end generation.
multimodal_generation_mode text-only
Setting `pad_token_id` to `eos_token_id`:2 for open-end generation.
multimodal_generation_mode text-only
Setting `pad_token_id` to `eos_token_id`:2 for open-end generation.
multimodal_generation_mode text-only
Setting `pad_token_id` to `eos_token_id`:2 for open-end generation.
                                                    {'reward/mean': 0.0, 'reward/std': 0.0, 'policy/advantage_mean': 0.0, 'policy/advantage_std': 0.0, 'loss/pg_loss': 0.0, 'loss/kl_div': -0.18042096053019607, 'epoch': 3.0}
  1%|          | 21/2000 [15:25<21:18:18, 38.76s/it]multimodal_generation_mode text-only
Setting `pad_token_id` to `eos_token_id`:2 for open-end generation.
