[INFO] Launch command: accelerate launch --config_file /data1/oujingfeng/project/twgi/Orthus/accelerate_config_stage3_offload.yaml --num_processes 8 /data1/oujingfeng/project/twgi/Orthus/train/grpo/grpo_orthus.py --model_name_or_path /data1/oujingfeng/project/twgi/checkpoints/mydatasets/orthus-7b-sft-base-sample4000b100e100l1e-5weight-F --output_dir /data1/oujingfeng/project/twgi/checkpoints/grpo/orthus-7b-grpo-geneval-v1 --run_name orthus-7b-grpo-geneval-v1 --dataset_name /data1/oujingfeng/project/twgi/datasets/mydatasets/dataset/data_modified.json --image_base_dir /data1/oujingfeng/project/twgi/datasets/mydatasets/dataset/data --bf16 True --torch_dtype bfloat16 --attn_implementation flash_attention_2 --gradient_checkpointing True --max_prompt_length 1400 --max_completion_length 256 --per_device_train_batch_size 1 --gradient_accumulation_steps 2 --learning_rate 1e-6 --max_steps 2000 --logging_steps 1 --save_steps 500 --temperature 1.0 --num_generations 2 --generation_batch_size 16 --beta 0 --optim adamw_torch --interleave_generation False --reward_funcs answer_correctness format --reward_smooth True --kl_reweight True --update_ref False --entropy_reward True --use_peft True --lora_r 16 --lora_alpha 32 --lora_dropout 0.05 --lora_task_type CAUSAL_LM --lora_target_modules q_proj,k_proj,v_proj,o_proj
/data1/conda/envs/orthus/lib/python3.11/site-packages/torch/cuda/__init__.py:63: FutureWarning: The pynvml package is deprecated. Please install nvidia-ml-py instead. If you did not install pynvml directly, please report this to the maintainers of the package that installed pynvml for you.
  import pynvml  # type: ignore[import]
W1103 15:27:04.428000 2066969 site-packages/torch/distributed/run.py:774] 
W1103 15:27:04.428000 2066969 site-packages/torch/distributed/run.py:774] *****************************************
W1103 15:27:04.428000 2066969 site-packages/torch/distributed/run.py:774] Setting OMP_NUM_THREADS environment variable for each process to be 1 in default, to avoid your system being overloaded, please further tune the variable for optimal performance in your application as needed. 
W1103 15:27:04.428000 2066969 site-packages/torch/distributed/run.py:774] *****************************************
/data1/conda/envs/orthus/lib/python3.11/site-packages/torch/cuda/__init__.py:63: FutureWarning: The pynvml package is deprecated. Please install nvidia-ml-py instead. If you did not install pynvml directly, please report this to the maintainers of the package that installed pynvml for you.
  import pynvml  # type: ignore[import]
/data1/conda/envs/orthus/lib/python3.11/site-packages/torch/cuda/__init__.py:63: FutureWarning: The pynvml package is deprecated. Please install nvidia-ml-py instead. If you did not install pynvml directly, please report this to the maintainers of the package that installed pynvml for you.
  import pynvml  # type: ignore[import]
/data1/conda/envs/orthus/lib/python3.11/site-packages/torch/cuda/__init__.py:63: FutureWarning: The pynvml package is deprecated. Please install nvidia-ml-py instead. If you did not install pynvml directly, please report this to the maintainers of the package that installed pynvml for you.
  import pynvml  # type: ignore[import]
/data1/conda/envs/orthus/lib/python3.11/site-packages/torch/cuda/__init__.py:63: FutureWarning: The pynvml package is deprecated. Please install nvidia-ml-py instead. If you did not install pynvml directly, please report this to the maintainers of the package that installed pynvml for you.
  import pynvml  # type: ignore[import]
/data1/conda/envs/orthus/lib/python3.11/site-packages/torch/cuda/__init__.py:63: FutureWarning: The pynvml package is deprecated. Please install nvidia-ml-py instead. If you did not install pynvml directly, please report this to the maintainers of the package that installed pynvml for you.
  import pynvml  # type: ignore[import]
/data1/conda/envs/orthus/lib/python3.11/site-packages/torch/cuda/__init__.py:63: FutureWarning: The pynvml package is deprecated. Please install nvidia-ml-py instead. If you did not install pynvml directly, please report this to the maintainers of the package that installed pynvml for you.
  import pynvml  # type: ignore[import]
/data1/conda/envs/orthus/lib/python3.11/site-packages/torch/cuda/__init__.py:63: FutureWarning: The pynvml package is deprecated. Please install nvidia-ml-py instead. If you did not install pynvml directly, please report this to the maintainers of the package that installed pynvml for you.
  import pynvml  # type: ignore[import]
/data1/conda/envs/orthus/lib/python3.11/site-packages/torch/cuda/__init__.py:63: FutureWarning: The pynvml package is deprecated. Please install nvidia-ml-py instead. If you did not install pynvml directly, please report this to the maintainers of the package that installed pynvml for you.
  import pynvml  # type: ignore[import]
NCCL version 2.27.3+cuda12.9
/data1/conda/envs/orthus/lib/python3.11/site-packages/trl/trainer/model_config.py:194: FutureWarning: `torch_dtype` is deprecated and will be removed in version 0.27.0, please use `dtype` instead.
  warnings.warn(
Random seed set to 42
--- [Step 1/3] Loading dataset... ---
/data1/conda/envs/orthus/lib/python3.11/site-packages/trl/trainer/model_config.py:194: FutureWarning: `torch_dtype` is deprecated and will be removed in version 0.27.0, please use `dtype` instead.
  warnings.warn(
Random seed set to 42
--- [Step 1/3] Loading dataset... ---
/data1/conda/envs/orthus/lib/python3.11/site-packages/trl/trainer/model_config.py:194: FutureWarning: `torch_dtype` is deprecated and will be removed in version 0.27.0, please use `dtype` instead.
  warnings.warn(
Random seed set to 42
--- [Step 1/3] Loading dataset... ---
/data1/conda/envs/orthus/lib/python3.11/site-packages/trl/trainer/model_config.py:194: FutureWarning: `torch_dtype` is deprecated and will be removed in version 0.27.0, please use `dtype` instead.
  warnings.warn(
Random seed set to 42
--- [Step 1/3] Loading dataset... ---
/data1/conda/envs/orthus/lib/python3.11/site-packages/trl/trainer/model_config.py:194: FutureWarning: `torch_dtype` is deprecated and will be removed in version 0.27.0, please use `dtype` instead.
  warnings.warn(
Random seed set to 42
--- [Step 1/3] Loading dataset... ---
/data1/conda/envs/orthus/lib/python3.11/site-packages/trl/trainer/model_config.py:194: FutureWarning: `torch_dtype` is deprecated and will be removed in version 0.27.0, please use `dtype` instead.
  warnings.warn(
Random seed set to 42
--- [Step 1/3] Loading dataset... ---
/data1/conda/envs/orthus/lib/python3.11/site-packages/trl/trainer/model_config.py:194: FutureWarning: `torch_dtype` is deprecated and will be removed in version 0.27.0, please use `dtype` instead.
  warnings.warn(
Random seed set to 42
--- [Step 1/3] Loading dataset... ---
/data1/conda/envs/orthus/lib/python3.11/site-packages/trl/trainer/model_config.py:194: FutureWarning: `torch_dtype` is deprecated and will be removed in version 0.27.0, please use `dtype` instead.
  warnings.warn(
Random seed set to 42
--- [Step 1/3] Loading dataset... ---
Dataset '/data1/oujingfeng/project/twgi/datasets/mydatasets/dataset/data_modified.json' loaded successfully with 5000 samples.
Dataset formatted.
Enabled reward functions: ['answer_correctness', 'format']
--- [Step 2/3] Initializing OrthusGRPOTrainer... ---
--- OrthusGRPOTrainer Initializing ---
Dataset '/data1/oujingfeng/project/twgi/datasets/mydatasets/dataset/data_modified.json' loaded successfully with 5000 samples.
Dataset formatted.
Enabled reward functions: ['answer_correctness', 'format']
--- [Step 2/3] Initializing OrthusGRPOTrainer... ---
--- OrthusGRPOTrainer Initializing ---
Dataset '/data1/oujingfeng/project/twgi/datasets/mydatasets/dataset/data_modified.json' loaded successfully with 5000 samples.
Dataset formatted.
Enabled reward functions: ['answer_correctness', 'format']
--- [Step 2/3] Initializing OrthusGRPOTrainer... ---
--- OrthusGRPOTrainer Initializing ---
Dataset '/data1/oujingfeng/project/twgi/datasets/mydatasets/dataset/data_modified.json' loaded successfully with 5000 samples.
Dataset formatted.
Enabled reward functions: ['answer_correctness', 'format']
--- [Step 2/3] Initializing OrthusGRPOTrainer... ---
--- OrthusGRPOTrainer Initializing ---
Dataset '/data1/oujingfeng/project/twgi/datasets/mydatasets/dataset/data_modified.json' loaded successfully with 5000 samples.
Dataset formatted.
Enabled reward functions: ['answer_correctness', 'format']
--- [Step 2/3] Initializing OrthusGRPOTrainer... ---
--- OrthusGRPOTrainer Initializing ---
Dataset '/data1/oujingfeng/project/twgi/datasets/mydatasets/dataset/data_modified.json' loaded successfully with 5000 samples.
Dataset formatted.
Enabled reward functions: ['answer_correctness', 'format']
--- [Step 2/3] Initializing OrthusGRPOTrainer... ---
--- OrthusGRPOTrainer Initializing ---
Dataset '/data1/oujingfeng/project/twgi/datasets/mydatasets/dataset/data_modified.json' loaded successfully with 5000 samples.
Dataset formatted.
Enabled reward functions: ['answer_correctness', 'format']
--- [Step 2/3] Initializing OrthusGRPOTrainer... ---
--- OrthusGRPOTrainer Initializing ---
`torch_dtype` is deprecated! Use `dtype` instead!
`torch_dtype` is deprecated! Use `dtype` instead!
`torch_dtype` is deprecated! Use `dtype` instead!
Loading checkpoint shards:   0%|          | 0/3 [00:00<?, ?it/s]Loading checkpoint shards: 100%|██████████| 3/3 [00:00<00:00, 25.45it/s]Loading checkpoint shards: 100%|██████████| 3/3 [00:00<00:00, 25.41it/s]
Applying LoRA adapters ...
LoRA target modules: {'o_proj', 'v_proj', 'q_proj', 'k_proj'}
`torch_dtype` is deprecated! Use `dtype` instead!
`torch_dtype` is deprecated! Use `dtype` instead!
Dataset '/data1/oujingfeng/project/twgi/datasets/mydatasets/dataset/data_modified.json' loaded successfully with 5000 samples.
Loading checkpoint shards:   0%|          | 0/3 [00:00<?, ?it/s]Dataset formatted.
Enabled reward functions: ['answer_correctness', 'format']
--- [Step 2/3] Initializing OrthusGRPOTrainer... ---
--- OrthusGRPOTrainer Initializing ---
Loading checkpoint shards: 100%|██████████| 3/3 [00:00<00:00, 25.52it/s]Loading checkpoint shards: 100%|██████████| 3/3 [00:00<00:00, 25.48it/s]
Applying LoRA adapters ...
LoRA target modules: {'k_proj', 'q_proj', 'o_proj', 'v_proj'}
`torch_dtype` is deprecated! Use `dtype` instead!
`torch_dtype` is deprecated! Use `dtype` instead!
Loading checkpoint shards:   0%|          | 0/3 [00:00<?, ?it/s]Loading checkpoint shards: 100%|██████████| 3/3 [00:00<00:00, 25.77it/s]Loading checkpoint shards: 100%|██████████| 3/3 [00:00<00:00, 25.74it/s]
Applying LoRA adapters ...
LoRA target modules: {'q_proj', 'k_proj', 'v_proj', 'o_proj'}
`torch_dtype` is deprecated! Use `dtype` instead!
`torch_dtype` is deprecated! Use `dtype` instead!
Loading checkpoint shards:   0%|          | 0/3 [00:00<?, ?it/s]Loading checkpoint shards: 100%|██████████| 3/3 [00:00<00:00, 25.57it/s]Loading checkpoint shards: 100%|██████████| 3/3 [00:00<00:00, 25.53it/s]
Applying LoRA adapters ...
LoRA target modules: {'v_proj', 'k_proj', 'o_proj', 'q_proj'}
`torch_dtype` is deprecated! Use `dtype` instead!
Loading checkpoint shards:   0%|          | 0/3 [00:00<?, ?it/s]LoRA 已启用：trainable params=16777216 / total params=7151239811
Enabling policy gradient checkpointing (use_reentrant=False).
Diffusion MLP gradient checkpointing disabled.
Freezing non-trainable parts of the model...
  - Froze policy model parameter: base_model.model.model.vqmodel.encoder.conv_in.weight
  - Froze policy model parameter: base_model.model.model.vqmodel.encoder.conv_in.bias
  - Froze policy model parameter: base_model.model.model.vqmodel.encoder.down.0.block.0.norm1.weight
  - Froze policy model parameter: base_model.model.model.vqmodel.encoder.down.0.block.0.norm1.bias
  - Froze policy model parameter: base_model.model.model.vqmodel.encoder.down.0.block.0.conv1.weight
  - Froze policy model parameter: base_model.model.model.vqmodel.encoder.down.0.block.0.conv1.bias
  - Froze policy model parameter: base_model.model.model.vqmodel.encoder.down.0.block.0.norm2.weight
  - Froze policy model parameter: base_model.model.model.vqmodel.encoder.down.0.block.0.norm2.bias
  - Froze policy model parameter: base_model.model.model.vqmodel.encoder.down.0.block.0.conv2.weight
  - Froze policy model parameter: base_model.model.model.vqmodel.encoder.down.0.block.0.conv2.bias
  - Froze policy model parameter: base_model.model.model.vqmodel.encoder.down.0.block.1.norm1.weight
  - Froze policy model parameter: base_model.model.model.vqmodel.encoder.down.0.block.1.norm1.bias
  - Froze policy model parameter: base_model.model.model.vqmodel.encoder.down.0.block.1.conv1.weight
  - Froze policy model parameter: base_model.model.model.vqmodel.encoder.down.0.block.1.conv1.bias
  - Froze policy model parameter: base_model.model.model.vqmodel.encoder.down.0.block.1.norm2.weight
  - Froze policy model parameter: base_model.model.model.vqmodel.encoder.down.0.block.1.norm2.bias
  - Froze policy model parameter: base_model.model.model.vqmodel.encoder.down.0.block.1.conv2.weight
  - Froze policy model parameter: base_model.model.model.vqmodel.encoder.down.0.block.1.conv2.bias
  - Froze policy model parameter: base_model.model.model.vqmodel.encoder.down.0.downsample.conv.weight
  - Froze policy model parameter: base_model.model.model.vqmodel.encoder.down.0.downsample.conv.bias
  - Froze policy model parameter: base_model.model.model.vqmodel.encoder.down.1.block.0.norm1.weight
  - Froze policy model parameter: base_model.model.model.vqmodel.encoder.down.1.block.0.norm1.bias
  - Froze policy model parameter: base_model.model.model.vqmodel.encoder.down.1.block.0.conv1.weight
  - Froze policy model parameter: base_model.model.model.vqmodel.encoder.down.1.block.0.conv1.bias
  - Froze policy model parameter: base_model.model.model.vqmodel.encoder.down.1.block.0.norm2.weight
  - Froze policy model parameter: base_model.model.model.vqmodel.encoder.down.1.block.0.norm2.bias
  - Froze policy model parameter: base_model.model.model.vqmodel.encoder.down.1.block.0.conv2.weight
  - Froze policy model parameter: base_model.model.model.vqmodel.encoder.down.1.block.0.conv2.bias
  - Froze policy model parameter: base_model.model.model.vqmodel.encoder.down.1.block.1.norm1.weight
  - Froze policy model parameter: base_model.model.model.vqmodel.encoder.down.1.block.1.norm1.bias
  - Froze policy model parameter: base_model.model.model.vqmodel.encoder.down.1.block.1.conv1.weight
  - Froze policy model parameter: base_model.model.model.vqmodel.encoder.down.1.block.1.conv1.bias
  - Froze policy model parameter: base_model.model.model.vqmodel.encoder.down.1.block.1.norm2.weight
  - Froze policy model parameter: base_model.model.model.vqmodel.encoder.down.1.block.1.norm2.bias
  - Froze policy model parameter: base_model.model.model.vqmodel.encoder.down.1.block.1.conv2.weight
  - Froze policy model parameter: base_model.model.model.vqmodel.encoder.down.1.block.1.conv2.bias
  - Froze policy model parameter: base_model.model.model.vqmodel.encoder.down.1.downsample.conv.weight
  - Froze policy model parameter: base_model.model.model.vqmodel.encoder.down.1.downsample.conv.bias
  - Froze policy model parameter: base_model.model.model.vqmodel.encoder.down.2.block.0.norm1.weight
  - Froze policy model parameter: base_model.model.model.vqmodel.encoder.down.2.block.0.norm1.bias
  - Froze policy model parameter: base_model.model.model.vqmodel.encoder.down.2.block.0.conv1.weight
  - Froze policy model parameter: base_model.model.model.vqmodel.encoder.down.2.block.0.conv1.bias
  - Froze policy model parameter: base_model.model.model.vqmodel.encoder.down.2.block.0.norm2.weight
  - Froze policy model parameter: base_model.model.model.vqmodel.encoder.down.2.block.0.norm2.bias
  - Froze policy model parameter: base_model.model.model.vqmodel.encoder.down.2.block.0.conv2.weight
  - Froze policy model parameter: base_model.model.model.vqmodel.encoder.down.2.block.0.conv2.bias
  - Froze policy model parameter: base_model.model.model.vqmodel.encoder.down.2.block.0.nin_shortcut.weight
  - Froze policy model parameter: base_model.model.model.vqmodel.encoder.down.2.block.0.nin_shortcut.bias
  - Froze policy model parameter: base_model.model.model.vqmodel.encoder.down.2.block.1.norm1.weight
  - Froze policy model parameter: base_model.model.model.vqmodel.encoder.down.2.block.1.norm1.bias
  - Froze policy model parameter: base_model.model.model.vqmodel.encoder.down.2.block.1.conv1.weight
  - Froze policy model parameter: base_model.model.model.vqmodel.encoder.down.2.block.1.conv1.bias
  - Froze policy model parameter: base_model.model.model.vqmodel.encoder.down.2.block.1.norm2.weight
  - Froze policy model parameter: base_model.model.model.vqmodel.encoder.down.2.block.1.norm2.bias
  - Froze policy model parameter: base_model.model.model.vqmodel.encoder.down.2.block.1.conv2.weight
  - Froze policy model parameter: base_model.model.model.vqmodel.encoder.down.2.block.1.conv2.bias
  - Froze policy model parameter: base_model.model.model.vqmodel.encoder.down.2.downsample.conv.weight
  - Froze policy model parameter: base_model.model.model.vqmodel.encoder.down.2.downsample.conv.bias
  - Froze policy model parameter: base_model.model.model.vqmodel.encoder.down.3.block.0.norm1.weight
  - Froze policy model parameter: base_model.model.model.vqmodel.encoder.down.3.block.0.norm1.bias
  - Froze policy model parameter: base_model.model.model.vqmodel.encoder.down.3.block.0.conv1.weight
  - Froze policy model parameter: base_model.model.model.vqmodel.encoder.down.3.block.0.conv1.bias
  - Froze policy model parameter: base_model.model.model.vqmodel.encoder.down.3.block.0.norm2.weight
  - Froze policy model parameter: base_model.model.model.vqmodel.encoder.down.3.block.0.norm2.bias
  - Froze policy model parameter: base_model.model.model.vqmodel.encoder.down.3.block.0.conv2.weight
  - Froze policy model parameter: base_model.model.model.vqmodel.encoder.down.3.block.0.conv2.bias
  - Froze policy model parameter: base_model.model.model.vqmodel.encoder.down.3.block.1.norm1.weight
  - Froze policy model parameter: base_model.model.model.vqmodel.encoder.down.3.block.1.norm1.bias
  - Froze policy model parameter: base_model.model.model.vqmodel.encoder.down.3.block.1.conv1.weight
  - Froze policy model parameter: base_model.model.model.vqmodel.encoder.down.3.block.1.conv1.bias
  - Froze policy model parameter: base_model.model.model.vqmodel.encoder.down.3.block.1.norm2.weight
  - Froze policy model parameter: base_model.model.model.vqmodel.encoder.down.3.block.1.norm2.bias
  - Froze policy model parameter: base_model.model.model.vqmodel.encoder.down.3.block.1.conv2.weight
  - Froze policy model parameter: base_model.model.model.vqmodel.encoder.down.3.block.1.conv2.bias
  - Froze policy model parameter: base_model.model.model.vqmodel.encoder.down.3.downsample.conv.weight
  - Froze policy model parameter: base_model.model.model.vqmodel.encoder.down.3.downsample.conv.bias
  - Froze policy model parameter: base_model.model.model.vqmodel.encoder.down.4.block.0.norm1.weight
  - Froze policy model parameter: base_model.model.model.vqmodel.encoder.down.4.block.0.norm1.bias
  - Froze policy model parameter: base_model.model.model.vqmodel.encoder.down.4.block.0.conv1.weight
  - Froze policy model parameter: base_model.model.model.vqmodel.encoder.down.4.block.0.conv1.bias
  - Froze policy model parameter: base_model.model.model.vqmodel.encoder.down.4.block.0.norm2.weight
  - Froze policy model parameter: base_model.model.model.vqmodel.encoder.down.4.block.0.norm2.bias
  - Froze policy model parameter: base_model.model.model.vqmodel.encoder.down.4.block.0.conv2.weight
  - Froze policy model parameter: base_model.model.model.vqmodel.encoder.down.4.block.0.conv2.bias
  - Froze policy model parameter: base_model.model.model.vqmodel.encoder.down.4.block.0.nin_shortcut.weight
  - Froze policy model parameter: base_model.model.model.vqmodel.encoder.down.4.block.0.nin_shortcut.bias
  - Froze policy model parameter: base_model.model.model.vqmodel.encoder.down.4.block.1.norm1.weight
  - Froze policy model parameter: base_model.model.model.vqmodel.encoder.down.4.block.1.norm1.bias
  - Froze policy model parameter: base_model.model.model.vqmodel.encoder.down.4.block.1.conv1.weight
  - Froze policy model parameter: base_model.model.model.vqmodel.encoder.down.4.block.1.conv1.bias
  - Froze policy model parameter: base_model.model.model.vqmodel.encoder.down.4.block.1.norm2.weight
  - Froze policy model parameter: base_model.model.model.vqmodel.encoder.down.4.block.1.norm2.bias
  - Froze policy model parameter: base_model.model.model.vqmodel.encoder.down.4.block.1.conv2.weight
  - Froze policy model parameter: base_model.model.model.vqmodel.encoder.down.4.block.1.conv2.bias
  - Froze policy model parameter: base_model.model.model.vqmodel.encoder.mid.block_1.norm1.weight
  - Froze policy model parameter: base_model.model.model.vqmodel.encoder.mid.block_1.norm1.bias
  - Froze policy model parameter: base_model.model.model.vqmodel.encoder.mid.block_1.conv1.weight
  - Froze policy model parameter: base_model.model.model.vqmodel.encoder.mid.block_1.conv1.bias
  - Froze policy model parameter: base_model.model.model.vqmodel.encoder.mid.block_1.norm2.weight
  - Froze policy model parameter: base_model.model.model.vqmodel.encoder.mid.block_1.norm2.bias
  - Froze policy model parameter: base_model.model.model.vqmodel.encoder.mid.block_1.conv2.weight
  - Froze policy model parameter: base_model.model.model.vqmodel.encoder.mid.block_1.conv2.bias
  - Froze policy model parameter: base_model.model.model.vqmodel.encoder.mid.attn_1.norm.weight
  - Froze policy model parameter: base_model.model.model.vqmodel.encoder.mid.attn_1.norm.bias
  - Froze policy model parameter: base_model.model.model.vqmodel.encoder.mid.attn_1.q.weight
  - Froze policy model parameter: base_model.model.model.vqmodel.encoder.mid.attn_1.q.bias
  - Froze policy model parameter: base_model.model.model.vqmodel.encoder.mid.attn_1.k.weight
  - Froze policy model parameter: base_model.model.model.vqmodel.encoder.mid.attn_1.k.bias
  - Froze policy model parameter: base_model.model.model.vqmodel.encoder.mid.attn_1.v.weight
  - Froze policy model parameter: base_model.model.model.vqmodel.encoder.mid.attn_1.v.bias
  - Froze policy model parameter: base_model.model.model.vqmodel.encoder.mid.attn_1.proj_out.weight
  - Froze policy model parameter: base_model.model.model.vqmodel.encoder.mid.attn_1.proj_out.bias
  - Froze policy model parameter: base_model.model.model.vqmodel.encoder.mid.block_2.norm1.weight
  - Froze policy model parameter: base_model.model.model.vqmodel.encoder.mid.block_2.norm1.bias
  - Froze policy model parameter: base_model.model.model.vqmodel.encoder.mid.block_2.conv1.weight
  - Froze policy model parameter: base_model.model.model.vqmodel.encoder.mid.block_2.conv1.bias
  - Froze policy model parameter: base_model.model.model.vqmodel.encoder.mid.block_2.norm2.weight
  - Froze policy model parameter: base_model.model.model.vqmodel.encoder.mid.block_2.norm2.bias
  - Froze policy model parameter: base_model.model.model.vqmodel.encoder.mid.block_2.conv2.weight
  - Froze policy model parameter: base_model.model.model.vqmodel.encoder.mid.block_2.conv2.bias
  - Froze policy model parameter: base_model.model.model.vqmodel.encoder.norm_out.weight
  - Froze policy model parameter: base_model.model.model.vqmodel.encoder.norm_out.bias
  - Froze policy model parameter: base_model.model.model.vqmodel.encoder.conv_out.weight
  - Froze policy model parameter: base_model.model.model.vqmodel.encoder.conv_out.bias
  - Froze policy model parameter: base_model.model.model.vqmodel.decoder.conv_in.weight
  - Froze policy model parameter: base_model.model.model.vqmodel.decoder.conv_in.bias
  - Froze policy model parameter: base_model.model.model.vqmodel.decoder.mid.block_1.norm1.weight
  - Froze policy model parameter: base_model.model.model.vqmodel.decoder.mid.block_1.norm1.bias
  - Froze policy model parameter: base_model.model.model.vqmodel.decoder.mid.block_1.conv1.weight
  - Froze policy model parameter: base_model.model.model.vqmodel.decoder.mid.block_1.conv1.bias
  - Froze policy model parameter: base_model.model.model.vqmodel.decoder.mid.block_1.norm2.weight
  - Froze policy model parameter: base_model.model.model.vqmodel.decoder.mid.block_1.norm2.bias
  - Froze policy model parameter: base_model.model.model.vqmodel.decoder.mid.block_1.conv2.weight
  - Froze policy model parameter: base_model.model.model.vqmodel.decoder.mid.block_1.conv2.bias
  - Froze policy model parameter: base_model.model.model.vqmodel.decoder.mid.attn_1.norm.weight
  - Froze policy model parameter: base_model.model.model.vqmodel.decoder.mid.attn_1.norm.bias
  - Froze policy model parameter: base_model.model.model.vqmodel.decoder.mid.attn_1.q.weight
  - Froze policy model parameter: base_model.model.model.vqmodel.decoder.mid.attn_1.q.bias
  - Froze policy model parameter: base_model.model.model.vqmodel.decoder.mid.attn_1.k.weight
  - Froze policy model parameter: base_model.model.model.vqmodel.decoder.mid.attn_1.k.bias
  - Froze policy model parameter: base_model.model.model.vqmodel.decoder.mid.attn_1.v.weight
  - Froze policy model parameter: base_model.model.model.vqmodel.decoder.mid.attn_1.v.bias
  - Froze policy model parameter: base_model.model.model.vqmodel.decoder.mid.attn_1.proj_out.weight
  - Froze policy model parameter: base_model.model.model.vqmodel.decoder.mid.attn_1.proj_out.bias
  - Froze policy model parameter: base_model.model.model.vqmodel.decoder.mid.block_2.norm1.weight
  - Froze policy model parameter: base_model.model.model.vqmodel.decoder.mid.block_2.norm1.bias
  - Froze policy model parameter: base_model.model.model.vqmodel.decoder.mid.block_2.conv1.weight
  - Froze policy model parameter: base_model.model.model.vqmodel.decoder.mid.block_2.conv1.bias
  - Froze policy model parameter: base_model.model.model.vqmodel.decoder.mid.block_2.norm2.weight
  - Froze policy model parameter: base_model.model.model.vqmodel.decoder.mid.block_2.norm2.bias
  - Froze policy model parameter: base_model.model.model.vqmodel.decoder.mid.block_2.conv2.weight
  - Froze policy model parameter: base_model.model.model.vqmodel.decoder.mid.block_2.conv2.bias
  - Froze policy model parameter: base_model.model.model.vqmodel.decoder.up.0.block.0.norm1.weight
  - Froze policy model parameter: base_model.model.model.vqmodel.decoder.up.0.block.0.norm1.bias
  - Froze policy model parameter: base_model.model.model.vqmodel.decoder.up.0.block.0.conv1.weight
  - Froze policy model parameter: base_model.model.model.vqmodel.decoder.up.0.block.0.conv1.bias
  - Froze policy model parameter: base_model.model.model.vqmodel.decoder.up.0.block.0.norm2.weight
  - Froze policy model parameter: base_model.model.model.vqmodel.decoder.up.0.block.0.norm2.bias
  - Froze policy model parameter: base_model.model.model.vqmodel.decoder.up.0.block.0.conv2.weight
  - Froze policy model parameter: base_model.model.model.vqmodel.decoder.up.0.block.0.conv2.bias
  - Froze policy model parameter: base_model.model.model.vqmodel.decoder.up.0.block.1.norm1.weight
  - Froze policy model parameter: base_model.model.model.vqmodel.decoder.up.0.block.1.norm1.bias
  - Froze policy model parameter: base_model.model.model.vqmodel.decoder.up.0.block.1.conv1.weight
  - Froze policy model parameter: base_model.model.model.vqmodel.decoder.up.0.block.1.conv1.bias
  - Froze policy model parameter: base_model.model.model.vqmodel.decoder.up.0.block.1.norm2.weight
  - Froze policy model parameter: base_model.model.model.vqmodel.decoder.up.0.block.1.norm2.bias
  - Froze policy model parameter: base_model.model.model.vqmodel.decoder.up.0.block.1.conv2.weight
  - Froze policy model parameter: base_model.model.model.vqmodel.decoder.up.0.block.1.conv2.bias
  - Froze policy model parameter: base_model.model.model.vqmodel.decoder.up.0.block.2.norm1.weight
  - Froze policy model parameter: base_model.model.model.vqmodel.decoder.up.0.block.2.norm1.bias
  - Froze policy model parameter: base_model.model.model.vqmodel.decoder.up.0.block.2.conv1.weight
  - Froze policy model parameter: base_model.model.model.vqmodel.decoder.up.0.block.2.conv1.bias
  - Froze policy model parameter: base_model.model.model.vqmodel.decoder.up.0.block.2.norm2.weight
  - Froze policy model parameter: base_model.model.model.vqmodel.decoder.up.0.block.2.norm2.bias
  - Froze policy model parameter: base_model.model.model.vqmodel.decoder.up.0.block.2.conv2.weight
  - Froze policy model parameter: base_model.model.model.vqmodel.decoder.up.0.block.2.conv2.bias
  - Froze policy model parameter: base_model.model.model.vqmodel.decoder.up.1.block.0.norm1.weight
  - Froze policy model parameter: base_model.model.model.vqmodel.decoder.up.1.block.0.norm1.bias
  - Froze policy model parameter: base_model.model.model.vqmodel.decoder.up.1.block.0.conv1.weight
  - Froze policy model parameter: base_model.model.model.vqmodel.decoder.up.1.block.0.conv1.bias
  - Froze policy model parameter: base_model.model.model.vqmodel.decoder.up.1.block.0.norm2.weight
  - Froze policy model parameter: base_model.model.model.vqmodel.decoder.up.1.block.0.norm2.bias
  - Froze policy model parameter: base_model.model.model.vqmodel.decoder.up.1.block.0.conv2.weight
  - Froze policy model parameter: base_model.model.model.vqmodel.decoder.up.1.block.0.conv2.bias
  - Froze policy model parameter: base_model.model.model.vqmodel.decoder.up.1.block.0.nin_shortcut.weight
  - Froze policy model parameter: base_model.model.model.vqmodel.decoder.up.1.block.0.nin_shortcut.bias
  - Froze policy model parameter: base_model.model.model.vqmodel.decoder.up.1.block.1.norm1.weight
  - Froze policy model parameter: base_model.model.model.vqmodel.decoder.up.1.block.1.norm1.bias
  - Froze policy model parameter: base_model.model.model.vqmodel.decoder.up.1.block.1.conv1.weight
  - Froze policy model parameter: base_model.model.model.vqmodel.decoder.up.1.block.1.conv1.bias
  - Froze policy model parameter: base_model.model.model.vqmodel.decoder.up.1.block.1.norm2.weight
  - Froze policy model parameter: base_model.model.model.vqmodel.decoder.up.1.block.1.norm2.bias
  - Froze policy model parameter: base_model.model.model.vqmodel.decoder.up.1.block.1.conv2.weight
  - Froze policy model parameter: base_model.model.model.vqmodel.decoder.up.1.block.1.conv2.bias
  - Froze policy model parameter: base_model.model.model.vqmodel.decoder.up.1.block.2.norm1.weight
  - Froze policy model parameter: base_model.model.model.vqmodel.decoder.up.1.block.2.norm1.bias
  - Froze policy model parameter: base_model.model.model.vqmodel.decoder.up.1.block.2.conv1.weight
  - Froze policy model parameter: base_model.model.model.vqmodel.decoder.up.1.block.2.conv1.bias
  - Froze policy model parameter: base_model.model.model.vqmodel.decoder.up.1.block.2.norm2.weight
  - Froze policy model parameter: base_model.model.model.vqmodel.decoder.up.1.block.2.norm2.bias
  - Froze policy model parameter: base_model.model.model.vqmodel.decoder.up.1.block.2.conv2.weight
  - Froze policy model parameter: base_model.model.model.vqmodel.decoder.up.1.block.2.conv2.bias
  - Froze policy model parameter: base_model.model.model.vqmodel.decoder.up.1.upsample.conv.weight
  - Froze policy model parameter: base_model.model.model.vqmodel.decoder.up.1.upsample.conv.bias
  - Froze policy model parameter: base_model.model.model.vqmodel.decoder.up.2.block.0.norm1.weight
  - Froze policy model parameter: base_model.model.model.vqmodel.decoder.up.2.block.0.norm1.bias
  - Froze policy model parameter: base_model.model.model.vqmodel.decoder.up.2.block.0.conv1.weight
  - Froze policy model parameter: base_model.model.model.vqmodel.decoder.up.2.block.0.conv1.bias
  - Froze policy model parameter: base_model.model.model.vqmodel.decoder.up.2.block.0.norm2.weight
  - Froze policy model parameter: base_model.model.model.vqmodel.decoder.up.2.block.0.norm2.bias
  - Froze policy model parameter: base_model.model.model.vqmodel.decoder.up.2.block.0.conv2.weight
  - Froze policy model parameter: base_model.model.model.vqmodel.decoder.up.2.block.0.conv2.bias
  - Froze policy model parameter: base_model.model.model.vqmodel.decoder.up.2.block.1.norm1.weight
  - Froze policy model parameter: base_model.model.model.vqmodel.decoder.up.2.block.1.norm1.bias
  - Froze policy model parameter: base_model.model.model.vqmodel.decoder.up.2.block.1.conv1.weight
  - Froze policy model parameter: base_model.model.model.vqmodel.decoder.up.2.block.1.conv1.bias
  - Froze policy model parameter: base_model.model.model.vqmodel.decoder.up.2.block.1.norm2.weight
  - Froze policy model parameter: base_model.model.model.vqmodel.decoder.up.2.block.1.norm2.bias
  - Froze policy model parameter: base_model.model.model.vqmodel.decoder.up.2.block.1.conv2.weight
  - Froze policy model parameter: base_model.model.model.vqmodel.decoder.up.2.block.1.conv2.bias
  - Froze policy model parameter: base_model.model.model.vqmodel.decoder.up.2.block.2.norm1.weight
  - Froze policy model parameter: base_model.model.model.vqmodel.decoder.up.2.block.2.norm1.bias
  - Froze policy model parameter: base_model.model.model.vqmodel.decoder.up.2.block.2.conv1.weight
  - Froze policy model parameter: base_model.model.model.vqmodel.decoder.up.2.block.2.conv1.bias
  - Froze policy model parameter: base_model.model.model.vqmodel.decoder.up.2.block.2.norm2.weight
  - Froze policy model parameter: base_model.model.model.vqmodel.decoder.up.2.block.2.norm2.bias
  - Froze policy model parameter: base_model.model.model.vqmodel.decoder.up.2.block.2.conv2.weight
  - Froze policy model parameter: base_model.model.model.vqmodel.decoder.up.2.block.2.conv2.bias
  - Froze policy model parameter: base_model.model.model.vqmodel.decoder.up.2.upsample.conv.weight
  - Froze policy model parameter: base_model.model.model.vqmodel.decoder.up.2.upsample.conv.bias
  - Froze policy model parameter: base_model.model.model.vqmodel.decoder.up.3.block.0.norm1.weight
  - Froze policy model parameter: base_model.model.model.vqmodel.decoder.up.3.block.0.norm1.bias
  - Froze policy model parameter: base_model.model.model.vqmodel.decoder.up.3.block.0.conv1.weight
  - Froze policy model parameter: base_model.model.model.vqmodel.decoder.up.3.block.0.conv1.bias
  - Froze policy model parameter: base_model.model.model.vqmodel.decoder.up.3.block.0.norm2.weight
  - Froze policy model parameter: base_model.model.model.vqmodel.decoder.up.3.block.0.norm2.bias
  - Froze policy model parameter: base_model.model.model.vqmodel.decoder.up.3.block.0.conv2.weight
  - Froze policy model parameter: base_model.model.model.vqmodel.decoder.up.3.block.0.conv2.bias
  - Froze policy model parameter: base_model.model.model.vqmodel.decoder.up.3.block.0.nin_shortcut.weight
  - Froze policy model parameter: base_model.model.model.vqmodel.decoder.up.3.block.0.nin_shortcut.bias
  - Froze policy model parameter: base_model.model.model.vqmodel.decoder.up.3.block.1.norm1.weight
  - Froze policy model parameter: base_model.model.model.vqmodel.decoder.up.3.block.1.norm1.bias
  - Froze policy model parameter: base_model.model.model.vqmodel.decoder.up.3.block.1.conv1.weight
  - Froze policy model parameter: base_model.model.model.vqmodel.decoder.up.3.block.1.conv1.bias
  - Froze policy model parameter: base_model.model.model.vqmodel.decoder.up.3.block.1.norm2.weight
  - Froze policy model parameter: base_model.model.model.vqmodel.decoder.up.3.block.1.norm2.bias
  - Froze policy model parameter: base_model.model.model.vqmodel.decoder.up.3.block.1.conv2.weight
  - Froze policy model parameter: base_model.model.model.vqmodel.decoder.up.3.block.1.conv2.bias
  - Froze policy model parameter: base_model.model.model.vqmodel.decoder.up.3.block.2.norm1.weight
  - Froze policy model parameter: base_model.model.model.vqmodel.decoder.up.3.block.2.norm1.bias
  - Froze policy model parameter: base_model.model.model.vqmodel.decoder.up.3.block.2.conv1.weight
  - Froze policy model parameter: base_model.model.model.vqmodel.decoder.up.3.block.2.conv1.bias
  - Froze policy model parameter: base_model.model.model.vqmodel.decoder.up.3.block.2.norm2.weight
  - Froze policy model parameter: base_model.model.model.vqmodel.decoder.up.3.block.2.norm2.bias
  - Froze policy model parameter: base_model.model.model.vqmodel.decoder.up.3.block.2.conv2.weight
  - Froze policy model parameter: base_model.model.model.vqmodel.decoder.up.3.block.2.conv2.bias
  - Froze policy model parameter: base_model.model.model.vqmodel.decoder.up.3.upsample.conv.weight
  - Froze policy model parameter: base_model.model.model.vqmodel.decoder.up.3.upsample.conv.bias
  - Froze policy model parameter: base_model.model.model.vqmodel.decoder.up.4.block.0.norm1.weight
  - Froze policy model parameter: base_model.model.model.vqmodel.decoder.up.4.block.0.norm1.bias
  - Froze policy model parameter: base_model.model.model.vqmodel.decoder.up.4.block.0.conv1.weight
  - Froze policy model parameter: base_model.model.model.vqmodel.decoder.up.4.block.0.conv1.bias
  - Froze policy model parameter: base_model.model.model.vqmodel.decoder.up.4.block.0.norm2.weight
  - Froze policy model parameter: base_model.model.model.vqmodel.decoder.up.4.block.0.norm2.bias
  - Froze policy model parameter: base_model.model.model.vqmodel.decoder.up.4.block.0.conv2.weight
  - Froze policy model parameter: base_model.model.model.vqmodel.decoder.up.4.block.0.conv2.bias
  - Froze policy model parameter: base_model.model.model.vqmodel.decoder.up.4.block.1.norm1.weight
  - Froze policy model parameter: base_model.model.model.vqmodel.decoder.up.4.block.1.norm1.bias
  - Froze policy model parameter: base_model.model.model.vqmodel.decoder.up.4.block.1.conv1.weight
  - Froze policy model parameter: base_model.model.model.vqmodel.decoder.up.4.block.1.conv1.bias
  - Froze policy model parameter: base_model.model.model.vqmodel.decoder.up.4.block.1.norm2.weight
  - Froze policy model parameter: base_model.model.model.vqmodel.decoder.up.4.block.1.norm2.bias
  - Froze policy model parameter: base_model.model.model.vqmodel.decoder.up.4.block.1.conv2.weight
  - Froze policy model parameter: base_model.model.model.vqmodel.decoder.up.4.block.1.conv2.bias
  - Froze policy model parameter: base_model.model.model.vqmodel.decoder.up.4.block.2.norm1.weight
  - Froze policy model parameter: base_model.model.model.vqmodel.decoder.up.4.block.2.norm1.bias
  - Froze policy model parameter: base_model.model.model.vqmodel.decoder.up.4.block.2.conv1.weight
  - Froze policy model parameter: base_model.model.model.vqmodel.decoder.up.4.block.2.conv1.bias
  - Froze policy model parameter: base_model.model.model.vqmodel.decoder.up.4.block.2.norm2.weight
  - Froze policy model parameter: base_model.model.model.vqmodel.decoder.up.4.block.2.norm2.bias
  - Froze policy model parameter: base_model.model.model.vqmodel.decoder.up.4.block.2.conv2.weight
  - Froze policy model parameter: base_model.model.model.vqmodel.decoder.up.4.block.2.conv2.bias
  - Froze policy model parameter: base_model.model.model.vqmodel.decoder.up.4.upsample.conv.weight
  - Froze policy model parameter: base_model.model.model.vqmodel.decoder.up.4.upsample.conv.bias
  - Froze policy model parameter: base_model.model.model.vqmodel.decoder.norm_out.weight
  - Froze policy model parameter: base_model.model.model.vqmodel.decoder.norm_out.bias
  - Froze policy model parameter: base_model.model.model.vqmodel.decoder.conv_out.weight
  - Froze policy model parameter: base_model.model.model.vqmodel.decoder.conv_out.bias
  - Froze policy model parameter: base_model.model.model.vqmodel.quantize.embedding.weight
  - Froze policy model parameter: base_model.model.model.vqmodel.quant_conv.weight
  - Froze policy model parameter: base_model.model.model.vqmodel.quant_conv.bias
  - Froze policy model parameter: base_model.model.model.vqmodel.post_quant_conv.weight
  - Froze policy model parameter: base_model.model.model.vqmodel.post_quant_conv.bias
  - Froze policy model parameter: base_model.model.mlp_head.time_embed.mlp.0.weight
  - Froze policy model parameter: base_model.model.mlp_head.time_embed.mlp.0.bias
  - Froze policy model parameter: base_model.model.mlp_head.time_embed.mlp.2.weight
  - Froze policy model parameter: base_model.model.mlp_head.time_embed.mlp.2.bias
  - Froze policy model parameter: base_model.model.mlp_head.cond_embed.weight
  - Froze policy model parameter: base_model.model.mlp_head.cond_embed.bias
  - Froze policy model parameter: base_model.model.mlp_head.input_proj.weight
  - Froze policy model parameter: base_model.model.mlp_head.input_proj.bias
  - Froze policy model parameter: base_model.model.mlp_head.res_blocks.0.in_ln.weight
  - Froze policy model parameter: base_model.model.mlp_head.res_blocks.0.in_ln.bias
  - Froze policy model parameter: base_model.model.mlp_head.res_blocks.0.mlp.0.weight
  - Froze policy model parameter: base_model.model.mlp_head.res_blocks.0.mlp.0.bias
  - Froze policy model parameter: base_model.model.mlp_head.res_blocks.0.mlp.2.weight
  - Froze policy model parameter: base_model.model.mlp_head.res_blocks.0.mlp.2.bias
  - Froze policy model parameter: base_model.model.mlp_head.res_blocks.0.adaLN_modulation.1.weight
  - Froze policy model parameter: base_model.model.mlp_head.res_blocks.0.adaLN_modulation.1.bias
  - Froze policy model parameter: base_model.model.mlp_head.res_blocks.1.in_ln.weight
  - Froze policy model parameter: base_model.model.mlp_head.res_blocks.1.in_ln.bias
  - Froze policy model parameter: base_model.model.mlp_head.res_blocks.1.mlp.0.weight
  - Froze policy model parameter: base_model.model.mlp_head.res_blocks.1.mlp.0.bias
  - Froze policy model parameter: base_model.model.mlp_head.res_blocks.1.mlp.2.weight
  - Froze policy model parameter: base_model.model.mlp_head.res_blocks.1.mlp.2.bias
  - Froze policy model parameter: base_model.model.mlp_head.res_blocks.1.adaLN_modulation.1.weight
  - Froze policy model parameter: base_model.model.mlp_head.res_blocks.1.adaLN_modulation.1.bias
  - Froze policy model parameter: base_model.model.mlp_head.res_blocks.2.in_ln.weight
  - Froze policy model parameter: base_model.model.mlp_head.res_blocks.2.in_ln.bias
  - Froze policy model parameter: base_model.model.mlp_head.res_blocks.2.mlp.0.weight
  - Froze policy model parameter: base_model.model.mlp_head.res_blocks.2.mlp.0.bias
  - Froze policy model parameter: base_model.model.mlp_head.res_blocks.2.mlp.2.weight
  - Froze policy model parameter: base_model.model.mlp_head.res_blocks.2.mlp.2.bias
  - Froze policy model parameter: base_model.model.mlp_head.res_blocks.2.adaLN_modulation.1.weight
  - Froze policy model parameter: base_model.model.mlp_head.res_blocks.2.adaLN_modulation.1.bias
  - Froze policy model parameter: base_model.model.mlp_head.final_layer.linear.weight
  - Froze policy model parameter: base_model.model.mlp_head.final_layer.linear.bias
  - Froze policy model parameter: base_model.model.mlp_head.final_layer.adaLN_modulation.1.weight
  - Froze policy model parameter: base_model.model.mlp_head.final_layer.adaLN_modulation.1.bias
Model parts frozen.
Loaded 2 reward functions: ['answer_correctness_reward', 'format_reward']
Trainer initialized.
--- [Step 3/3] Starting GRPO training... ---
Loading checkpoint shards: 100%|██████████| 3/3 [00:00<00:00, 25.72it/s]Loading checkpoint shards: 100%|██████████| 3/3 [00:00<00:00, 25.68it/s]
Applying LoRA adapters ...
LoRA target modules: {'k_proj', 'v_proj', 'q_proj', 'o_proj'}
`torch_dtype` is deprecated! Use `dtype` instead!
LoRA 已启用：trainable params=16777216 / total params=7151239811
Enabling policy gradient checkpointing (use_reentrant=False).
`torch_dtype` is deprecated! Use `dtype` instead!
Diffusion MLP gradient checkpointing disabled.
Freezing non-trainable parts of the model...
  - Froze policy model parameter: base_model.model.model.vqmodel.encoder.conv_in.weight
  - Froze policy model parameter: base_model.model.model.vqmodel.encoder.conv_in.bias
  - Froze policy model parameter: base_model.model.model.vqmodel.encoder.down.0.block.0.norm1.weight
  - Froze policy model parameter: base_model.model.model.vqmodel.encoder.down.0.block.0.norm1.bias
  - Froze policy model parameter: base_model.model.model.vqmodel.encoder.down.0.block.0.conv1.weight
  - Froze policy model parameter: base_model.model.model.vqmodel.encoder.down.0.block.0.conv1.bias
  - Froze policy model parameter: base_model.model.model.vqmodel.encoder.down.0.block.0.norm2.weight
  - Froze policy model parameter: base_model.model.model.vqmodel.encoder.down.0.block.0.norm2.bias
  - Froze policy model parameter: base_model.model.model.vqmodel.encoder.down.0.block.0.conv2.weight
  - Froze policy model parameter: base_model.model.model.vqmodel.encoder.down.0.block.0.conv2.bias
  - Froze policy model parameter: base_model.model.model.vqmodel.encoder.down.0.block.1.norm1.weight
  - Froze policy model parameter: base_model.model.model.vqmodel.encoder.down.0.block.1.norm1.bias
  - Froze policy model parameter: base_model.model.model.vqmodel.encoder.down.0.block.1.conv1.weight
  - Froze policy model parameter: base_model.model.model.vqmodel.encoder.down.0.block.1.conv1.bias
  - Froze policy model parameter: base_model.model.model.vqmodel.encoder.down.0.block.1.norm2.weight
  - Froze policy model parameter: base_model.model.model.vqmodel.encoder.down.0.block.1.norm2.bias
  - Froze policy model parameter: base_model.model.model.vqmodel.encoder.down.0.block.1.conv2.weight
  - Froze policy model parameter: base_model.model.model.vqmodel.encoder.down.0.block.1.conv2.bias
  - Froze policy model parameter: base_model.model.model.vqmodel.encoder.down.0.downsample.conv.weight
  - Froze policy model parameter: base_model.model.model.vqmodel.encoder.down.0.downsample.conv.bias
  - Froze policy model parameter: base_model.model.model.vqmodel.encoder.down.1.block.0.norm1.weight
  - Froze policy model parameter: base_model.model.model.vqmodel.encoder.down.1.block.0.norm1.bias
  - Froze policy model parameter: base_model.model.model.vqmodel.encoder.down.1.block.0.conv1.weight
  - Froze policy model parameter: base_model.model.model.vqmodel.encoder.down.1.block.0.conv1.bias
  - Froze policy model parameter: base_model.model.model.vqmodel.encoder.down.1.block.0.norm2.weight
  - Froze policy model parameter: base_model.model.model.vqmodel.encoder.down.1.block.0.norm2.bias
  - Froze policy model parameter: base_model.model.model.vqmodel.encoder.down.1.block.0.conv2.weight
  - Froze policy model parameter: base_model.model.model.vqmodel.encoder.down.1.block.0.conv2.bias
  - Froze policy model parameter: base_model.model.model.vqmodel.encoder.down.1.block.1.norm1.weight
  - Froze policy model parameter: base_model.model.model.vqmodel.encoder.down.1.block.1.norm1.bias
  - Froze policy model parameter: base_model.model.model.vqmodel.encoder.down.1.block.1.conv1.weight
  - Froze policy model parameter: base_model.model.model.vqmodel.encoder.down.1.block.1.conv1.bias
  - Froze policy model parameter: base_model.model.model.vqmodel.encoder.down.1.block.1.norm2.weight
  - Froze policy model parameter: base_model.model.model.vqmodel.encoder.down.1.block.1.norm2.bias
  - Froze policy model parameter: base_model.model.model.vqmodel.encoder.down.1.block.1.conv2.weight
  - Froze policy model parameter: base_model.model.model.vqmodel.encoder.down.1.block.1.conv2.bias
  - Froze policy model parameter: base_model.model.model.vqmodel.encoder.down.1.downsample.conv.weight
  - Froze policy model parameter: base_model.model.model.vqmodel.encoder.down.1.downsample.conv.bias
  - Froze policy model parameter: base_model.model.model.vqmodel.encoder.down.2.block.0.norm1.weight
  - Froze policy model parameter: base_model.model.model.vqmodel.encoder.down.2.block.0.norm1.bias
  - Froze policy model parameter: base_model.model.model.vqmodel.encoder.down.2.block.0.conv1.weight
  - Froze policy model parameter: base_model.model.model.vqmodel.encoder.down.2.block.0.conv1.bias
  - Froze policy model parameter: base_model.model.model.vqmodel.encoder.down.2.block.0.norm2.weight
  - Froze policy model parameter: base_model.model.model.vqmodel.encoder.down.2.block.0.norm2.bias
  - Froze policy model parameter: base_model.model.model.vqmodel.encoder.down.2.block.0.conv2.weight
  - Froze policy model parameter: base_model.model.model.vqmodel.encoder.down.2.block.0.conv2.bias
  - Froze policy model parameter: base_model.model.model.vqmodel.encoder.down.2.block.0.nin_shortcut.weight
  - Froze policy model parameter: base_model.model.model.vqmodel.encoder.down.2.block.0.nin_shortcut.bias
  - Froze policy model parameter: base_model.model.model.vqmodel.encoder.down.2.block.1.norm1.weight
  - Froze policy model parameter: base_model.model.model.vqmodel.encoder.down.2.block.1.norm1.bias
  - Froze policy model parameter: base_model.model.model.vqmodel.encoder.down.2.block.1.conv1.weight
  - Froze policy model parameter: base_model.model.model.vqmodel.encoder.down.2.block.1.conv1.bias
  - Froze policy model parameter: base_model.model.model.vqmodel.encoder.down.2.block.1.norm2.weight
  - Froze policy model parameter: base_model.model.model.vqmodel.encoder.down.2.block.1.norm2.bias
  - Froze policy model parameter: base_model.model.model.vqmodel.encoder.down.2.block.1.conv2.weight
  - Froze policy model parameter: base_model.model.model.vqmodel.encoder.down.2.block.1.conv2.bias
  - Froze policy model parameter: base_model.model.model.vqmodel.encoder.down.2.downsample.conv.weight
  - Froze policy model parameter: base_model.model.model.vqmodel.encoder.down.2.downsample.conv.bias
  - Froze policy model parameter: base_model.model.model.vqmodel.encoder.down.3.block.0.norm1.weight
  - Froze policy model parameter: base_model.model.model.vqmodel.encoder.down.3.block.0.norm1.bias
  - Froze policy model parameter: base_model.model.model.vqmodel.encoder.down.3.block.0.conv1.weight
  - Froze policy model parameter: base_model.model.model.vqmodel.encoder.down.3.block.0.conv1.bias
  - Froze policy model parameter: base_model.model.model.vqmodel.encoder.down.3.block.0.norm2.weight
  - Froze policy model parameter: base_model.model.model.vqmodel.encoder.down.3.block.0.norm2.bias
  - Froze policy model parameter: base_model.model.model.vqmodel.encoder.down.3.block.0.conv2.weight
  - Froze policy model parameter: base_model.model.model.vqmodel.encoder.down.3.block.0.conv2.bias
  - Froze policy model parameter: base_model.model.model.vqmodel.encoder.down.3.block.1.norm1.weight
  - Froze policy model parameter: base_model.model.model.vqmodel.encoder.down.3.block.1.norm1.bias
  - Froze policy model parameter: base_model.model.model.vqmodel.encoder.down.3.block.1.conv1.weight
  - Froze policy model parameter: base_model.model.model.vqmodel.encoder.down.3.block.1.conv1.bias
  - Froze policy model parameter: base_model.model.model.vqmodel.encoder.down.3.block.1.norm2.weight
  - Froze policy model parameter: base_model.model.model.vqmodel.encoder.down.3.block.1.norm2.bias
  - Froze policy model parameter: base_model.model.model.vqmodel.encoder.down.3.block.1.conv2.weight
  - Froze policy model parameter: base_model.model.model.vqmodel.encoder.down.3.block.1.conv2.bias
  - Froze policy model parameter: base_model.model.model.vqmodel.encoder.down.3.downsample.conv.weight
  - Froze policy model parameter: base_model.model.model.vqmodel.encoder.down.3.downsample.conv.bias
  - Froze policy model parameter: base_model.model.model.vqmodel.encoder.down.4.block.0.norm1.weight
  - Froze policy model parameter: base_model.model.model.vqmodel.encoder.down.4.block.0.norm1.bias
  - Froze policy model parameter: base_model.model.model.vqmodel.encoder.down.4.block.0.conv1.weight
  - Froze policy model parameter: base_model.model.model.vqmodel.encoder.down.4.block.0.conv1.bias
  - Froze policy model parameter: base_model.model.model.vqmodel.encoder.down.4.block.0.norm2.weight
  - Froze policy model parameter: base_model.model.model.vqmodel.encoder.down.4.block.0.norm2.bias
  - Froze policy model parameter: base_model.model.model.vqmodel.encoder.down.4.block.0.conv2.weight
  - Froze policy model parameter: base_model.model.model.vqmodel.encoder.down.4.block.0.conv2.bias
  - Froze policy model parameter: base_model.model.model.vqmodel.encoder.down.4.block.0.nin_shortcut.weight
  - Froze policy model parameter: base_model.model.model.vqmodel.encoder.down.4.block.0.nin_shortcut.bias
  - Froze policy model parameter: base_model.model.model.vqmodel.encoder.down.4.block.1.norm1.weight
  - Froze policy model parameter: base_model.model.model.vqmodel.encoder.down.4.block.1.norm1.bias
  - Froze policy model parameter: base_model.model.model.vqmodel.encoder.down.4.block.1.conv1.weight
  - Froze policy model parameter: base_model.model.model.vqmodel.encoder.down.4.block.1.conv1.bias
  - Froze policy model parameter: base_model.model.model.vqmodel.encoder.down.4.block.1.norm2.weight
  - Froze policy model parameter: base_model.model.model.vqmodel.encoder.down.4.block.1.norm2.bias
  - Froze policy model parameter: base_model.model.model.vqmodel.encoder.down.4.block.1.conv2.weight
  - Froze policy model parameter: base_model.model.model.vqmodel.encoder.down.4.block.1.conv2.bias
  - Froze policy model parameter: base_model.model.model.vqmodel.encoder.mid.block_1.norm1.weight
  - Froze policy model parameter: base_model.model.model.vqmodel.encoder.mid.block_1.norm1.bias
  - Froze policy model parameter: base_model.model.model.vqmodel.encoder.mid.block_1.conv1.weight
  - Froze policy model parameter: base_model.model.model.vqmodel.encoder.mid.block_1.conv1.bias
  - Froze policy model parameter: base_model.model.model.vqmodel.encoder.mid.block_1.norm2.weight
  - Froze policy model parameter: base_model.model.model.vqmodel.encoder.mid.block_1.norm2.bias
  - Froze policy model parameter: base_model.model.model.vqmodel.encoder.mid.block_1.conv2.weight
  - Froze policy model parameter: base_model.model.model.vqmodel.encoder.mid.block_1.conv2.bias
  - Froze policy model parameter: base_model.model.model.vqmodel.encoder.mid.attn_1.norm.weight
  - Froze policy model parameter: base_model.model.model.vqmodel.encoder.mid.attn_1.norm.bias
  - Froze policy model parameter: base_model.model.model.vqmodel.encoder.mid.attn_1.q.weight
  - Froze policy model parameter: base_model.model.model.vqmodel.encoder.mid.attn_1.q.bias
  - Froze policy model parameter: base_model.model.model.vqmodel.encoder.mid.attn_1.k.weight
  - Froze policy model parameter: base_model.model.model.vqmodel.encoder.mid.attn_1.k.bias
  - Froze policy model parameter: base_model.model.model.vqmodel.encoder.mid.attn_1.v.weight
  - Froze policy model parameter: base_model.model.model.vqmodel.encoder.mid.attn_1.v.bias
  - Froze policy model parameter: base_model.model.model.vqmodel.encoder.mid.attn_1.proj_out.weight
  - Froze policy model parameter: base_model.model.model.vqmodel.encoder.mid.attn_1.proj_out.bias
  - Froze policy model parameter: base_model.model.model.vqmodel.encoder.mid.block_2.norm1.weight
  - Froze policy model parameter: base_model.model.model.vqmodel.encoder.mid.block_2.norm1.bias
  - Froze policy model parameter: base_model.model.model.vqmodel.encoder.mid.block_2.conv1.weight
  - Froze policy model parameter: base_model.model.model.vqmodel.encoder.mid.block_2.conv1.bias
  - Froze policy model parameter: base_model.model.model.vqmodel.encoder.mid.block_2.norm2.weight
  - Froze policy model parameter: base_model.model.model.vqmodel.encoder.mid.block_2.norm2.bias
  - Froze policy model parameter: base_model.model.model.vqmodel.encoder.mid.block_2.conv2.weight
  - Froze policy model parameter: base_model.model.model.vqmodel.encoder.mid.block_2.conv2.bias
  - Froze policy model parameter: base_model.model.model.vqmodel.encoder.norm_out.weight
  - Froze policy model parameter: base_model.model.model.vqmodel.encoder.norm_out.bias
  - Froze policy model parameter: base_model.model.model.vqmodel.encoder.conv_out.weight
  - Froze policy model parameter: base_model.model.model.vqmodel.encoder.conv_out.bias
  - Froze policy model parameter: base_model.model.model.vqmodel.decoder.conv_in.weight
  - Froze policy model parameter: base_model.model.model.vqmodel.decoder.conv_in.bias
  - Froze policy model parameter: base_model.model.model.vqmodel.decoder.mid.block_1.norm1.weight
  - Froze policy model parameter: base_model.model.model.vqmodel.decoder.mid.block_1.norm1.bias
  - Froze policy model parameter: base_model.model.model.vqmodel.decoder.mid.block_1.conv1.weight
  - Froze policy model parameter: base_model.model.model.vqmodel.decoder.mid.block_1.conv1.bias
  - Froze policy model parameter: base_model.model.model.vqmodel.decoder.mid.block_1.norm2.weight
  - Froze policy model parameter: base_model.model.model.vqmodel.decoder.mid.block_1.norm2.bias
  - Froze policy model parameter: base_model.model.model.vqmodel.decoder.mid.block_1.conv2.weight
  - Froze policy model parameter: base_model.model.model.vqmodel.decoder.mid.block_1.conv2.bias
  - Froze policy model parameter: base_model.model.model.vqmodel.decoder.mid.attn_1.norm.weight
  - Froze policy model parameter: base_model.model.model.vqmodel.decoder.mid.attn_1.norm.bias
  - Froze policy model parameter: base_model.model.model.vqmodel.decoder.mid.attn_1.q.weight
  - Froze policy model parameter: base_model.model.model.vqmodel.decoder.mid.attn_1.q.bias
  - Froze policy model parameter: base_model.model.model.vqmodel.decoder.mid.attn_1.k.weight
  - Froze policy model parameter: base_model.model.model.vqmodel.decoder.mid.attn_1.k.bias
  - Froze policy model parameter: base_model.model.model.vqmodel.decoder.mid.attn_1.v.weight
  - Froze policy model parameter: base_model.model.model.vqmodel.decoder.mid.attn_1.v.bias
  - Froze policy model parameter: base_model.model.model.vqmodel.decoder.mid.attn_1.proj_out.weight
  - Froze policy model parameter: base_model.model.model.vqmodel.decoder.mid.attn_1.proj_out.bias
  - Froze policy model parameter: base_model.model.model.vqmodel.decoder.mid.block_2.norm1.weight
  - Froze policy model parameter: base_model.model.model.vqmodel.decoder.mid.block_2.norm1.bias
  - Froze policy model parameter: base_model.model.model.vqmodel.decoder.mid.block_2.conv1.weight
  - Froze policy model parameter: base_model.model.model.vqmodel.decoder.mid.block_2.conv1.bias
  - Froze policy model parameter: base_model.model.model.vqmodel.decoder.mid.block_2.norm2.weight
  - Froze policy model parameter: base_model.model.model.vqmodel.decoder.mid.block_2.norm2.bias
  - Froze policy model parameter: base_model.model.model.vqmodel.decoder.mid.block_2.conv2.weight
  - Froze policy model parameter: base_model.model.model.vqmodel.decoder.mid.block_2.conv2.bias
  - Froze policy model parameter: base_model.model.model.vqmodel.decoder.up.0.block.0.norm1.weight
  - Froze policy model parameter: base_model.model.model.vqmodel.decoder.up.0.block.0.norm1.bias
  - Froze policy model parameter: base_model.model.model.vqmodel.decoder.up.0.block.0.conv1.weight
  - Froze policy model parameter: base_model.model.model.vqmodel.decoder.up.0.block.0.conv1.bias
  - Froze policy model parameter: base_model.model.model.vqmodel.decoder.up.0.block.0.norm2.weight
  - Froze policy model parameter: base_model.model.model.vqmodel.decoder.up.0.block.0.norm2.bias
  - Froze policy model parameter: base_model.model.model.vqmodel.decoder.up.0.block.0.conv2.weight
  - Froze policy model parameter: base_model.model.model.vqmodel.decoder.up.0.block.0.conv2.bias
  - Froze policy model parameter: base_model.model.model.vqmodel.decoder.up.0.block.1.norm1.weight
  - Froze policy model parameter: base_model.model.model.vqmodel.decoder.up.0.block.1.norm1.bias
  - Froze policy model parameter: base_model.model.model.vqmodel.decoder.up.0.block.1.conv1.weight
  - Froze policy model parameter: base_model.model.model.vqmodel.decoder.up.0.block.1.conv1.bias
  - Froze policy model parameter: base_model.model.model.vqmodel.decoder.up.0.block.1.norm2.weight
  - Froze policy model parameter: base_model.model.model.vqmodel.decoder.up.0.block.1.norm2.bias
  - Froze policy model parameter: base_model.model.model.vqmodel.decoder.up.0.block.1.conv2.weight
  - Froze policy model parameter: base_model.model.model.vqmodel.decoder.up.0.block.1.conv2.bias
  - Froze policy model parameter: base_model.model.model.vqmodel.decoder.up.0.block.2.norm1.weight
  - Froze policy model parameter: base_model.model.model.vqmodel.decoder.up.0.block.2.norm1.bias
  - Froze policy model parameter: base_model.model.model.vqmodel.decoder.up.0.block.2.conv1.weight
  - Froze policy model parameter: base_model.model.model.vqmodel.decoder.up.0.block.2.conv1.bias
  - Froze policy model parameter: base_model.model.model.vqmodel.decoder.up.0.block.2.norm2.weight
  - Froze policy model parameter: base_model.model.model.vqmodel.decoder.up.0.block.2.norm2.bias
  - Froze policy model parameter: base_model.model.model.vqmodel.decoder.up.0.block.2.conv2.weight
  - Froze policy model parameter: base_model.model.model.vqmodel.decoder.up.0.block.2.conv2.bias
  - Froze policy model parameter: base_model.model.model.vqmodel.decoder.up.1.block.0.norm1.weight
  - Froze policy model parameter: base_model.model.model.vqmodel.decoder.up.1.block.0.norm1.bias
  - Froze policy model parameter: base_model.model.model.vqmodel.decoder.up.1.block.0.conv1.weight
  - Froze policy model parameter: base_model.model.model.vqmodel.decoder.up.1.block.0.conv1.bias
  - Froze policy model parameter: base_model.model.model.vqmodel.decoder.up.1.block.0.norm2.weight
  - Froze policy model parameter: base_model.model.model.vqmodel.decoder.up.1.block.0.norm2.bias
  - Froze policy model parameter: base_model.model.model.vqmodel.decoder.up.1.block.0.conv2.weight
  - Froze policy model parameter: base_model.model.model.vqmodel.decoder.up.1.block.0.conv2.bias
  - Froze policy model parameter: base_model.model.model.vqmodel.decoder.up.1.block.0.nin_shortcut.weight
  - Froze policy model parameter: base_model.model.model.vqmodel.decoder.up.1.block.0.nin_shortcut.bias
  - Froze policy model parameter: base_model.model.model.vqmodel.decoder.up.1.block.1.norm1.weight
  - Froze policy model parameter: base_model.model.model.vqmodel.decoder.up.1.block.1.norm1.bias
  - Froze policy model parameter: base_model.model.model.vqmodel.decoder.up.1.block.1.conv1.weight
  - Froze policy model parameter: base_model.model.model.vqmodel.decoder.up.1.block.1.conv1.bias
  - Froze policy model parameter: base_model.model.model.vqmodel.decoder.up.1.block.1.norm2.weight
  - Froze policy model parameter: base_model.model.model.vqmodel.decoder.up.1.block.1.norm2.bias
  - Froze policy model parameter: base_model.model.model.vqmodel.decoder.up.1.block.1.conv2.weight
  - Froze policy model parameter: base_model.model.model.vqmodel.decoder.up.1.block.1.conv2.bias
  - Froze policy model parameter: base_model.model.model.vqmodel.decoder.up.1.block.2.norm1.weight
  - Froze policy model parameter: base_model.model.model.vqmodel.decoder.up.1.block.2.norm1.bias
  - Froze policy model parameter: base_model.model.model.vqmodel.decoder.up.1.block.2.conv1.weight
  - Froze policy model parameter: base_model.model.model.vqmodel.decoder.up.1.block.2.conv1.bias
  - Froze policy model parameter: base_model.model.model.vqmodel.decoder.up.1.block.2.norm2.weight
  - Froze policy model parameter: base_model.model.model.vqmodel.decoder.up.1.block.2.norm2.bias
  - Froze policy model parameter: base_model.model.model.vqmodel.decoder.up.1.block.2.conv2.weight
  - Froze policy model parameter: base_model.model.model.vqmodel.decoder.up.1.block.2.conv2.bias
  - Froze policy model parameter: base_model.model.model.vqmodel.decoder.up.1.upsample.conv.weight
  - Froze policy model parameter: base_model.model.model.vqmodel.decoder.up.1.upsample.conv.bias
  - Froze policy model parameter: base_model.model.model.vqmodel.decoder.up.2.block.0.norm1.weight
  - Froze policy model parameter: base_model.model.model.vqmodel.decoder.up.2.block.0.norm1.bias
  - Froze policy model parameter: base_model.model.model.vqmodel.decoder.up.2.block.0.conv1.weight
  - Froze policy model parameter: base_model.model.model.vqmodel.decoder.up.2.block.0.conv1.bias
  - Froze policy model parameter: base_model.model.model.vqmodel.decoder.up.2.block.0.norm2.weight
  - Froze policy model parameter: base_model.model.model.vqmodel.decoder.up.2.block.0.norm2.bias
  - Froze policy model parameter: base_model.model.model.vqmodel.decoder.up.2.block.0.conv2.weight
  - Froze policy model parameter: base_model.model.model.vqmodel.decoder.up.2.block.0.conv2.bias
  - Froze policy model parameter: base_model.model.model.vqmodel.decoder.up.2.block.1.norm1.weight
  - Froze policy model parameter: base_model.model.model.vqmodel.decoder.up.2.block.1.norm1.bias
  - Froze policy model parameter: base_model.model.model.vqmodel.decoder.up.2.block.1.conv1.weight
  - Froze policy model parameter: base_model.model.model.vqmodel.decoder.up.2.block.1.conv1.bias
  - Froze policy model parameter: base_model.model.model.vqmodel.decoder.up.2.block.1.norm2.weight
  - Froze policy model parameter: base_model.model.model.vqmodel.decoder.up.2.block.1.norm2.bias
  - Froze policy model parameter: base_model.model.model.vqmodel.decoder.up.2.block.1.conv2.weight
  - Froze policy model parameter: base_model.model.model.vqmodel.decoder.up.2.block.1.conv2.bias
  - Froze policy model parameter: base_model.model.model.vqmodel.decoder.up.2.block.2.norm1.weight
  - Froze policy model parameter: base_model.model.model.vqmodel.decoder.up.2.block.2.norm1.bias
  - Froze policy model parameter: base_model.model.model.vqmodel.decoder.up.2.block.2.conv1.weight
  - Froze policy model parameter: base_model.model.model.vqmodel.decoder.up.2.block.2.conv1.bias
  - Froze policy model parameter: base_model.model.model.vqmodel.decoder.up.2.block.2.norm2.weight
  - Froze policy model parameter: base_model.model.model.vqmodel.decoder.up.2.block.2.norm2.bias
  - Froze policy model parameter: base_model.model.model.vqmodel.decoder.up.2.block.2.conv2.weight
  - Froze policy model parameter: base_model.model.model.vqmodel.decoder.up.2.block.2.conv2.bias
  - Froze policy model parameter: base_model.model.model.vqmodel.decoder.up.2.upsample.conv.weight
  - Froze policy model parameter: base_model.model.model.vqmodel.decoder.up.2.upsample.conv.bias
  - Froze policy model parameter: base_model.model.model.vqmodel.decoder.up.3.block.0.norm1.weight
  - Froze policy model parameter: base_model.model.model.vqmodel.decoder.up.3.block.0.norm1.bias
  - Froze policy model parameter: base_model.model.model.vqmodel.decoder.up.3.block.0.conv1.weight
  - Froze policy model parameter: base_model.model.model.vqmodel.decoder.up.3.block.0.conv1.bias
  - Froze policy model parameter: base_model.model.model.vqmodel.decoder.up.3.block.0.norm2.weight
  - Froze policy model parameter: base_model.model.model.vqmodel.decoder.up.3.block.0.norm2.bias
  - Froze policy model parameter: base_model.model.model.vqmodel.decoder.up.3.block.0.conv2.weight
  - Froze policy model parameter: base_model.model.model.vqmodel.decoder.up.3.block.0.conv2.bias
  - Froze policy model parameter: base_model.model.model.vqmodel.decoder.up.3.block.0.nin_shortcut.weight
  - Froze policy model parameter: base_model.model.model.vqmodel.decoder.up.3.block.0.nin_shortcut.bias
  - Froze policy model parameter: base_model.model.model.vqmodel.decoder.up.3.block.1.norm1.weight
  - Froze policy model parameter: base_model.model.model.vqmodel.decoder.up.3.block.1.norm1.bias
  - Froze policy model parameter: base_model.model.model.vqmodel.decoder.up.3.block.1.conv1.weight
  - Froze policy model parameter: base_model.model.model.vqmodel.decoder.up.3.block.1.conv1.bias
  - Froze policy model parameter: base_model.model.model.vqmodel.decoder.up.3.block.1.norm2.weight
  - Froze policy model parameter: base_model.model.model.vqmodel.decoder.up.3.block.1.norm2.bias
  - Froze policy model parameter: base_model.model.model.vqmodel.decoder.up.3.block.1.conv2.weight
  - Froze policy model parameter: base_model.model.model.vqmodel.decoder.up.3.block.1.conv2.bias
  - Froze policy model parameter: base_model.model.model.vqmodel.decoder.up.3.block.2.norm1.weight
  - Froze policy model parameter: base_model.model.model.vqmodel.decoder.up.3.block.2.norm1.bias
  - Froze policy model parameter: base_model.model.model.vqmodel.decoder.up.3.block.2.conv1.weight
  - Froze policy model parameter: base_model.model.model.vqmodel.decoder.up.3.block.2.conv1.bias
  - Froze policy model parameter: base_model.model.model.vqmodel.decoder.up.3.block.2.norm2.weight
  - Froze policy model parameter: base_model.model.model.vqmodel.decoder.up.3.block.2.norm2.bias
  - Froze policy model parameter: base_model.model.model.vqmodel.decoder.up.3.block.2.conv2.weight
  - Froze policy model parameter: base_model.model.model.vqmodel.decoder.up.3.block.2.conv2.bias
  - Froze policy model parameter: base_model.model.model.vqmodel.decoder.up.3.upsample.conv.weight
  - Froze policy model parameter: base_model.model.model.vqmodel.decoder.up.3.upsample.conv.bias
  - Froze policy model parameter: base_model.model.model.vqmodel.decoder.up.4.block.0.norm1.weight
  - Froze policy model parameter: base_model.model.model.vqmodel.decoder.up.4.block.0.norm1.bias
  - Froze policy model parameter: base_model.model.model.vqmodel.decoder.up.4.block.0.conv1.weight
  - Froze policy model parameter: base_model.model.model.vqmodel.decoder.up.4.block.0.conv1.bias
  - Froze policy model parameter: base_model.model.model.vqmodel.decoder.up.4.block.0.norm2.weight
  - Froze policy model parameter: base_model.model.model.vqmodel.decoder.up.4.block.0.norm2.bias
  - Froze policy model parameter: base_model.model.model.vqmodel.decoder.up.4.block.0.conv2.weight
  - Froze policy model parameter: base_model.model.model.vqmodel.decoder.up.4.block.0.conv2.bias
  - Froze policy model parameter: base_model.model.model.vqmodel.decoder.up.4.block.1.norm1.weight
  - Froze policy model parameter: base_model.model.model.vqmodel.decoder.up.4.block.1.norm1.bias
  - Froze policy model parameter: base_model.model.model.vqmodel.decoder.up.4.block.1.conv1.weight
  - Froze policy model parameter: base_model.model.model.vqmodel.decoder.up.4.block.1.conv1.bias
  - Froze policy model parameter: base_model.model.model.vqmodel.decoder.up.4.block.1.norm2.weight
  - Froze policy model parameter: base_model.model.model.vqmodel.decoder.up.4.block.1.norm2.bias
  - Froze policy model parameter: base_model.model.model.vqmodel.decoder.up.4.block.1.conv2.weight
  - Froze policy model parameter: base_model.model.model.vqmodel.decoder.up.4.block.1.conv2.bias
  - Froze policy model parameter: base_model.model.model.vqmodel.decoder.up.4.block.2.norm1.weight
  - Froze policy model parameter: base_model.model.model.vqmodel.decoder.up.4.block.2.norm1.bias
  - Froze policy model parameter: base_model.model.model.vqmodel.decoder.up.4.block.2.conv1.weight
  - Froze policy model parameter: base_model.model.model.vqmodel.decoder.up.4.block.2.conv1.bias
  - Froze policy model parameter: base_model.model.model.vqmodel.decoder.up.4.block.2.norm2.weight
  - Froze policy model parameter: base_model.model.model.vqmodel.decoder.up.4.block.2.norm2.bias
  - Froze policy model parameter: base_model.model.model.vqmodel.decoder.up.4.block.2.conv2.weight
  - Froze policy model parameter: base_model.model.model.vqmodel.decoder.up.4.block.2.conv2.bias
  - Froze policy model parameter: base_model.model.model.vqmodel.decoder.up.4.upsample.conv.weight
  - Froze policy model parameter: base_model.model.model.vqmodel.decoder.up.4.upsample.conv.bias
  - Froze policy model parameter: base_model.model.model.vqmodel.decoder.norm_out.weight
  - Froze policy model parameter: base_model.model.model.vqmodel.decoder.norm_out.bias
  - Froze policy model parameter: base_model.model.model.vqmodel.decoder.conv_out.weight
  - Froze policy model parameter: base_model.model.model.vqmodel.decoder.conv_out.bias
  - Froze policy model parameter: base_model.model.model.vqmodel.quantize.embedding.weight
  - Froze policy model parameter: base_model.model.model.vqmodel.quant_conv.weight
  - Froze policy model parameter: base_model.model.model.vqmodel.quant_conv.bias
  - Froze policy model parameter: base_model.model.model.vqmodel.post_quant_conv.weight
  - Froze policy model parameter: base_model.model.model.vqmodel.post_quant_conv.bias
  - Froze policy model parameter: base_model.model.mlp_head.time_embed.mlp.0.weight
  - Froze policy model parameter: base_model.model.mlp_head.time_embed.mlp.0.bias
  - Froze policy model parameter: base_model.model.mlp_head.time_embed.mlp.2.weight
  - Froze policy model parameter: base_model.model.mlp_head.time_embed.mlp.2.bias
  - Froze policy model parameter: base_model.model.mlp_head.cond_embed.weight
  - Froze policy model parameter: base_model.model.mlp_head.cond_embed.bias
  - Froze policy model parameter: base_model.model.mlp_head.input_proj.weight
  - Froze policy model parameter: base_model.model.mlp_head.input_proj.bias
  - Froze policy model parameter: base_model.model.mlp_head.res_blocks.0.in_ln.weight
  - Froze policy model parameter: base_model.model.mlp_head.res_blocks.0.in_ln.bias
  - Froze policy model parameter: base_model.model.mlp_head.res_blocks.0.mlp.0.weight
  - Froze policy model parameter: base_model.model.mlp_head.res_blocks.0.mlp.0.bias
  - Froze policy model parameter: base_model.model.mlp_head.res_blocks.0.mlp.2.weight
  - Froze policy model parameter: base_model.model.mlp_head.res_blocks.0.mlp.2.bias
  - Froze policy model parameter: base_model.model.mlp_head.res_blocks.0.adaLN_modulation.1.weight
  - Froze policy model parameter: base_model.model.mlp_head.res_blocks.0.adaLN_modulation.1.bias
  - Froze policy model parameter: base_model.model.mlp_head.res_blocks.1.in_ln.weight
  - Froze policy model parameter: base_model.model.mlp_head.res_blocks.1.in_ln.bias
  - Froze policy model parameter: base_model.model.mlp_head.res_blocks.1.mlp.0.weight
  - Froze policy model parameter: base_model.model.mlp_head.res_blocks.1.mlp.0.bias
  - Froze policy model parameter: base_model.model.mlp_head.res_blocks.1.mlp.2.weight
  - Froze policy model parameter: base_model.model.mlp_head.res_blocks.1.mlp.2.bias
  - Froze policy model parameter: base_model.model.mlp_head.res_blocks.1.adaLN_modulation.1.weight
  - Froze policy model parameter: base_model.model.mlp_head.res_blocks.1.adaLN_modulation.1.bias
  - Froze policy model parameter: base_model.model.mlp_head.res_blocks.2.in_ln.weight
  - Froze policy model parameter: base_model.model.mlp_head.res_blocks.2.in_ln.bias
  - Froze policy model parameter: base_model.model.mlp_head.res_blocks.2.mlp.0.weight
  - Froze policy model parameter: base_model.model.mlp_head.res_blocks.2.mlp.0.bias
  - Froze policy model parameter: base_model.model.mlp_head.res_blocks.2.mlp.2.weight
  - Froze policy model parameter: base_model.model.mlp_head.res_blocks.2.mlp.2.bias
  - Froze policy model parameter: base_model.model.mlp_head.res_blocks.2.adaLN_modulation.1.weight
  - Froze policy model parameter: base_model.model.mlp_head.res_blocks.2.adaLN_modulation.1.bias
  - Froze policy model parameter: base_model.model.mlp_head.final_layer.linear.weight
  - Froze policy model parameter: base_model.model.mlp_head.final_layer.linear.bias
  - Froze policy model parameter: base_model.model.mlp_head.final_layer.adaLN_modulation.1.weight
  - Froze policy model parameter: base_model.model.mlp_head.final_layer.adaLN_modulation.1.bias
Model parts frozen.
Loading checkpoint shards:   0%|          | 0/3 [00:00<?, ?it/s]Loaded 2 reward functions: ['answer_correctness_reward', 'format_reward']
Trainer initialized.
--- [Step 3/3] Starting GRPO training... ---
Loading checkpoint shards: 100%|██████████| 3/3 [00:00<00:00, 25.33it/s]Loading checkpoint shards: 100%|██████████| 3/3 [00:00<00:00, 25.28it/s]
Applying LoRA adapters ...
LoRA target modules: {'q_proj', 'o_proj', 'k_proj', 'v_proj'}
LoRA 已启用：trainable params=16777216 / total params=7151239811
Enabling policy gradient checkpointing (use_reentrant=False).
Diffusion MLP gradient checkpointing disabled.
Freezing non-trainable parts of the model...
  - Froze policy model parameter: base_model.model.model.vqmodel.encoder.conv_in.weight
  - Froze policy model parameter: base_model.model.model.vqmodel.encoder.conv_in.bias
  - Froze policy model parameter: base_model.model.model.vqmodel.encoder.down.0.block.0.norm1.weight
  - Froze policy model parameter: base_model.model.model.vqmodel.encoder.down.0.block.0.norm1.bias
  - Froze policy model parameter: base_model.model.model.vqmodel.encoder.down.0.block.0.conv1.weight
  - Froze policy model parameter: base_model.model.model.vqmodel.encoder.down.0.block.0.conv1.bias
  - Froze policy model parameter: base_model.model.model.vqmodel.encoder.down.0.block.0.norm2.weight
  - Froze policy model parameter: base_model.model.model.vqmodel.encoder.down.0.block.0.norm2.bias
  - Froze policy model parameter: base_model.model.model.vqmodel.encoder.down.0.block.0.conv2.weight
  - Froze policy model parameter: base_model.model.model.vqmodel.encoder.down.0.block.0.conv2.bias
  - Froze policy model parameter: base_model.model.model.vqmodel.encoder.down.0.block.1.norm1.weight
  - Froze policy model parameter: base_model.model.model.vqmodel.encoder.down.0.block.1.norm1.bias
  - Froze policy model parameter: base_model.model.model.vqmodel.encoder.down.0.block.1.conv1.weight
  - Froze policy model parameter: base_model.model.model.vqmodel.encoder.down.0.block.1.conv1.bias
  - Froze policy model parameter: base_model.model.model.vqmodel.encoder.down.0.block.1.norm2.weight
  - Froze policy model parameter: base_model.model.model.vqmodel.encoder.down.0.block.1.norm2.bias
  - Froze policy model parameter: base_model.model.model.vqmodel.encoder.down.0.block.1.conv2.weight
  - Froze policy model parameter: base_model.model.model.vqmodel.encoder.down.0.block.1.conv2.bias
  - Froze policy model parameter: base_model.model.model.vqmodel.encoder.down.0.downsample.conv.weight
  - Froze policy model parameter: base_model.model.model.vqmodel.encoder.down.0.downsample.conv.bias
  - Froze policy model parameter: base_model.model.model.vqmodel.encoder.down.1.block.0.norm1.weight
  - Froze policy model parameter: base_model.model.model.vqmodel.encoder.down.1.block.0.norm1.bias
  - Froze policy model parameter: base_model.model.model.vqmodel.encoder.down.1.block.0.conv1.weight
  - Froze policy model parameter: base_model.model.model.vqmodel.encoder.down.1.block.0.conv1.bias
  - Froze policy model parameter: base_model.model.model.vqmodel.encoder.down.1.block.0.norm2.weight
  - Froze policy model parameter: base_model.model.model.vqmodel.encoder.down.1.block.0.norm2.bias
  - Froze policy model parameter: base_model.model.model.vqmodel.encoder.down.1.block.0.conv2.weight
  - Froze policy model parameter: base_model.model.model.vqmodel.encoder.down.1.block.0.conv2.bias
  - Froze policy model parameter: base_model.model.model.vqmodel.encoder.down.1.block.1.norm1.weight
  - Froze policy model parameter: base_model.model.model.vqmodel.encoder.down.1.block.1.norm1.bias
  - Froze policy model parameter: base_model.model.model.vqmodel.encoder.down.1.block.1.conv1.weight
  - Froze policy model parameter: base_model.model.model.vqmodel.encoder.down.1.block.1.conv1.bias
  - Froze policy model parameter: base_model.model.model.vqmodel.encoder.down.1.block.1.norm2.weight
  - Froze policy model parameter: base_model.model.model.vqmodel.encoder.down.1.block.1.norm2.bias
  - Froze policy model parameter: base_model.model.model.vqmodel.encoder.down.1.block.1.conv2.weight
  - Froze policy model parameter: base_model.model.model.vqmodel.encoder.down.1.block.1.conv2.bias
  - Froze policy model parameter: base_model.model.model.vqmodel.encoder.down.1.downsample.conv.weight
  - Froze policy model parameter: base_model.model.model.vqmodel.encoder.down.1.downsample.conv.bias
  - Froze policy model parameter: base_model.model.model.vqmodel.encoder.down.2.block.0.norm1.weight
  - Froze policy model parameter: base_model.model.model.vqmodel.encoder.down.2.block.0.norm1.bias
  - Froze policy model parameter: base_model.model.model.vqmodel.encoder.down.2.block.0.conv1.weight
  - Froze policy model parameter: base_model.model.model.vqmodel.encoder.down.2.block.0.conv1.bias
  - Froze policy model parameter: base_model.model.model.vqmodel.encoder.down.2.block.0.norm2.weight
  - Froze policy model parameter: base_model.model.model.vqmodel.encoder.down.2.block.0.norm2.bias
  - Froze policy model parameter: base_model.model.model.vqmodel.encoder.down.2.block.0.conv2.weight
  - Froze policy model parameter: base_model.model.model.vqmodel.encoder.down.2.block.0.conv2.bias
  - Froze policy model parameter: base_model.model.model.vqmodel.encoder.down.2.block.0.nin_shortcut.weight
  - Froze policy model parameter: base_model.model.model.vqmodel.encoder.down.2.block.0.nin_shortcut.bias
  - Froze policy model parameter: base_model.model.model.vqmodel.encoder.down.2.block.1.norm1.weight
  - Froze policy model parameter: base_model.model.model.vqmodel.encoder.down.2.block.1.norm1.bias
  - Froze policy model parameter: base_model.model.model.vqmodel.encoder.down.2.block.1.conv1.weight
  - Froze policy model parameter: base_model.model.model.vqmodel.encoder.down.2.block.1.conv1.bias
  - Froze policy model parameter: base_model.model.model.vqmodel.encoder.down.2.block.1.norm2.weight
  - Froze policy model parameter: base_model.model.model.vqmodel.encoder.down.2.block.1.norm2.bias
  - Froze policy model parameter: base_model.model.model.vqmodel.encoder.down.2.block.1.conv2.weight
  - Froze policy model parameter: base_model.model.model.vqmodel.encoder.down.2.block.1.conv2.bias
  - Froze policy model parameter: base_model.model.model.vqmodel.encoder.down.2.downsample.conv.weight
  - Froze policy model parameter: base_model.model.model.vqmodel.encoder.down.2.downsample.conv.bias
  - Froze policy model parameter: base_model.model.model.vqmodel.encoder.down.3.block.0.norm1.weight
  - Froze policy model parameter: base_model.model.model.vqmodel.encoder.down.3.block.0.norm1.bias
  - Froze policy model parameter: base_model.model.model.vqmodel.encoder.down.3.block.0.conv1.weight
  - Froze policy model parameter: base_model.model.model.vqmodel.encoder.down.3.block.0.conv1.bias
  - Froze policy model parameter: base_model.model.model.vqmodel.encoder.down.3.block.0.norm2.weight
  - Froze policy model parameter: base_model.model.model.vqmodel.encoder.down.3.block.0.norm2.bias
  - Froze policy model parameter: base_model.model.model.vqmodel.encoder.down.3.block.0.conv2.weight
  - Froze policy model parameter: base_model.model.model.vqmodel.encoder.down.3.block.0.conv2.bias
  - Froze policy model parameter: base_model.model.model.vqmodel.encoder.down.3.block.1.norm1.weight
  - Froze policy model parameter: base_model.model.model.vqmodel.encoder.down.3.block.1.norm1.bias
  - Froze policy model parameter: base_model.model.model.vqmodel.encoder.down.3.block.1.conv1.weight
  - Froze policy model parameter: base_model.model.model.vqmodel.encoder.down.3.block.1.conv1.bias
  - Froze policy model parameter: base_model.model.model.vqmodel.encoder.down.3.block.1.norm2.weight
  - Froze policy model parameter: base_model.model.model.vqmodel.encoder.down.3.block.1.norm2.bias
  - Froze policy model parameter: base_model.model.model.vqmodel.encoder.down.3.block.1.conv2.weight
  - Froze policy model parameter: base_model.model.model.vqmodel.encoder.down.3.block.1.conv2.bias
  - Froze policy model parameter: base_model.model.model.vqmodel.encoder.down.3.downsample.conv.weight
  - Froze policy model parameter: base_model.model.model.vqmodel.encoder.down.3.downsample.conv.bias
  - Froze policy model parameter: base_model.model.model.vqmodel.encoder.down.4.block.0.norm1.weight
  - Froze policy model parameter: base_model.model.model.vqmodel.encoder.down.4.block.0.norm1.bias
  - Froze policy model parameter: base_model.model.model.vqmodel.encoder.down.4.block.0.conv1.weight
  - Froze policy model parameter: base_model.model.model.vqmodel.encoder.down.4.block.0.conv1.bias
  - Froze policy model parameter: base_model.model.model.vqmodel.encoder.down.4.block.0.norm2.weight
  - Froze policy model parameter: base_model.model.model.vqmodel.encoder.down.4.block.0.norm2.bias
  - Froze policy model parameter: base_model.model.model.vqmodel.encoder.down.4.block.0.conv2.weight
  - Froze policy model parameter: base_model.model.model.vqmodel.encoder.down.4.block.0.conv2.bias
  - Froze policy model parameter: base_model.model.model.vqmodel.encoder.down.4.block.0.nin_shortcut.weight
  - Froze policy model parameter: base_model.model.model.vqmodel.encoder.down.4.block.0.nin_shortcut.bias
  - Froze policy model parameter: base_model.model.model.vqmodel.encoder.down.4.block.1.norm1.weight
  - Froze policy model parameter: base_model.model.model.vqmodel.encoder.down.4.block.1.norm1.bias
  - Froze policy model parameter: base_model.model.model.vqmodel.encoder.down.4.block.1.conv1.weight
  - Froze policy model parameter: base_model.model.model.vqmodel.encoder.down.4.block.1.conv1.bias
  - Froze policy model parameter: base_model.model.model.vqmodel.encoder.down.4.block.1.norm2.weight
  - Froze policy model parameter: base_model.model.model.vqmodel.encoder.down.4.block.1.norm2.bias
  - Froze policy model parameter: base_model.model.model.vqmodel.encoder.down.4.block.1.conv2.weight
  - Froze policy model parameter: base_model.model.model.vqmodel.encoder.down.4.block.1.conv2.bias
  - Froze policy model parameter: base_model.model.model.vqmodel.encoder.mid.block_1.norm1.weight
  - Froze policy model parameter: base_model.model.model.vqmodel.encoder.mid.block_1.norm1.bias
  - Froze policy model parameter: base_model.model.model.vqmodel.encoder.mid.block_1.conv1.weight
  - Froze policy model parameter: base_model.model.model.vqmodel.encoder.mid.block_1.conv1.bias
  - Froze policy model parameter: base_model.model.model.vqmodel.encoder.mid.block_1.norm2.weight
  - Froze policy model parameter: base_model.model.model.vqmodel.encoder.mid.block_1.norm2.bias
  - Froze policy model parameter: base_model.model.model.vqmodel.encoder.mid.block_1.conv2.weight
  - Froze policy model parameter: base_model.model.model.vqmodel.encoder.mid.block_1.conv2.bias
  - Froze policy model parameter: base_model.model.model.vqmodel.encoder.mid.attn_1.norm.weight
  - Froze policy model parameter: base_model.model.model.vqmodel.encoder.mid.attn_1.norm.bias
  - Froze policy model parameter: base_model.model.model.vqmodel.encoder.mid.attn_1.q.weight
  - Froze policy model parameter: base_model.model.model.vqmodel.encoder.mid.attn_1.q.bias
  - Froze policy model parameter: base_model.model.model.vqmodel.encoder.mid.attn_1.k.weight
  - Froze policy model parameter: base_model.model.model.vqmodel.encoder.mid.attn_1.k.bias
  - Froze policy model parameter: base_model.model.model.vqmodel.encoder.mid.attn_1.v.weight
  - Froze policy model parameter: base_model.model.model.vqmodel.encoder.mid.attn_1.v.bias
  - Froze policy model parameter: base_model.model.model.vqmodel.encoder.mid.attn_1.proj_out.weight
  - Froze policy model parameter: base_model.model.model.vqmodel.encoder.mid.attn_1.proj_out.bias
  - Froze policy model parameter: base_model.model.model.vqmodel.encoder.mid.block_2.norm1.weight
  - Froze policy model parameter: base_model.model.model.vqmodel.encoder.mid.block_2.norm1.bias
  - Froze policy model parameter: base_model.model.model.vqmodel.encoder.mid.block_2.conv1.weight
  - Froze policy model parameter: base_model.model.model.vqmodel.encoder.mid.block_2.conv1.bias
  - Froze policy model parameter: base_model.model.model.vqmodel.encoder.mid.block_2.norm2.weight
  - Froze policy model parameter: base_model.model.model.vqmodel.encoder.mid.block_2.norm2.bias
  - Froze policy model parameter: base_model.model.model.vqmodel.encoder.mid.block_2.conv2.weight
  - Froze policy model parameter: base_model.model.model.vqmodel.encoder.mid.block_2.conv2.bias
  - Froze policy model parameter: base_model.model.model.vqmodel.encoder.norm_out.weight
  - Froze policy model parameter: base_model.model.model.vqmodel.encoder.norm_out.bias
  - Froze policy model parameter: base_model.model.model.vqmodel.encoder.conv_out.weight
  - Froze policy model parameter: base_model.model.model.vqmodel.encoder.conv_out.bias
  - Froze policy model parameter: base_model.model.model.vqmodel.decoder.conv_in.weight
  - Froze policy model parameter: base_model.model.model.vqmodel.decoder.conv_in.bias
  - Froze policy model parameter: base_model.model.model.vqmodel.decoder.mid.block_1.norm1.weight
  - Froze policy model parameter: base_model.model.model.vqmodel.decoder.mid.block_1.norm1.bias
  - Froze policy model parameter: base_model.model.model.vqmodel.decoder.mid.block_1.conv1.weight
  - Froze policy model parameter: base_model.model.model.vqmodel.decoder.mid.block_1.conv1.bias
  - Froze policy model parameter: base_model.model.model.vqmodel.decoder.mid.block_1.norm2.weight
  - Froze policy model parameter: base_model.model.model.vqmodel.decoder.mid.block_1.norm2.bias
  - Froze policy model parameter: base_model.model.model.vqmodel.decoder.mid.block_1.conv2.weight
  - Froze policy model parameter: base_model.model.model.vqmodel.decoder.mid.block_1.conv2.bias
  - Froze policy model parameter: base_model.model.model.vqmodel.decoder.mid.attn_1.norm.weight
  - Froze policy model parameter: base_model.model.model.vqmodel.decoder.mid.attn_1.norm.bias
  - Froze policy model parameter: base_model.model.model.vqmodel.decoder.mid.attn_1.q.weight
  - Froze policy model parameter: base_model.model.model.vqmodel.decoder.mid.attn_1.q.bias
  - Froze policy model parameter: base_model.model.model.vqmodel.decoder.mid.attn_1.k.weight
  - Froze policy model parameter: base_model.model.model.vqmodel.decoder.mid.attn_1.k.bias
  - Froze policy model parameter: base_model.model.model.vqmodel.decoder.mid.attn_1.v.weight
  - Froze policy model parameter: base_model.model.model.vqmodel.decoder.mid.attn_1.v.bias
  - Froze policy model parameter: base_model.model.model.vqmodel.decoder.mid.attn_1.proj_out.weight
  - Froze policy model parameter: base_model.model.model.vqmodel.decoder.mid.attn_1.proj_out.bias
  - Froze policy model parameter: base_model.model.model.vqmodel.decoder.mid.block_2.norm1.weight
  - Froze policy model parameter: base_model.model.model.vqmodel.decoder.mid.block_2.norm1.bias
  - Froze policy model parameter: base_model.model.model.vqmodel.decoder.mid.block_2.conv1.weight
  - Froze policy model parameter: base_model.model.model.vqmodel.decoder.mid.block_2.conv1.bias
  - Froze policy model parameter: base_model.model.model.vqmodel.decoder.mid.block_2.norm2.weight
  - Froze policy model parameter: base_model.model.model.vqmodel.decoder.mid.block_2.norm2.bias
  - Froze policy model parameter: base_model.model.model.vqmodel.decoder.mid.block_2.conv2.weight
  - Froze policy model parameter: base_model.model.model.vqmodel.decoder.mid.block_2.conv2.bias
  - Froze policy model parameter: base_model.model.model.vqmodel.decoder.up.0.block.0.norm1.weight
  - Froze policy model parameter: base_model.model.model.vqmodel.decoder.up.0.block.0.norm1.bias
  - Froze policy model parameter: base_model.model.model.vqmodel.decoder.up.0.block.0.conv1.weight
  - Froze policy model parameter: base_model.model.model.vqmodel.decoder.up.0.block.0.conv1.bias
  - Froze policy model parameter: base_model.model.model.vqmodel.decoder.up.0.block.0.norm2.weight
  - Froze policy model parameter: base_model.model.model.vqmodel.decoder.up.0.block.0.norm2.bias
  - Froze policy model parameter: base_model.model.model.vqmodel.decoder.up.0.block.0.conv2.weight
  - Froze policy model parameter: base_model.model.model.vqmodel.decoder.up.0.block.0.conv2.bias
  - Froze policy model parameter: base_model.model.model.vqmodel.decoder.up.0.block.1.norm1.weight
  - Froze policy model parameter: base_model.model.model.vqmodel.decoder.up.0.block.1.norm1.bias
  - Froze policy model parameter: base_model.model.model.vqmodel.decoder.up.0.block.1.conv1.weight
  - Froze policy model parameter: base_model.model.model.vqmodel.decoder.up.0.block.1.conv1.bias
  - Froze policy model parameter: base_model.model.model.vqmodel.decoder.up.0.block.1.norm2.weight
  - Froze policy model parameter: base_model.model.model.vqmodel.decoder.up.0.block.1.norm2.bias
  - Froze policy model parameter: base_model.model.model.vqmodel.decoder.up.0.block.1.conv2.weight
  - Froze policy model parameter: base_model.model.model.vqmodel.decoder.up.0.block.1.conv2.bias
  - Froze policy model parameter: base_model.model.model.vqmodel.decoder.up.0.block.2.norm1.weight
  - Froze policy model parameter: base_model.model.model.vqmodel.decoder.up.0.block.2.norm1.bias
  - Froze policy model parameter: base_model.model.model.vqmodel.decoder.up.0.block.2.conv1.weight
  - Froze policy model parameter: base_model.model.model.vqmodel.decoder.up.0.block.2.conv1.bias
  - Froze policy model parameter: base_model.model.model.vqmodel.decoder.up.0.block.2.norm2.weight
  - Froze policy model parameter: base_model.model.model.vqmodel.decoder.up.0.block.2.norm2.bias
  - Froze policy model parameter: base_model.model.model.vqmodel.decoder.up.0.block.2.conv2.weight
  - Froze policy model parameter: base_model.model.model.vqmodel.decoder.up.0.block.2.conv2.bias
  - Froze policy model parameter: base_model.model.model.vqmodel.decoder.up.1.block.0.norm1.weight
  - Froze policy model parameter: base_model.model.model.vqmodel.decoder.up.1.block.0.norm1.bias
  - Froze policy model parameter: base_model.model.model.vqmodel.decoder.up.1.block.0.conv1.weight
  - Froze policy model parameter: base_model.model.model.vqmodel.decoder.up.1.block.0.conv1.bias
  - Froze policy model parameter: base_model.model.model.vqmodel.decoder.up.1.block.0.norm2.weight
  - Froze policy model parameter: base_model.model.model.vqmodel.decoder.up.1.block.0.norm2.bias
  - Froze policy model parameter: base_model.model.model.vqmodel.decoder.up.1.block.0.conv2.weight
  - Froze policy model parameter: base_model.model.model.vqmodel.decoder.up.1.block.0.conv2.bias
  - Froze policy model parameter: base_model.model.model.vqmodel.decoder.up.1.block.0.nin_shortcut.weight
  - Froze policy model parameter: base_model.model.model.vqmodel.decoder.up.1.block.0.nin_shortcut.bias
  - Froze policy model parameter: base_model.model.model.vqmodel.decoder.up.1.block.1.norm1.weight
  - Froze policy model parameter: base_model.model.model.vqmodel.decoder.up.1.block.1.norm1.bias
  - Froze policy model parameter: base_model.model.model.vqmodel.decoder.up.1.block.1.conv1.weight
  - Froze policy model parameter: base_model.model.model.vqmodel.decoder.up.1.block.1.conv1.bias
  - Froze policy model parameter: base_model.model.model.vqmodel.decoder.up.1.block.1.norm2.weight
  - Froze policy model parameter: base_model.model.model.vqmodel.decoder.up.1.block.1.norm2.bias
  - Froze policy model parameter: base_model.model.model.vqmodel.decoder.up.1.block.1.conv2.weight
  - Froze policy model parameter: base_model.model.model.vqmodel.decoder.up.1.block.1.conv2.bias
  - Froze policy model parameter: base_model.model.model.vqmodel.decoder.up.1.block.2.norm1.weight
  - Froze policy model parameter: base_model.model.model.vqmodel.decoder.up.1.block.2.norm1.bias
  - Froze policy model parameter: base_model.model.model.vqmodel.decoder.up.1.block.2.conv1.weight
  - Froze policy model parameter: base_model.model.model.vqmodel.decoder.up.1.block.2.conv1.bias
  - Froze policy model parameter: base_model.model.model.vqmodel.decoder.up.1.block.2.norm2.weight
  - Froze policy model parameter: base_model.model.model.vqmodel.decoder.up.1.block.2.norm2.bias
  - Froze policy model parameter: base_model.model.model.vqmodel.decoder.up.1.block.2.conv2.weight
  - Froze policy model parameter: base_model.model.model.vqmodel.decoder.up.1.block.2.conv2.bias
  - Froze policy model parameter: base_model.model.model.vqmodel.decoder.up.1.upsample.conv.weight
  - Froze policy model parameter: base_model.model.model.vqmodel.decoder.up.1.upsample.conv.bias
  - Froze policy model parameter: base_model.model.model.vqmodel.decoder.up.2.block.0.norm1.weight
  - Froze policy model parameter: base_model.model.model.vqmodel.decoder.up.2.block.0.norm1.bias
  - Froze policy model parameter: base_model.model.model.vqmodel.decoder.up.2.block.0.conv1.weight
  - Froze policy model parameter: base_model.model.model.vqmodel.decoder.up.2.block.0.conv1.bias
  - Froze policy model parameter: base_model.model.model.vqmodel.decoder.up.2.block.0.norm2.weight
  - Froze policy model parameter: base_model.model.model.vqmodel.decoder.up.2.block.0.norm2.bias
  - Froze policy model parameter: base_model.model.model.vqmodel.decoder.up.2.block.0.conv2.weight
  - Froze policy model parameter: base_model.model.model.vqmodel.decoder.up.2.block.0.conv2.bias
  - Froze policy model parameter: base_model.model.model.vqmodel.decoder.up.2.block.1.norm1.weight
  - Froze policy model parameter: base_model.model.model.vqmodel.decoder.up.2.block.1.norm1.bias
  - Froze policy model parameter: base_model.model.model.vqmodel.decoder.up.2.block.1.conv1.weight
  - Froze policy model parameter: base_model.model.model.vqmodel.decoder.up.2.block.1.conv1.bias
  - Froze policy model parameter: base_model.model.model.vqmodel.decoder.up.2.block.1.norm2.weight
  - Froze policy model parameter: base_model.model.model.vqmodel.decoder.up.2.block.1.norm2.bias
  - Froze policy model parameter: base_model.model.model.vqmodel.decoder.up.2.block.1.conv2.weight
  - Froze policy model parameter: base_model.model.model.vqmodel.decoder.up.2.block.1.conv2.bias
  - Froze policy model parameter: base_model.model.model.vqmodel.decoder.up.2.block.2.norm1.weight
  - Froze policy model parameter: base_model.model.model.vqmodel.decoder.up.2.block.2.norm1.bias
  - Froze policy model parameter: base_model.model.model.vqmodel.decoder.up.2.block.2.conv1.weight
  - Froze policy model parameter: base_model.model.model.vqmodel.decoder.up.2.block.2.conv1.bias
  - Froze policy model parameter: base_model.model.model.vqmodel.decoder.up.2.block.2.norm2.weight
  - Froze policy model parameter: base_model.model.model.vqmodel.decoder.up.2.block.2.norm2.bias
  - Froze policy model parameter: base_model.model.model.vqmodel.decoder.up.2.block.2.conv2.weight
  - Froze policy model parameter: base_model.model.model.vqmodel.decoder.up.2.block.2.conv2.bias
  - Froze policy model parameter: base_model.model.model.vqmodel.decoder.up.2.upsample.conv.weight
  - Froze policy model parameter: base_model.model.model.vqmodel.decoder.up.2.upsample.conv.bias
  - Froze policy model parameter: base_model.model.model.vqmodel.decoder.up.3.block.0.norm1.weight
  - Froze policy model parameter: base_model.model.model.vqmodel.decoder.up.3.block.0.norm1.bias
  - Froze policy model parameter: base_model.model.model.vqmodel.decoder.up.3.block.0.conv1.weight
  - Froze policy model parameter: base_model.model.model.vqmodel.decoder.up.3.block.0.conv1.bias
  - Froze policy model parameter: base_model.model.model.vqmodel.decoder.up.3.block.0.norm2.weight
  - Froze policy model parameter: base_model.model.model.vqmodel.decoder.up.3.block.0.norm2.bias
  - Froze policy model parameter: base_model.model.model.vqmodel.decoder.up.3.block.0.conv2.weight
  - Froze policy model parameter: base_model.model.model.vqmodel.decoder.up.3.block.0.conv2.bias
  - Froze policy model parameter: base_model.model.model.vqmodel.decoder.up.3.block.0.nin_shortcut.weight
  - Froze policy model parameter: base_model.model.model.vqmodel.decoder.up.3.block.0.nin_shortcut.bias
  - Froze policy model parameter: base_model.model.model.vqmodel.decoder.up.3.block.1.norm1.weight
  - Froze policy model parameter: base_model.model.model.vqmodel.decoder.up.3.block.1.norm1.bias
  - Froze policy model parameter: base_model.model.model.vqmodel.decoder.up.3.block.1.conv1.weight
  - Froze policy model parameter: base_model.model.model.vqmodel.decoder.up.3.block.1.conv1.bias
  - Froze policy model parameter: base_model.model.model.vqmodel.decoder.up.3.block.1.norm2.weight
  - Froze policy model parameter: base_model.model.model.vqmodel.decoder.up.3.block.1.norm2.bias
  - Froze policy model parameter: base_model.model.model.vqmodel.decoder.up.3.block.1.conv2.weight
  - Froze policy model parameter: base_model.model.model.vqmodel.decoder.up.3.block.1.conv2.bias
  - Froze policy model parameter: base_model.model.model.vqmodel.decoder.up.3.block.2.norm1.weight
  - Froze policy model parameter: base_model.model.model.vqmodel.decoder.up.3.block.2.norm1.bias
  - Froze policy model parameter: base_model.model.model.vqmodel.decoder.up.3.block.2.conv1.weight
  - Froze policy model parameter: base_model.model.model.vqmodel.decoder.up.3.block.2.conv1.bias
  - Froze policy model parameter: base_model.model.model.vqmodel.decoder.up.3.block.2.norm2.weight
  - Froze policy model parameter: base_model.model.model.vqmodel.decoder.up.3.block.2.norm2.bias
  - Froze policy model parameter: base_model.model.model.vqmodel.decoder.up.3.block.2.conv2.weight
  - Froze policy model parameter: base_model.model.model.vqmodel.decoder.up.3.block.2.conv2.bias
  - Froze policy model parameter: base_model.model.model.vqmodel.decoder.up.3.upsample.conv.weight
  - Froze policy model parameter: base_model.model.model.vqmodel.decoder.up.3.upsample.conv.bias
  - Froze policy model parameter: base_model.model.model.vqmodel.decoder.up.4.block.0.norm1.weight
  - Froze policy model parameter: base_model.model.model.vqmodel.decoder.up.4.block.0.norm1.bias
  - Froze policy model parameter: base_model.model.model.vqmodel.decoder.up.4.block.0.conv1.weight
  - Froze policy model parameter: base_model.model.model.vqmodel.decoder.up.4.block.0.conv1.bias
  - Froze policy model parameter: base_model.model.model.vqmodel.decoder.up.4.block.0.norm2.weight
  - Froze policy model parameter: base_model.model.model.vqmodel.decoder.up.4.block.0.norm2.bias
  - Froze policy model parameter: base_model.model.model.vqmodel.decoder.up.4.block.0.conv2.weight
  - Froze policy model parameter: base_model.model.model.vqmodel.decoder.up.4.block.0.conv2.bias
  - Froze policy model parameter: base_model.model.model.vqmodel.decoder.up.4.block.1.norm1.weight
  - Froze policy model parameter: base_model.model.model.vqmodel.decoder.up.4.block.1.norm1.bias
  - Froze policy model parameter: base_model.model.model.vqmodel.decoder.up.4.block.1.conv1.weight
  - Froze policy model parameter: base_model.model.model.vqmodel.decoder.up.4.block.1.conv1.bias
  - Froze policy model parameter: base_model.model.model.vqmodel.decoder.up.4.block.1.norm2.weight
  - Froze policy model parameter: base_model.model.model.vqmodel.decoder.up.4.block.1.norm2.bias
  - Froze policy model parameter: base_model.model.model.vqmodel.decoder.up.4.block.1.conv2.weight
  - Froze policy model parameter: base_model.model.model.vqmodel.decoder.up.4.block.1.conv2.bias
  - Froze policy model parameter: base_model.model.model.vqmodel.decoder.up.4.block.2.norm1.weight
  - Froze policy model parameter: base_model.model.model.vqmodel.decoder.up.4.block.2.norm1.bias
  - Froze policy model parameter: base_model.model.model.vqmodel.decoder.up.4.block.2.conv1.weight
  - Froze policy model parameter: base_model.model.model.vqmodel.decoder.up.4.block.2.conv1.bias
  - Froze policy model parameter: base_model.model.model.vqmodel.decoder.up.4.block.2.norm2.weight
  - Froze policy model parameter: base_model.model.model.vqmodel.decoder.up.4.block.2.norm2.bias
  - Froze policy model parameter: base_model.model.model.vqmodel.decoder.up.4.block.2.conv2.weight
  - Froze policy model parameter: base_model.model.model.vqmodel.decoder.up.4.block.2.conv2.bias
  - Froze policy model parameter: base_model.model.model.vqmodel.decoder.up.4.upsample.conv.weight
  - Froze policy model parameter: base_model.model.model.vqmodel.decoder.up.4.upsample.conv.bias
  - Froze policy model parameter: base_model.model.model.vqmodel.decoder.norm_out.weight
  - Froze policy model parameter: base_model.model.model.vqmodel.decoder.norm_out.bias
  - Froze policy model parameter: base_model.model.model.vqmodel.decoder.conv_out.weight
  - Froze policy model parameter: base_model.model.model.vqmodel.decoder.conv_out.bias
  - Froze policy model parameter: base_model.model.model.vqmodel.quantize.embedding.weight
  - Froze policy model parameter: base_model.model.model.vqmodel.quant_conv.weight
  - Froze policy model parameter: base_model.model.model.vqmodel.quant_conv.bias
  - Froze policy model parameter: base_model.model.model.vqmodel.post_quant_conv.weight
  - Froze policy model parameter: base_model.model.model.vqmodel.post_quant_conv.bias
  - Froze policy model parameter: base_model.model.mlp_head.time_embed.mlp.0.weight
  - Froze policy model parameter: base_model.model.mlp_head.time_embed.mlp.0.bias
  - Froze policy model parameter: base_model.model.mlp_head.time_embed.mlp.2.weight
  - Froze policy model parameter: base_model.model.mlp_head.time_embed.mlp.2.bias
  - Froze policy model parameter: base_model.model.mlp_head.cond_embed.weight
  - Froze policy model parameter: base_model.model.mlp_head.cond_embed.bias
  - Froze policy model parameter: base_model.model.mlp_head.input_proj.weight
  - Froze policy model parameter: base_model.model.mlp_head.input_proj.bias
  - Froze policy model parameter: base_model.model.mlp_head.res_blocks.0.in_ln.weight
  - Froze policy model parameter: base_model.model.mlp_head.res_blocks.0.in_ln.bias
  - Froze policy model parameter: base_model.model.mlp_head.res_blocks.0.mlp.0.weight
  - Froze policy model parameter: base_model.model.mlp_head.res_blocks.0.mlp.0.bias
  - Froze policy model parameter: base_model.model.mlp_head.res_blocks.0.mlp.2.weight
  - Froze policy model parameter: base_model.model.mlp_head.res_blocks.0.mlp.2.bias
  - Froze policy model parameter: base_model.model.mlp_head.res_blocks.0.adaLN_modulation.1.weight
  - Froze policy model parameter: base_model.model.mlp_head.res_blocks.0.adaLN_modulation.1.bias
  - Froze policy model parameter: base_model.model.mlp_head.res_blocks.1.in_ln.weight
  - Froze policy model parameter: base_model.model.mlp_head.res_blocks.1.in_ln.bias
  - Froze policy model parameter: base_model.model.mlp_head.res_blocks.1.mlp.0.weight
  - Froze policy model parameter: base_model.model.mlp_head.res_blocks.1.mlp.0.bias
  - Froze policy model parameter: base_model.model.mlp_head.res_blocks.1.mlp.2.weight
  - Froze policy model parameter: base_model.model.mlp_head.res_blocks.1.mlp.2.bias
  - Froze policy model parameter: base_model.model.mlp_head.res_blocks.1.adaLN_modulation.1.weight
  - Froze policy model parameter: base_model.model.mlp_head.res_blocks.1.adaLN_modulation.1.bias
  - Froze policy model parameter: base_model.model.mlp_head.res_blocks.2.in_ln.weight
  - Froze policy model parameter: base_model.model.mlp_head.res_blocks.2.in_ln.bias
  - Froze policy model parameter: base_model.model.mlp_head.res_blocks.2.mlp.0.weight
  - Froze policy model parameter: base_model.model.mlp_head.res_blocks.2.mlp.0.bias
  - Froze policy model parameter: base_model.model.mlp_head.res_blocks.2.mlp.2.weight
  - Froze policy model parameter: base_model.model.mlp_head.res_blocks.2.mlp.2.bias
  - Froze policy model parameter: base_model.model.mlp_head.res_blocks.2.adaLN_modulation.1.weight
  - Froze policy model parameter: base_model.model.mlp_head.res_blocks.2.adaLN_modulation.1.bias
  - Froze policy model parameter: base_model.model.mlp_head.final_layer.linear.weight
  - Froze policy model parameter: base_model.model.mlp_head.final_layer.linear.bias
  - Froze policy model parameter: base_model.model.mlp_head.final_layer.adaLN_modulation.1.weight
  - Froze policy model parameter: base_model.model.mlp_head.final_layer.adaLN_modulation.1.bias
Model parts frozen.
Loaded 2 reward functions: ['answer_correctness_reward', 'format_reward']
Trainer initialized.
--- [Step 3/3] Starting GRPO training... ---
LoRA 已启用：trainable params=16777216 / total params=7151239811
Enabling policy gradient checkpointing (use_reentrant=False).
Diffusion MLP gradient checkpointing disabled.
Freezing non-trainable parts of the model...
  - Froze policy model parameter: base_model.model.model.vqmodel.encoder.conv_in.weight
  - Froze policy model parameter: base_model.model.model.vqmodel.encoder.conv_in.bias
  - Froze policy model parameter: base_model.model.model.vqmodel.encoder.down.0.block.0.norm1.weight
  - Froze policy model parameter: base_model.model.model.vqmodel.encoder.down.0.block.0.norm1.bias
  - Froze policy model parameter: base_model.model.model.vqmodel.encoder.down.0.block.0.conv1.weight
  - Froze policy model parameter: base_model.model.model.vqmodel.encoder.down.0.block.0.conv1.bias
  - Froze policy model parameter: base_model.model.model.vqmodel.encoder.down.0.block.0.norm2.weight
  - Froze policy model parameter: base_model.model.model.vqmodel.encoder.down.0.block.0.norm2.bias
  - Froze policy model parameter: base_model.model.model.vqmodel.encoder.down.0.block.0.conv2.weight
  - Froze policy model parameter: base_model.model.model.vqmodel.encoder.down.0.block.0.conv2.bias
  - Froze policy model parameter: base_model.model.model.vqmodel.encoder.down.0.block.1.norm1.weight
  - Froze policy model parameter: base_model.model.model.vqmodel.encoder.down.0.block.1.norm1.bias
  - Froze policy model parameter: base_model.model.model.vqmodel.encoder.down.0.block.1.conv1.weight
  - Froze policy model parameter: base_model.model.model.vqmodel.encoder.down.0.block.1.conv1.bias
  - Froze policy model parameter: base_model.model.model.vqmodel.encoder.down.0.block.1.norm2.weight
  - Froze policy model parameter: base_model.model.model.vqmodel.encoder.down.0.block.1.norm2.bias
  - Froze policy model parameter: base_model.model.model.vqmodel.encoder.down.0.block.1.conv2.weight
  - Froze policy model parameter: base_model.model.model.vqmodel.encoder.down.0.block.1.conv2.bias
  - Froze policy model parameter: base_model.model.model.vqmodel.encoder.down.0.downsample.conv.weight
  - Froze policy model parameter: base_model.model.model.vqmodel.encoder.down.0.downsample.conv.bias
  - Froze policy model parameter: base_model.model.model.vqmodel.encoder.down.1.block.0.norm1.weight
  - Froze policy model parameter: base_model.model.model.vqmodel.encoder.down.1.block.0.norm1.bias
  - Froze policy model parameter: base_model.model.model.vqmodel.encoder.down.1.block.0.conv1.weight
  - Froze policy model parameter: base_model.model.model.vqmodel.encoder.down.1.block.0.conv1.bias
  - Froze policy model parameter: base_model.model.model.vqmodel.encoder.down.1.block.0.norm2.weight
  - Froze policy model parameter: base_model.model.model.vqmodel.encoder.down.1.block.0.norm2.bias
  - Froze policy model parameter: base_model.model.model.vqmodel.encoder.down.1.block.0.conv2.weight
  - Froze policy model parameter: base_model.model.model.vqmodel.encoder.down.1.block.0.conv2.bias
  - Froze policy model parameter: base_model.model.model.vqmodel.encoder.down.1.block.1.norm1.weight
  - Froze policy model parameter: base_model.model.model.vqmodel.encoder.down.1.block.1.norm1.bias
  - Froze policy model parameter: base_model.model.model.vqmodel.encoder.down.1.block.1.conv1.weight
  - Froze policy model parameter: base_model.model.model.vqmodel.encoder.down.1.block.1.conv1.bias
  - Froze policy model parameter: base_model.model.model.vqmodel.encoder.down.1.block.1.norm2.weight
  - Froze policy model parameter: base_model.model.model.vqmodel.encoder.down.1.block.1.norm2.bias
  - Froze policy model parameter: base_model.model.model.vqmodel.encoder.down.1.block.1.conv2.weight
  - Froze policy model parameter: base_model.model.model.vqmodel.encoder.down.1.block.1.conv2.bias
  - Froze policy model parameter: base_model.model.model.vqmodel.encoder.down.1.downsample.conv.weight
  - Froze policy model parameter: base_model.model.model.vqmodel.encoder.down.1.downsample.conv.bias
  - Froze policy model parameter: base_model.model.model.vqmodel.encoder.down.2.block.0.norm1.weight
  - Froze policy model parameter: base_model.model.model.vqmodel.encoder.down.2.block.0.norm1.bias
  - Froze policy model parameter: base_model.model.model.vqmodel.encoder.down.2.block.0.conv1.weight
  - Froze policy model parameter: base_model.model.model.vqmodel.encoder.down.2.block.0.conv1.bias
  - Froze policy model parameter: base_model.model.model.vqmodel.encoder.down.2.block.0.norm2.weight
  - Froze policy model parameter: base_model.model.model.vqmodel.encoder.down.2.block.0.norm2.bias
  - Froze policy model parameter: base_model.model.model.vqmodel.encoder.down.2.block.0.conv2.weight
  - Froze policy model parameter: base_model.model.model.vqmodel.encoder.down.2.block.0.conv2.bias
  - Froze policy model parameter: base_model.model.model.vqmodel.encoder.down.2.block.0.nin_shortcut.weight
  - Froze policy model parameter: base_model.model.model.vqmodel.encoder.down.2.block.0.nin_shortcut.bias
  - Froze policy model parameter: base_model.model.model.vqmodel.encoder.down.2.block.1.norm1.weight
  - Froze policy model parameter: base_model.model.model.vqmodel.encoder.down.2.block.1.norm1.bias
  - Froze policy model parameter: base_model.model.model.vqmodel.encoder.down.2.block.1.conv1.weight
  - Froze policy model parameter: base_model.model.model.vqmodel.encoder.down.2.block.1.conv1.bias
  - Froze policy model parameter: base_model.model.model.vqmodel.encoder.down.2.block.1.norm2.weight
  - Froze policy model parameter: base_model.model.model.vqmodel.encoder.down.2.block.1.norm2.bias
  - Froze policy model parameter: base_model.model.model.vqmodel.encoder.down.2.block.1.conv2.weight
  - Froze policy model parameter: base_model.model.model.vqmodel.encoder.down.2.block.1.conv2.bias
  - Froze policy model parameter: base_model.model.model.vqmodel.encoder.down.2.downsample.conv.weight
  - Froze policy model parameter: base_model.model.model.vqmodel.encoder.down.2.downsample.conv.bias
  - Froze policy model parameter: base_model.model.model.vqmodel.encoder.down.3.block.0.norm1.weight
  - Froze policy model parameter: base_model.model.model.vqmodel.encoder.down.3.block.0.norm1.bias
  - Froze policy model parameter: base_model.model.model.vqmodel.encoder.down.3.block.0.conv1.weight
  - Froze policy model parameter: base_model.model.model.vqmodel.encoder.down.3.block.0.conv1.bias
  - Froze policy model parameter: base_model.model.model.vqmodel.encoder.down.3.block.0.norm2.weight
  - Froze policy model parameter: base_model.model.model.vqmodel.encoder.down.3.block.0.norm2.bias
  - Froze policy model parameter: base_model.model.model.vqmodel.encoder.down.3.block.0.conv2.weight
  - Froze policy model parameter: base_model.model.model.vqmodel.encoder.down.3.block.0.conv2.bias
  - Froze policy model parameter: base_model.model.model.vqmodel.encoder.down.3.block.1.norm1.weight
  - Froze policy model parameter: base_model.model.model.vqmodel.encoder.down.3.block.1.norm1.bias
  - Froze policy model parameter: base_model.model.model.vqmodel.encoder.down.3.block.1.conv1.weight
  - Froze policy model parameter: base_model.model.model.vqmodel.encoder.down.3.block.1.conv1.bias
  - Froze policy model parameter: base_model.model.model.vqmodel.encoder.down.3.block.1.norm2.weight
  - Froze policy model parameter: base_model.model.model.vqmodel.encoder.down.3.block.1.norm2.bias
  - Froze policy model parameter: base_model.model.model.vqmodel.encoder.down.3.block.1.conv2.weight
  - Froze policy model parameter: base_model.model.model.vqmodel.encoder.down.3.block.1.conv2.bias
  - Froze policy model parameter: base_model.model.model.vqmodel.encoder.down.3.downsample.conv.weight
  - Froze policy model parameter: base_model.model.model.vqmodel.encoder.down.3.downsample.conv.bias
  - Froze policy model parameter: base_model.model.model.vqmodel.encoder.down.4.block.0.norm1.weight
  - Froze policy model parameter: base_model.model.model.vqmodel.encoder.down.4.block.0.norm1.bias
  - Froze policy model parameter: base_model.model.model.vqmodel.encoder.down.4.block.0.conv1.weight
  - Froze policy model parameter: base_model.model.model.vqmodel.encoder.down.4.block.0.conv1.bias
  - Froze policy model parameter: base_model.model.model.vqmodel.encoder.down.4.block.0.norm2.weight
  - Froze policy model parameter: base_model.model.model.vqmodel.encoder.down.4.block.0.norm2.bias
  - Froze policy model parameter: base_model.model.model.vqmodel.encoder.down.4.block.0.conv2.weight
  - Froze policy model parameter: base_model.model.model.vqmodel.encoder.down.4.block.0.conv2.bias
  - Froze policy model parameter: base_model.model.model.vqmodel.encoder.down.4.block.0.nin_shortcut.weight
  - Froze policy model parameter: base_model.model.model.vqmodel.encoder.down.4.block.0.nin_shortcut.bias
  - Froze policy model parameter: base_model.model.model.vqmodel.encoder.down.4.block.1.norm1.weight
  - Froze policy model parameter: base_model.model.model.vqmodel.encoder.down.4.block.1.norm1.bias
  - Froze policy model parameter: base_model.model.model.vqmodel.encoder.down.4.block.1.conv1.weight
  - Froze policy model parameter: base_model.model.model.vqmodel.encoder.down.4.block.1.conv1.bias
  - Froze policy model parameter: base_model.model.model.vqmodel.encoder.down.4.block.1.norm2.weight
  - Froze policy model parameter: base_model.model.model.vqmodel.encoder.down.4.block.1.norm2.bias
  - Froze policy model parameter: base_model.model.model.vqmodel.encoder.down.4.block.1.conv2.weight
  - Froze policy model parameter: base_model.model.model.vqmodel.encoder.down.4.block.1.conv2.bias
  - Froze policy model parameter: base_model.model.model.vqmodel.encoder.mid.block_1.norm1.weight
  - Froze policy model parameter: base_model.model.model.vqmodel.encoder.mid.block_1.norm1.bias
  - Froze policy model parameter: base_model.model.model.vqmodel.encoder.mid.block_1.conv1.weight
  - Froze policy model parameter: base_model.model.model.vqmodel.encoder.mid.block_1.conv1.bias
  - Froze policy model parameter: base_model.model.model.vqmodel.encoder.mid.block_1.norm2.weight
  - Froze policy model parameter: base_model.model.model.vqmodel.encoder.mid.block_1.norm2.bias
  - Froze policy model parameter: base_model.model.model.vqmodel.encoder.mid.block_1.conv2.weight
  - Froze policy model parameter: base_model.model.model.vqmodel.encoder.mid.block_1.conv2.bias
  - Froze policy model parameter: base_model.model.model.vqmodel.encoder.mid.attn_1.norm.weight
  - Froze policy model parameter: base_model.model.model.vqmodel.encoder.mid.attn_1.norm.bias
  - Froze policy model parameter: base_model.model.model.vqmodel.encoder.mid.attn_1.q.weight
  - Froze policy model parameter: base_model.model.model.vqmodel.encoder.mid.attn_1.q.bias
  - Froze policy model parameter: base_model.model.model.vqmodel.encoder.mid.attn_1.k.weight
  - Froze policy model parameter: base_model.model.model.vqmodel.encoder.mid.attn_1.k.bias
  - Froze policy model parameter: base_model.model.model.vqmodel.encoder.mid.attn_1.v.weight
  - Froze policy model parameter: base_model.model.model.vqmodel.encoder.mid.attn_1.v.bias
  - Froze policy model parameter: base_model.model.model.vqmodel.encoder.mid.attn_1.proj_out.weight
  - Froze policy model parameter: base_model.model.model.vqmodel.encoder.mid.attn_1.proj_out.bias
  - Froze policy model parameter: base_model.model.model.vqmodel.encoder.mid.block_2.norm1.weight
  - Froze policy model parameter: base_model.model.model.vqmodel.encoder.mid.block_2.norm1.bias
  - Froze policy model parameter: base_model.model.model.vqmodel.encoder.mid.block_2.conv1.weight
  - Froze policy model parameter: base_model.model.model.vqmodel.encoder.mid.block_2.conv1.bias
  - Froze policy model parameter: base_model.model.model.vqmodel.encoder.mid.block_2.norm2.weight
  - Froze policy model parameter: base_model.model.model.vqmodel.encoder.mid.block_2.norm2.bias
  - Froze policy model parameter: base_model.model.model.vqmodel.encoder.mid.block_2.conv2.weight
  - Froze policy model parameter: base_model.model.model.vqmodel.encoder.mid.block_2.conv2.bias
  - Froze policy model parameter: base_model.model.model.vqmodel.encoder.norm_out.weight
  - Froze policy model parameter: base_model.model.model.vqmodel.encoder.norm_out.bias
  - Froze policy model parameter: base_model.model.model.vqmodel.encoder.conv_out.weight
  - Froze policy model parameter: base_model.model.model.vqmodel.encoder.conv_out.bias
  - Froze policy model parameter: base_model.model.model.vqmodel.decoder.conv_in.weight
  - Froze policy model parameter: base_model.model.model.vqmodel.decoder.conv_in.bias
  - Froze policy model parameter: base_model.model.model.vqmodel.decoder.mid.block_1.norm1.weight
  - Froze policy model parameter: base_model.model.model.vqmodel.decoder.mid.block_1.norm1.bias
  - Froze policy model parameter: base_model.model.model.vqmodel.decoder.mid.block_1.conv1.weight
  - Froze policy model parameter: base_model.model.model.vqmodel.decoder.mid.block_1.conv1.bias
  - Froze policy model parameter: base_model.model.model.vqmodel.decoder.mid.block_1.norm2.weight
  - Froze policy model parameter: base_model.model.model.vqmodel.decoder.mid.block_1.norm2.bias
  - Froze policy model parameter: base_model.model.model.vqmodel.decoder.mid.block_1.conv2.weight
  - Froze policy model parameter: base_model.model.model.vqmodel.decoder.mid.block_1.conv2.bias
  - Froze policy model parameter: base_model.model.model.vqmodel.decoder.mid.attn_1.norm.weight
  - Froze policy model parameter: base_model.model.model.vqmodel.decoder.mid.attn_1.norm.bias
  - Froze policy model parameter: base_model.model.model.vqmodel.decoder.mid.attn_1.q.weight
  - Froze policy model parameter: base_model.model.model.vqmodel.decoder.mid.attn_1.q.bias
  - Froze policy model parameter: base_model.model.model.vqmodel.decoder.mid.attn_1.k.weight
  - Froze policy model parameter: base_model.model.model.vqmodel.decoder.mid.attn_1.k.bias
  - Froze policy model parameter: base_model.model.model.vqmodel.decoder.mid.attn_1.v.weight
  - Froze policy model parameter: base_model.model.model.vqmodel.decoder.mid.attn_1.v.bias
  - Froze policy model parameter: base_model.model.model.vqmodel.decoder.mid.attn_1.proj_out.weight
  - Froze policy model parameter: base_model.model.model.vqmodel.decoder.mid.attn_1.proj_out.bias
  - Froze policy model parameter: base_model.model.model.vqmodel.decoder.mid.block_2.norm1.weight
  - Froze policy model parameter: base_model.model.model.vqmodel.decoder.mid.block_2.norm1.bias
  - Froze policy model parameter: base_model.model.model.vqmodel.decoder.mid.block_2.conv1.weight
  - Froze policy model parameter: base_model.model.model.vqmodel.decoder.mid.block_2.conv1.bias
  - Froze policy model parameter: base_model.model.model.vqmodel.decoder.mid.block_2.norm2.weight
  - Froze policy model parameter: base_model.model.model.vqmodel.decoder.mid.block_2.norm2.bias
  - Froze policy model parameter: base_model.model.model.vqmodel.decoder.mid.block_2.conv2.weight
  - Froze policy model parameter: base_model.model.model.vqmodel.decoder.mid.block_2.conv2.bias
  - Froze policy model parameter: base_model.model.model.vqmodel.decoder.up.0.block.0.norm1.weight
  - Froze policy model parameter: base_model.model.model.vqmodel.decoder.up.0.block.0.norm1.bias
  - Froze policy model parameter: base_model.model.model.vqmodel.decoder.up.0.block.0.conv1.weight
  - Froze policy model parameter: base_model.model.model.vqmodel.decoder.up.0.block.0.conv1.bias
  - Froze policy model parameter: base_model.model.model.vqmodel.decoder.up.0.block.0.norm2.weight
  - Froze policy model parameter: base_model.model.model.vqmodel.decoder.up.0.block.0.norm2.bias
  - Froze policy model parameter: base_model.model.model.vqmodel.decoder.up.0.block.0.conv2.weight
  - Froze policy model parameter: base_model.model.model.vqmodel.decoder.up.0.block.0.conv2.bias
  - Froze policy model parameter: base_model.model.model.vqmodel.decoder.up.0.block.1.norm1.weight
  - Froze policy model parameter: base_model.model.model.vqmodel.decoder.up.0.block.1.norm1.bias
  - Froze policy model parameter: base_model.model.model.vqmodel.decoder.up.0.block.1.conv1.weight
  - Froze policy model parameter: base_model.model.model.vqmodel.decoder.up.0.block.1.conv1.bias
  - Froze policy model parameter: base_model.model.model.vqmodel.decoder.up.0.block.1.norm2.weight
  - Froze policy model parameter: base_model.model.model.vqmodel.decoder.up.0.block.1.norm2.bias
  - Froze policy model parameter: base_model.model.model.vqmodel.decoder.up.0.block.1.conv2.weight
  - Froze policy model parameter: base_model.model.model.vqmodel.decoder.up.0.block.1.conv2.bias
  - Froze policy model parameter: base_model.model.model.vqmodel.decoder.up.0.block.2.norm1.weight
  - Froze policy model parameter: base_model.model.model.vqmodel.decoder.up.0.block.2.norm1.bias
  - Froze policy model parameter: base_model.model.model.vqmodel.decoder.up.0.block.2.conv1.weight
  - Froze policy model parameter: base_model.model.model.vqmodel.decoder.up.0.block.2.conv1.bias
  - Froze policy model parameter: base_model.model.model.vqmodel.decoder.up.0.block.2.norm2.weight
  - Froze policy model parameter: base_model.model.model.vqmodel.decoder.up.0.block.2.norm2.bias
  - Froze policy model parameter: base_model.model.model.vqmodel.decoder.up.0.block.2.conv2.weight
  - Froze policy model parameter: base_model.model.model.vqmodel.decoder.up.0.block.2.conv2.bias
  - Froze policy model parameter: base_model.model.model.vqmodel.decoder.up.1.block.0.norm1.weight
  - Froze policy model parameter: base_model.model.model.vqmodel.decoder.up.1.block.0.norm1.bias
  - Froze policy model parameter: base_model.model.model.vqmodel.decoder.up.1.block.0.conv1.weight
  - Froze policy model parameter: base_model.model.model.vqmodel.decoder.up.1.block.0.conv1.bias
  - Froze policy model parameter: base_model.model.model.vqmodel.decoder.up.1.block.0.norm2.weight
  - Froze policy model parameter: base_model.model.model.vqmodel.decoder.up.1.block.0.norm2.bias
  - Froze policy model parameter: base_model.model.model.vqmodel.decoder.up.1.block.0.conv2.weight
  - Froze policy model parameter: base_model.model.model.vqmodel.decoder.up.1.block.0.conv2.bias
  - Froze policy model parameter: base_model.model.model.vqmodel.decoder.up.1.block.0.nin_shortcut.weight
  - Froze policy model parameter: base_model.model.model.vqmodel.decoder.up.1.block.0.nin_shortcut.bias
  - Froze policy model parameter: base_model.model.model.vqmodel.decoder.up.1.block.1.norm1.weight
  - Froze policy model parameter: base_model.model.model.vqmodel.decoder.up.1.block.1.norm1.bias
  - Froze policy model parameter: base_model.model.model.vqmodel.decoder.up.1.block.1.conv1.weight
  - Froze policy model parameter: base_model.model.model.vqmodel.decoder.up.1.block.1.conv1.bias
  - Froze policy model parameter: base_model.model.model.vqmodel.decoder.up.1.block.1.norm2.weight
  - Froze policy model parameter: base_model.model.model.vqmodel.decoder.up.1.block.1.norm2.bias
  - Froze policy model parameter: base_model.model.model.vqmodel.decoder.up.1.block.1.conv2.weight
  - Froze policy model parameter: base_model.model.model.vqmodel.decoder.up.1.block.1.conv2.bias
  - Froze policy model parameter: base_model.model.model.vqmodel.decoder.up.1.block.2.norm1.weight
  - Froze policy model parameter: base_model.model.model.vqmodel.decoder.up.1.block.2.norm1.bias
  - Froze policy model parameter: base_model.model.model.vqmodel.decoder.up.1.block.2.conv1.weight
  - Froze policy model parameter: base_model.model.model.vqmodel.decoder.up.1.block.2.conv1.bias
  - Froze policy model parameter: base_model.model.model.vqmodel.decoder.up.1.block.2.norm2.weight
  - Froze policy model parameter: base_model.model.model.vqmodel.decoder.up.1.block.2.norm2.bias
  - Froze policy model parameter: base_model.model.model.vqmodel.decoder.up.1.block.2.conv2.weight
  - Froze policy model parameter: base_model.model.model.vqmodel.decoder.up.1.block.2.conv2.bias
  - Froze policy model parameter: base_model.model.model.vqmodel.decoder.up.1.upsample.conv.weight
  - Froze policy model parameter: base_model.model.model.vqmodel.decoder.up.1.upsample.conv.bias
  - Froze policy model parameter: base_model.model.model.vqmodel.decoder.up.2.block.0.norm1.weight
  - Froze policy model parameter: base_model.model.model.vqmodel.decoder.up.2.block.0.norm1.bias
  - Froze policy model parameter: base_model.model.model.vqmodel.decoder.up.2.block.0.conv1.weight
  - Froze policy model parameter: base_model.model.model.vqmodel.decoder.up.2.block.0.conv1.bias
  - Froze policy model parameter: base_model.model.model.vqmodel.decoder.up.2.block.0.norm2.weight
  - Froze policy model parameter: base_model.model.model.vqmodel.decoder.up.2.block.0.norm2.bias
  - Froze policy model parameter: base_model.model.model.vqmodel.decoder.up.2.block.0.conv2.weight
  - Froze policy model parameter: base_model.model.model.vqmodel.decoder.up.2.block.0.conv2.bias
  - Froze policy model parameter: base_model.model.model.vqmodel.decoder.up.2.block.1.norm1.weight
  - Froze policy model parameter: base_model.model.model.vqmodel.decoder.up.2.block.1.norm1.bias
  - Froze policy model parameter: base_model.model.model.vqmodel.decoder.up.2.block.1.conv1.weight
  - Froze policy model parameter: base_model.model.model.vqmodel.decoder.up.2.block.1.conv1.bias
  - Froze policy model parameter: base_model.model.model.vqmodel.decoder.up.2.block.1.norm2.weight
  - Froze policy model parameter: base_model.model.model.vqmodel.decoder.up.2.block.1.norm2.bias
  - Froze policy model parameter: base_model.model.model.vqmodel.decoder.up.2.block.1.conv2.weight
  - Froze policy model parameter: base_model.model.model.vqmodel.decoder.up.2.block.1.conv2.bias
  - Froze policy model parameter: base_model.model.model.vqmodel.decoder.up.2.block.2.norm1.weight
  - Froze policy model parameter: base_model.model.model.vqmodel.decoder.up.2.block.2.norm1.bias
  - Froze policy model parameter: base_model.model.model.vqmodel.decoder.up.2.block.2.conv1.weight
  - Froze policy model parameter: base_model.model.model.vqmodel.decoder.up.2.block.2.conv1.bias
  - Froze policy model parameter: base_model.model.model.vqmodel.decoder.up.2.block.2.norm2.weight
  - Froze policy model parameter: base_model.model.model.vqmodel.decoder.up.2.block.2.norm2.bias
  - Froze policy model parameter: base_model.model.model.vqmodel.decoder.up.2.block.2.conv2.weight
  - Froze policy model parameter: base_model.model.model.vqmodel.decoder.up.2.block.2.conv2.bias
  - Froze policy model parameter: base_model.model.model.vqmodel.decoder.up.2.upsample.conv.weight
  - Froze policy model parameter: base_model.model.model.vqmodel.decoder.up.2.upsample.conv.bias
  - Froze policy model parameter: base_model.model.model.vqmodel.decoder.up.3.block.0.norm1.weight
  - Froze policy model parameter: base_model.model.model.vqmodel.decoder.up.3.block.0.norm1.bias
  - Froze policy model parameter: base_model.model.model.vqmodel.decoder.up.3.block.0.conv1.weight
  - Froze policy model parameter: base_model.model.model.vqmodel.decoder.up.3.block.0.conv1.bias
  - Froze policy model parameter: base_model.model.model.vqmodel.decoder.up.3.block.0.norm2.weight
  - Froze policy model parameter: base_model.model.model.vqmodel.decoder.up.3.block.0.norm2.bias
  - Froze policy model parameter: base_model.model.model.vqmodel.decoder.up.3.block.0.conv2.weight
  - Froze policy model parameter: base_model.model.model.vqmodel.decoder.up.3.block.0.conv2.bias
  - Froze policy model parameter: base_model.model.model.vqmodel.decoder.up.3.block.0.nin_shortcut.weight
  - Froze policy model parameter: base_model.model.model.vqmodel.decoder.up.3.block.0.nin_shortcut.bias
  - Froze policy model parameter: base_model.model.model.vqmodel.decoder.up.3.block.1.norm1.weight
  - Froze policy model parameter: base_model.model.model.vqmodel.decoder.up.3.block.1.norm1.bias
  - Froze policy model parameter: base_model.model.model.vqmodel.decoder.up.3.block.1.conv1.weight
  - Froze policy model parameter: base_model.model.model.vqmodel.decoder.up.3.block.1.conv1.bias
  - Froze policy model parameter: base_model.model.model.vqmodel.decoder.up.3.block.1.norm2.weight
  - Froze policy model parameter: base_model.model.model.vqmodel.decoder.up.3.block.1.norm2.bias
  - Froze policy model parameter: base_model.model.model.vqmodel.decoder.up.3.block.1.conv2.weight
  - Froze policy model parameter: base_model.model.model.vqmodel.decoder.up.3.block.1.conv2.bias
  - Froze policy model parameter: base_model.model.model.vqmodel.decoder.up.3.block.2.norm1.weight
  - Froze policy model parameter: base_model.model.model.vqmodel.decoder.up.3.block.2.norm1.bias
  - Froze policy model parameter: base_model.model.model.vqmodel.decoder.up.3.block.2.conv1.weight
  - Froze policy model parameter: base_model.model.model.vqmodel.decoder.up.3.block.2.conv1.bias
  - Froze policy model parameter: base_model.model.model.vqmodel.decoder.up.3.block.2.norm2.weight
  - Froze policy model parameter: base_model.model.model.vqmodel.decoder.up.3.block.2.norm2.bias
  - Froze policy model parameter: base_model.model.model.vqmodel.decoder.up.3.block.2.conv2.weight
  - Froze policy model parameter: base_model.model.model.vqmodel.decoder.up.3.block.2.conv2.bias
  - Froze policy model parameter: base_model.model.model.vqmodel.decoder.up.3.upsample.conv.weight
  - Froze policy model parameter: base_model.model.model.vqmodel.decoder.up.3.upsample.conv.bias
  - Froze policy model parameter: base_model.model.model.vqmodel.decoder.up.4.block.0.norm1.weight
  - Froze policy model parameter: base_model.model.model.vqmodel.decoder.up.4.block.0.norm1.bias
  - Froze policy model parameter: base_model.model.model.vqmodel.decoder.up.4.block.0.conv1.weight
  - Froze policy model parameter: base_model.model.model.vqmodel.decoder.up.4.block.0.conv1.bias
  - Froze policy model parameter: base_model.model.model.vqmodel.decoder.up.4.block.0.norm2.weight
  - Froze policy model parameter: base_model.model.model.vqmodel.decoder.up.4.block.0.norm2.bias
  - Froze policy model parameter: base_model.model.model.vqmodel.decoder.up.4.block.0.conv2.weight
  - Froze policy model parameter: base_model.model.model.vqmodel.decoder.up.4.block.0.conv2.bias
  - Froze policy model parameter: base_model.model.model.vqmodel.decoder.up.4.block.1.norm1.weight
  - Froze policy model parameter: base_model.model.model.vqmodel.decoder.up.4.block.1.norm1.bias
  - Froze policy model parameter: base_model.model.model.vqmodel.decoder.up.4.block.1.conv1.weight
  - Froze policy model parameter: base_model.model.model.vqmodel.decoder.up.4.block.1.conv1.bias
  - Froze policy model parameter: base_model.model.model.vqmodel.decoder.up.4.block.1.norm2.weight
  - Froze policy model parameter: base_model.model.model.vqmodel.decoder.up.4.block.1.norm2.bias
  - Froze policy model parameter: base_model.model.model.vqmodel.decoder.up.4.block.1.conv2.weight
  - Froze policy model parameter: base_model.model.model.vqmodel.decoder.up.4.block.1.conv2.bias
  - Froze policy model parameter: base_model.model.model.vqmodel.decoder.up.4.block.2.norm1.weight
  - Froze policy model parameter: base_model.model.model.vqmodel.decoder.up.4.block.2.norm1.bias
  - Froze policy model parameter: base_model.model.model.vqmodel.decoder.up.4.block.2.conv1.weight
  - Froze policy model parameter: base_model.model.model.vqmodel.decoder.up.4.block.2.conv1.bias
  - Froze policy model parameter: base_model.model.model.vqmodel.decoder.up.4.block.2.norm2.weight
  - Froze policy model parameter: base_model.model.model.vqmodel.decoder.up.4.block.2.norm2.bias
  - Froze policy model parameter: base_model.model.model.vqmodel.decoder.up.4.block.2.conv2.weight
  - Froze policy model parameter: base_model.model.model.vqmodel.decoder.up.4.block.2.conv2.bias
  - Froze policy model parameter: base_model.model.model.vqmodel.decoder.up.4.upsample.conv.weight
  - Froze policy model parameter: base_model.model.model.vqmodel.decoder.up.4.upsample.conv.bias
  - Froze policy model parameter: base_model.model.model.vqmodel.decoder.norm_out.weight
  - Froze policy model parameter: base_model.model.model.vqmodel.decoder.norm_out.bias
  - Froze policy model parameter: base_model.model.model.vqmodel.decoder.conv_out.weight
  - Froze policy model parameter: base_model.model.model.vqmodel.decoder.conv_out.bias
  - Froze policy model parameter: base_model.model.model.vqmodel.quantize.embedding.weight
  - Froze policy model parameter: base_model.model.model.vqmodel.quant_conv.weight
  - Froze policy model parameter: base_model.model.model.vqmodel.quant_conv.bias
  - Froze policy model parameter: base_model.model.model.vqmodel.post_quant_conv.weight
  - Froze policy model parameter: base_model.model.model.vqmodel.post_quant_conv.bias
  - Froze policy model parameter: base_model.model.mlp_head.time_embed.mlp.0.weight
  - Froze policy model parameter: base_model.model.mlp_head.time_embed.mlp.0.bias
  - Froze policy model parameter: base_model.model.mlp_head.time_embed.mlp.2.weight
  - Froze policy model parameter: base_model.model.mlp_head.time_embed.mlp.2.bias
  - Froze policy model parameter: base_model.model.mlp_head.cond_embed.weight
  - Froze policy model parameter: base_model.model.mlp_head.cond_embed.bias
  - Froze policy model parameter: base_model.model.mlp_head.input_proj.weight
  - Froze policy model parameter: base_model.model.mlp_head.input_proj.bias
  - Froze policy model parameter: base_model.model.mlp_head.res_blocks.0.in_ln.weight
  - Froze policy model parameter: base_model.model.mlp_head.res_blocks.0.in_ln.bias
  - Froze policy model parameter: base_model.model.mlp_head.res_blocks.0.mlp.0.weight
  - Froze policy model parameter: base_model.model.mlp_head.res_blocks.0.mlp.0.bias
  - Froze policy model parameter: base_model.model.mlp_head.res_blocks.0.mlp.2.weight
  - Froze policy model parameter: base_model.model.mlp_head.res_blocks.0.mlp.2.bias
  - Froze policy model parameter: base_model.model.mlp_head.res_blocks.0.adaLN_modulation.1.weight
  - Froze policy model parameter: base_model.model.mlp_head.res_blocks.0.adaLN_modulation.1.bias
  - Froze policy model parameter: base_model.model.mlp_head.res_blocks.1.in_ln.weight
  - Froze policy model parameter: base_model.model.mlp_head.res_blocks.1.in_ln.bias
  - Froze policy model parameter: base_model.model.mlp_head.res_blocks.1.mlp.0.weight
  - Froze policy model parameter: base_model.model.mlp_head.res_blocks.1.mlp.0.bias
  - Froze policy model parameter: base_model.model.mlp_head.res_blocks.1.mlp.2.weight
  - Froze policy model parameter: base_model.model.mlp_head.res_blocks.1.mlp.2.bias
  - Froze policy model parameter: base_model.model.mlp_head.res_blocks.1.adaLN_modulation.1.weight
  - Froze policy model parameter: base_model.model.mlp_head.res_blocks.1.adaLN_modulation.1.bias
  - Froze policy model parameter: base_model.model.mlp_head.res_blocks.2.in_ln.weight
  - Froze policy model parameter: base_model.model.mlp_head.res_blocks.2.in_ln.bias
  - Froze policy model parameter: base_model.model.mlp_head.res_blocks.2.mlp.0.weight
  - Froze policy model parameter: base_model.model.mlp_head.res_blocks.2.mlp.0.bias
  - Froze policy model parameter: base_model.model.mlp_head.res_blocks.2.mlp.2.weight
  - Froze policy model parameter: base_model.model.mlp_head.res_blocks.2.mlp.2.bias
  - Froze policy model parameter: base_model.model.mlp_head.res_blocks.2.adaLN_modulation.1.weight
  - Froze policy model parameter: base_model.model.mlp_head.res_blocks.2.adaLN_modulation.1.bias
  - Froze policy model parameter: base_model.model.mlp_head.final_layer.linear.weight
  - Froze policy model parameter: base_model.model.mlp_head.final_layer.linear.bias
  - Froze policy model parameter: base_model.model.mlp_head.final_layer.adaLN_modulation.1.weight
  - Froze policy model parameter: base_model.model.mlp_head.final_layer.adaLN_modulation.1.bias
Model parts frozen.
Loaded 2 reward functions: ['answer_correctness_reward', 'format_reward']
Trainer initialized.
--- [Step 3/3] Starting GRPO training... ---
LoRA 已启用：trainable params=16777216 / total params=7151239811
Enabling policy gradient checkpointing (use_reentrant=False).
Diffusion MLP gradient checkpointing disabled.
Freezing non-trainable parts of the model...
  - Froze policy model parameter: base_model.model.model.vqmodel.encoder.conv_in.weight
  - Froze policy model parameter: base_model.model.model.vqmodel.encoder.conv_in.bias
  - Froze policy model parameter: base_model.model.model.vqmodel.encoder.down.0.block.0.norm1.weight
  - Froze policy model parameter: base_model.model.model.vqmodel.encoder.down.0.block.0.norm1.bias
  - Froze policy model parameter: base_model.model.model.vqmodel.encoder.down.0.block.0.conv1.weight
  - Froze policy model parameter: base_model.model.model.vqmodel.encoder.down.0.block.0.conv1.bias
  - Froze policy model parameter: base_model.model.model.vqmodel.encoder.down.0.block.0.norm2.weight
  - Froze policy model parameter: base_model.model.model.vqmodel.encoder.down.0.block.0.norm2.bias
  - Froze policy model parameter: base_model.model.model.vqmodel.encoder.down.0.block.0.conv2.weight
  - Froze policy model parameter: base_model.model.model.vqmodel.encoder.down.0.block.0.conv2.bias
  - Froze policy model parameter: base_model.model.model.vqmodel.encoder.down.0.block.1.norm1.weight
  - Froze policy model parameter: base_model.model.model.vqmodel.encoder.down.0.block.1.norm1.bias
  - Froze policy model parameter: base_model.model.model.vqmodel.encoder.down.0.block.1.conv1.weight
  - Froze policy model parameter: base_model.model.model.vqmodel.encoder.down.0.block.1.conv1.bias
  - Froze policy model parameter: base_model.model.model.vqmodel.encoder.down.0.block.1.norm2.weight
  - Froze policy model parameter: base_model.model.model.vqmodel.encoder.down.0.block.1.norm2.bias
  - Froze policy model parameter: base_model.model.model.vqmodel.encoder.down.0.block.1.conv2.weight
  - Froze policy model parameter: base_model.model.model.vqmodel.encoder.down.0.block.1.conv2.bias
  - Froze policy model parameter: base_model.model.model.vqmodel.encoder.down.0.downsample.conv.weight
  - Froze policy model parameter: base_model.model.model.vqmodel.encoder.down.0.downsample.conv.bias
  - Froze policy model parameter: base_model.model.model.vqmodel.encoder.down.1.block.0.norm1.weight
  - Froze policy model parameter: base_model.model.model.vqmodel.encoder.down.1.block.0.norm1.bias
  - Froze policy model parameter: base_model.model.model.vqmodel.encoder.down.1.block.0.conv1.weight
  - Froze policy model parameter: base_model.model.model.vqmodel.encoder.down.1.block.0.conv1.bias
  - Froze policy model parameter: base_model.model.model.vqmodel.encoder.down.1.block.0.norm2.weight
  - Froze policy model parameter: base_model.model.model.vqmodel.encoder.down.1.block.0.norm2.bias
  - Froze policy model parameter: base_model.model.model.vqmodel.encoder.down.1.block.0.conv2.weight
  - Froze policy model parameter: base_model.model.model.vqmodel.encoder.down.1.block.0.conv2.bias
  - Froze policy model parameter: base_model.model.model.vqmodel.encoder.down.1.block.1.norm1.weight
  - Froze policy model parameter: base_model.model.model.vqmodel.encoder.down.1.block.1.norm1.bias
  - Froze policy model parameter: base_model.model.model.vqmodel.encoder.down.1.block.1.conv1.weight
  - Froze policy model parameter: base_model.model.model.vqmodel.encoder.down.1.block.1.conv1.bias
  - Froze policy model parameter: base_model.model.model.vqmodel.encoder.down.1.block.1.norm2.weight
  - Froze policy model parameter: base_model.model.model.vqmodel.encoder.down.1.block.1.norm2.bias
  - Froze policy model parameter: base_model.model.model.vqmodel.encoder.down.1.block.1.conv2.weight
  - Froze policy model parameter: base_model.model.model.vqmodel.encoder.down.1.block.1.conv2.bias
  - Froze policy model parameter: base_model.model.model.vqmodel.encoder.down.1.downsample.conv.weight
  - Froze policy model parameter: base_model.model.model.vqmodel.encoder.down.1.downsample.conv.bias
  - Froze policy model parameter: base_model.model.model.vqmodel.encoder.down.2.block.0.norm1.weight
  - Froze policy model parameter: base_model.model.model.vqmodel.encoder.down.2.block.0.norm1.bias
  - Froze policy model parameter: base_model.model.model.vqmodel.encoder.down.2.block.0.conv1.weight
  - Froze policy model parameter: base_model.model.model.vqmodel.encoder.down.2.block.0.conv1.bias
  - Froze policy model parameter: base_model.model.model.vqmodel.encoder.down.2.block.0.norm2.weight
  - Froze policy model parameter: base_model.model.model.vqmodel.encoder.down.2.block.0.norm2.bias
  - Froze policy model parameter: base_model.model.model.vqmodel.encoder.down.2.block.0.conv2.weight
  - Froze policy model parameter: base_model.model.model.vqmodel.encoder.down.2.block.0.conv2.bias
  - Froze policy model parameter: base_model.model.model.vqmodel.encoder.down.2.block.0.nin_shortcut.weight
  - Froze policy model parameter: base_model.model.model.vqmodel.encoder.down.2.block.0.nin_shortcut.bias
  - Froze policy model parameter: base_model.model.model.vqmodel.encoder.down.2.block.1.norm1.weight
  - Froze policy model parameter: base_model.model.model.vqmodel.encoder.down.2.block.1.norm1.bias
  - Froze policy model parameter: base_model.model.model.vqmodel.encoder.down.2.block.1.conv1.weight
  - Froze policy model parameter: base_model.model.model.vqmodel.encoder.down.2.block.1.conv1.bias
  - Froze policy model parameter: base_model.model.model.vqmodel.encoder.down.2.block.1.norm2.weight
  - Froze policy model parameter: base_model.model.model.vqmodel.encoder.down.2.block.1.norm2.bias
  - Froze policy model parameter: base_model.model.model.vqmodel.encoder.down.2.block.1.conv2.weight
  - Froze policy model parameter: base_model.model.model.vqmodel.encoder.down.2.block.1.conv2.bias
  - Froze policy model parameter: base_model.model.model.vqmodel.encoder.down.2.downsample.conv.weight
  - Froze policy model parameter: base_model.model.model.vqmodel.encoder.down.2.downsample.conv.bias
  - Froze policy model parameter: base_model.model.model.vqmodel.encoder.down.3.block.0.norm1.weight
  - Froze policy model parameter: base_model.model.model.vqmodel.encoder.down.3.block.0.norm1.bias
  - Froze policy model parameter: base_model.model.model.vqmodel.encoder.down.3.block.0.conv1.weight
  - Froze policy model parameter: base_model.model.model.vqmodel.encoder.down.3.block.0.conv1.bias
  - Froze policy model parameter: base_model.model.model.vqmodel.encoder.down.3.block.0.norm2.weight
  - Froze policy model parameter: base_model.model.model.vqmodel.encoder.down.3.block.0.norm2.bias
  - Froze policy model parameter: base_model.model.model.vqmodel.encoder.down.3.block.0.conv2.weight
  - Froze policy model parameter: base_model.model.model.vqmodel.encoder.down.3.block.0.conv2.bias
  - Froze policy model parameter: base_model.model.model.vqmodel.encoder.down.3.block.1.norm1.weight
  - Froze policy model parameter: base_model.model.model.vqmodel.encoder.down.3.block.1.norm1.bias
  - Froze policy model parameter: base_model.model.model.vqmodel.encoder.down.3.block.1.conv1.weight
  - Froze policy model parameter: base_model.model.model.vqmodel.encoder.down.3.block.1.conv1.bias
  - Froze policy model parameter: base_model.model.model.vqmodel.encoder.down.3.block.1.norm2.weight
  - Froze policy model parameter: base_model.model.model.vqmodel.encoder.down.3.block.1.norm2.bias
  - Froze policy model parameter: base_model.model.model.vqmodel.encoder.down.3.block.1.conv2.weight
  - Froze policy model parameter: base_model.model.model.vqmodel.encoder.down.3.block.1.conv2.bias
  - Froze policy model parameter: base_model.model.model.vqmodel.encoder.down.3.downsample.conv.weight
  - Froze policy model parameter: base_model.model.model.vqmodel.encoder.down.3.downsample.conv.bias
  - Froze policy model parameter: base_model.model.model.vqmodel.encoder.down.4.block.0.norm1.weight
  - Froze policy model parameter: base_model.model.model.vqmodel.encoder.down.4.block.0.norm1.bias
  - Froze policy model parameter: base_model.model.model.vqmodel.encoder.down.4.block.0.conv1.weight
  - Froze policy model parameter: base_model.model.model.vqmodel.encoder.down.4.block.0.conv1.bias
  - Froze policy model parameter: base_model.model.model.vqmodel.encoder.down.4.block.0.norm2.weight
  - Froze policy model parameter: base_model.model.model.vqmodel.encoder.down.4.block.0.norm2.bias
  - Froze policy model parameter: base_model.model.model.vqmodel.encoder.down.4.block.0.conv2.weight
  - Froze policy model parameter: base_model.model.model.vqmodel.encoder.down.4.block.0.conv2.bias
  - Froze policy model parameter: base_model.model.model.vqmodel.encoder.down.4.block.0.nin_shortcut.weight
  - Froze policy model parameter: base_model.model.model.vqmodel.encoder.down.4.block.0.nin_shortcut.bias
  - Froze policy model parameter: base_model.model.model.vqmodel.encoder.down.4.block.1.norm1.weight
  - Froze policy model parameter: base_model.model.model.vqmodel.encoder.down.4.block.1.norm1.bias
  - Froze policy model parameter: base_model.model.model.vqmodel.encoder.down.4.block.1.conv1.weight
  - Froze policy model parameter: base_model.model.model.vqmodel.encoder.down.4.block.1.conv1.bias
  - Froze policy model parameter: base_model.model.model.vqmodel.encoder.down.4.block.1.norm2.weight
  - Froze policy model parameter: base_model.model.model.vqmodel.encoder.down.4.block.1.norm2.bias
  - Froze policy model parameter: base_model.model.model.vqmodel.encoder.down.4.block.1.conv2.weight
  - Froze policy model parameter: base_model.model.model.vqmodel.encoder.down.4.block.1.conv2.bias
  - Froze policy model parameter: base_model.model.model.vqmodel.encoder.mid.block_1.norm1.weight
  - Froze policy model parameter: base_model.model.model.vqmodel.encoder.mid.block_1.norm1.bias
  - Froze policy model parameter: base_model.model.model.vqmodel.encoder.mid.block_1.conv1.weight
  - Froze policy model parameter: base_model.model.model.vqmodel.encoder.mid.block_1.conv1.bias
  - Froze policy model parameter: base_model.model.model.vqmodel.encoder.mid.block_1.norm2.weight
  - Froze policy model parameter: base_model.model.model.vqmodel.encoder.mid.block_1.norm2.bias
  - Froze policy model parameter: base_model.model.model.vqmodel.encoder.mid.block_1.conv2.weight
  - Froze policy model parameter: base_model.model.model.vqmodel.encoder.mid.block_1.conv2.bias
  - Froze policy model parameter: base_model.model.model.vqmodel.encoder.mid.attn_1.norm.weight
  - Froze policy model parameter: base_model.model.model.vqmodel.encoder.mid.attn_1.norm.bias
  - Froze policy model parameter: base_model.model.model.vqmodel.encoder.mid.attn_1.q.weight
  - Froze policy model parameter: base_model.model.model.vqmodel.encoder.mid.attn_1.q.bias
  - Froze policy model parameter: base_model.model.model.vqmodel.encoder.mid.attn_1.k.weight
  - Froze policy model parameter: base_model.model.model.vqmodel.encoder.mid.attn_1.k.bias
  - Froze policy model parameter: base_model.model.model.vqmodel.encoder.mid.attn_1.v.weight
  - Froze policy model parameter: base_model.model.model.vqmodel.encoder.mid.attn_1.v.bias
  - Froze policy model parameter: base_model.model.model.vqmodel.encoder.mid.attn_1.proj_out.weight
  - Froze policy model parameter: base_model.model.model.vqmodel.encoder.mid.attn_1.proj_out.bias
  - Froze policy model parameter: base_model.model.model.vqmodel.encoder.mid.block_2.norm1.weight
  - Froze policy model parameter: base_model.model.model.vqmodel.encoder.mid.block_2.norm1.bias
  - Froze policy model parameter: base_model.model.model.vqmodel.encoder.mid.block_2.conv1.weight
  - Froze policy model parameter: base_model.model.model.vqmodel.encoder.mid.block_2.conv1.bias
  - Froze policy model parameter: base_model.model.model.vqmodel.encoder.mid.block_2.norm2.weight
  - Froze policy model parameter: base_model.model.model.vqmodel.encoder.mid.block_2.norm2.bias
  - Froze policy model parameter: base_model.model.model.vqmodel.encoder.mid.block_2.conv2.weight
  - Froze policy model parameter: base_model.model.model.vqmodel.encoder.mid.block_2.conv2.bias
  - Froze policy model parameter: base_model.model.model.vqmodel.encoder.norm_out.weight
  - Froze policy model parameter: base_model.model.model.vqmodel.encoder.norm_out.bias
  - Froze policy model parameter: base_model.model.model.vqmodel.encoder.conv_out.weight
  - Froze policy model parameter: base_model.model.model.vqmodel.encoder.conv_out.bias
  - Froze policy model parameter: base_model.model.model.vqmodel.decoder.conv_in.weight
  - Froze policy model parameter: base_model.model.model.vqmodel.decoder.conv_in.bias
  - Froze policy model parameter: base_model.model.model.vqmodel.decoder.mid.block_1.norm1.weight
  - Froze policy model parameter: base_model.model.model.vqmodel.decoder.mid.block_1.norm1.bias
  - Froze policy model parameter: base_model.model.model.vqmodel.decoder.mid.block_1.conv1.weight
  - Froze policy model parameter: base_model.model.model.vqmodel.decoder.mid.block_1.conv1.bias
  - Froze policy model parameter: base_model.model.model.vqmodel.decoder.mid.block_1.norm2.weight
  - Froze policy model parameter: base_model.model.model.vqmodel.decoder.mid.block_1.norm2.bias
  - Froze policy model parameter: base_model.model.model.vqmodel.decoder.mid.block_1.conv2.weight
  - Froze policy model parameter: base_model.model.model.vqmodel.decoder.mid.block_1.conv2.bias
  - Froze policy model parameter: base_model.model.model.vqmodel.decoder.mid.attn_1.norm.weight
  - Froze policy model parameter: base_model.model.model.vqmodel.decoder.mid.attn_1.norm.bias
  - Froze policy model parameter: base_model.model.model.vqmodel.decoder.mid.attn_1.q.weight
  - Froze policy model parameter: base_model.model.model.vqmodel.decoder.mid.attn_1.q.bias
  - Froze policy model parameter: base_model.model.model.vqmodel.decoder.mid.attn_1.k.weight
  - Froze policy model parameter: base_model.model.model.vqmodel.decoder.mid.attn_1.k.bias
  - Froze policy model parameter: base_model.model.model.vqmodel.decoder.mid.attn_1.v.weight
  - Froze policy model parameter: base_model.model.model.vqmodel.decoder.mid.attn_1.v.bias
  - Froze policy model parameter: base_model.model.model.vqmodel.decoder.mid.attn_1.proj_out.weight
  - Froze policy model parameter: base_model.model.model.vqmodel.decoder.mid.attn_1.proj_out.bias
  - Froze policy model parameter: base_model.model.model.vqmodel.decoder.mid.block_2.norm1.weight
  - Froze policy model parameter: base_model.model.model.vqmodel.decoder.mid.block_2.norm1.bias
  - Froze policy model parameter: base_model.model.model.vqmodel.decoder.mid.block_2.conv1.weight
  - Froze policy model parameter: base_model.model.model.vqmodel.decoder.mid.block_2.conv1.bias
  - Froze policy model parameter: base_model.model.model.vqmodel.decoder.mid.block_2.norm2.weight
  - Froze policy model parameter: base_model.model.model.vqmodel.decoder.mid.block_2.norm2.bias
  - Froze policy model parameter: base_model.model.model.vqmodel.decoder.mid.block_2.conv2.weight
  - Froze policy model parameter: base_model.model.model.vqmodel.decoder.mid.block_2.conv2.bias
  - Froze policy model parameter: base_model.model.model.vqmodel.decoder.up.0.block.0.norm1.weight
  - Froze policy model parameter: base_model.model.model.vqmodel.decoder.up.0.block.0.norm1.bias
  - Froze policy model parameter: base_model.model.model.vqmodel.decoder.up.0.block.0.conv1.weight
  - Froze policy model parameter: base_model.model.model.vqmodel.decoder.up.0.block.0.conv1.bias
  - Froze policy model parameter: base_model.model.model.vqmodel.decoder.up.0.block.0.norm2.weight
  - Froze policy model parameter: base_model.model.model.vqmodel.decoder.up.0.block.0.norm2.bias
  - Froze policy model parameter: base_model.model.model.vqmodel.decoder.up.0.block.0.conv2.weight
  - Froze policy model parameter: base_model.model.model.vqmodel.decoder.up.0.block.0.conv2.bias
  - Froze policy model parameter: base_model.model.model.vqmodel.decoder.up.0.block.1.norm1.weight
  - Froze policy model parameter: base_model.model.model.vqmodel.decoder.up.0.block.1.norm1.bias
  - Froze policy model parameter: base_model.model.model.vqmodel.decoder.up.0.block.1.conv1.weight
  - Froze policy model parameter: base_model.model.model.vqmodel.decoder.up.0.block.1.conv1.bias
  - Froze policy model parameter: base_model.model.model.vqmodel.decoder.up.0.block.1.norm2.weight
  - Froze policy model parameter: base_model.model.model.vqmodel.decoder.up.0.block.1.norm2.bias
  - Froze policy model parameter: base_model.model.model.vqmodel.decoder.up.0.block.1.conv2.weight
  - Froze policy model parameter: base_model.model.model.vqmodel.decoder.up.0.block.1.conv2.bias
  - Froze policy model parameter: base_model.model.model.vqmodel.decoder.up.0.block.2.norm1.weight
  - Froze policy model parameter: base_model.model.model.vqmodel.decoder.up.0.block.2.norm1.bias
  - Froze policy model parameter: base_model.model.model.vqmodel.decoder.up.0.block.2.conv1.weight
  - Froze policy model parameter: base_model.model.model.vqmodel.decoder.up.0.block.2.conv1.bias
  - Froze policy model parameter: base_model.model.model.vqmodel.decoder.up.0.block.2.norm2.weight
  - Froze policy model parameter: base_model.model.model.vqmodel.decoder.up.0.block.2.norm2.bias
  - Froze policy model parameter: base_model.model.model.vqmodel.decoder.up.0.block.2.conv2.weight
  - Froze policy model parameter: base_model.model.model.vqmodel.decoder.up.0.block.2.conv2.bias
  - Froze policy model parameter: base_model.model.model.vqmodel.decoder.up.1.block.0.norm1.weight
  - Froze policy model parameter: base_model.model.model.vqmodel.decoder.up.1.block.0.norm1.bias
  - Froze policy model parameter: base_model.model.model.vqmodel.decoder.up.1.block.0.conv1.weight
  - Froze policy model parameter: base_model.model.model.vqmodel.decoder.up.1.block.0.conv1.bias
  - Froze policy model parameter: base_model.model.model.vqmodel.decoder.up.1.block.0.norm2.weight
  - Froze policy model parameter: base_model.model.model.vqmodel.decoder.up.1.block.0.norm2.bias
  - Froze policy model parameter: base_model.model.model.vqmodel.decoder.up.1.block.0.conv2.weight
  - Froze policy model parameter: base_model.model.model.vqmodel.decoder.up.1.block.0.conv2.bias
  - Froze policy model parameter: base_model.model.model.vqmodel.decoder.up.1.block.0.nin_shortcut.weight
  - Froze policy model parameter: base_model.model.model.vqmodel.decoder.up.1.block.0.nin_shortcut.bias
  - Froze policy model parameter: base_model.model.model.vqmodel.decoder.up.1.block.1.norm1.weight
  - Froze policy model parameter: base_model.model.model.vqmodel.decoder.up.1.block.1.norm1.bias
  - Froze policy model parameter: base_model.model.model.vqmodel.decoder.up.1.block.1.conv1.weight
  - Froze policy model parameter: base_model.model.model.vqmodel.decoder.up.1.block.1.conv1.bias
  - Froze policy model parameter: base_model.model.model.vqmodel.decoder.up.1.block.1.norm2.weight
  - Froze policy model parameter: base_model.model.model.vqmodel.decoder.up.1.block.1.norm2.bias
  - Froze policy model parameter: base_model.model.model.vqmodel.decoder.up.1.block.1.conv2.weight
  - Froze policy model parameter: base_model.model.model.vqmodel.decoder.up.1.block.1.conv2.bias
  - Froze policy model parameter: base_model.model.model.vqmodel.decoder.up.1.block.2.norm1.weight
  - Froze policy model parameter: base_model.model.model.vqmodel.decoder.up.1.block.2.norm1.bias
  - Froze policy model parameter: base_model.model.model.vqmodel.decoder.up.1.block.2.conv1.weight
  - Froze policy model parameter: base_model.model.model.vqmodel.decoder.up.1.block.2.conv1.bias
  - Froze policy model parameter: base_model.model.model.vqmodel.decoder.up.1.block.2.norm2.weight
  - Froze policy model parameter: base_model.model.model.vqmodel.decoder.up.1.block.2.norm2.bias
  - Froze policy model parameter: base_model.model.model.vqmodel.decoder.up.1.block.2.conv2.weight
  - Froze policy model parameter: base_model.model.model.vqmodel.decoder.up.1.block.2.conv2.bias
  - Froze policy model parameter: base_model.model.model.vqmodel.decoder.up.1.upsample.conv.weight
  - Froze policy model parameter: base_model.model.model.vqmodel.decoder.up.1.upsample.conv.bias
  - Froze policy model parameter: base_model.model.model.vqmodel.decoder.up.2.block.0.norm1.weight
  - Froze policy model parameter: base_model.model.model.vqmodel.decoder.up.2.block.0.norm1.bias
  - Froze policy model parameter: base_model.model.model.vqmodel.decoder.up.2.block.0.conv1.weight
  - Froze policy model parameter: base_model.model.model.vqmodel.decoder.up.2.block.0.conv1.bias
  - Froze policy model parameter: base_model.model.model.vqmodel.decoder.up.2.block.0.norm2.weight
  - Froze policy model parameter: base_model.model.model.vqmodel.decoder.up.2.block.0.norm2.bias
  - Froze policy model parameter: base_model.model.model.vqmodel.decoder.up.2.block.0.conv2.weight
  - Froze policy model parameter: base_model.model.model.vqmodel.decoder.up.2.block.0.conv2.bias
  - Froze policy model parameter: base_model.model.model.vqmodel.decoder.up.2.block.1.norm1.weight
  - Froze policy model parameter: base_model.model.model.vqmodel.decoder.up.2.block.1.norm1.bias
  - Froze policy model parameter: base_model.model.model.vqmodel.decoder.up.2.block.1.conv1.weight
  - Froze policy model parameter: base_model.model.model.vqmodel.decoder.up.2.block.1.conv1.bias
  - Froze policy model parameter: base_model.model.model.vqmodel.decoder.up.2.block.1.norm2.weight
  - Froze policy model parameter: base_model.model.model.vqmodel.decoder.up.2.block.1.norm2.bias
  - Froze policy model parameter: base_model.model.model.vqmodel.decoder.up.2.block.1.conv2.weight
  - Froze policy model parameter: base_model.model.model.vqmodel.decoder.up.2.block.1.conv2.bias
  - Froze policy model parameter: base_model.model.model.vqmodel.decoder.up.2.block.2.norm1.weight
  - Froze policy model parameter: base_model.model.model.vqmodel.decoder.up.2.block.2.norm1.bias
  - Froze policy model parameter: base_model.model.model.vqmodel.decoder.up.2.block.2.conv1.weight
  - Froze policy model parameter: base_model.model.model.vqmodel.decoder.up.2.block.2.conv1.bias
  - Froze policy model parameter: base_model.model.model.vqmodel.decoder.up.2.block.2.norm2.weight
  - Froze policy model parameter: base_model.model.model.vqmodel.decoder.up.2.block.2.norm2.bias
  - Froze policy model parameter: base_model.model.model.vqmodel.decoder.up.2.block.2.conv2.weight
  - Froze policy model parameter: base_model.model.model.vqmodel.decoder.up.2.block.2.conv2.bias
  - Froze policy model parameter: base_model.model.model.vqmodel.decoder.up.2.upsample.conv.weight
  - Froze policy model parameter: base_model.model.model.vqmodel.decoder.up.2.upsample.conv.bias
  - Froze policy model parameter: base_model.model.model.vqmodel.decoder.up.3.block.0.norm1.weight
  - Froze policy model parameter: base_model.model.model.vqmodel.decoder.up.3.block.0.norm1.bias
  - Froze policy model parameter: base_model.model.model.vqmodel.decoder.up.3.block.0.conv1.weight
  - Froze policy model parameter: base_model.model.model.vqmodel.decoder.up.3.block.0.conv1.bias
  - Froze policy model parameter: base_model.model.model.vqmodel.decoder.up.3.block.0.norm2.weight
  - Froze policy model parameter: base_model.model.model.vqmodel.decoder.up.3.block.0.norm2.bias
  - Froze policy model parameter: base_model.model.model.vqmodel.decoder.up.3.block.0.conv2.weight
  - Froze policy model parameter: base_model.model.model.vqmodel.decoder.up.3.block.0.conv2.bias
  - Froze policy model parameter: base_model.model.model.vqmodel.decoder.up.3.block.0.nin_shortcut.weight
  - Froze policy model parameter: base_model.model.model.vqmodel.decoder.up.3.block.0.nin_shortcut.bias
  - Froze policy model parameter: base_model.model.model.vqmodel.decoder.up.3.block.1.norm1.weight
  - Froze policy model parameter: base_model.model.model.vqmodel.decoder.up.3.block.1.norm1.bias
  - Froze policy model parameter: base_model.model.model.vqmodel.decoder.up.3.block.1.conv1.weight
  - Froze policy model parameter: base_model.model.model.vqmodel.decoder.up.3.block.1.conv1.bias
  - Froze policy model parameter: base_model.model.model.vqmodel.decoder.up.3.block.1.norm2.weight
  - Froze policy model parameter: base_model.model.model.vqmodel.decoder.up.3.block.1.norm2.bias
  - Froze policy model parameter: base_model.model.model.vqmodel.decoder.up.3.block.1.conv2.weight
  - Froze policy model parameter: base_model.model.model.vqmodel.decoder.up.3.block.1.conv2.bias
  - Froze policy model parameter: base_model.model.model.vqmodel.decoder.up.3.block.2.norm1.weight
  - Froze policy model parameter: base_model.model.model.vqmodel.decoder.up.3.block.2.norm1.bias
  - Froze policy model parameter: base_model.model.model.vqmodel.decoder.up.3.block.2.conv1.weight
  - Froze policy model parameter: base_model.model.model.vqmodel.decoder.up.3.block.2.conv1.bias
  - Froze policy model parameter: base_model.model.model.vqmodel.decoder.up.3.block.2.norm2.weight
  - Froze policy model parameter: base_model.model.model.vqmodel.decoder.up.3.block.2.norm2.bias
  - Froze policy model parameter: base_model.model.model.vqmodel.decoder.up.3.block.2.conv2.weight
  - Froze policy model parameter: base_model.model.model.vqmodel.decoder.up.3.block.2.conv2.bias
  - Froze policy model parameter: base_model.model.model.vqmodel.decoder.up.3.upsample.conv.weight
  - Froze policy model parameter: base_model.model.model.vqmodel.decoder.up.3.upsample.conv.bias
  - Froze policy model parameter: base_model.model.model.vqmodel.decoder.up.4.block.0.norm1.weight
  - Froze policy model parameter: base_model.model.model.vqmodel.decoder.up.4.block.0.norm1.bias
  - Froze policy model parameter: base_model.model.model.vqmodel.decoder.up.4.block.0.conv1.weight
  - Froze policy model parameter: base_model.model.model.vqmodel.decoder.up.4.block.0.conv1.bias
  - Froze policy model parameter: base_model.model.model.vqmodel.decoder.up.4.block.0.norm2.weight
  - Froze policy model parameter: base_model.model.model.vqmodel.decoder.up.4.block.0.norm2.bias
  - Froze policy model parameter: base_model.model.model.vqmodel.decoder.up.4.block.0.conv2.weight
  - Froze policy model parameter: base_model.model.model.vqmodel.decoder.up.4.block.0.conv2.bias
  - Froze policy model parameter: base_model.model.model.vqmodel.decoder.up.4.block.1.norm1.weight
  - Froze policy model parameter: base_model.model.model.vqmodel.decoder.up.4.block.1.norm1.bias
  - Froze policy model parameter: base_model.model.model.vqmodel.decoder.up.4.block.1.conv1.weight
  - Froze policy model parameter: base_model.model.model.vqmodel.decoder.up.4.block.1.conv1.bias
  - Froze policy model parameter: base_model.model.model.vqmodel.decoder.up.4.block.1.norm2.weight
  - Froze policy model parameter: base_model.model.model.vqmodel.decoder.up.4.block.1.norm2.bias
  - Froze policy model parameter: base_model.model.model.vqmodel.decoder.up.4.block.1.conv2.weight
  - Froze policy model parameter: base_model.model.model.vqmodel.decoder.up.4.block.1.conv2.bias
  - Froze policy model parameter: base_model.model.model.vqmodel.decoder.up.4.block.2.norm1.weight
  - Froze policy model parameter: base_model.model.model.vqmodel.decoder.up.4.block.2.norm1.bias
  - Froze policy model parameter: base_model.model.model.vqmodel.decoder.up.4.block.2.conv1.weight
  - Froze policy model parameter: base_model.model.model.vqmodel.decoder.up.4.block.2.conv1.bias
  - Froze policy model parameter: base_model.model.model.vqmodel.decoder.up.4.block.2.norm2.weight
  - Froze policy model parameter: base_model.model.model.vqmodel.decoder.up.4.block.2.norm2.bias
  - Froze policy model parameter: base_model.model.model.vqmodel.decoder.up.4.block.2.conv2.weight
  - Froze policy model parameter: base_model.model.model.vqmodel.decoder.up.4.block.2.conv2.bias
  - Froze policy model parameter: base_model.model.model.vqmodel.decoder.up.4.upsample.conv.weight
  - Froze policy model parameter: base_model.model.model.vqmodel.decoder.up.4.upsample.conv.bias
  - Froze policy model parameter: base_model.model.model.vqmodel.decoder.norm_out.weight
  - Froze policy model parameter: base_model.model.model.vqmodel.decoder.norm_out.bias
  - Froze policy model parameter: base_model.model.model.vqmodel.decoder.conv_out.weight
  - Froze policy model parameter: base_model.model.model.vqmodel.decoder.conv_out.bias
  - Froze policy model parameter: base_model.model.model.vqmodel.quantize.embedding.weight
  - Froze policy model parameter: base_model.model.model.vqmodel.quant_conv.weight
  - Froze policy model parameter: base_model.model.model.vqmodel.quant_conv.bias
  - Froze policy model parameter: base_model.model.model.vqmodel.post_quant_conv.weight
  - Froze policy model parameter: base_model.model.model.vqmodel.post_quant_conv.bias
  - Froze policy model parameter: base_model.model.mlp_head.time_embed.mlp.0.weight
  - Froze policy model parameter: base_model.model.mlp_head.time_embed.mlp.0.bias
  - Froze policy model parameter: base_model.model.mlp_head.time_embed.mlp.2.weight
  - Froze policy model parameter: base_model.model.mlp_head.time_embed.mlp.2.bias
  - Froze policy model parameter: base_model.model.mlp_head.cond_embed.weight
  - Froze policy model parameter: base_model.model.mlp_head.cond_embed.bias
  - Froze policy model parameter: base_model.model.mlp_head.input_proj.weight
  - Froze policy model parameter: base_model.model.mlp_head.input_proj.bias
  - Froze policy model parameter: base_model.model.mlp_head.res_blocks.0.in_ln.weight
  - Froze policy model parameter: base_model.model.mlp_head.res_blocks.0.in_ln.bias
  - Froze policy model parameter: base_model.model.mlp_head.res_blocks.0.mlp.0.weight
  - Froze policy model parameter: base_model.model.mlp_head.res_blocks.0.mlp.0.bias
  - Froze policy model parameter: base_model.model.mlp_head.res_blocks.0.mlp.2.weight
  - Froze policy model parameter: base_model.model.mlp_head.res_blocks.0.mlp.2.bias
  - Froze policy model parameter: base_model.model.mlp_head.res_blocks.0.adaLN_modulation.1.weight
  - Froze policy model parameter: base_model.model.mlp_head.res_blocks.0.adaLN_modulation.1.bias
  - Froze policy model parameter: base_model.model.mlp_head.res_blocks.1.in_ln.weight
  - Froze policy model parameter: base_model.model.mlp_head.res_blocks.1.in_ln.bias
  - Froze policy model parameter: base_model.model.mlp_head.res_blocks.1.mlp.0.weight
  - Froze policy model parameter: base_model.model.mlp_head.res_blocks.1.mlp.0.bias
  - Froze policy model parameter: base_model.model.mlp_head.res_blocks.1.mlp.2.weight
  - Froze policy model parameter: base_model.model.mlp_head.res_blocks.1.mlp.2.bias
  - Froze policy model parameter: base_model.model.mlp_head.res_blocks.1.adaLN_modulation.1.weight
  - Froze policy model parameter: base_model.model.mlp_head.res_blocks.1.adaLN_modulation.1.bias
  - Froze policy model parameter: base_model.model.mlp_head.res_blocks.2.in_ln.weight
  - Froze policy model parameter: base_model.model.mlp_head.res_blocks.2.in_ln.bias
  - Froze policy model parameter: base_model.model.mlp_head.res_blocks.2.mlp.0.weight
  - Froze policy model parameter: base_model.model.mlp_head.res_blocks.2.mlp.0.bias
  - Froze policy model parameter: base_model.model.mlp_head.res_blocks.2.mlp.2.weight
  - Froze policy model parameter: base_model.model.mlp_head.res_blocks.2.mlp.2.bias
  - Froze policy model parameter: base_model.model.mlp_head.res_blocks.2.adaLN_modulation.1.weight
  - Froze policy model parameter: base_model.model.mlp_head.res_blocks.2.adaLN_modulation.1.bias
  - Froze policy model parameter: base_model.model.mlp_head.final_layer.linear.weight
  - Froze policy model parameter: base_model.model.mlp_head.final_layer.linear.bias
  - Froze policy model parameter: base_model.model.mlp_head.final_layer.adaLN_modulation.1.weight
  - Froze policy model parameter: base_model.model.mlp_head.final_layer.adaLN_modulation.1.bias
Model parts frozen.
Loaded 2 reward functions: ['answer_correctness_reward', 'format_reward']
Trainer initialized.
--- [Step 3/3] Starting GRPO training... ---
LoRA 已启用：trainable params=16777216 / total params=7151239811
Enabling policy gradient checkpointing (use_reentrant=False).
Diffusion MLP gradient checkpointing disabled.
Freezing non-trainable parts of the model...
  - Froze policy model parameter: base_model.model.model.vqmodel.encoder.conv_in.weight
  - Froze policy model parameter: base_model.model.model.vqmodel.encoder.conv_in.bias
  - Froze policy model parameter: base_model.model.model.vqmodel.encoder.down.0.block.0.norm1.weight
  - Froze policy model parameter: base_model.model.model.vqmodel.encoder.down.0.block.0.norm1.bias
  - Froze policy model parameter: base_model.model.model.vqmodel.encoder.down.0.block.0.conv1.weight
  - Froze policy model parameter: base_model.model.model.vqmodel.encoder.down.0.block.0.conv1.bias
  - Froze policy model parameter: base_model.model.model.vqmodel.encoder.down.0.block.0.norm2.weight
  - Froze policy model parameter: base_model.model.model.vqmodel.encoder.down.0.block.0.norm2.bias
  - Froze policy model parameter: base_model.model.model.vqmodel.encoder.down.0.block.0.conv2.weight
  - Froze policy model parameter: base_model.model.model.vqmodel.encoder.down.0.block.0.conv2.bias
  - Froze policy model parameter: base_model.model.model.vqmodel.encoder.down.0.block.1.norm1.weight
  - Froze policy model parameter: base_model.model.model.vqmodel.encoder.down.0.block.1.norm1.bias
  - Froze policy model parameter: base_model.model.model.vqmodel.encoder.down.0.block.1.conv1.weight
  - Froze policy model parameter: base_model.model.model.vqmodel.encoder.down.0.block.1.conv1.bias
  - Froze policy model parameter: base_model.model.model.vqmodel.encoder.down.0.block.1.norm2.weight
  - Froze policy model parameter: base_model.model.model.vqmodel.encoder.down.0.block.1.norm2.bias
  - Froze policy model parameter: base_model.model.model.vqmodel.encoder.down.0.block.1.conv2.weight
  - Froze policy model parameter: base_model.model.model.vqmodel.encoder.down.0.block.1.conv2.bias
  - Froze policy model parameter: base_model.model.model.vqmodel.encoder.down.0.downsample.conv.weight
  - Froze policy model parameter: base_model.model.model.vqmodel.encoder.down.0.downsample.conv.bias
  - Froze policy model parameter: base_model.model.model.vqmodel.encoder.down.1.block.0.norm1.weight
  - Froze policy model parameter: base_model.model.model.vqmodel.encoder.down.1.block.0.norm1.bias
  - Froze policy model parameter: base_model.model.model.vqmodel.encoder.down.1.block.0.conv1.weight
  - Froze policy model parameter: base_model.model.model.vqmodel.encoder.down.1.block.0.conv1.bias
  - Froze policy model parameter: base_model.model.model.vqmodel.encoder.down.1.block.0.norm2.weight
  - Froze policy model parameter: base_model.model.model.vqmodel.encoder.down.1.block.0.norm2.bias
  - Froze policy model parameter: base_model.model.model.vqmodel.encoder.down.1.block.0.conv2.weight
  - Froze policy model parameter: base_model.model.model.vqmodel.encoder.down.1.block.0.conv2.bias
  - Froze policy model parameter: base_model.model.model.vqmodel.encoder.down.1.block.1.norm1.weight
  - Froze policy model parameter: base_model.model.model.vqmodel.encoder.down.1.block.1.norm1.bias
  - Froze policy model parameter: base_model.model.model.vqmodel.encoder.down.1.block.1.conv1.weight
  - Froze policy model parameter: base_model.model.model.vqmodel.encoder.down.1.block.1.conv1.bias
  - Froze policy model parameter: base_model.model.model.vqmodel.encoder.down.1.block.1.norm2.weight
  - Froze policy model parameter: base_model.model.model.vqmodel.encoder.down.1.block.1.norm2.bias
  - Froze policy model parameter: base_model.model.model.vqmodel.encoder.down.1.block.1.conv2.weight
  - Froze policy model parameter: base_model.model.model.vqmodel.encoder.down.1.block.1.conv2.bias
  - Froze policy model parameter: base_model.model.model.vqmodel.encoder.down.1.downsample.conv.weight
  - Froze policy model parameter: base_model.model.model.vqmodel.encoder.down.1.downsample.conv.bias
  - Froze policy model parameter: base_model.model.model.vqmodel.encoder.down.2.block.0.norm1.weight
  - Froze policy model parameter: base_model.model.model.vqmodel.encoder.down.2.block.0.norm1.bias
  - Froze policy model parameter: base_model.model.model.vqmodel.encoder.down.2.block.0.conv1.weight
  - Froze policy model parameter: base_model.model.model.vqmodel.encoder.down.2.block.0.conv1.bias
  - Froze policy model parameter: base_model.model.model.vqmodel.encoder.down.2.block.0.norm2.weight
  - Froze policy model parameter: base_model.model.model.vqmodel.encoder.down.2.block.0.norm2.bias
  - Froze policy model parameter: base_model.model.model.vqmodel.encoder.down.2.block.0.conv2.weight
  - Froze policy model parameter: base_model.model.model.vqmodel.encoder.down.2.block.0.conv2.bias
  - Froze policy model parameter: base_model.model.model.vqmodel.encoder.down.2.block.0.nin_shortcut.weight
  - Froze policy model parameter: base_model.model.model.vqmodel.encoder.down.2.block.0.nin_shortcut.bias
  - Froze policy model parameter: base_model.model.model.vqmodel.encoder.down.2.block.1.norm1.weight
  - Froze policy model parameter: base_model.model.model.vqmodel.encoder.down.2.block.1.norm1.bias
  - Froze policy model parameter: base_model.model.model.vqmodel.encoder.down.2.block.1.conv1.weight
  - Froze policy model parameter: base_model.model.model.vqmodel.encoder.down.2.block.1.conv1.bias
  - Froze policy model parameter: base_model.model.model.vqmodel.encoder.down.2.block.1.norm2.weight
  - Froze policy model parameter: base_model.model.model.vqmodel.encoder.down.2.block.1.norm2.bias
  - Froze policy model parameter: base_model.model.model.vqmodel.encoder.down.2.block.1.conv2.weight
  - Froze policy model parameter: base_model.model.model.vqmodel.encoder.down.2.block.1.conv2.bias
  - Froze policy model parameter: base_model.model.model.vqmodel.encoder.down.2.downsample.conv.weight
  - Froze policy model parameter: base_model.model.model.vqmodel.encoder.down.2.downsample.conv.bias
  - Froze policy model parameter: base_model.model.model.vqmodel.encoder.down.3.block.0.norm1.weight
  - Froze policy model parameter: base_model.model.model.vqmodel.encoder.down.3.block.0.norm1.bias
  - Froze policy model parameter: base_model.model.model.vqmodel.encoder.down.3.block.0.conv1.weight
  - Froze policy model parameter: base_model.model.model.vqmodel.encoder.down.3.block.0.conv1.bias
  - Froze policy model parameter: base_model.model.model.vqmodel.encoder.down.3.block.0.norm2.weight
  - Froze policy model parameter: base_model.model.model.vqmodel.encoder.down.3.block.0.norm2.bias
  - Froze policy model parameter: base_model.model.model.vqmodel.encoder.down.3.block.0.conv2.weight
  - Froze policy model parameter: base_model.model.model.vqmodel.encoder.down.3.block.0.conv2.bias
  - Froze policy model parameter: base_model.model.model.vqmodel.encoder.down.3.block.1.norm1.weight
  - Froze policy model parameter: base_model.model.model.vqmodel.encoder.down.3.block.1.norm1.bias
  - Froze policy model parameter: base_model.model.model.vqmodel.encoder.down.3.block.1.conv1.weight
  - Froze policy model parameter: base_model.model.model.vqmodel.encoder.down.3.block.1.conv1.bias
  - Froze policy model parameter: base_model.model.model.vqmodel.encoder.down.3.block.1.norm2.weight
  - Froze policy model parameter: base_model.model.model.vqmodel.encoder.down.3.block.1.norm2.bias
  - Froze policy model parameter: base_model.model.model.vqmodel.encoder.down.3.block.1.conv2.weight
  - Froze policy model parameter: base_model.model.model.vqmodel.encoder.down.3.block.1.conv2.bias
  - Froze policy model parameter: base_model.model.model.vqmodel.encoder.down.3.downsample.conv.weight
  - Froze policy model parameter: base_model.model.model.vqmodel.encoder.down.3.downsample.conv.bias
  - Froze policy model parameter: base_model.model.model.vqmodel.encoder.down.4.block.0.norm1.weight
  - Froze policy model parameter: base_model.model.model.vqmodel.encoder.down.4.block.0.norm1.bias
  - Froze policy model parameter: base_model.model.model.vqmodel.encoder.down.4.block.0.conv1.weight
  - Froze policy model parameter: base_model.model.model.vqmodel.encoder.down.4.block.0.conv1.bias
  - Froze policy model parameter: base_model.model.model.vqmodel.encoder.down.4.block.0.norm2.weight
  - Froze policy model parameter: base_model.model.model.vqmodel.encoder.down.4.block.0.norm2.bias
  - Froze policy model parameter: base_model.model.model.vqmodel.encoder.down.4.block.0.conv2.weight
  - Froze policy model parameter: base_model.model.model.vqmodel.encoder.down.4.block.0.conv2.bias
  - Froze policy model parameter: base_model.model.model.vqmodel.encoder.down.4.block.0.nin_shortcut.weight
  - Froze policy model parameter: base_model.model.model.vqmodel.encoder.down.4.block.0.nin_shortcut.bias
  - Froze policy model parameter: base_model.model.model.vqmodel.encoder.down.4.block.1.norm1.weight
  - Froze policy model parameter: base_model.model.model.vqmodel.encoder.down.4.block.1.norm1.bias
  - Froze policy model parameter: base_model.model.model.vqmodel.encoder.down.4.block.1.conv1.weight
  - Froze policy model parameter: base_model.model.model.vqmodel.encoder.down.4.block.1.conv1.bias
  - Froze policy model parameter: base_model.model.model.vqmodel.encoder.down.4.block.1.norm2.weight
  - Froze policy model parameter: base_model.model.model.vqmodel.encoder.down.4.block.1.norm2.bias
  - Froze policy model parameter: base_model.model.model.vqmodel.encoder.down.4.block.1.conv2.weight
  - Froze policy model parameter: base_model.model.model.vqmodel.encoder.down.4.block.1.conv2.bias
  - Froze policy model parameter: base_model.model.model.vqmodel.encoder.mid.block_1.norm1.weight
  - Froze policy model parameter: base_model.model.model.vqmodel.encoder.mid.block_1.norm1.bias
  - Froze policy model parameter: base_model.model.model.vqmodel.encoder.mid.block_1.conv1.weight
  - Froze policy model parameter: base_model.model.model.vqmodel.encoder.mid.block_1.conv1.bias
  - Froze policy model parameter: base_model.model.model.vqmodel.encoder.mid.block_1.norm2.weight
  - Froze policy model parameter: base_model.model.model.vqmodel.encoder.mid.block_1.norm2.bias
  - Froze policy model parameter: base_model.model.model.vqmodel.encoder.mid.block_1.conv2.weight
  - Froze policy model parameter: base_model.model.model.vqmodel.encoder.mid.block_1.conv2.bias
  - Froze policy model parameter: base_model.model.model.vqmodel.encoder.mid.attn_1.norm.weight
  - Froze policy model parameter: base_model.model.model.vqmodel.encoder.mid.attn_1.norm.bias
  - Froze policy model parameter: base_model.model.model.vqmodel.encoder.mid.attn_1.q.weight
  - Froze policy model parameter: base_model.model.model.vqmodel.encoder.mid.attn_1.q.bias
  - Froze policy model parameter: base_model.model.model.vqmodel.encoder.mid.attn_1.k.weight
  - Froze policy model parameter: base_model.model.model.vqmodel.encoder.mid.attn_1.k.bias
  - Froze policy model parameter: base_model.model.model.vqmodel.encoder.mid.attn_1.v.weight
  - Froze policy model parameter: base_model.model.model.vqmodel.encoder.mid.attn_1.v.bias
  - Froze policy model parameter: base_model.model.model.vqmodel.encoder.mid.attn_1.proj_out.weight
  - Froze policy model parameter: base_model.model.model.vqmodel.encoder.mid.attn_1.proj_out.bias
  - Froze policy model parameter: base_model.model.model.vqmodel.encoder.mid.block_2.norm1.weight
  - Froze policy model parameter: base_model.model.model.vqmodel.encoder.mid.block_2.norm1.bias
  - Froze policy model parameter: base_model.model.model.vqmodel.encoder.mid.block_2.conv1.weight
  - Froze policy model parameter: base_model.model.model.vqmodel.encoder.mid.block_2.conv1.bias
  - Froze policy model parameter: base_model.model.model.vqmodel.encoder.mid.block_2.norm2.weight
  - Froze policy model parameter: base_model.model.model.vqmodel.encoder.mid.block_2.norm2.bias
  - Froze policy model parameter: base_model.model.model.vqmodel.encoder.mid.block_2.conv2.weight
  - Froze policy model parameter: base_model.model.model.vqmodel.encoder.mid.block_2.conv2.bias
  - Froze policy model parameter: base_model.model.model.vqmodel.encoder.norm_out.weight
  - Froze policy model parameter: base_model.model.model.vqmodel.encoder.norm_out.bias
  - Froze policy model parameter: base_model.model.model.vqmodel.encoder.conv_out.weight
  - Froze policy model parameter: base_model.model.model.vqmodel.encoder.conv_out.bias
  - Froze policy model parameter: base_model.model.model.vqmodel.decoder.conv_in.weight
  - Froze policy model parameter: base_model.model.model.vqmodel.decoder.conv_in.bias
  - Froze policy model parameter: base_model.model.model.vqmodel.decoder.mid.block_1.norm1.weight
  - Froze policy model parameter: base_model.model.model.vqmodel.decoder.mid.block_1.norm1.bias
  - Froze policy model parameter: base_model.model.model.vqmodel.decoder.mid.block_1.conv1.weight
  - Froze policy model parameter: base_model.model.model.vqmodel.decoder.mid.block_1.conv1.bias
  - Froze policy model parameter: base_model.model.model.vqmodel.decoder.mid.block_1.norm2.weight
  - Froze policy model parameter: base_model.model.model.vqmodel.decoder.mid.block_1.norm2.bias
  - Froze policy model parameter: base_model.model.model.vqmodel.decoder.mid.block_1.conv2.weight
  - Froze policy model parameter: base_model.model.model.vqmodel.decoder.mid.block_1.conv2.bias
  - Froze policy model parameter: base_model.model.model.vqmodel.decoder.mid.attn_1.norm.weight
  - Froze policy model parameter: base_model.model.model.vqmodel.decoder.mid.attn_1.norm.bias
  - Froze policy model parameter: base_model.model.model.vqmodel.decoder.mid.attn_1.q.weight
  - Froze policy model parameter: base_model.model.model.vqmodel.decoder.mid.attn_1.q.bias
  - Froze policy model parameter: base_model.model.model.vqmodel.decoder.mid.attn_1.k.weight
  - Froze policy model parameter: base_model.model.model.vqmodel.decoder.mid.attn_1.k.bias
  - Froze policy model parameter: base_model.model.model.vqmodel.decoder.mid.attn_1.v.weight
  - Froze policy model parameter: base_model.model.model.vqmodel.decoder.mid.attn_1.v.bias
  - Froze policy model parameter: base_model.model.model.vqmodel.decoder.mid.attn_1.proj_out.weight
  - Froze policy model parameter: base_model.model.model.vqmodel.decoder.mid.attn_1.proj_out.bias
  - Froze policy model parameter: base_model.model.model.vqmodel.decoder.mid.block_2.norm1.weight
  - Froze policy model parameter: base_model.model.model.vqmodel.decoder.mid.block_2.norm1.bias
  - Froze policy model parameter: base_model.model.model.vqmodel.decoder.mid.block_2.conv1.weight
  - Froze policy model parameter: base_model.model.model.vqmodel.decoder.mid.block_2.conv1.bias
  - Froze policy model parameter: base_model.model.model.vqmodel.decoder.mid.block_2.norm2.weight
  - Froze policy model parameter: base_model.model.model.vqmodel.decoder.mid.block_2.norm2.bias
  - Froze policy model parameter: base_model.model.model.vqmodel.decoder.mid.block_2.conv2.weight
  - Froze policy model parameter: base_model.model.model.vqmodel.decoder.mid.block_2.conv2.bias
  - Froze policy model parameter: base_model.model.model.vqmodel.decoder.up.0.block.0.norm1.weight
  - Froze policy model parameter: base_model.model.model.vqmodel.decoder.up.0.block.0.norm1.bias
  - Froze policy model parameter: base_model.model.model.vqmodel.decoder.up.0.block.0.conv1.weight
  - Froze policy model parameter: base_model.model.model.vqmodel.decoder.up.0.block.0.conv1.bias
  - Froze policy model parameter: base_model.model.model.vqmodel.decoder.up.0.block.0.norm2.weight
  - Froze policy model parameter: base_model.model.model.vqmodel.decoder.up.0.block.0.norm2.bias
  - Froze policy model parameter: base_model.model.model.vqmodel.decoder.up.0.block.0.conv2.weight
  - Froze policy model parameter: base_model.model.model.vqmodel.decoder.up.0.block.0.conv2.bias
  - Froze policy model parameter: base_model.model.model.vqmodel.decoder.up.0.block.1.norm1.weight
  - Froze policy model parameter: base_model.model.model.vqmodel.decoder.up.0.block.1.norm1.bias
  - Froze policy model parameter: base_model.model.model.vqmodel.decoder.up.0.block.1.conv1.weight
  - Froze policy model parameter: base_model.model.model.vqmodel.decoder.up.0.block.1.conv1.bias
  - Froze policy model parameter: base_model.model.model.vqmodel.decoder.up.0.block.1.norm2.weight
  - Froze policy model parameter: base_model.model.model.vqmodel.decoder.up.0.block.1.norm2.bias
  - Froze policy model parameter: base_model.model.model.vqmodel.decoder.up.0.block.1.conv2.weight
  - Froze policy model parameter: base_model.model.model.vqmodel.decoder.up.0.block.1.conv2.bias
  - Froze policy model parameter: base_model.model.model.vqmodel.decoder.up.0.block.2.norm1.weight
  - Froze policy model parameter: base_model.model.model.vqmodel.decoder.up.0.block.2.norm1.bias
  - Froze policy model parameter: base_model.model.model.vqmodel.decoder.up.0.block.2.conv1.weight
  - Froze policy model parameter: base_model.model.model.vqmodel.decoder.up.0.block.2.conv1.bias
  - Froze policy model parameter: base_model.model.model.vqmodel.decoder.up.0.block.2.norm2.weight
  - Froze policy model parameter: base_model.model.model.vqmodel.decoder.up.0.block.2.norm2.bias
  - Froze policy model parameter: base_model.model.model.vqmodel.decoder.up.0.block.2.conv2.weight
  - Froze policy model parameter: base_model.model.model.vqmodel.decoder.up.0.block.2.conv2.bias
  - Froze policy model parameter: base_model.model.model.vqmodel.decoder.up.1.block.0.norm1.weight
  - Froze policy model parameter: base_model.model.model.vqmodel.decoder.up.1.block.0.norm1.bias
  - Froze policy model parameter: base_model.model.model.vqmodel.decoder.up.1.block.0.conv1.weight
  - Froze policy model parameter: base_model.model.model.vqmodel.decoder.up.1.block.0.conv1.bias
  - Froze policy model parameter: base_model.model.model.vqmodel.decoder.up.1.block.0.norm2.weight
  - Froze policy model parameter: base_model.model.model.vqmodel.decoder.up.1.block.0.norm2.bias
  - Froze policy model parameter: base_model.model.model.vqmodel.decoder.up.1.block.0.conv2.weight
  - Froze policy model parameter: base_model.model.model.vqmodel.decoder.up.1.block.0.conv2.bias
  - Froze policy model parameter: base_model.model.model.vqmodel.decoder.up.1.block.0.nin_shortcut.weight
  - Froze policy model parameter: base_model.model.model.vqmodel.decoder.up.1.block.0.nin_shortcut.bias
  - Froze policy model parameter: base_model.model.model.vqmodel.decoder.up.1.block.1.norm1.weight
  - Froze policy model parameter: base_model.model.model.vqmodel.decoder.up.1.block.1.norm1.bias
  - Froze policy model parameter: base_model.model.model.vqmodel.decoder.up.1.block.1.conv1.weight
  - Froze policy model parameter: base_model.model.model.vqmodel.decoder.up.1.block.1.conv1.bias
  - Froze policy model parameter: base_model.model.model.vqmodel.decoder.up.1.block.1.norm2.weight
  - Froze policy model parameter: base_model.model.model.vqmodel.decoder.up.1.block.1.norm2.bias
  - Froze policy model parameter: base_model.model.model.vqmodel.decoder.up.1.block.1.conv2.weight
  - Froze policy model parameter: base_model.model.model.vqmodel.decoder.up.1.block.1.conv2.bias
  - Froze policy model parameter: base_model.model.model.vqmodel.decoder.up.1.block.2.norm1.weight
  - Froze policy model parameter: base_model.model.model.vqmodel.decoder.up.1.block.2.norm1.bias
  - Froze policy model parameter: base_model.model.model.vqmodel.decoder.up.1.block.2.conv1.weight
  - Froze policy model parameter: base_model.model.model.vqmodel.decoder.up.1.block.2.conv1.bias
  - Froze policy model parameter: base_model.model.model.vqmodel.decoder.up.1.block.2.norm2.weight
  - Froze policy model parameter: base_model.model.model.vqmodel.decoder.up.1.block.2.norm2.bias
  - Froze policy model parameter: base_model.model.model.vqmodel.decoder.up.1.block.2.conv2.weight
  - Froze policy model parameter: base_model.model.model.vqmodel.decoder.up.1.block.2.conv2.bias
  - Froze policy model parameter: base_model.model.model.vqmodel.decoder.up.1.upsample.conv.weight
  - Froze policy model parameter: base_model.model.model.vqmodel.decoder.up.1.upsample.conv.bias
  - Froze policy model parameter: base_model.model.model.vqmodel.decoder.up.2.block.0.norm1.weight
  - Froze policy model parameter: base_model.model.model.vqmodel.decoder.up.2.block.0.norm1.bias
  - Froze policy model parameter: base_model.model.model.vqmodel.decoder.up.2.block.0.conv1.weight
  - Froze policy model parameter: base_model.model.model.vqmodel.decoder.up.2.block.0.conv1.bias
  - Froze policy model parameter: base_model.model.model.vqmodel.decoder.up.2.block.0.norm2.weight
  - Froze policy model parameter: base_model.model.model.vqmodel.decoder.up.2.block.0.norm2.bias
  - Froze policy model parameter: base_model.model.model.vqmodel.decoder.up.2.block.0.conv2.weight
  - Froze policy model parameter: base_model.model.model.vqmodel.decoder.up.2.block.0.conv2.bias
  - Froze policy model parameter: base_model.model.model.vqmodel.decoder.up.2.block.1.norm1.weight
  - Froze policy model parameter: base_model.model.model.vqmodel.decoder.up.2.block.1.norm1.bias
  - Froze policy model parameter: base_model.model.model.vqmodel.decoder.up.2.block.1.conv1.weight
  - Froze policy model parameter: base_model.model.model.vqmodel.decoder.up.2.block.1.conv1.bias
  - Froze policy model parameter: base_model.model.model.vqmodel.decoder.up.2.block.1.norm2.weight
  - Froze policy model parameter: base_model.model.model.vqmodel.decoder.up.2.block.1.norm2.bias
  - Froze policy model parameter: base_model.model.model.vqmodel.decoder.up.2.block.1.conv2.weight
  - Froze policy model parameter: base_model.model.model.vqmodel.decoder.up.2.block.1.conv2.bias
  - Froze policy model parameter: base_model.model.model.vqmodel.decoder.up.2.block.2.norm1.weight
  - Froze policy model parameter: base_model.model.model.vqmodel.decoder.up.2.block.2.norm1.bias
  - Froze policy model parameter: base_model.model.model.vqmodel.decoder.up.2.block.2.conv1.weight
  - Froze policy model parameter: base_model.model.model.vqmodel.decoder.up.2.block.2.conv1.bias
  - Froze policy model parameter: base_model.model.model.vqmodel.decoder.up.2.block.2.norm2.weight
  - Froze policy model parameter: base_model.model.model.vqmodel.decoder.up.2.block.2.norm2.bias
  - Froze policy model parameter: base_model.model.model.vqmodel.decoder.up.2.block.2.conv2.weight
  - Froze policy model parameter: base_model.model.model.vqmodel.decoder.up.2.block.2.conv2.bias
  - Froze policy model parameter: base_model.model.model.vqmodel.decoder.up.2.upsample.conv.weight
  - Froze policy model parameter: base_model.model.model.vqmodel.decoder.up.2.upsample.conv.bias
  - Froze policy model parameter: base_model.model.model.vqmodel.decoder.up.3.block.0.norm1.weight
  - Froze policy model parameter: base_model.model.model.vqmodel.decoder.up.3.block.0.norm1.bias
  - Froze policy model parameter: base_model.model.model.vqmodel.decoder.up.3.block.0.conv1.weight
  - Froze policy model parameter: base_model.model.model.vqmodel.decoder.up.3.block.0.conv1.bias
  - Froze policy model parameter: base_model.model.model.vqmodel.decoder.up.3.block.0.norm2.weight
  - Froze policy model parameter: base_model.model.model.vqmodel.decoder.up.3.block.0.norm2.bias
  - Froze policy model parameter: base_model.model.model.vqmodel.decoder.up.3.block.0.conv2.weight
  - Froze policy model parameter: base_model.model.model.vqmodel.decoder.up.3.block.0.conv2.bias
  - Froze policy model parameter: base_model.model.model.vqmodel.decoder.up.3.block.0.nin_shortcut.weight
  - Froze policy model parameter: base_model.model.model.vqmodel.decoder.up.3.block.0.nin_shortcut.bias
  - Froze policy model parameter: base_model.model.model.vqmodel.decoder.up.3.block.1.norm1.weight
  - Froze policy model parameter: base_model.model.model.vqmodel.decoder.up.3.block.1.norm1.bias
  - Froze policy model parameter: base_model.model.model.vqmodel.decoder.up.3.block.1.conv1.weight
  - Froze policy model parameter: base_model.model.model.vqmodel.decoder.up.3.block.1.conv1.bias
  - Froze policy model parameter: base_model.model.model.vqmodel.decoder.up.3.block.1.norm2.weight
  - Froze policy model parameter: base_model.model.model.vqmodel.decoder.up.3.block.1.norm2.bias
  - Froze policy model parameter: base_model.model.model.vqmodel.decoder.up.3.block.1.conv2.weight
  - Froze policy model parameter: base_model.model.model.vqmodel.decoder.up.3.block.1.conv2.bias
  - Froze policy model parameter: base_model.model.model.vqmodel.decoder.up.3.block.2.norm1.weight
  - Froze policy model parameter: base_model.model.model.vqmodel.decoder.up.3.block.2.norm1.bias
  - Froze policy model parameter: base_model.model.model.vqmodel.decoder.up.3.block.2.conv1.weight
  - Froze policy model parameter: base_model.model.model.vqmodel.decoder.up.3.block.2.conv1.bias
  - Froze policy model parameter: base_model.model.model.vqmodel.decoder.up.3.block.2.norm2.weight
  - Froze policy model parameter: base_model.model.model.vqmodel.decoder.up.3.block.2.norm2.bias
  - Froze policy model parameter: base_model.model.model.vqmodel.decoder.up.3.block.2.conv2.weight
  - Froze policy model parameter: base_model.model.model.vqmodel.decoder.up.3.block.2.conv2.bias
  - Froze policy model parameter: base_model.model.model.vqmodel.decoder.up.3.upsample.conv.weight
  - Froze policy model parameter: base_model.model.model.vqmodel.decoder.up.3.upsample.conv.bias
  - Froze policy model parameter: base_model.model.model.vqmodel.decoder.up.4.block.0.norm1.weight
  - Froze policy model parameter: base_model.model.model.vqmodel.decoder.up.4.block.0.norm1.bias
  - Froze policy model parameter: base_model.model.model.vqmodel.decoder.up.4.block.0.conv1.weight
  - Froze policy model parameter: base_model.model.model.vqmodel.decoder.up.4.block.0.conv1.bias
  - Froze policy model parameter: base_model.model.model.vqmodel.decoder.up.4.block.0.norm2.weight
  - Froze policy model parameter: base_model.model.model.vqmodel.decoder.up.4.block.0.norm2.bias
  - Froze policy model parameter: base_model.model.model.vqmodel.decoder.up.4.block.0.conv2.weight
  - Froze policy model parameter: base_model.model.model.vqmodel.decoder.up.4.block.0.conv2.bias
  - Froze policy model parameter: base_model.model.model.vqmodel.decoder.up.4.block.1.norm1.weight
  - Froze policy model parameter: base_model.model.model.vqmodel.decoder.up.4.block.1.norm1.bias
  - Froze policy model parameter: base_model.model.model.vqmodel.decoder.up.4.block.1.conv1.weight
  - Froze policy model parameter: base_model.model.model.vqmodel.decoder.up.4.block.1.conv1.bias
  - Froze policy model parameter: base_model.model.model.vqmodel.decoder.up.4.block.1.norm2.weight
  - Froze policy model parameter: base_model.model.model.vqmodel.decoder.up.4.block.1.norm2.bias
  - Froze policy model parameter: base_model.model.model.vqmodel.decoder.up.4.block.1.conv2.weight
  - Froze policy model parameter: base_model.model.model.vqmodel.decoder.up.4.block.1.conv2.bias
  - Froze policy model parameter: base_model.model.model.vqmodel.decoder.up.4.block.2.norm1.weight
  - Froze policy model parameter: base_model.model.model.vqmodel.decoder.up.4.block.2.norm1.bias
  - Froze policy model parameter: base_model.model.model.vqmodel.decoder.up.4.block.2.conv1.weight
  - Froze policy model parameter: base_model.model.model.vqmodel.decoder.up.4.block.2.conv1.bias
  - Froze policy model parameter: base_model.model.model.vqmodel.decoder.up.4.block.2.norm2.weight
  - Froze policy model parameter: base_model.model.model.vqmodel.decoder.up.4.block.2.norm2.bias
  - Froze policy model parameter: base_model.model.model.vqmodel.decoder.up.4.block.2.conv2.weight
  - Froze policy model parameter: base_model.model.model.vqmodel.decoder.up.4.block.2.conv2.bias
  - Froze policy model parameter: base_model.model.model.vqmodel.decoder.up.4.upsample.conv.weight
  - Froze policy model parameter: base_model.model.model.vqmodel.decoder.up.4.upsample.conv.bias
  - Froze policy model parameter: base_model.model.model.vqmodel.decoder.norm_out.weight
  - Froze policy model parameter: base_model.model.model.vqmodel.decoder.norm_out.bias
  - Froze policy model parameter: base_model.model.model.vqmodel.decoder.conv_out.weight
  - Froze policy model parameter: base_model.model.model.vqmodel.decoder.conv_out.bias
  - Froze policy model parameter: base_model.model.model.vqmodel.quantize.embedding.weight
  - Froze policy model parameter: base_model.model.model.vqmodel.quant_conv.weight
  - Froze policy model parameter: base_model.model.model.vqmodel.quant_conv.bias
  - Froze policy model parameter: base_model.model.model.vqmodel.post_quant_conv.weight
  - Froze policy model parameter: base_model.model.model.vqmodel.post_quant_conv.bias
  - Froze policy model parameter: base_model.model.mlp_head.time_embed.mlp.0.weight
  - Froze policy model parameter: base_model.model.mlp_head.time_embed.mlp.0.bias
  - Froze policy model parameter: base_model.model.mlp_head.time_embed.mlp.2.weight
  - Froze policy model parameter: base_model.model.mlp_head.time_embed.mlp.2.bias
  - Froze policy model parameter: base_model.model.mlp_head.cond_embed.weight
  - Froze policy model parameter: base_model.model.mlp_head.cond_embed.bias
  - Froze policy model parameter: base_model.model.mlp_head.input_proj.weight
  - Froze policy model parameter: base_model.model.mlp_head.input_proj.bias
  - Froze policy model parameter: base_model.model.mlp_head.res_blocks.0.in_ln.weight
  - Froze policy model parameter: base_model.model.mlp_head.res_blocks.0.in_ln.bias
  - Froze policy model parameter: base_model.model.mlp_head.res_blocks.0.mlp.0.weight
  - Froze policy model parameter: base_model.model.mlp_head.res_blocks.0.mlp.0.bias
  - Froze policy model parameter: base_model.model.mlp_head.res_blocks.0.mlp.2.weight
  - Froze policy model parameter: base_model.model.mlp_head.res_blocks.0.mlp.2.bias
  - Froze policy model parameter: base_model.model.mlp_head.res_blocks.0.adaLN_modulation.1.weight
  - Froze policy model parameter: base_model.model.mlp_head.res_blocks.0.adaLN_modulation.1.bias
  - Froze policy model parameter: base_model.model.mlp_head.res_blocks.1.in_ln.weight
  - Froze policy model parameter: base_model.model.mlp_head.res_blocks.1.in_ln.bias
  - Froze policy model parameter: base_model.model.mlp_head.res_blocks.1.mlp.0.weight
  - Froze policy model parameter: base_model.model.mlp_head.res_blocks.1.mlp.0.bias
  - Froze policy model parameter: base_model.model.mlp_head.res_blocks.1.mlp.2.weight
  - Froze policy model parameter: base_model.model.mlp_head.res_blocks.1.mlp.2.bias
  - Froze policy model parameter: base_model.model.mlp_head.res_blocks.1.adaLN_modulation.1.weight
  - Froze policy model parameter: base_model.model.mlp_head.res_blocks.1.adaLN_modulation.1.bias
  - Froze policy model parameter: base_model.model.mlp_head.res_blocks.2.in_ln.weight
  - Froze policy model parameter: base_model.model.mlp_head.res_blocks.2.in_ln.bias
  - Froze policy model parameter: base_model.model.mlp_head.res_blocks.2.mlp.0.weight
  - Froze policy model parameter: base_model.model.mlp_head.res_blocks.2.mlp.0.bias
  - Froze policy model parameter: base_model.model.mlp_head.res_blocks.2.mlp.2.weight
  - Froze policy model parameter: base_model.model.mlp_head.res_blocks.2.mlp.2.bias
  - Froze policy model parameter: base_model.model.mlp_head.res_blocks.2.adaLN_modulation.1.weight
  - Froze policy model parameter: base_model.model.mlp_head.res_blocks.2.adaLN_modulation.1.bias
  - Froze policy model parameter: base_model.model.mlp_head.final_layer.linear.weight
  - Froze policy model parameter: base_model.model.mlp_head.final_layer.linear.bias
  - Froze policy model parameter: base_model.model.mlp_head.final_layer.adaLN_modulation.1.weight
  - Froze policy model parameter: base_model.model.mlp_head.final_layer.adaLN_modulation.1.bias
Model parts frozen.
Loaded 2 reward functions: ['answer_correctness_reward', 'format_reward']
Trainer initialized.
--- [Step 3/3] Starting GRPO training... ---
`torch_dtype` is deprecated! Use `dtype` instead!
`torch_dtype` is deprecated! Use `dtype` instead!
Loading checkpoint shards:   0%|          | 0/3 [00:00<?, ?it/s]Loading checkpoint shards: 100%|██████████| 3/3 [00:00<00:00, 25.43it/s]Loading checkpoint shards: 100%|██████████| 3/3 [00:00<00:00, 25.37it/s]
Applying LoRA adapters ...
LoRA target modules: {'v_proj', 'o_proj', 'q_proj', 'k_proj'}
`torch_dtype` is deprecated! Use `dtype` instead!
`torch_dtype` is deprecated! Use `dtype` instead!
Loading checkpoint shards:   0%|          | 0/3 [00:00<?, ?it/s]Loading checkpoint shards: 100%|██████████| 3/3 [00:00<00:00, 25.66it/s]Loading checkpoint shards: 100%|██████████| 3/3 [00:00<00:00, 25.63it/s]
Applying LoRA adapters ...
LoRA target modules: {'k_proj', 'v_proj', 'o_proj', 'q_proj'}
LoRA 已启用：trainable params=16777216 / total params=7151239811
Enabling policy gradient checkpointing (use_reentrant=False).
Diffusion MLP gradient checkpointing disabled.
Freezing non-trainable parts of the model...
  - Froze policy model parameter: base_model.model.model.vqmodel.encoder.conv_in.weight
  - Froze policy model parameter: base_model.model.model.vqmodel.encoder.conv_in.bias
  - Froze policy model parameter: base_model.model.model.vqmodel.encoder.down.0.block.0.norm1.weight
  - Froze policy model parameter: base_model.model.model.vqmodel.encoder.down.0.block.0.norm1.bias
  - Froze policy model parameter: base_model.model.model.vqmodel.encoder.down.0.block.0.conv1.weight
  - Froze policy model parameter: base_model.model.model.vqmodel.encoder.down.0.block.0.conv1.bias
  - Froze policy model parameter: base_model.model.model.vqmodel.encoder.down.0.block.0.norm2.weight
  - Froze policy model parameter: base_model.model.model.vqmodel.encoder.down.0.block.0.norm2.bias
  - Froze policy model parameter: base_model.model.model.vqmodel.encoder.down.0.block.0.conv2.weight
  - Froze policy model parameter: base_model.model.model.vqmodel.encoder.down.0.block.0.conv2.bias
  - Froze policy model parameter: base_model.model.model.vqmodel.encoder.down.0.block.1.norm1.weight
  - Froze policy model parameter: base_model.model.model.vqmodel.encoder.down.0.block.1.norm1.bias
  - Froze policy model parameter: base_model.model.model.vqmodel.encoder.down.0.block.1.conv1.weight
  - Froze policy model parameter: base_model.model.model.vqmodel.encoder.down.0.block.1.conv1.bias
  - Froze policy model parameter: base_model.model.model.vqmodel.encoder.down.0.block.1.norm2.weight
  - Froze policy model parameter: base_model.model.model.vqmodel.encoder.down.0.block.1.norm2.bias
  - Froze policy model parameter: base_model.model.model.vqmodel.encoder.down.0.block.1.conv2.weight
  - Froze policy model parameter: base_model.model.model.vqmodel.encoder.down.0.block.1.conv2.bias
  - Froze policy model parameter: base_model.model.model.vqmodel.encoder.down.0.downsample.conv.weight
  - Froze policy model parameter: base_model.model.model.vqmodel.encoder.down.0.downsample.conv.bias
  - Froze policy model parameter: base_model.model.model.vqmodel.encoder.down.1.block.0.norm1.weight
  - Froze policy model parameter: base_model.model.model.vqmodel.encoder.down.1.block.0.norm1.bias
  - Froze policy model parameter: base_model.model.model.vqmodel.encoder.down.1.block.0.conv1.weight
  - Froze policy model parameter: base_model.model.model.vqmodel.encoder.down.1.block.0.conv1.bias
  - Froze policy model parameter: base_model.model.model.vqmodel.encoder.down.1.block.0.norm2.weight
  - Froze policy model parameter: base_model.model.model.vqmodel.encoder.down.1.block.0.norm2.bias
  - Froze policy model parameter: base_model.model.model.vqmodel.encoder.down.1.block.0.conv2.weight
  - Froze policy model parameter: base_model.model.model.vqmodel.encoder.down.1.block.0.conv2.bias
  - Froze policy model parameter: base_model.model.model.vqmodel.encoder.down.1.block.1.norm1.weight
  - Froze policy model parameter: base_model.model.model.vqmodel.encoder.down.1.block.1.norm1.bias
  - Froze policy model parameter: base_model.model.model.vqmodel.encoder.down.1.block.1.conv1.weight
  - Froze policy model parameter: base_model.model.model.vqmodel.encoder.down.1.block.1.conv1.bias
  - Froze policy model parameter: base_model.model.model.vqmodel.encoder.down.1.block.1.norm2.weight
  - Froze policy model parameter: base_model.model.model.vqmodel.encoder.down.1.block.1.norm2.bias
  - Froze policy model parameter: base_model.model.model.vqmodel.encoder.down.1.block.1.conv2.weight
  - Froze policy model parameter: base_model.model.model.vqmodel.encoder.down.1.block.1.conv2.bias
  - Froze policy model parameter: base_model.model.model.vqmodel.encoder.down.1.downsample.conv.weight
  - Froze policy model parameter: base_model.model.model.vqmodel.encoder.down.1.downsample.conv.bias
  - Froze policy model parameter: base_model.model.model.vqmodel.encoder.down.2.block.0.norm1.weight
  - Froze policy model parameter: base_model.model.model.vqmodel.encoder.down.2.block.0.norm1.bias
  - Froze policy model parameter: base_model.model.model.vqmodel.encoder.down.2.block.0.conv1.weight
  - Froze policy model parameter: base_model.model.model.vqmodel.encoder.down.2.block.0.conv1.bias
  - Froze policy model parameter: base_model.model.model.vqmodel.encoder.down.2.block.0.norm2.weight
  - Froze policy model parameter: base_model.model.model.vqmodel.encoder.down.2.block.0.norm2.bias
  - Froze policy model parameter: base_model.model.model.vqmodel.encoder.down.2.block.0.conv2.weight
  - Froze policy model parameter: base_model.model.model.vqmodel.encoder.down.2.block.0.conv2.bias
  - Froze policy model parameter: base_model.model.model.vqmodel.encoder.down.2.block.0.nin_shortcut.weight
  - Froze policy model parameter: base_model.model.model.vqmodel.encoder.down.2.block.0.nin_shortcut.bias
  - Froze policy model parameter: base_model.model.model.vqmodel.encoder.down.2.block.1.norm1.weight
  - Froze policy model parameter: base_model.model.model.vqmodel.encoder.down.2.block.1.norm1.bias
  - Froze policy model parameter: base_model.model.model.vqmodel.encoder.down.2.block.1.conv1.weight
  - Froze policy model parameter: base_model.model.model.vqmodel.encoder.down.2.block.1.conv1.bias
  - Froze policy model parameter: base_model.model.model.vqmodel.encoder.down.2.block.1.norm2.weight
  - Froze policy model parameter: base_model.model.model.vqmodel.encoder.down.2.block.1.norm2.bias
  - Froze policy model parameter: base_model.model.model.vqmodel.encoder.down.2.block.1.conv2.weight
  - Froze policy model parameter: base_model.model.model.vqmodel.encoder.down.2.block.1.conv2.bias
  - Froze policy model parameter: base_model.model.model.vqmodel.encoder.down.2.downsample.conv.weight
  - Froze policy model parameter: base_model.model.model.vqmodel.encoder.down.2.downsample.conv.bias
  - Froze policy model parameter: base_model.model.model.vqmodel.encoder.down.3.block.0.norm1.weight
  - Froze policy model parameter: base_model.model.model.vqmodel.encoder.down.3.block.0.norm1.bias
  - Froze policy model parameter: base_model.model.model.vqmodel.encoder.down.3.block.0.conv1.weight
  - Froze policy model parameter: base_model.model.model.vqmodel.encoder.down.3.block.0.conv1.bias
  - Froze policy model parameter: base_model.model.model.vqmodel.encoder.down.3.block.0.norm2.weight
  - Froze policy model parameter: base_model.model.model.vqmodel.encoder.down.3.block.0.norm2.bias
  - Froze policy model parameter: base_model.model.model.vqmodel.encoder.down.3.block.0.conv2.weight
  - Froze policy model parameter: base_model.model.model.vqmodel.encoder.down.3.block.0.conv2.bias
  - Froze policy model parameter: base_model.model.model.vqmodel.encoder.down.3.block.1.norm1.weight
  - Froze policy model parameter: base_model.model.model.vqmodel.encoder.down.3.block.1.norm1.bias
  - Froze policy model parameter: base_model.model.model.vqmodel.encoder.down.3.block.1.conv1.weight
  - Froze policy model parameter: base_model.model.model.vqmodel.encoder.down.3.block.1.conv1.bias
  - Froze policy model parameter: base_model.model.model.vqmodel.encoder.down.3.block.1.norm2.weight
  - Froze policy model parameter: base_model.model.model.vqmodel.encoder.down.3.block.1.norm2.bias
  - Froze policy model parameter: base_model.model.model.vqmodel.encoder.down.3.block.1.conv2.weight
  - Froze policy model parameter: base_model.model.model.vqmodel.encoder.down.3.block.1.conv2.bias
  - Froze policy model parameter: base_model.model.model.vqmodel.encoder.down.3.downsample.conv.weight
  - Froze policy model parameter: base_model.model.model.vqmodel.encoder.down.3.downsample.conv.bias
  - Froze policy model parameter: base_model.model.model.vqmodel.encoder.down.4.block.0.norm1.weight
  - Froze policy model parameter: base_model.model.model.vqmodel.encoder.down.4.block.0.norm1.bias
  - Froze policy model parameter: base_model.model.model.vqmodel.encoder.down.4.block.0.conv1.weight
  - Froze policy model parameter: base_model.model.model.vqmodel.encoder.down.4.block.0.conv1.bias
  - Froze policy model parameter: base_model.model.model.vqmodel.encoder.down.4.block.0.norm2.weight
  - Froze policy model parameter: base_model.model.model.vqmodel.encoder.down.4.block.0.norm2.bias
  - Froze policy model parameter: base_model.model.model.vqmodel.encoder.down.4.block.0.conv2.weight
  - Froze policy model parameter: base_model.model.model.vqmodel.encoder.down.4.block.0.conv2.bias
  - Froze policy model parameter: base_model.model.model.vqmodel.encoder.down.4.block.0.nin_shortcut.weight
  - Froze policy model parameter: base_model.model.model.vqmodel.encoder.down.4.block.0.nin_shortcut.bias
  - Froze policy model parameter: base_model.model.model.vqmodel.encoder.down.4.block.1.norm1.weight
  - Froze policy model parameter: base_model.model.model.vqmodel.encoder.down.4.block.1.norm1.bias
  - Froze policy model parameter: base_model.model.model.vqmodel.encoder.down.4.block.1.conv1.weight
  - Froze policy model parameter: base_model.model.model.vqmodel.encoder.down.4.block.1.conv1.bias
  - Froze policy model parameter: base_model.model.model.vqmodel.encoder.down.4.block.1.norm2.weight
  - Froze policy model parameter: base_model.model.model.vqmodel.encoder.down.4.block.1.norm2.bias
  - Froze policy model parameter: base_model.model.model.vqmodel.encoder.down.4.block.1.conv2.weight
  - Froze policy model parameter: base_model.model.model.vqmodel.encoder.down.4.block.1.conv2.bias
  - Froze policy model parameter: base_model.model.model.vqmodel.encoder.mid.block_1.norm1.weight
  - Froze policy model parameter: base_model.model.model.vqmodel.encoder.mid.block_1.norm1.bias
  - Froze policy model parameter: base_model.model.model.vqmodel.encoder.mid.block_1.conv1.weight
  - Froze policy model parameter: base_model.model.model.vqmodel.encoder.mid.block_1.conv1.bias
  - Froze policy model parameter: base_model.model.model.vqmodel.encoder.mid.block_1.norm2.weight
  - Froze policy model parameter: base_model.model.model.vqmodel.encoder.mid.block_1.norm2.bias
  - Froze policy model parameter: base_model.model.model.vqmodel.encoder.mid.block_1.conv2.weight
  - Froze policy model parameter: base_model.model.model.vqmodel.encoder.mid.block_1.conv2.bias
  - Froze policy model parameter: base_model.model.model.vqmodel.encoder.mid.attn_1.norm.weight
  - Froze policy model parameter: base_model.model.model.vqmodel.encoder.mid.attn_1.norm.bias
  - Froze policy model parameter: base_model.model.model.vqmodel.encoder.mid.attn_1.q.weight
  - Froze policy model parameter: base_model.model.model.vqmodel.encoder.mid.attn_1.q.bias
  - Froze policy model parameter: base_model.model.model.vqmodel.encoder.mid.attn_1.k.weight
  - Froze policy model parameter: base_model.model.model.vqmodel.encoder.mid.attn_1.k.bias
  - Froze policy model parameter: base_model.model.model.vqmodel.encoder.mid.attn_1.v.weight
  - Froze policy model parameter: base_model.model.model.vqmodel.encoder.mid.attn_1.v.bias
  - Froze policy model parameter: base_model.model.model.vqmodel.encoder.mid.attn_1.proj_out.weight
  - Froze policy model parameter: base_model.model.model.vqmodel.encoder.mid.attn_1.proj_out.bias
  - Froze policy model parameter: base_model.model.model.vqmodel.encoder.mid.block_2.norm1.weight
  - Froze policy model parameter: base_model.model.model.vqmodel.encoder.mid.block_2.norm1.bias
  - Froze policy model parameter: base_model.model.model.vqmodel.encoder.mid.block_2.conv1.weight
  - Froze policy model parameter: base_model.model.model.vqmodel.encoder.mid.block_2.conv1.bias
  - Froze policy model parameter: base_model.model.model.vqmodel.encoder.mid.block_2.norm2.weight
  - Froze policy model parameter: base_model.model.model.vqmodel.encoder.mid.block_2.norm2.bias
  - Froze policy model parameter: base_model.model.model.vqmodel.encoder.mid.block_2.conv2.weight
  - Froze policy model parameter: base_model.model.model.vqmodel.encoder.mid.block_2.conv2.bias
  - Froze policy model parameter: base_model.model.model.vqmodel.encoder.norm_out.weight
  - Froze policy model parameter: base_model.model.model.vqmodel.encoder.norm_out.bias
  - Froze policy model parameter: base_model.model.model.vqmodel.encoder.conv_out.weight
  - Froze policy model parameter: base_model.model.model.vqmodel.encoder.conv_out.bias
  - Froze policy model parameter: base_model.model.model.vqmodel.decoder.conv_in.weight
  - Froze policy model parameter: base_model.model.model.vqmodel.decoder.conv_in.bias
  - Froze policy model parameter: base_model.model.model.vqmodel.decoder.mid.block_1.norm1.weight
  - Froze policy model parameter: base_model.model.model.vqmodel.decoder.mid.block_1.norm1.bias
  - Froze policy model parameter: base_model.model.model.vqmodel.decoder.mid.block_1.conv1.weight
  - Froze policy model parameter: base_model.model.model.vqmodel.decoder.mid.block_1.conv1.bias
  - Froze policy model parameter: base_model.model.model.vqmodel.decoder.mid.block_1.norm2.weight
  - Froze policy model parameter: base_model.model.model.vqmodel.decoder.mid.block_1.norm2.bias
  - Froze policy model parameter: base_model.model.model.vqmodel.decoder.mid.block_1.conv2.weight
  - Froze policy model parameter: base_model.model.model.vqmodel.decoder.mid.block_1.conv2.bias
  - Froze policy model parameter: base_model.model.model.vqmodel.decoder.mid.attn_1.norm.weight
  - Froze policy model parameter: base_model.model.model.vqmodel.decoder.mid.attn_1.norm.bias
  - Froze policy model parameter: base_model.model.model.vqmodel.decoder.mid.attn_1.q.weight
  - Froze policy model parameter: base_model.model.model.vqmodel.decoder.mid.attn_1.q.bias
  - Froze policy model parameter: base_model.model.model.vqmodel.decoder.mid.attn_1.k.weight
  - Froze policy model parameter: base_model.model.model.vqmodel.decoder.mid.attn_1.k.bias
  - Froze policy model parameter: base_model.model.model.vqmodel.decoder.mid.attn_1.v.weight
  - Froze policy model parameter: base_model.model.model.vqmodel.decoder.mid.attn_1.v.bias
  - Froze policy model parameter: base_model.model.model.vqmodel.decoder.mid.attn_1.proj_out.weight
  - Froze policy model parameter: base_model.model.model.vqmodel.decoder.mid.attn_1.proj_out.bias
  - Froze policy model parameter: base_model.model.model.vqmodel.decoder.mid.block_2.norm1.weight
  - Froze policy model parameter: base_model.model.model.vqmodel.decoder.mid.block_2.norm1.bias
  - Froze policy model parameter: base_model.model.model.vqmodel.decoder.mid.block_2.conv1.weight
  - Froze policy model parameter: base_model.model.model.vqmodel.decoder.mid.block_2.conv1.bias
  - Froze policy model parameter: base_model.model.model.vqmodel.decoder.mid.block_2.norm2.weight
  - Froze policy model parameter: base_model.model.model.vqmodel.decoder.mid.block_2.norm2.bias
  - Froze policy model parameter: base_model.model.model.vqmodel.decoder.mid.block_2.conv2.weight
  - Froze policy model parameter: base_model.model.model.vqmodel.decoder.mid.block_2.conv2.bias
  - Froze policy model parameter: base_model.model.model.vqmodel.decoder.up.0.block.0.norm1.weight
  - Froze policy model parameter: base_model.model.model.vqmodel.decoder.up.0.block.0.norm1.bias
  - Froze policy model parameter: base_model.model.model.vqmodel.decoder.up.0.block.0.conv1.weight
  - Froze policy model parameter: base_model.model.model.vqmodel.decoder.up.0.block.0.conv1.bias
  - Froze policy model parameter: base_model.model.model.vqmodel.decoder.up.0.block.0.norm2.weight
  - Froze policy model parameter: base_model.model.model.vqmodel.decoder.up.0.block.0.norm2.bias
  - Froze policy model parameter: base_model.model.model.vqmodel.decoder.up.0.block.0.conv2.weight
  - Froze policy model parameter: base_model.model.model.vqmodel.decoder.up.0.block.0.conv2.bias
  - Froze policy model parameter: base_model.model.model.vqmodel.decoder.up.0.block.1.norm1.weight
  - Froze policy model parameter: base_model.model.model.vqmodel.decoder.up.0.block.1.norm1.bias
  - Froze policy model parameter: base_model.model.model.vqmodel.decoder.up.0.block.1.conv1.weight
  - Froze policy model parameter: base_model.model.model.vqmodel.decoder.up.0.block.1.conv1.bias
  - Froze policy model parameter: base_model.model.model.vqmodel.decoder.up.0.block.1.norm2.weight
  - Froze policy model parameter: base_model.model.model.vqmodel.decoder.up.0.block.1.norm2.bias
  - Froze policy model parameter: base_model.model.model.vqmodel.decoder.up.0.block.1.conv2.weight
  - Froze policy model parameter: base_model.model.model.vqmodel.decoder.up.0.block.1.conv2.bias
  - Froze policy model parameter: base_model.model.model.vqmodel.decoder.up.0.block.2.norm1.weight
  - Froze policy model parameter: base_model.model.model.vqmodel.decoder.up.0.block.2.norm1.bias
  - Froze policy model parameter: base_model.model.model.vqmodel.decoder.up.0.block.2.conv1.weight
  - Froze policy model parameter: base_model.model.model.vqmodel.decoder.up.0.block.2.conv1.bias
  - Froze policy model parameter: base_model.model.model.vqmodel.decoder.up.0.block.2.norm2.weight
  - Froze policy model parameter: base_model.model.model.vqmodel.decoder.up.0.block.2.norm2.bias
  - Froze policy model parameter: base_model.model.model.vqmodel.decoder.up.0.block.2.conv2.weight
  - Froze policy model parameter: base_model.model.model.vqmodel.decoder.up.0.block.2.conv2.bias
  - Froze policy model parameter: base_model.model.model.vqmodel.decoder.up.1.block.0.norm1.weight
  - Froze policy model parameter: base_model.model.model.vqmodel.decoder.up.1.block.0.norm1.bias
  - Froze policy model parameter: base_model.model.model.vqmodel.decoder.up.1.block.0.conv1.weight
  - Froze policy model parameter: base_model.model.model.vqmodel.decoder.up.1.block.0.conv1.bias
  - Froze policy model parameter: base_model.model.model.vqmodel.decoder.up.1.block.0.norm2.weight
  - Froze policy model parameter: base_model.model.model.vqmodel.decoder.up.1.block.0.norm2.bias
  - Froze policy model parameter: base_model.model.model.vqmodel.decoder.up.1.block.0.conv2.weight
  - Froze policy model parameter: base_model.model.model.vqmodel.decoder.up.1.block.0.conv2.bias
  - Froze policy model parameter: base_model.model.model.vqmodel.decoder.up.1.block.0.nin_shortcut.weight
  - Froze policy model parameter: base_model.model.model.vqmodel.decoder.up.1.block.0.nin_shortcut.bias
  - Froze policy model parameter: base_model.model.model.vqmodel.decoder.up.1.block.1.norm1.weight
  - Froze policy model parameter: base_model.model.model.vqmodel.decoder.up.1.block.1.norm1.bias
  - Froze policy model parameter: base_model.model.model.vqmodel.decoder.up.1.block.1.conv1.weight
  - Froze policy model parameter: base_model.model.model.vqmodel.decoder.up.1.block.1.conv1.bias
  - Froze policy model parameter: base_model.model.model.vqmodel.decoder.up.1.block.1.norm2.weight
  - Froze policy model parameter: base_model.model.model.vqmodel.decoder.up.1.block.1.norm2.bias
  - Froze policy model parameter: base_model.model.model.vqmodel.decoder.up.1.block.1.conv2.weight
  - Froze policy model parameter: base_model.model.model.vqmodel.decoder.up.1.block.1.conv2.bias
  - Froze policy model parameter: base_model.model.model.vqmodel.decoder.up.1.block.2.norm1.weight
  - Froze policy model parameter: base_model.model.model.vqmodel.decoder.up.1.block.2.norm1.bias
  - Froze policy model parameter: base_model.model.model.vqmodel.decoder.up.1.block.2.conv1.weight
  - Froze policy model parameter: base_model.model.model.vqmodel.decoder.up.1.block.2.conv1.bias
  - Froze policy model parameter: base_model.model.model.vqmodel.decoder.up.1.block.2.norm2.weight
  - Froze policy model parameter: base_model.model.model.vqmodel.decoder.up.1.block.2.norm2.bias
  - Froze policy model parameter: base_model.model.model.vqmodel.decoder.up.1.block.2.conv2.weight
  - Froze policy model parameter: base_model.model.model.vqmodel.decoder.up.1.block.2.conv2.bias
  - Froze policy model parameter: base_model.model.model.vqmodel.decoder.up.1.upsample.conv.weight
  - Froze policy model parameter: base_model.model.model.vqmodel.decoder.up.1.upsample.conv.bias
  - Froze policy model parameter: base_model.model.model.vqmodel.decoder.up.2.block.0.norm1.weight
  - Froze policy model parameter: base_model.model.model.vqmodel.decoder.up.2.block.0.norm1.bias
  - Froze policy model parameter: base_model.model.model.vqmodel.decoder.up.2.block.0.conv1.weight
  - Froze policy model parameter: base_model.model.model.vqmodel.decoder.up.2.block.0.conv1.bias
  - Froze policy model parameter: base_model.model.model.vqmodel.decoder.up.2.block.0.norm2.weight
  - Froze policy model parameter: base_model.model.model.vqmodel.decoder.up.2.block.0.norm2.bias
  - Froze policy model parameter: base_model.model.model.vqmodel.decoder.up.2.block.0.conv2.weight
  - Froze policy model parameter: base_model.model.model.vqmodel.decoder.up.2.block.0.conv2.bias
  - Froze policy model parameter: base_model.model.model.vqmodel.decoder.up.2.block.1.norm1.weight
  - Froze policy model parameter: base_model.model.model.vqmodel.decoder.up.2.block.1.norm1.bias
  - Froze policy model parameter: base_model.model.model.vqmodel.decoder.up.2.block.1.conv1.weight
  - Froze policy model parameter: base_model.model.model.vqmodel.decoder.up.2.block.1.conv1.bias
  - Froze policy model parameter: base_model.model.model.vqmodel.decoder.up.2.block.1.norm2.weight
  - Froze policy model parameter: base_model.model.model.vqmodel.decoder.up.2.block.1.norm2.bias
  - Froze policy model parameter: base_model.model.model.vqmodel.decoder.up.2.block.1.conv2.weight
  - Froze policy model parameter: base_model.model.model.vqmodel.decoder.up.2.block.1.conv2.bias
  - Froze policy model parameter: base_model.model.model.vqmodel.decoder.up.2.block.2.norm1.weight
  - Froze policy model parameter: base_model.model.model.vqmodel.decoder.up.2.block.2.norm1.bias
  - Froze policy model parameter: base_model.model.model.vqmodel.decoder.up.2.block.2.conv1.weight
  - Froze policy model parameter: base_model.model.model.vqmodel.decoder.up.2.block.2.conv1.bias
  - Froze policy model parameter: base_model.model.model.vqmodel.decoder.up.2.block.2.norm2.weight
  - Froze policy model parameter: base_model.model.model.vqmodel.decoder.up.2.block.2.norm2.bias
  - Froze policy model parameter: base_model.model.model.vqmodel.decoder.up.2.block.2.conv2.weight
  - Froze policy model parameter: base_model.model.model.vqmodel.decoder.up.2.block.2.conv2.bias
  - Froze policy model parameter: base_model.model.model.vqmodel.decoder.up.2.upsample.conv.weight
  - Froze policy model parameter: base_model.model.model.vqmodel.decoder.up.2.upsample.conv.bias
  - Froze policy model parameter: base_model.model.model.vqmodel.decoder.up.3.block.0.norm1.weight
  - Froze policy model parameter: base_model.model.model.vqmodel.decoder.up.3.block.0.norm1.bias
  - Froze policy model parameter: base_model.model.model.vqmodel.decoder.up.3.block.0.conv1.weight
  - Froze policy model parameter: base_model.model.model.vqmodel.decoder.up.3.block.0.conv1.bias
  - Froze policy model parameter: base_model.model.model.vqmodel.decoder.up.3.block.0.norm2.weight
  - Froze policy model parameter: base_model.model.model.vqmodel.decoder.up.3.block.0.norm2.bias
  - Froze policy model parameter: base_model.model.model.vqmodel.decoder.up.3.block.0.conv2.weight
  - Froze policy model parameter: base_model.model.model.vqmodel.decoder.up.3.block.0.conv2.bias
  - Froze policy model parameter: base_model.model.model.vqmodel.decoder.up.3.block.0.nin_shortcut.weight
  - Froze policy model parameter: base_model.model.model.vqmodel.decoder.up.3.block.0.nin_shortcut.bias
  - Froze policy model parameter: base_model.model.model.vqmodel.decoder.up.3.block.1.norm1.weight
  - Froze policy model parameter: base_model.model.model.vqmodel.decoder.up.3.block.1.norm1.bias
  - Froze policy model parameter: base_model.model.model.vqmodel.decoder.up.3.block.1.conv1.weight
  - Froze policy model parameter: base_model.model.model.vqmodel.decoder.up.3.block.1.conv1.bias
  - Froze policy model parameter: base_model.model.model.vqmodel.decoder.up.3.block.1.norm2.weight
  - Froze policy model parameter: base_model.model.model.vqmodel.decoder.up.3.block.1.norm2.bias
  - Froze policy model parameter: base_model.model.model.vqmodel.decoder.up.3.block.1.conv2.weight
  - Froze policy model parameter: base_model.model.model.vqmodel.decoder.up.3.block.1.conv2.bias
  - Froze policy model parameter: base_model.model.model.vqmodel.decoder.up.3.block.2.norm1.weight
  - Froze policy model parameter: base_model.model.model.vqmodel.decoder.up.3.block.2.norm1.bias
  - Froze policy model parameter: base_model.model.model.vqmodel.decoder.up.3.block.2.conv1.weight
  - Froze policy model parameter: base_model.model.model.vqmodel.decoder.up.3.block.2.conv1.bias
  - Froze policy model parameter: base_model.model.model.vqmodel.decoder.up.3.block.2.norm2.weight
  - Froze policy model parameter: base_model.model.model.vqmodel.decoder.up.3.block.2.norm2.bias
  - Froze policy model parameter: base_model.model.model.vqmodel.decoder.up.3.block.2.conv2.weight
  - Froze policy model parameter: base_model.model.model.vqmodel.decoder.up.3.block.2.conv2.bias
  - Froze policy model parameter: base_model.model.model.vqmodel.decoder.up.3.upsample.conv.weight
  - Froze policy model parameter: base_model.model.model.vqmodel.decoder.up.3.upsample.conv.bias
  - Froze policy model parameter: base_model.model.model.vqmodel.decoder.up.4.block.0.norm1.weight
  - Froze policy model parameter: base_model.model.model.vqmodel.decoder.up.4.block.0.norm1.bias
  - Froze policy model parameter: base_model.model.model.vqmodel.decoder.up.4.block.0.conv1.weight
  - Froze policy model parameter: base_model.model.model.vqmodel.decoder.up.4.block.0.conv1.bias
  - Froze policy model parameter: base_model.model.model.vqmodel.decoder.up.4.block.0.norm2.weight
  - Froze policy model parameter: base_model.model.model.vqmodel.decoder.up.4.block.0.norm2.bias
  - Froze policy model parameter: base_model.model.model.vqmodel.decoder.up.4.block.0.conv2.weight
  - Froze policy model parameter: base_model.model.model.vqmodel.decoder.up.4.block.0.conv2.bias
  - Froze policy model parameter: base_model.model.model.vqmodel.decoder.up.4.block.1.norm1.weight
  - Froze policy model parameter: base_model.model.model.vqmodel.decoder.up.4.block.1.norm1.bias
  - Froze policy model parameter: base_model.model.model.vqmodel.decoder.up.4.block.1.conv1.weight
  - Froze policy model parameter: base_model.model.model.vqmodel.decoder.up.4.block.1.conv1.bias
  - Froze policy model parameter: base_model.model.model.vqmodel.decoder.up.4.block.1.norm2.weight
  - Froze policy model parameter: base_model.model.model.vqmodel.decoder.up.4.block.1.norm2.bias
  - Froze policy model parameter: base_model.model.model.vqmodel.decoder.up.4.block.1.conv2.weight
  - Froze policy model parameter: base_model.model.model.vqmodel.decoder.up.4.block.1.conv2.bias
  - Froze policy model parameter: base_model.model.model.vqmodel.decoder.up.4.block.2.norm1.weight
  - Froze policy model parameter: base_model.model.model.vqmodel.decoder.up.4.block.2.norm1.bias
  - Froze policy model parameter: base_model.model.model.vqmodel.decoder.up.4.block.2.conv1.weight
  - Froze policy model parameter: base_model.model.model.vqmodel.decoder.up.4.block.2.conv1.bias
  - Froze policy model parameter: base_model.model.model.vqmodel.decoder.up.4.block.2.norm2.weight
  - Froze policy model parameter: base_model.model.model.vqmodel.decoder.up.4.block.2.norm2.bias
  - Froze policy model parameter: base_model.model.model.vqmodel.decoder.up.4.block.2.conv2.weight
  - Froze policy model parameter: base_model.model.model.vqmodel.decoder.up.4.block.2.conv2.bias
  - Froze policy model parameter: base_model.model.model.vqmodel.decoder.up.4.upsample.conv.weight
  - Froze policy model parameter: base_model.model.model.vqmodel.decoder.up.4.upsample.conv.bias
  - Froze policy model parameter: base_model.model.model.vqmodel.decoder.norm_out.weight
  - Froze policy model parameter: base_model.model.model.vqmodel.decoder.norm_out.bias
  - Froze policy model parameter: base_model.model.model.vqmodel.decoder.conv_out.weight
  - Froze policy model parameter: base_model.model.model.vqmodel.decoder.conv_out.bias
  - Froze policy model parameter: base_model.model.model.vqmodel.quantize.embedding.weight
  - Froze policy model parameter: base_model.model.model.vqmodel.quant_conv.weight
  - Froze policy model parameter: base_model.model.model.vqmodel.quant_conv.bias
  - Froze policy model parameter: base_model.model.model.vqmodel.post_quant_conv.weight
  - Froze policy model parameter: base_model.model.model.vqmodel.post_quant_conv.bias
  - Froze policy model parameter: base_model.model.mlp_head.time_embed.mlp.0.weight
  - Froze policy model parameter: base_model.model.mlp_head.time_embed.mlp.0.bias
  - Froze policy model parameter: base_model.model.mlp_head.time_embed.mlp.2.weight
  - Froze policy model parameter: base_model.model.mlp_head.time_embed.mlp.2.bias
  - Froze policy model parameter: base_model.model.mlp_head.cond_embed.weight
  - Froze policy model parameter: base_model.model.mlp_head.cond_embed.bias
  - Froze policy model parameter: base_model.model.mlp_head.input_proj.weight
  - Froze policy model parameter: base_model.model.mlp_head.input_proj.bias
  - Froze policy model parameter: base_model.model.mlp_head.res_blocks.0.in_ln.weight
  - Froze policy model parameter: base_model.model.mlp_head.res_blocks.0.in_ln.bias
  - Froze policy model parameter: base_model.model.mlp_head.res_blocks.0.mlp.0.weight
  - Froze policy model parameter: base_model.model.mlp_head.res_blocks.0.mlp.0.bias
  - Froze policy model parameter: base_model.model.mlp_head.res_blocks.0.mlp.2.weight
  - Froze policy model parameter: base_model.model.mlp_head.res_blocks.0.mlp.2.bias
  - Froze policy model parameter: base_model.model.mlp_head.res_blocks.0.adaLN_modulation.1.weight
  - Froze policy model parameter: base_model.model.mlp_head.res_blocks.0.adaLN_modulation.1.bias
  - Froze policy model parameter: base_model.model.mlp_head.res_blocks.1.in_ln.weight
  - Froze policy model parameter: base_model.model.mlp_head.res_blocks.1.in_ln.bias
  - Froze policy model parameter: base_model.model.mlp_head.res_blocks.1.mlp.0.weight
  - Froze policy model parameter: base_model.model.mlp_head.res_blocks.1.mlp.0.bias
  - Froze policy model parameter: base_model.model.mlp_head.res_blocks.1.mlp.2.weight
  - Froze policy model parameter: base_model.model.mlp_head.res_blocks.1.mlp.2.bias
  - Froze policy model parameter: base_model.model.mlp_head.res_blocks.1.adaLN_modulation.1.weight
  - Froze policy model parameter: base_model.model.mlp_head.res_blocks.1.adaLN_modulation.1.bias
  - Froze policy model parameter: base_model.model.mlp_head.res_blocks.2.in_ln.weight
  - Froze policy model parameter: base_model.model.mlp_head.res_blocks.2.in_ln.bias
  - Froze policy model parameter: base_model.model.mlp_head.res_blocks.2.mlp.0.weight
  - Froze policy model parameter: base_model.model.mlp_head.res_blocks.2.mlp.0.bias
  - Froze policy model parameter: base_model.model.mlp_head.res_blocks.2.mlp.2.weight
  - Froze policy model parameter: base_model.model.mlp_head.res_blocks.2.mlp.2.bias
  - Froze policy model parameter: base_model.model.mlp_head.res_blocks.2.adaLN_modulation.1.weight
  - Froze policy model parameter: base_model.model.mlp_head.res_blocks.2.adaLN_modulation.1.bias
  - Froze policy model parameter: base_model.model.mlp_head.final_layer.linear.weight
  - Froze policy model parameter: base_model.model.mlp_head.final_layer.linear.bias
  - Froze policy model parameter: base_model.model.mlp_head.final_layer.adaLN_modulation.1.weight
  - Froze policy model parameter: base_model.model.mlp_head.final_layer.adaLN_modulation.1.bias
Model parts frozen.
Loaded 2 reward functions: ['answer_correctness_reward', 'format_reward']
Trainer initialized.
--- [Step 3/3] Starting GRPO training... ---
[rank5]:W1103 15:27:23.799000 2067261 site-packages/torch/utils/cpp_extension.py:2425] TORCH_CUDA_ARCH_LIST is not set, all archs for visible cards are included for compilation. 
[rank5]:W1103 15:27:23.799000 2067261 site-packages/torch/utils/cpp_extension.py:2425] If this is not desired, please set os.environ['TORCH_CUDA_ARCH_LIST'] to specific architectures.
LoRA 已启用：trainable params=16777216 / total params=7151239811
Enabling policy gradient checkpointing (use_reentrant=False).
Diffusion MLP gradient checkpointing disabled.
Freezing non-trainable parts of the model...
  - Froze policy model parameter: base_model.model.model.vqmodel.encoder.conv_in.weight
  - Froze policy model parameter: base_model.model.model.vqmodel.encoder.conv_in.bias
  - Froze policy model parameter: base_model.model.model.vqmodel.encoder.down.0.block.0.norm1.weight
  - Froze policy model parameter: base_model.model.model.vqmodel.encoder.down.0.block.0.norm1.bias
  - Froze policy model parameter: base_model.model.model.vqmodel.encoder.down.0.block.0.conv1.weight
  - Froze policy model parameter: base_model.model.model.vqmodel.encoder.down.0.block.0.conv1.bias
  - Froze policy model parameter: base_model.model.model.vqmodel.encoder.down.0.block.0.norm2.weight
  - Froze policy model parameter: base_model.model.model.vqmodel.encoder.down.0.block.0.norm2.bias
  - Froze policy model parameter: base_model.model.model.vqmodel.encoder.down.0.block.0.conv2.weight
  - Froze policy model parameter: base_model.model.model.vqmodel.encoder.down.0.block.0.conv2.bias
  - Froze policy model parameter: base_model.model.model.vqmodel.encoder.down.0.block.1.norm1.weight
  - Froze policy model parameter: base_model.model.model.vqmodel.encoder.down.0.block.1.norm1.bias
  - Froze policy model parameter: base_model.model.model.vqmodel.encoder.down.0.block.1.conv1.weight
  - Froze policy model parameter: base_model.model.model.vqmodel.encoder.down.0.block.1.conv1.bias
  - Froze policy model parameter: base_model.model.model.vqmodel.encoder.down.0.block.1.norm2.weight
  - Froze policy model parameter: base_model.model.model.vqmodel.encoder.down.0.block.1.norm2.bias
  - Froze policy model parameter: base_model.model.model.vqmodel.encoder.down.0.block.1.conv2.weight
  - Froze policy model parameter: base_model.model.model.vqmodel.encoder.down.0.block.1.conv2.bias
  - Froze policy model parameter: base_model.model.model.vqmodel.encoder.down.0.downsample.conv.weight
  - Froze policy model parameter: base_model.model.model.vqmodel.encoder.down.0.downsample.conv.bias
  - Froze policy model parameter: base_model.model.model.vqmodel.encoder.down.1.block.0.norm1.weight
  - Froze policy model parameter: base_model.model.model.vqmodel.encoder.down.1.block.0.norm1.bias
  - Froze policy model parameter: base_model.model.model.vqmodel.encoder.down.1.block.0.conv1.weight
  - Froze policy model parameter: base_model.model.model.vqmodel.encoder.down.1.block.0.conv1.bias
  - Froze policy model parameter: base_model.model.model.vqmodel.encoder.down.1.block.0.norm2.weight
  - Froze policy model parameter: base_model.model.model.vqmodel.encoder.down.1.block.0.norm2.bias
  - Froze policy model parameter: base_model.model.model.vqmodel.encoder.down.1.block.0.conv2.weight
  - Froze policy model parameter: base_model.model.model.vqmodel.encoder.down.1.block.0.conv2.bias
  - Froze policy model parameter: base_model.model.model.vqmodel.encoder.down.1.block.1.norm1.weight
  - Froze policy model parameter: base_model.model.model.vqmodel.encoder.down.1.block.1.norm1.bias
  - Froze policy model parameter: base_model.model.model.vqmodel.encoder.down.1.block.1.conv1.weight
  - Froze policy model parameter: base_model.model.model.vqmodel.encoder.down.1.block.1.conv1.bias
  - Froze policy model parameter: base_model.model.model.vqmodel.encoder.down.1.block.1.norm2.weight
  - Froze policy model parameter: base_model.model.model.vqmodel.encoder.down.1.block.1.norm2.bias
  - Froze policy model parameter: base_model.model.model.vqmodel.encoder.down.1.block.1.conv2.weight
  - Froze policy model parameter: base_model.model.model.vqmodel.encoder.down.1.block.1.conv2.bias
  - Froze policy model parameter: base_model.model.model.vqmodel.encoder.down.1.downsample.conv.weight
  - Froze policy model parameter: base_model.model.model.vqmodel.encoder.down.1.downsample.conv.bias
  - Froze policy model parameter: base_model.model.model.vqmodel.encoder.down.2.block.0.norm1.weight
  - Froze policy model parameter: base_model.model.model.vqmodel.encoder.down.2.block.0.norm1.bias
  - Froze policy model parameter: base_model.model.model.vqmodel.encoder.down.2.block.0.conv1.weight
  - Froze policy model parameter: base_model.model.model.vqmodel.encoder.down.2.block.0.conv1.bias
  - Froze policy model parameter: base_model.model.model.vqmodel.encoder.down.2.block.0.norm2.weight
  - Froze policy model parameter: base_model.model.model.vqmodel.encoder.down.2.block.0.norm2.bias
  - Froze policy model parameter: base_model.model.model.vqmodel.encoder.down.2.block.0.conv2.weight
  - Froze policy model parameter: base_model.model.model.vqmodel.encoder.down.2.block.0.conv2.bias
  - Froze policy model parameter: base_model.model.model.vqmodel.encoder.down.2.block.0.nin_shortcut.weight
  - Froze policy model parameter: base_model.model.model.vqmodel.encoder.down.2.block.0.nin_shortcut.bias
  - Froze policy model parameter: base_model.model.model.vqmodel.encoder.down.2.block.1.norm1.weight
  - Froze policy model parameter: base_model.model.model.vqmodel.encoder.down.2.block.1.norm1.bias
  - Froze policy model parameter: base_model.model.model.vqmodel.encoder.down.2.block.1.conv1.weight
  - Froze policy model parameter: base_model.model.model.vqmodel.encoder.down.2.block.1.conv1.bias
  - Froze policy model parameter: base_model.model.model.vqmodel.encoder.down.2.block.1.norm2.weight
  - Froze policy model parameter: base_model.model.model.vqmodel.encoder.down.2.block.1.norm2.bias
  - Froze policy model parameter: base_model.model.model.vqmodel.encoder.down.2.block.1.conv2.weight
  - Froze policy model parameter: base_model.model.model.vqmodel.encoder.down.2.block.1.conv2.bias
  - Froze policy model parameter: base_model.model.model.vqmodel.encoder.down.2.downsample.conv.weight
  - Froze policy model parameter: base_model.model.model.vqmodel.encoder.down.2.downsample.conv.bias
  - Froze policy model parameter: base_model.model.model.vqmodel.encoder.down.3.block.0.norm1.weight
  - Froze policy model parameter: base_model.model.model.vqmodel.encoder.down.3.block.0.norm1.bias
  - Froze policy model parameter: base_model.model.model.vqmodel.encoder.down.3.block.0.conv1.weight
  - Froze policy model parameter: base_model.model.model.vqmodel.encoder.down.3.block.0.conv1.bias
  - Froze policy model parameter: base_model.model.model.vqmodel.encoder.down.3.block.0.norm2.weight
  - Froze policy model parameter: base_model.model.model.vqmodel.encoder.down.3.block.0.norm2.bias
  - Froze policy model parameter: base_model.model.model.vqmodel.encoder.down.3.block.0.conv2.weight
  - Froze policy model parameter: base_model.model.model.vqmodel.encoder.down.3.block.0.conv2.bias
  - Froze policy model parameter: base_model.model.model.vqmodel.encoder.down.3.block.1.norm1.weight
  - Froze policy model parameter: base_model.model.model.vqmodel.encoder.down.3.block.1.norm1.bias
  - Froze policy model parameter: base_model.model.model.vqmodel.encoder.down.3.block.1.conv1.weight
  - Froze policy model parameter: base_model.model.model.vqmodel.encoder.down.3.block.1.conv1.bias
  - Froze policy model parameter: base_model.model.model.vqmodel.encoder.down.3.block.1.norm2.weight
  - Froze policy model parameter: base_model.model.model.vqmodel.encoder.down.3.block.1.norm2.bias
  - Froze policy model parameter: base_model.model.model.vqmodel.encoder.down.3.block.1.conv2.weight
  - Froze policy model parameter: base_model.model.model.vqmodel.encoder.down.3.block.1.conv2.bias
  - Froze policy model parameter: base_model.model.model.vqmodel.encoder.down.3.downsample.conv.weight
  - Froze policy model parameter: base_model.model.model.vqmodel.encoder.down.3.downsample.conv.bias
  - Froze policy model parameter: base_model.model.model.vqmodel.encoder.down.4.block.0.norm1.weight
  - Froze policy model parameter: base_model.model.model.vqmodel.encoder.down.4.block.0.norm1.bias
  - Froze policy model parameter: base_model.model.model.vqmodel.encoder.down.4.block.0.conv1.weight
  - Froze policy model parameter: base_model.model.model.vqmodel.encoder.down.4.block.0.conv1.bias
  - Froze policy model parameter: base_model.model.model.vqmodel.encoder.down.4.block.0.norm2.weight
  - Froze policy model parameter: base_model.model.model.vqmodel.encoder.down.4.block.0.norm2.bias
  - Froze policy model parameter: base_model.model.model.vqmodel.encoder.down.4.block.0.conv2.weight
  - Froze policy model parameter: base_model.model.model.vqmodel.encoder.down.4.block.0.conv2.bias
  - Froze policy model parameter: base_model.model.model.vqmodel.encoder.down.4.block.0.nin_shortcut.weight
  - Froze policy model parameter: base_model.model.model.vqmodel.encoder.down.4.block.0.nin_shortcut.bias
  - Froze policy model parameter: base_model.model.model.vqmodel.encoder.down.4.block.1.norm1.weight
  - Froze policy model parameter: base_model.model.model.vqmodel.encoder.down.4.block.1.norm1.bias
  - Froze policy model parameter: base_model.model.model.vqmodel.encoder.down.4.block.1.conv1.weight
  - Froze policy model parameter: base_model.model.model.vqmodel.encoder.down.4.block.1.conv1.bias
  - Froze policy model parameter: base_model.model.model.vqmodel.encoder.down.4.block.1.norm2.weight
  - Froze policy model parameter: base_model.model.model.vqmodel.encoder.down.4.block.1.norm2.bias
  - Froze policy model parameter: base_model.model.model.vqmodel.encoder.down.4.block.1.conv2.weight
  - Froze policy model parameter: base_model.model.model.vqmodel.encoder.down.4.block.1.conv2.bias
  - Froze policy model parameter: base_model.model.model.vqmodel.encoder.mid.block_1.norm1.weight
  - Froze policy model parameter: base_model.model.model.vqmodel.encoder.mid.block_1.norm1.bias
  - Froze policy model parameter: base_model.model.model.vqmodel.encoder.mid.block_1.conv1.weight
  - Froze policy model parameter: base_model.model.model.vqmodel.encoder.mid.block_1.conv1.bias
  - Froze policy model parameter: base_model.model.model.vqmodel.encoder.mid.block_1.norm2.weight
  - Froze policy model parameter: base_model.model.model.vqmodel.encoder.mid.block_1.norm2.bias
  - Froze policy model parameter: base_model.model.model.vqmodel.encoder.mid.block_1.conv2.weight
  - Froze policy model parameter: base_model.model.model.vqmodel.encoder.mid.block_1.conv2.bias
  - Froze policy model parameter: base_model.model.model.vqmodel.encoder.mid.attn_1.norm.weight
  - Froze policy model parameter: base_model.model.model.vqmodel.encoder.mid.attn_1.norm.bias
  - Froze policy model parameter: base_model.model.model.vqmodel.encoder.mid.attn_1.q.weight
  - Froze policy model parameter: base_model.model.model.vqmodel.encoder.mid.attn_1.q.bias
  - Froze policy model parameter: base_model.model.model.vqmodel.encoder.mid.attn_1.k.weight
  - Froze policy model parameter: base_model.model.model.vqmodel.encoder.mid.attn_1.k.bias
  - Froze policy model parameter: base_model.model.model.vqmodel.encoder.mid.attn_1.v.weight
  - Froze policy model parameter: base_model.model.model.vqmodel.encoder.mid.attn_1.v.bias
  - Froze policy model parameter: base_model.model.model.vqmodel.encoder.mid.attn_1.proj_out.weight
  - Froze policy model parameter: base_model.model.model.vqmodel.encoder.mid.attn_1.proj_out.bias
  - Froze policy model parameter: base_model.model.model.vqmodel.encoder.mid.block_2.norm1.weight
  - Froze policy model parameter: base_model.model.model.vqmodel.encoder.mid.block_2.norm1.bias
  - Froze policy model parameter: base_model.model.model.vqmodel.encoder.mid.block_2.conv1.weight
  - Froze policy model parameter: base_model.model.model.vqmodel.encoder.mid.block_2.conv1.bias
  - Froze policy model parameter: base_model.model.model.vqmodel.encoder.mid.block_2.norm2.weight
  - Froze policy model parameter: base_model.model.model.vqmodel.encoder.mid.block_2.norm2.bias
  - Froze policy model parameter: base_model.model.model.vqmodel.encoder.mid.block_2.conv2.weight
  - Froze policy model parameter: base_model.model.model.vqmodel.encoder.mid.block_2.conv2.bias
  - Froze policy model parameter: base_model.model.model.vqmodel.encoder.norm_out.weight
  - Froze policy model parameter: base_model.model.model.vqmodel.encoder.norm_out.bias
  - Froze policy model parameter: base_model.model.model.vqmodel.encoder.conv_out.weight
  - Froze policy model parameter: base_model.model.model.vqmodel.encoder.conv_out.bias
  - Froze policy model parameter: base_model.model.model.vqmodel.decoder.conv_in.weight
  - Froze policy model parameter: base_model.model.model.vqmodel.decoder.conv_in.bias
  - Froze policy model parameter: base_model.model.model.vqmodel.decoder.mid.block_1.norm1.weight
  - Froze policy model parameter: base_model.model.model.vqmodel.decoder.mid.block_1.norm1.bias
  - Froze policy model parameter: base_model.model.model.vqmodel.decoder.mid.block_1.conv1.weight
  - Froze policy model parameter: base_model.model.model.vqmodel.decoder.mid.block_1.conv1.bias
  - Froze policy model parameter: base_model.model.model.vqmodel.decoder.mid.block_1.norm2.weight
  - Froze policy model parameter: base_model.model.model.vqmodel.decoder.mid.block_1.norm2.bias
  - Froze policy model parameter: base_model.model.model.vqmodel.decoder.mid.block_1.conv2.weight
  - Froze policy model parameter: base_model.model.model.vqmodel.decoder.mid.block_1.conv2.bias
  - Froze policy model parameter: base_model.model.model.vqmodel.decoder.mid.attn_1.norm.weight
  - Froze policy model parameter: base_model.model.model.vqmodel.decoder.mid.attn_1.norm.bias
  - Froze policy model parameter: base_model.model.model.vqmodel.decoder.mid.attn_1.q.weight
  - Froze policy model parameter: base_model.model.model.vqmodel.decoder.mid.attn_1.q.bias
  - Froze policy model parameter: base_model.model.model.vqmodel.decoder.mid.attn_1.k.weight
  - Froze policy model parameter: base_model.model.model.vqmodel.decoder.mid.attn_1.k.bias
  - Froze policy model parameter: base_model.model.model.vqmodel.decoder.mid.attn_1.v.weight
  - Froze policy model parameter: base_model.model.model.vqmodel.decoder.mid.attn_1.v.bias
  - Froze policy model parameter: base_model.model.model.vqmodel.decoder.mid.attn_1.proj_out.weight
  - Froze policy model parameter: base_model.model.model.vqmodel.decoder.mid.attn_1.proj_out.bias
  - Froze policy model parameter: base_model.model.model.vqmodel.decoder.mid.block_2.norm1.weight
  - Froze policy model parameter: base_model.model.model.vqmodel.decoder.mid.block_2.norm1.bias
  - Froze policy model parameter: base_model.model.model.vqmodel.decoder.mid.block_2.conv1.weight
  - Froze policy model parameter: base_model.model.model.vqmodel.decoder.mid.block_2.conv1.bias
  - Froze policy model parameter: base_model.model.model.vqmodel.decoder.mid.block_2.norm2.weight
  - Froze policy model parameter: base_model.model.model.vqmodel.decoder.mid.block_2.norm2.bias
  - Froze policy model parameter: base_model.model.model.vqmodel.decoder.mid.block_2.conv2.weight
  - Froze policy model parameter: base_model.model.model.vqmodel.decoder.mid.block_2.conv2.bias
  - Froze policy model parameter: base_model.model.model.vqmodel.decoder.up.0.block.0.norm1.weight
  - Froze policy model parameter: base_model.model.model.vqmodel.decoder.up.0.block.0.norm1.bias
  - Froze policy model parameter: base_model.model.model.vqmodel.decoder.up.0.block.0.conv1.weight
  - Froze policy model parameter: base_model.model.model.vqmodel.decoder.up.0.block.0.conv1.bias
  - Froze policy model parameter: base_model.model.model.vqmodel.decoder.up.0.block.0.norm2.weight
  - Froze policy model parameter: base_model.model.model.vqmodel.decoder.up.0.block.0.norm2.bias
  - Froze policy model parameter: base_model.model.model.vqmodel.decoder.up.0.block.0.conv2.weight
  - Froze policy model parameter: base_model.model.model.vqmodel.decoder.up.0.block.0.conv2.bias
  - Froze policy model parameter: base_model.model.model.vqmodel.decoder.up.0.block.1.norm1.weight
  - Froze policy model parameter: base_model.model.model.vqmodel.decoder.up.0.block.1.norm1.bias
  - Froze policy model parameter: base_model.model.model.vqmodel.decoder.up.0.block.1.conv1.weight
  - Froze policy model parameter: base_model.model.model.vqmodel.decoder.up.0.block.1.conv1.bias
  - Froze policy model parameter: base_model.model.model.vqmodel.decoder.up.0.block.1.norm2.weight
  - Froze policy model parameter: base_model.model.model.vqmodel.decoder.up.0.block.1.norm2.bias
  - Froze policy model parameter: base_model.model.model.vqmodel.decoder.up.0.block.1.conv2.weight
  - Froze policy model parameter: base_model.model.model.vqmodel.decoder.up.0.block.1.conv2.bias
  - Froze policy model parameter: base_model.model.model.vqmodel.decoder.up.0.block.2.norm1.weight
  - Froze policy model parameter: base_model.model.model.vqmodel.decoder.up.0.block.2.norm1.bias
  - Froze policy model parameter: base_model.model.model.vqmodel.decoder.up.0.block.2.conv1.weight
  - Froze policy model parameter: base_model.model.model.vqmodel.decoder.up.0.block.2.conv1.bias
  - Froze policy model parameter: base_model.model.model.vqmodel.decoder.up.0.block.2.norm2.weight
  - Froze policy model parameter: base_model.model.model.vqmodel.decoder.up.0.block.2.norm2.bias
  - Froze policy model parameter: base_model.model.model.vqmodel.decoder.up.0.block.2.conv2.weight
  - Froze policy model parameter: base_model.model.model.vqmodel.decoder.up.0.block.2.conv2.bias
  - Froze policy model parameter: base_model.model.model.vqmodel.decoder.up.1.block.0.norm1.weight
  - Froze policy model parameter: base_model.model.model.vqmodel.decoder.up.1.block.0.norm1.bias
  - Froze policy model parameter: base_model.model.model.vqmodel.decoder.up.1.block.0.conv1.weight
  - Froze policy model parameter: base_model.model.model.vqmodel.decoder.up.1.block.0.conv1.bias
  - Froze policy model parameter: base_model.model.model.vqmodel.decoder.up.1.block.0.norm2.weight
  - Froze policy model parameter: base_model.model.model.vqmodel.decoder.up.1.block.0.norm2.bias
  - Froze policy model parameter: base_model.model.model.vqmodel.decoder.up.1.block.0.conv2.weight
  - Froze policy model parameter: base_model.model.model.vqmodel.decoder.up.1.block.0.conv2.bias
  - Froze policy model parameter: base_model.model.model.vqmodel.decoder.up.1.block.0.nin_shortcut.weight
  - Froze policy model parameter: base_model.model.model.vqmodel.decoder.up.1.block.0.nin_shortcut.bias
  - Froze policy model parameter: base_model.model.model.vqmodel.decoder.up.1.block.1.norm1.weight
  - Froze policy model parameter: base_model.model.model.vqmodel.decoder.up.1.block.1.norm1.bias
  - Froze policy model parameter: base_model.model.model.vqmodel.decoder.up.1.block.1.conv1.weight
  - Froze policy model parameter: base_model.model.model.vqmodel.decoder.up.1.block.1.conv1.bias
  - Froze policy model parameter: base_model.model.model.vqmodel.decoder.up.1.block.1.norm2.weight
  - Froze policy model parameter: base_model.model.model.vqmodel.decoder.up.1.block.1.norm2.bias
  - Froze policy model parameter: base_model.model.model.vqmodel.decoder.up.1.block.1.conv2.weight
  - Froze policy model parameter: base_model.model.model.vqmodel.decoder.up.1.block.1.conv2.bias
  - Froze policy model parameter: base_model.model.model.vqmodel.decoder.up.1.block.2.norm1.weight
  - Froze policy model parameter: base_model.model.model.vqmodel.decoder.up.1.block.2.norm1.bias
  - Froze policy model parameter: base_model.model.model.vqmodel.decoder.up.1.block.2.conv1.weight
  - Froze policy model parameter: base_model.model.model.vqmodel.decoder.up.1.block.2.conv1.bias
  - Froze policy model parameter: base_model.model.model.vqmodel.decoder.up.1.block.2.norm2.weight
  - Froze policy model parameter: base_model.model.model.vqmodel.decoder.up.1.block.2.norm2.bias
  - Froze policy model parameter: base_model.model.model.vqmodel.decoder.up.1.block.2.conv2.weight
  - Froze policy model parameter: base_model.model.model.vqmodel.decoder.up.1.block.2.conv2.bias
  - Froze policy model parameter: base_model.model.model.vqmodel.decoder.up.1.upsample.conv.weight
  - Froze policy model parameter: base_model.model.model.vqmodel.decoder.up.1.upsample.conv.bias
  - Froze policy model parameter: base_model.model.model.vqmodel.decoder.up.2.block.0.norm1.weight
  - Froze policy model parameter: base_model.model.model.vqmodel.decoder.up.2.block.0.norm1.bias
  - Froze policy model parameter: base_model.model.model.vqmodel.decoder.up.2.block.0.conv1.weight
  - Froze policy model parameter: base_model.model.model.vqmodel.decoder.up.2.block.0.conv1.bias
  - Froze policy model parameter: base_model.model.model.vqmodel.decoder.up.2.block.0.norm2.weight
  - Froze policy model parameter: base_model.model.model.vqmodel.decoder.up.2.block.0.norm2.bias
  - Froze policy model parameter: base_model.model.model.vqmodel.decoder.up.2.block.0.conv2.weight
  - Froze policy model parameter: base_model.model.model.vqmodel.decoder.up.2.block.0.conv2.bias
  - Froze policy model parameter: base_model.model.model.vqmodel.decoder.up.2.block.1.norm1.weight
  - Froze policy model parameter: base_model.model.model.vqmodel.decoder.up.2.block.1.norm1.bias
  - Froze policy model parameter: base_model.model.model.vqmodel.decoder.up.2.block.1.conv1.weight
  - Froze policy model parameter: base_model.model.model.vqmodel.decoder.up.2.block.1.conv1.bias
  - Froze policy model parameter: base_model.model.model.vqmodel.decoder.up.2.block.1.norm2.weight
  - Froze policy model parameter: base_model.model.model.vqmodel.decoder.up.2.block.1.norm2.bias
  - Froze policy model parameter: base_model.model.model.vqmodel.decoder.up.2.block.1.conv2.weight
  - Froze policy model parameter: base_model.model.model.vqmodel.decoder.up.2.block.1.conv2.bias
  - Froze policy model parameter: base_model.model.model.vqmodel.decoder.up.2.block.2.norm1.weight
  - Froze policy model parameter: base_model.model.model.vqmodel.decoder.up.2.block.2.norm1.bias
  - Froze policy model parameter: base_model.model.model.vqmodel.decoder.up.2.block.2.conv1.weight
  - Froze policy model parameter: base_model.model.model.vqmodel.decoder.up.2.block.2.conv1.bias
  - Froze policy model parameter: base_model.model.model.vqmodel.decoder.up.2.block.2.norm2.weight
  - Froze policy model parameter: base_model.model.model.vqmodel.decoder.up.2.block.2.norm2.bias
  - Froze policy model parameter: base_model.model.model.vqmodel.decoder.up.2.block.2.conv2.weight
  - Froze policy model parameter: base_model.model.model.vqmodel.decoder.up.2.block.2.conv2.bias
  - Froze policy model parameter: base_model.model.model.vqmodel.decoder.up.2.upsample.conv.weight
  - Froze policy model parameter: base_model.model.model.vqmodel.decoder.up.2.upsample.conv.bias
  - Froze policy model parameter: base_model.model.model.vqmodel.decoder.up.3.block.0.norm1.weight
  - Froze policy model parameter: base_model.model.model.vqmodel.decoder.up.3.block.0.norm1.bias
  - Froze policy model parameter: base_model.model.model.vqmodel.decoder.up.3.block.0.conv1.weight
  - Froze policy model parameter: base_model.model.model.vqmodel.decoder.up.3.block.0.conv1.bias
  - Froze policy model parameter: base_model.model.model.vqmodel.decoder.up.3.block.0.norm2.weight
  - Froze policy model parameter: base_model.model.model.vqmodel.decoder.up.3.block.0.norm2.bias
  - Froze policy model parameter: base_model.model.model.vqmodel.decoder.up.3.block.0.conv2.weight
  - Froze policy model parameter: base_model.model.model.vqmodel.decoder.up.3.block.0.conv2.bias
  - Froze policy model parameter: base_model.model.model.vqmodel.decoder.up.3.block.0.nin_shortcut.weight
  - Froze policy model parameter: base_model.model.model.vqmodel.decoder.up.3.block.0.nin_shortcut.bias
  - Froze policy model parameter: base_model.model.model.vqmodel.decoder.up.3.block.1.norm1.weight
  - Froze policy model parameter: base_model.model.model.vqmodel.decoder.up.3.block.1.norm1.bias
  - Froze policy model parameter: base_model.model.model.vqmodel.decoder.up.3.block.1.conv1.weight
  - Froze policy model parameter: base_model.model.model.vqmodel.decoder.up.3.block.1.conv1.bias
  - Froze policy model parameter: base_model.model.model.vqmodel.decoder.up.3.block.1.norm2.weight
  - Froze policy model parameter: base_model.model.model.vqmodel.decoder.up.3.block.1.norm2.bias
  - Froze policy model parameter: base_model.model.model.vqmodel.decoder.up.3.block.1.conv2.weight
  - Froze policy model parameter: base_model.model.model.vqmodel.decoder.up.3.block.1.conv2.bias
  - Froze policy model parameter: base_model.model.model.vqmodel.decoder.up.3.block.2.norm1.weight
  - Froze policy model parameter: base_model.model.model.vqmodel.decoder.up.3.block.2.norm1.bias
  - Froze policy model parameter: base_model.model.model.vqmodel.decoder.up.3.block.2.conv1.weight
  - Froze policy model parameter: base_model.model.model.vqmodel.decoder.up.3.block.2.conv1.bias
  - Froze policy model parameter: base_model.model.model.vqmodel.decoder.up.3.block.2.norm2.weight
  - Froze policy model parameter: base_model.model.model.vqmodel.decoder.up.3.block.2.norm2.bias
  - Froze policy model parameter: base_model.model.model.vqmodel.decoder.up.3.block.2.conv2.weight
  - Froze policy model parameter: base_model.model.model.vqmodel.decoder.up.3.block.2.conv2.bias
  - Froze policy model parameter: base_model.model.model.vqmodel.decoder.up.3.upsample.conv.weight
  - Froze policy model parameter: base_model.model.model.vqmodel.decoder.up.3.upsample.conv.bias
  - Froze policy model parameter: base_model.model.model.vqmodel.decoder.up.4.block.0.norm1.weight
  - Froze policy model parameter: base_model.model.model.vqmodel.decoder.up.4.block.0.norm1.bias
  - Froze policy model parameter: base_model.model.model.vqmodel.decoder.up.4.block.0.conv1.weight
  - Froze policy model parameter: base_model.model.model.vqmodel.decoder.up.4.block.0.conv1.bias
  - Froze policy model parameter: base_model.model.model.vqmodel.decoder.up.4.block.0.norm2.weight
  - Froze policy model parameter: base_model.model.model.vqmodel.decoder.up.4.block.0.norm2.bias
  - Froze policy model parameter: base_model.model.model.vqmodel.decoder.up.4.block.0.conv2.weight
  - Froze policy model parameter: base_model.model.model.vqmodel.decoder.up.4.block.0.conv2.bias
  - Froze policy model parameter: base_model.model.model.vqmodel.decoder.up.4.block.1.norm1.weight
  - Froze policy model parameter: base_model.model.model.vqmodel.decoder.up.4.block.1.norm1.bias
  - Froze policy model parameter: base_model.model.model.vqmodel.decoder.up.4.block.1.conv1.weight
  - Froze policy model parameter: base_model.model.model.vqmodel.decoder.up.4.block.1.conv1.bias
  - Froze policy model parameter: base_model.model.model.vqmodel.decoder.up.4.block.1.norm2.weight
  - Froze policy model parameter: base_model.model.model.vqmodel.decoder.up.4.block.1.norm2.bias
  - Froze policy model parameter: base_model.model.model.vqmodel.decoder.up.4.block.1.conv2.weight
  - Froze policy model parameter: base_model.model.model.vqmodel.decoder.up.4.block.1.conv2.bias
  - Froze policy model parameter: base_model.model.model.vqmodel.decoder.up.4.block.2.norm1.weight
  - Froze policy model parameter: base_model.model.model.vqmodel.decoder.up.4.block.2.norm1.bias
  - Froze policy model parameter: base_model.model.model.vqmodel.decoder.up.4.block.2.conv1.weight
  - Froze policy model parameter: base_model.model.model.vqmodel.decoder.up.4.block.2.conv1.bias
  - Froze policy model parameter: base_model.model.model.vqmodel.decoder.up.4.block.2.norm2.weight
  - Froze policy model parameter: base_model.model.model.vqmodel.decoder.up.4.block.2.norm2.bias
  - Froze policy model parameter: base_model.model.model.vqmodel.decoder.up.4.block.2.conv2.weight
  - Froze policy model parameter: base_model.model.model.vqmodel.decoder.up.4.block.2.conv2.bias
  - Froze policy model parameter: base_model.model.model.vqmodel.decoder.up.4.upsample.conv.weight
  - Froze policy model parameter: base_model.model.model.vqmodel.decoder.up.4.upsample.conv.bias
  - Froze policy model parameter: base_model.model.model.vqmodel.decoder.norm_out.weight
  - Froze policy model parameter: base_model.model.model.vqmodel.decoder.norm_out.bias
  - Froze policy model parameter: base_model.model.model.vqmodel.decoder.conv_out.weight
  - Froze policy model parameter: base_model.model.model.vqmodel.decoder.conv_out.bias
  - Froze policy model parameter: base_model.model.model.vqmodel.quantize.embedding.weight
  - Froze policy model parameter: base_model.model.model.vqmodel.quant_conv.weight
  - Froze policy model parameter: base_model.model.model.vqmodel.quant_conv.bias
  - Froze policy model parameter: base_model.model.model.vqmodel.post_quant_conv.weight
  - Froze policy model parameter: base_model.model.model.vqmodel.post_quant_conv.bias
  - Froze policy model parameter: base_model.model.mlp_head.time_embed.mlp.0.weight
  - Froze policy model parameter: base_model.model.mlp_head.time_embed.mlp.0.bias
  - Froze policy model parameter: base_model.model.mlp_head.time_embed.mlp.2.weight
  - Froze policy model parameter: base_model.model.mlp_head.time_embed.mlp.2.bias
  - Froze policy model parameter: base_model.model.mlp_head.cond_embed.weight
  - Froze policy model parameter: base_model.model.mlp_head.cond_embed.bias
  - Froze policy model parameter: base_model.model.mlp_head.input_proj.weight
  - Froze policy model parameter: base_model.model.mlp_head.input_proj.bias
  - Froze policy model parameter: base_model.model.mlp_head.res_blocks.0.in_ln.weight
  - Froze policy model parameter: base_model.model.mlp_head.res_blocks.0.in_ln.bias
  - Froze policy model parameter: base_model.model.mlp_head.res_blocks.0.mlp.0.weight
  - Froze policy model parameter: base_model.model.mlp_head.res_blocks.0.mlp.0.bias
  - Froze policy model parameter: base_model.model.mlp_head.res_blocks.0.mlp.2.weight
  - Froze policy model parameter: base_model.model.mlp_head.res_blocks.0.mlp.2.bias
  - Froze policy model parameter: base_model.model.mlp_head.res_blocks.0.adaLN_modulation.1.weight
  - Froze policy model parameter: base_model.model.mlp_head.res_blocks.0.adaLN_modulation.1.bias
  - Froze policy model parameter: base_model.model.mlp_head.res_blocks.1.in_ln.weight
  - Froze policy model parameter: base_model.model.mlp_head.res_blocks.1.in_ln.bias
  - Froze policy model parameter: base_model.model.mlp_head.res_blocks.1.mlp.0.weight
  - Froze policy model parameter: base_model.model.mlp_head.res_blocks.1.mlp.0.bias
  - Froze policy model parameter: base_model.model.mlp_head.res_blocks.1.mlp.2.weight
  - Froze policy model parameter: base_model.model.mlp_head.res_blocks.1.mlp.2.bias
  - Froze policy model parameter: base_model.model.mlp_head.res_blocks.1.adaLN_modulation.1.weight
  - Froze policy model parameter: base_model.model.mlp_head.res_blocks.1.adaLN_modulation.1.bias
  - Froze policy model parameter: base_model.model.mlp_head.res_blocks.2.in_ln.weight
  - Froze policy model parameter: base_model.model.mlp_head.res_blocks.2.in_ln.bias
  - Froze policy model parameter: base_model.model.mlp_head.res_blocks.2.mlp.0.weight
  - Froze policy model parameter: base_model.model.mlp_head.res_blocks.2.mlp.0.bias
  - Froze policy model parameter: base_model.model.mlp_head.res_blocks.2.mlp.2.weight
  - Froze policy model parameter: base_model.model.mlp_head.res_blocks.2.mlp.2.bias
  - Froze policy model parameter: base_model.model.mlp_head.res_blocks.2.adaLN_modulation.1.weight
  - Froze policy model parameter: base_model.model.mlp_head.res_blocks.2.adaLN_modulation.1.bias
  - Froze policy model parameter: base_model.model.mlp_head.final_layer.linear.weight
  - Froze policy model parameter: base_model.model.mlp_head.final_layer.linear.bias
  - Froze policy model parameter: base_model.model.mlp_head.final_layer.adaLN_modulation.1.weight
  - Froze policy model parameter: base_model.model.mlp_head.final_layer.adaLN_modulation.1.bias
Model parts frozen.
Loaded 2 reward functions: ['answer_correctness_reward', 'format_reward']
Trainer initialized.
--- [Step 3/3] Starting GRPO training... ---
[rank4]:W1103 15:27:24.158000 2067260 site-packages/torch/utils/cpp_extension.py:2425] TORCH_CUDA_ARCH_LIST is not set, all archs for visible cards are included for compilation. 
[rank4]:W1103 15:27:24.158000 2067260 site-packages/torch/utils/cpp_extension.py:2425] If this is not desired, please set os.environ['TORCH_CUDA_ARCH_LIST'] to specific architectures.
[rank0]:W1103 15:27:24.397000 2067256 site-packages/torch/utils/cpp_extension.py:2425] TORCH_CUDA_ARCH_LIST is not set, all archs for visible cards are included for compilation. 
[rank0]:W1103 15:27:24.397000 2067256 site-packages/torch/utils/cpp_extension.py:2425] If this is not desired, please set os.environ['TORCH_CUDA_ARCH_LIST'] to specific architectures.
[rank2]:W1103 15:27:24.741000 2067258 site-packages/torch/utils/cpp_extension.py:2425] TORCH_CUDA_ARCH_LIST is not set, all archs for visible cards are included for compilation. 
[rank2]:W1103 15:27:24.741000 2067258 site-packages/torch/utils/cpp_extension.py:2425] If this is not desired, please set os.environ['TORCH_CUDA_ARCH_LIST'] to specific architectures.
[rank6]:W1103 15:27:24.959000 2067262 site-packages/torch/utils/cpp_extension.py:2425] TORCH_CUDA_ARCH_LIST is not set, all archs for visible cards are included for compilation. 
[rank6]:W1103 15:27:24.959000 2067262 site-packages/torch/utils/cpp_extension.py:2425] If this is not desired, please set os.environ['TORCH_CUDA_ARCH_LIST'] to specific architectures.
[rank3]:W1103 15:27:25.382000 2067259 site-packages/torch/utils/cpp_extension.py:2425] TORCH_CUDA_ARCH_LIST is not set, all archs for visible cards are included for compilation. 
[rank3]:W1103 15:27:25.382000 2067259 site-packages/torch/utils/cpp_extension.py:2425] If this is not desired, please set os.environ['TORCH_CUDA_ARCH_LIST'] to specific architectures.
[rank1]:W1103 15:27:27.101000 2067257 site-packages/torch/utils/cpp_extension.py:2425] TORCH_CUDA_ARCH_LIST is not set, all archs for visible cards are included for compilation. 
[rank1]:W1103 15:27:27.101000 2067257 site-packages/torch/utils/cpp_extension.py:2425] If this is not desired, please set os.environ['TORCH_CUDA_ARCH_LIST'] to specific architectures.
[rank7]:W1103 15:27:27.846000 2067263 site-packages/torch/utils/cpp_extension.py:2425] TORCH_CUDA_ARCH_LIST is not set, all archs for visible cards are included for compilation. 
[rank7]:W1103 15:27:27.846000 2067263 site-packages/torch/utils/cpp_extension.py:2425] If this is not desired, please set os.environ['TORCH_CUDA_ARCH_LIST'] to specific architectures.
multimodal_generation_mode text-only
Setting `pad_token_id` to `eos_token_id`:2 for open-end generation.
multimodal_generation_mode text-only
Setting `pad_token_id` to `eos_token_id`:2 for open-end generation.
multimodal_generation_mode text-only
multimodal_generation_mode text-only
Setting `pad_token_id` to `eos_token_id`:2 for open-end generation.
Setting `pad_token_id` to `eos_token_id`:2 for open-end generation.
multimodal_generation_mode text-only
Setting `pad_token_id` to `eos_token_id`:2 for open-end generation.
multimodal_generation_mode text-only
multimodal_generation_mode text-only
Setting `pad_token_id` to `eos_token_id`:2 for open-end generation.
Setting `pad_token_id` to `eos_token_id`:2 for open-end generation.
multimodal_generation_mode text-only
Setting `pad_token_id` to `eos_token_id`:2 for open-end generation.
multimodal_generation_mode text-only
Setting `pad_token_id` to `eos_token_id`:2 for open-end generation.
multimodal_generation_mode text-only
Setting `pad_token_id` to `eos_token_id`:2 for open-end generation.
multimodal_generation_mode text-only
Setting `pad_token_id` to `eos_token_id`:2 for open-end generation.
multimodal_generation_mode text-only
Setting `pad_token_id` to `eos_token_id`:2 for open-end generation.
multimodal_generation_mode text-only
Setting `pad_token_id` to `eos_token_id`:2 for open-end generation.
wandb: W&B API key is configured. Use `wandb login --relogin` to force relogin
wandb: creating run
wandb: Tracking run with wandb version 0.22.0
wandb: Run data is saved locally in /data1/oujingfeng/project/twgi/Orthus/train/grpo/wandb/run-20251103_152739-ipkei7gi
wandb: Run `wandb offline` to turn off syncing.
wandb: Syncing run orthus-7b-grpo-geneval-v1
wandb: ⭐️ View project at https://wandb.ai/xjy110156-/orthus-grpo-project
wandb: 🚀 View run at https://wandb.ai/xjy110156-/orthus-grpo-project/runs/ipkei7gi
wandb: WARNING Serializing object of type dict that is 1922480 bytes
  0%|          | 0/2000 [00:00<?, ?it/s]multimodal_generation_mode text-only
Setting `pad_token_id` to `eos_token_id`:2 for open-end generation.
multimodal_generation_mode text-only
Setting `pad_token_id` to `eos_token_id`:2 for open-end generation.
multimodal_generation_mode text-only
Setting `pad_token_id` to `eos_token_id`:2 for open-end generation.
                                        {'reward/mean': 0.0, 'reward/std': 0.0, 'policy/advantage_mean': 0.0, 'policy/advantage_std': 0.0, 'loss/pg_loss': 0.0, 'loss/kl_div': -0.40790286430945766, 'epoch': 0}
  0%|          | 0/2000 [00:06<?, ?it/s]Could not estimate the number of tokens of the input, floating-point operations will not be computed
Could not estimate the number of tokens of the input, floating-point operations will not be computed
Could not estimate the number of tokens of the input, floating-point operations will not be computed
Could not estimate the number of tokens of the input, floating-point operations will not be computed
Could not estimate the number of tokens of the input, floating-point operations will not be computed
Could not estimate the number of tokens of the input, floating-point operations will not be computed
Could not estimate the number of tokens of the input, floating-point operations will not be computed
Could not estimate the number of tokens of the input, floating-point operations will not be computed
multimodal_generation_mode text-only
Setting `pad_token_id` to `eos_token_id`:2 for open-end generation.
multimodal_generation_mode text-only
Setting `pad_token_id` to `eos_token_id`:2 for open-end generation.
multimodal_generation_mode text-only
Setting `pad_token_id` to `eos_token_id`:2 for open-end generation.
multimodal_generation_mode text-only
Setting `pad_token_id` to `eos_token_id`:2 for open-end generation.
multimodal_generation_mode text-only
multimodal_generation_mode text-only
Setting `pad_token_id` to `eos_token_id`:2 for open-end generation.
Setting `pad_token_id` to `eos_token_id`:2 for open-end generation.
multimodal_generation_mode text-only
Setting `pad_token_id` to `eos_token_id`:2 for open-end generation.
multimodal_generation_mode text-only
Setting `pad_token_id` to `eos_token_id`:2 for open-end generation.
multimodal_generation_mode text-only
Setting `pad_token_id` to `eos_token_id`:2 for open-end generation.
multimodal_generation_mode text-only
Setting `pad_token_id` to `eos_token_id`:2 for open-end generation.
multimodal_generation_mode text-only
Setting `pad_token_id` to `eos_token_id`:2 for open-end generation.
multimodal_generation_mode text-only
Setting `pad_token_id` to `eos_token_id`:2 for open-end generation.
multimodal_generation_mode text-only
Setting `pad_token_id` to `eos_token_id`:2 for open-end generation.
multimodal_generation_mode text-only
Setting `pad_token_id` to `eos_token_id`:2 for open-end generation.
multimodal_generation_mode text-only
Setting `pad_token_id` to `eos_token_id`:2 for open-end generation.
multimodal_generation_mode text-only
Setting `pad_token_id` to `eos_token_id`:2 for open-end generation.
                                        {'reward/mean': 0.0, 'reward/std': 0.0, 'policy/advantage_mean': 0.0, 'policy/advantage_std': 0.0, 'loss/pg_loss': 0.0, 'loss/kl_div': -0.22728383541107178, 'epoch': 0}
  0%|          | 0/2000 [00:14<?, ?it/s]  0%|          | 1/2000 [00:16<8:56:32, 16.10s/it]                                                  {'loss': 0.0, 'grad_norm': 0.0, 'learning_rate': 1e-06, 'epoch': 0.0}
  0%|          | 1/2000 [00:16<8:56:32, 16.10s/it]multimodal_generation_mode text-only
Setting `pad_token_id` to `eos_token_id`:2 for open-end generation.
multimodal_generation_mode text-only
Setting `pad_token_id` to `eos_token_id`:2 for open-end generation.
multimodal_generation_mode text-only
Setting `pad_token_id` to `eos_token_id`:2 for open-end generation.
multimodal_generation_modemultimodal_generation_mode text-only
 text-only
multimodal_generation_mode text-only
Setting `pad_token_id` to `eos_token_id`:2 for open-end generation.
Setting `pad_token_id` to `eos_token_id`:2 for open-end generation.
Setting `pad_token_id` to `eos_token_id`:2 for open-end generation.
multimodal_generation_mode text-only
Setting `pad_token_id` to `eos_token_id`:2 for open-end generation.
multimodal_generation_mode text-only
Setting `pad_token_id` to `eos_token_id`:2 for open-end generation.
multimodal_generation_mode text-only
Setting `pad_token_id` to `eos_token_id`:2 for open-end generation.
multimodal_generation_mode text-only
Setting `pad_token_id` to `eos_token_id`:2 for open-end generation.
multimodal_generation_mode text-only
Setting `pad_token_id` to `eos_token_id`:2 for open-end generation.
multimodal_generation_mode text-only
Setting `pad_token_id` to `eos_token_id`:2 for open-end generation.
multimodal_generation_mode text-only
Setting `pad_token_id` to `eos_token_id`:2 for open-end generation.
multimodal_generation_mode text-only
Setting `pad_token_id` to `eos_token_id`:2 for open-end generation.
multimodal_generation_mode text-only
Setting `pad_token_id` to `eos_token_id`:2 for open-end generation.
                                                  {'reward/mean': 0.0, 'reward/std': 0.0, 'policy/advantage_mean': 0.0, 'policy/advantage_std': 0.0, 'loss/pg_loss': 0.0, 'loss/kl_div': -0.4651100380906781, 'epoch': 0.0}
  0%|          | 1/2000 [00:21<8:56:32, 16.10s/it]multimodal_generation_mode text-only
Setting `pad_token_id` to `eos_token_id`:2 for open-end generation.
multimodal_generation_mode text-only
Setting `pad_token_id` to `eos_token_id`:2 for open-end generation.
multimodal_generation_mode text-only
Setting `pad_token_id` to `eos_token_id`:2 for open-end generation.
multimodal_generation_mode text-only
Setting `pad_token_id` to `eos_token_id`:2 for open-end generation.
multimodal_generation_modemultimodal_generation_mode  text-onlytext-only

Setting `pad_token_id` to `eos_token_id`:2 for open-end generation.
Setting `pad_token_id` to `eos_token_id`:2 for open-end generation.
multimodal_generation_mode text-only
Setting `pad_token_id` to `eos_token_id`:2 for open-end generation.
multimodal_generation_mode text-only
Setting `pad_token_id` to `eos_token_id`:2 for open-end generation.
multimodal_generation_mode text-only
Setting `pad_token_id` to `eos_token_id`:2 for open-end generation.
multimodal_generation_mode text-only
Setting `pad_token_id` to `eos_token_id`:2 for open-end generation.
multimodal_generation_mode text-only
Setting `pad_token_id` to `eos_token_id`:2 for open-end generation.
multimodal_generation_mode text-only
Setting `pad_token_id` to `eos_token_id`:2 for open-end generation.
multimodal_generation_mode text-only
Setting `pad_token_id` to `eos_token_id`:2 for open-end generation.
multimodal_generation_mode text-only
Setting `pad_token_id` to `eos_token_id`:2 for open-end generation.
multimodal_generation_mode text-only
Setting `pad_token_id` to `eos_token_id`:2 for open-end generation.
multimodal_generation_mode text-only
Setting `pad_token_id` to `eos_token_id`:2 for open-end generation.
multimodal_generation_mode text-only
Setting `pad_token_id` to `eos_token_id`:2 for open-end generation.
                                                  {'reward/mean': 0.0, 'reward/std': 0.0, 'policy/advantage_mean': 0.0, 'policy/advantage_std': 0.0, 'loss/pg_loss': 0.0, 'loss/kl_div': -0.4378306070963542, 'epoch': 0.0}
  0%|          | 1/2000 [00:32<8:56:32, 16.10s/it]  0%|          | 2/2000 [00:34<9:32:24, 17.19s/it]                                                  {'loss': 0.0, 'grad_norm': 0.0, 'learning_rate': 9.995e-07, 'epoch': 0.01}
  0%|          | 2/2000 [00:34<9:32:24, 17.19s/it]multimodal_generation_mode text-only
Setting `pad_token_id` to `eos_token_id`:2 for open-end generation.
multimodal_generation_mode text-only
multimodal_generation_mode text-only
multimodal_generation_mode multimodal_generation_modetext-only
 text-only
Setting `pad_token_id` to `eos_token_id`:2 for open-end generation.
Setting `pad_token_id` to `eos_token_id`:2 for open-end generation.
Setting `pad_token_id` to `eos_token_id`:2 for open-end generation.
Setting `pad_token_id` to `eos_token_id`:2 for open-end generation.
multimodal_generation_mode text-only
Setting `pad_token_id` to `eos_token_id`:2 for open-end generation.
multimodal_generation_mode text-only
Setting `pad_token_id` to `eos_token_id`:2 for open-end generation.
multimodal_generation_mode text-only
Setting `pad_token_id` to `eos_token_id`:2 for open-end generation.
multimodal_generation_mode text-only
Setting `pad_token_id` to `eos_token_id`:2 for open-end generation.
multimodal_generation_mode text-only
Setting `pad_token_id` to `eos_token_id`:2 for open-end generation.
multimodal_generation_mode text-only
Setting `pad_token_id` to `eos_token_id`:2 for open-end generation.
multimodal_generation_mode text-only
Setting `pad_token_id` to `eos_token_id`:2 for open-end generation.
multimodal_generation_mode text-only
Setting `pad_token_id` to `eos_token_id`:2 for open-end generation.
multimodal_generation_mode text-only
Setting `pad_token_id` to `eos_token_id`:2 for open-end generation.
multimodal_generation_mode text-only
Setting `pad_token_id` to `eos_token_id`:2 for open-end generation.
multimodal_generation_mode text-only
Setting `pad_token_id` to `eos_token_id`:2 for open-end generation.
                                                  {'reward/mean': 0.0, 'reward/std': 0.0, 'policy/advantage_mean': 0.0, 'policy/advantage_std': 0.0, 'loss/pg_loss': 0.0, 'loss/kl_div': -0.48949684967865814, 'epoch': 0.01}
  0%|          | 2/2000 [00:38<9:32:24, 17.19s/it]multimodal_generation_mode text-only
Setting `pad_token_id` to `eos_token_id`:2 for open-end generation.
multimodal_generation_mode text-only
multimodal_generation_mode text-onlySetting `pad_token_id` to `eos_token_id`:2 for open-end generation.

Setting `pad_token_id` to `eos_token_id`:2 for open-end generation.
multimodal_generation_mode text-only
Setting `pad_token_id` to `eos_token_id`:2 for open-end generation.
multimodal_generation_mode text-only
Setting `pad_token_id` to `eos_token_id`:2 for open-end generation.
multimodal_generation_mode text-only
Setting `pad_token_id` to `eos_token_id`:2 for open-end generation.
multimodal_generation_mode text-only
Setting `pad_token_id` to `eos_token_id`:2 for open-end generation.
multimodal_generation_mode text-only
Setting `pad_token_id` to `eos_token_id`:2 for open-end generation.
multimodal_generation_mode text-only
Setting `pad_token_id` to `eos_token_id`:2 for open-end generation.
multimodal_generation_mode text-only
Setting `pad_token_id` to `eos_token_id`:2 for open-end generation.
multimodal_generation_mode text-only
Setting `pad_token_id` to `eos_token_id`:2 for open-end generation.
multimodal_generation_mode text-only
Setting `pad_token_id` to `eos_token_id`:2 for open-end generation.
multimodal_generation_mode text-only
Setting `pad_token_id` to `eos_token_id`:2 for open-end generation.
multimodal_generation_mode text-only
Setting `pad_token_id` to `eos_token_id`:2 for open-end generation.
multimodal_generation_mode text-only
Setting `pad_token_id` to `eos_token_id`:2 for open-end generation.
multimodal_generation_mode text-only
Setting `pad_token_id` to `eos_token_id`:2 for open-end generation.
                                                  {'reward/mean': 0.0, 'reward/std': 0.0, 'policy/advantage_mean': 0.0, 'policy/advantage_std': 0.0, 'loss/pg_loss': 0.0, 'loss/kl_div': -0.22367210637510213, 'epoch': 0.01}
  0%|          | 2/2000 [00:55<9:32:24, 17.19s/it]  0%|          | 3/2000 [01:02<12:25:20, 22.39s/it]                                                   {'loss': 0.0, 'grad_norm': 0.0, 'learning_rate': 9.989999999999999e-07, 'epoch': 0.01}
  0%|          | 3/2000 [01:02<12:25:20, 22.39s/it]multimodal_generation_mode text-only
Setting `pad_token_id` to `eos_token_id`:2 for open-end generation.
multimodal_generation_mode text-only
multimodal_generation_mode text-only
Setting `pad_token_id` to `eos_token_id`:2 for open-end generation.
Setting `pad_token_id` to `eos_token_id`:2 for open-end generation.
multimodal_generation_mode text-only
Setting `pad_token_id` to `eos_token_id`:2 for open-end generation.
multimodal_generation_mode text-only
multimodal_generation_mode text-only
multimodal_generation_mode text-only
Setting `pad_token_id` to `eos_token_id`:2 for open-end generation.
Setting `pad_token_id` to `eos_token_id`:2 for open-end generation.
Setting `pad_token_id` to `eos_token_id`:2 for open-end generation.
multimodal_generation_mode text-only
Setting `pad_token_id` to `eos_token_id`:2 for open-end generation.
multimodal_generation_mode text-only
Setting `pad_token_id` to `eos_token_id`:2 for open-end generation.
multimodal_generation_mode text-only
Setting `pad_token_id` to `eos_token_id`:2 for open-end generation.
multimodal_generation_mode text-only
Setting `pad_token_id` to `eos_token_id`:2 for open-end generation.
multimodal_generation_mode text-only
Setting `pad_token_id` to `eos_token_id`:2 for open-end generation.
multimodal_generation_mode text-only
Setting `pad_token_id` to `eos_token_id`:2 for open-end generation.
multimodal_generation_mode text-only
Setting `pad_token_id` to `eos_token_id`:2 for open-end generation.
multimodal_generation_mode text-only
Setting `pad_token_id` to `eos_token_id`:2 for open-end generation.
multimodal_generation_mode text-only
Setting `pad_token_id` to `eos_token_id`:2 for open-end generation.
                                                   {'reward/mean': 0.0, 'reward/std': 0.0, 'policy/advantage_mean': 0.0, 'policy/advantage_std': 0.0, 'loss/pg_loss': 0.0, 'loss/kl_div': -0.24247354198350266, 'epoch': 0.01}
  0%|          | 3/2000 [01:14<12:25:20, 22.39s/it]multimodal_generation_mode text-only
Setting `pad_token_id` to `eos_token_id`:2 for open-end generation.
multimodal_generation_mode text-onlymultimodal_generation_mode text-only

Setting `pad_token_id` to `eos_token_id`:2 for open-end generation.
Setting `pad_token_id` to `eos_token_id`:2 for open-end generation.
multimodal_generation_mode text-only
Setting `pad_token_id` to `eos_token_id`:2 for open-end generation.
multimodal_generation_mode text-only
multimodal_generation_mode text-only
Setting `pad_token_id` to `eos_token_id`:2 for open-end generation.
Setting `pad_token_id` to `eos_token_id`:2 for open-end generation.
multimodal_generation_mode text-only
Setting `pad_token_id` to `eos_token_id`:2 for open-end generation.
multimodal_generation_mode text-only
Setting `pad_token_id` to `eos_token_id`:2 for open-end generation.
multimodal_generation_mode text-only
Setting `pad_token_id` to `eos_token_id`:2 for open-end generation.
multimodal_generation_mode text-only
Setting `pad_token_id` to `eos_token_id`:2 for open-end generation.
multimodal_generation_mode text-only
Setting `pad_token_id` to `eos_token_id`:2 for open-end generation.
multimodal_generation_mode text-only
Setting `pad_token_id` to `eos_token_id`:2 for open-end generation.
multimodal_generation_mode text-only
Setting `pad_token_id` to `eos_token_id`:2 for open-end generation.
multimodal_generation_mode text-only
Setting `pad_token_id` to `eos_token_id`:2 for open-end generation.
multimodal_generation_mode text-only
Setting `pad_token_id` to `eos_token_id`:2 for open-end generation.
                                                   {'reward/mean': 0.0, 'reward/std': 0.0, 'policy/advantage_mean': 0.0, 'policy/advantage_std': 0.0, 'loss/pg_loss': 0.0, 'loss/kl_div': -0.4628777890592008, 'epoch': 0.01}
  0%|          | 3/2000 [01:19<12:25:20, 22.39s/it]multimodal_generation_mode text-only
Setting `pad_token_id` to `eos_token_id`:2 for open-end generation.
  0%|          | 4/2000 [01:23<12:03:46, 21.76s/it]                                                   {'loss': 0.0, 'grad_norm': 0.0, 'learning_rate': 9.985e-07, 'epoch': 0.01}
  0%|          | 4/2000 [01:23<12:03:46, 21.76s/it]multimodal_generation_mode text-only
Setting `pad_token_id` to `eos_token_id`:2 for open-end generation.
multimodal_generation_mode text-only
multimodal_generation_mode text-only
Setting `pad_token_id` to `eos_token_id`:2 for open-end generation.
Setting `pad_token_id` to `eos_token_id`:2 for open-end generation.
multimodal_generation_mode text-only
Setting `pad_token_id` to `eos_token_id`:2 for open-end generation.
multimodal_generation_mode text-only
Setting `pad_token_id` to `eos_token_id`:2 for open-end generation.
multimodal_generation_mode text-only
multimodal_generation_mode text-only
multimodal_generation_mode text-only
Setting `pad_token_id` to `eos_token_id`:2 for open-end generation.
Setting `pad_token_id` to `eos_token_id`:2 for open-end generation.
Setting `pad_token_id` to `eos_token_id`:2 for open-end generation.
multimodal_generation_mode text-only
Setting `pad_token_id` to `eos_token_id`:2 for open-end generation.
multimodal_generation_mode text-only
Setting `pad_token_id` to `eos_token_id`:2 for open-end generation.
multimodal_generation_mode text-only
Setting `pad_token_id` to `eos_token_id`:2 for open-end generation.
multimodal_generation_mode text-only
Setting `pad_token_id` to `eos_token_id`:2 for open-end generation.
multimodal_generation_mode text-only
Setting `pad_token_id` to `eos_token_id`:2 for open-end generation.
multimodal_generation_mode text-only
Setting `pad_token_id` to `eos_token_id`:2 for open-end generation.
                                                   {'reward/mean': 0.0, 'reward/std': 0.0, 'policy/advantage_mean': 0.0, 'policy/advantage_std': 0.0, 'loss/pg_loss': 0.0, 'loss/kl_div': -0.4186782371707079, 'epoch': 0.01}
  0%|          | 4/2000 [01:27<12:03:46, 21.76s/it]multimodal_generation_mode text-only
Setting `pad_token_id` to `eos_token_id`:2 for open-end generation.
multimodal_generation_mode text-only
Setting `pad_token_id` to `eos_token_id`:2 for open-end generation.
multimodal_generation_mode text-only
multimodal_generation_modemultimodal_generation_mode text-only
 text-only
Setting `pad_token_id` to `eos_token_id`:2 for open-end generation.
Setting `pad_token_id` to `eos_token_id`:2 for open-end generation.
Setting `pad_token_id` to `eos_token_id`:2 for open-end generation.
multimodal_generation_mode text-only
Setting `pad_token_id` to `eos_token_id`:2 for open-end generation.
multimodal_generation_modemultimodal_generation_mode text-only
 text-only
multimodal_generation_modeSetting `pad_token_id` to `eos_token_id`:2 for open-end generation.
Setting `pad_token_id` to `eos_token_id`:2 for open-end generation.
 text-only
Setting `pad_token_id` to `eos_token_id`:2 for open-end generation.
multimodal_generation_mode text-only
Setting `pad_token_id` to `eos_token_id`:2 for open-end generation.
multimodal_generation_mode text-only
Setting `pad_token_id` to `eos_token_id`:2 for open-end generation.
multimodal_generation_mode text-only
Setting `pad_token_id` to `eos_token_id`:2 for open-end generation.
multimodal_generation_mode text-only
Setting `pad_token_id` to `eos_token_id`:2 for open-end generation.
multimodal_generation_mode text-only
Setting `pad_token_id` to `eos_token_id`:2 for open-end generation.
multimodal_generation_mode text-only
Setting `pad_token_id` to `eos_token_id`:2 for open-end generation.
multimodal_generation_mode text-only
Setting `pad_token_id` to `eos_token_id`:2 for open-end generation.
multimodal_generation_mode text-only
Setting `pad_token_id` to `eos_token_id`:2 for open-end generation.
multimodal_generation_mode text-only
Setting `pad_token_id` to `eos_token_id`:2 for open-end generation.
                                                   {'reward/mean': 0.0, 'reward/std': 0.0, 'policy/advantage_mean': 0.0, 'policy/advantage_std': 0.0, 'loss/pg_loss': 0.0, 'loss/kl_div': -0.2250939855035746, 'epoch': 0.01}
  0%|          | 4/2000 [01:40<12:03:46, 21.76s/it]  0%|          | 5/2000 [01:43<11:41:35, 21.10s/it]                                                   {'loss': 0.0, 'grad_norm': 0.0, 'learning_rate': 9.98e-07, 'epoch': 0.02}
  0%|          | 5/2000 [01:43<11:41:35, 21.10s/it]multimodal_generation_mode text-only
multimodal_generation_mode text-only
Setting `pad_token_id` to `eos_token_id`:2 for open-end generation.
Setting `pad_token_id` to `eos_token_id`:2 for open-end generation.
multimodal_generation_mode text-only
Setting `pad_token_id` to `eos_token_id`:2 for open-end generation.
multimodal_generation_mode text-only
Setting `pad_token_id` to `eos_token_id`:2 for open-end generation.
multimodal_generation_mode text-only
multimodal_generation_mode text-only
Setting `pad_token_id` to `eos_token_id`:2 for open-end generation.
Setting `pad_token_id` to `eos_token_id`:2 for open-end generation.
multimodal_generation_mode text-only
Setting `pad_token_id` to `eos_token_id`:2 for open-end generation.
multimodal_generation_mode text-only
Setting `pad_token_id` to `eos_token_id`:2 for open-end generation.
multimodal_generation_mode text-only
Setting `pad_token_id` to `eos_token_id`:2 for open-end generation.
multimodal_generation_mode text-only
Setting `pad_token_id` to `eos_token_id`:2 for open-end generation.
multimodal_generation_mode text-only
Setting `pad_token_id` to `eos_token_id`:2 for open-end generation.
multimodal_generation_mode text-only
Setting `pad_token_id` to `eos_token_id`:2 for open-end generation.
multimodal_generation_mode text-only
Setting `pad_token_id` to `eos_token_id`:2 for open-end generation.
multimodal_generation_mode text-only
Setting `pad_token_id` to `eos_token_id`:2 for open-end generation.
                                                   {'reward/mean': 0.0, 'reward/std': 0.0, 'policy/advantage_mean': 0.0, 'policy/advantage_std': 0.0, 'loss/pg_loss': 0.0, 'loss/kl_div': -0.4473799112680796, 'epoch': 0.02}
  0%|          | 5/2000 [01:47<11:41:35, 21.10s/it]multimodal_generation_mode text-only
Setting `pad_token_id` to `eos_token_id`:2 for open-end generation.
multimodal_generation_mode text-only
Setting `pad_token_id` to `eos_token_id`:2 for open-end generation.
multimodal_generation_mode text-only
Setting `pad_token_id` to `eos_token_id`:2 for open-end generation.
multimodal_generation_mode text-only
Setting `pad_token_id` to `eos_token_id`:2 for open-end generation.
multimodal_generation_mode text-only
multimodal_generation_mode text-only
Setting `pad_token_id` to `eos_token_id`:2 for open-end generation.
Setting `pad_token_id` to `eos_token_id`:2 for open-end generation.
multimodal_generation_mode text-only
Setting `pad_token_id` to `eos_token_id`:2 for open-end generation.
multimodal_generation_mode text-only
Setting `pad_token_id` to `eos_token_id`:2 for open-end generation.
multimodal_generation_mode text-only
Setting `pad_token_id` to `eos_token_id`:2 for open-end generation.
multimodal_generation_mode text-only
Setting `pad_token_id` to `eos_token_id`:2 for open-end generation.
multimodal_generation_mode text-only
Setting `pad_token_id` to `eos_token_id`:2 for open-end generation.
multimodal_generation_mode text-only
Setting `pad_token_id` to `eos_token_id`:2 for open-end generation.
multimodal_generation_mode text-only
Setting `pad_token_id` to `eos_token_id`:2 for open-end generation.
multimodal_generation_mode text-only
Setting `pad_token_id` to `eos_token_id`:2 for open-end generation.
multimodal_generation_mode text-only
Setting `pad_token_id` to `eos_token_id`:2 for open-end generation.
