[INFO] Launch command: accelerate launch --config_file /data1/oujingfeng/project/twgi/Orthus/accelerate_config_stage3_offload.yaml --num_processes 8 /data1/oujingfeng/project/twgi/Orthus/train/grpo/grpo_orthus.py --model_name_or_path /data1/oujingfeng/project/twgi/checkpoints/mydatasets/orthus-7b-sft-base-sample80b100ep500l1e-5-weight-F --output_dir /data1/oujingfeng/project/twgi/checkpoints/grpo/orthus-7b-grpo-geneval-v1 --run_name orthus-7b-grpo-geneval-v1 --dataset_name /data1/oujingfeng/project/twgi/datasets/mydatasets/modified_data.json --bf16 True --torch_dtype bfloat16 --attn_implementation flash_attention_2 --gradient_checkpointing True --max_prompt_length 512 --max_completion_length 256 --per_device_train_batch_size 1 --gradient_accumulation_steps 2 --learning_rate 1e-6 --max_steps 2000 --logging_steps 1 --save_steps 500 --temperature 1.0 --num_generations 2 --generation_batch_size 16 --beta 0 --optim adamw_torch --reward_funcs answer_correctness format --reward_smooth True --kl_reweight True --update_ref False --entropy_reward True
W1027 17:38:37.869000 222277 site-packages/torch/distributed/run.py:774] 
W1027 17:38:37.869000 222277 site-packages/torch/distributed/run.py:774] *****************************************
W1027 17:38:37.869000 222277 site-packages/torch/distributed/run.py:774] Setting OMP_NUM_THREADS environment variable for each process to be 1 in default, to avoid your system being overloaded, please further tune the variable for optimal performance in your application as needed. 
W1027 17:38:37.869000 222277 site-packages/torch/distributed/run.py:774] *****************************************
NCCL version 2.27.3+cuda12.9
/data1/conda/envs/orthus/lib/python3.11/site-packages/trl/trainer/model_config.py:194: FutureWarning: `torch_dtype` is deprecated and will be removed in version 0.27.0, please use `dtype` instead.
  warnings.warn(
Random seed set to 42
--- [Step 1/3] Loading dataset... ---
/data1/conda/envs/orthus/lib/python3.11/site-packages/trl/trainer/model_config.py:194: FutureWarning: `torch_dtype` is deprecated and will be removed in version 0.27.0, please use `dtype` instead.
  warnings.warn(
Random seed set to 42
--- [Step 1/3] Loading dataset... ---
/data1/conda/envs/orthus/lib/python3.11/site-packages/trl/trainer/model_config.py:194: FutureWarning: `torch_dtype` is deprecated and will be removed in version 0.27.0, please use `dtype` instead.
  warnings.warn(
Random seed set to 42
--- [Step 1/3] Loading dataset... ---
/data1/conda/envs/orthus/lib/python3.11/site-packages/trl/trainer/model_config.py:194: FutureWarning: `torch_dtype` is deprecated and will be removed in version 0.27.0, please use `dtype` instead.
  warnings.warn(
Random seed set to 42
--- [Step 1/3] Loading dataset... ---
/data1/conda/envs/orthus/lib/python3.11/site-packages/trl/trainer/model_config.py:194: FutureWarning: `torch_dtype` is deprecated and will be removed in version 0.27.0, please use `dtype` instead.
  warnings.warn(
Random seed set to 42
--- [Step 1/3] Loading dataset... ---
/data1/conda/envs/orthus/lib/python3.11/site-packages/trl/trainer/model_config.py:194: FutureWarning: `torch_dtype` is deprecated and will be removed in version 0.27.0, please use `dtype` instead.
  warnings.warn(
Random seed set to 42
--- [Step 1/3] Loading dataset... ---
/data1/conda/envs/orthus/lib/python3.11/site-packages/trl/trainer/model_config.py:194: FutureWarning: `torch_dtype` is deprecated and will be removed in version 0.27.0, please use `dtype` instead.
  warnings.warn(
Random seed set to 42
--- [Step 1/3] Loading dataset... ---
/data1/conda/envs/orthus/lib/python3.11/site-packages/trl/trainer/model_config.py:194: FutureWarning: `torch_dtype` is deprecated and will be removed in version 0.27.0, please use `dtype` instead.
  warnings.warn(
Random seed set to 42
--- [Step 1/3] Loading dataset... ---
Dataset '/data1/oujingfeng/project/twgi/datasets/mydatasets/modified_data.json' loaded successfully with 100 samples.
Dataset '/data1/oujingfeng/project/twgi/datasets/mydatasets/modified_data.json' loaded successfully with 100 samples.
Dataset '/data1/oujingfeng/project/twgi/datasets/mydatasets/modified_data.json' loaded successfully with 100 samples.
Dataset formatted.
Enabled reward functions: ['answer_correctness', 'format']
--- [Step 2/3] Initializing OrthusGRPOTrainer... ---
--- OrthusGRPOTrainer Initializing ---
Dataset formatted.
Enabled reward functions: ['answer_correctness', 'format']
--- [Step 2/3] Initializing OrthusGRPOTrainer... ---
--- OrthusGRPOTrainer Initializing ---
Dataset formatted.
Enabled reward functions: ['answer_correctness', 'format']
--- [Step 2/3] Initializing OrthusGRPOTrainer... ---
--- OrthusGRPOTrainer Initializing ---
Dataset '/data1/oujingfeng/project/twgi/datasets/mydatasets/modified_data.json' loaded successfully with 100 samples.
Dataset formatted.
Enabled reward functions: ['answer_correctness', 'format']
--- [Step 2/3] Initializing OrthusGRPOTrainer... ---
--- OrthusGRPOTrainer Initializing ---
Dataset '/data1/oujingfeng/project/twgi/datasets/mydatasets/modified_data.json' loaded successfully with 100 samples.
Dataset formatted.
Enabled reward functions: ['answer_correctness', 'format']
--- [Step 2/3] Initializing OrthusGRPOTrainer... ---
--- OrthusGRPOTrainer Initializing ---
Dataset '/data1/oujingfeng/project/twgi/datasets/mydatasets/modified_data.json' loaded successfully with 100 samples.
Dataset formatted.
Enabled reward functions: ['answer_correctness', 'format']
--- [Step 2/3] Initializing OrthusGRPOTrainer... ---
--- OrthusGRPOTrainer Initializing ---
Dataset '/data1/oujingfeng/project/twgi/datasets/mydatasets/modified_data.json' loaded successfully with 100 samples.
Dataset formatted.
Enabled reward functions: ['answer_correctness', 'format']
--- [Step 2/3] Initializing OrthusGRPOTrainer... ---
--- OrthusGRPOTrainer Initializing ---
Dataset '/data1/oujingfeng/project/twgi/datasets/mydatasets/modified_data.json' loaded successfully with 100 samples.
Dataset formatted.
Enabled reward functions: ['answer_correctness', 'format']
--- [Step 2/3] Initializing OrthusGRPOTrainer... ---
--- OrthusGRPOTrainer Initializing ---
`torch_dtype` is deprecated! Use `dtype` instead!
`torch_dtype` is deprecated! Use `dtype` instead!
`torch_dtype` is deprecated! Use `dtype` instead!
`torch_dtype` is deprecated! Use `dtype` instead!
`torch_dtype` is deprecated! Use `dtype` instead!
Loading checkpoint shards:   0%|          | 0/3 [00:00<?, ?it/s]Loading checkpoint shards:   0%|          | 0/3 [00:00<?, ?it/s]Loading checkpoint shards:   0%|          | 0/3 [00:00<?, ?it/s]Loading checkpoint shards:   0%|          | 0/3 [00:00<?, ?it/s]Loading checkpoint shards:   0%|          | 0/3 [00:00<?, ?it/s]Loading checkpoint shards: 100%|██████████| 3/3 [00:00<00:00, 25.00it/s]Loading checkpoint shards: 100%|██████████| 3/3 [00:00<00:00, 24.97it/s]
Freezing non-trainable parts of the model...
  - Froze policy model parameter: model.vqmodel.encoder.conv_in.weight
  - Froze policy model parameter: model.vqmodel.encoder.conv_in.bias
  - Froze policy model parameter: model.vqmodel.encoder.down.0.block.0.norm1.weight
  - Froze policy model parameter: model.vqmodel.encoder.down.0.block.0.norm1.bias
  - Froze policy model parameter: model.vqmodel.encoder.down.0.block.0.conv1.weight
  - Froze policy model parameter: model.vqmodel.encoder.down.0.block.0.conv1.bias
  - Froze policy model parameter: model.vqmodel.encoder.down.0.block.0.norm2.weight
  - Froze policy model parameter: model.vqmodel.encoder.down.0.block.0.norm2.bias
  - Froze policy model parameter: model.vqmodel.encoder.down.0.block.0.conv2.weight
  - Froze policy model parameter: model.vqmodel.encoder.down.0.block.0.conv2.bias
  - Froze policy model parameter: model.vqmodel.encoder.down.0.block.1.norm1.weight
  - Froze policy model parameter: model.vqmodel.encoder.down.0.block.1.norm1.bias
  - Froze policy model parameter: model.vqmodel.encoder.down.0.block.1.conv1.weight
  - Froze policy model parameter: model.vqmodel.encoder.down.0.block.1.conv1.bias
  - Froze policy model parameter: model.vqmodel.encoder.down.0.block.1.norm2.weight
  - Froze policy model parameter: model.vqmodel.encoder.down.0.block.1.norm2.bias
  - Froze policy model parameter: model.vqmodel.encoder.down.0.block.1.conv2.weight
  - Froze policy model parameter: model.vqmodel.encoder.down.0.block.1.conv2.bias
  - Froze policy model parameter: model.vqmodel.encoder.down.0.downsample.conv.weight
  - Froze policy model parameter: model.vqmodel.encoder.down.0.downsample.conv.bias
  - Froze policy model parameter: model.vqmodel.encoder.down.1.block.0.norm1.weight
  - Froze policy model parameter: model.vqmodel.encoder.down.1.block.0.norm1.bias
  - Froze policy model parameter: model.vqmodel.encoder.down.1.block.0.conv1.weight
  - Froze policy model parameter: model.vqmodel.encoder.down.1.block.0.conv1.bias
  - Froze policy model parameter: model.vqmodel.encoder.down.1.block.0.norm2.weight
  - Froze policy model parameter: model.vqmodel.encoder.down.1.block.0.norm2.bias
  - Froze policy model parameter: model.vqmodel.encoder.down.1.block.0.conv2.weight
  - Froze policy model parameter: model.vqmodel.encoder.down.1.block.0.conv2.bias
  - Froze policy model parameter: model.vqmodel.encoder.down.1.block.1.norm1.weight
  - Froze policy model parameter: model.vqmodel.encoder.down.1.block.1.norm1.bias
  - Froze policy model parameter: model.vqmodel.encoder.down.1.block.1.conv1.weight
  - Froze policy model parameter: model.vqmodel.encoder.down.1.block.1.conv1.bias
  - Froze policy model parameter: model.vqmodel.encoder.down.1.block.1.norm2.weight
  - Froze policy model parameter: model.vqmodel.encoder.down.1.block.1.norm2.bias
  - Froze policy model parameter: model.vqmodel.encoder.down.1.block.1.conv2.weight
  - Froze policy model parameter: model.vqmodel.encoder.down.1.block.1.conv2.bias
  - Froze policy model parameter: model.vqmodel.encoder.down.1.downsample.conv.weight
  - Froze policy model parameter: model.vqmodel.encoder.down.1.downsample.conv.bias
  - Froze policy model parameter: model.vqmodel.encoder.down.2.block.0.norm1.weight
  - Froze policy model parameter: model.vqmodel.encoder.down.2.block.0.norm1.bias
  - Froze policy model parameter: model.vqmodel.encoder.down.2.block.0.conv1.weight
  - Froze policy model parameter: model.vqmodel.encoder.down.2.block.0.conv1.bias
  - Froze policy model parameter: model.vqmodel.encoder.down.2.block.0.norm2.weight
  - Froze policy model parameter: model.vqmodel.encoder.down.2.block.0.norm2.bias
  - Froze policy model parameter: model.vqmodel.encoder.down.2.block.0.conv2.weight
  - Froze policy model parameter: model.vqmodel.encoder.down.2.block.0.conv2.bias
  - Froze policy model parameter: model.vqmodel.encoder.down.2.block.0.nin_shortcut.weight
  - Froze policy model parameter: model.vqmodel.encoder.down.2.block.0.nin_shortcut.bias
  - Froze policy model parameter: model.vqmodel.encoder.down.2.block.1.norm1.weight
  - Froze policy model parameter: model.vqmodel.encoder.down.2.block.1.norm1.bias
  - Froze policy model parameter: model.vqmodel.encoder.down.2.block.1.conv1.weight
  - Froze policy model parameter: model.vqmodel.encoder.down.2.block.1.conv1.bias
  - Froze policy model parameter: model.vqmodel.encoder.down.2.block.1.norm2.weight
  - Froze policy model parameter: model.vqmodel.encoder.down.2.block.1.norm2.bias
  - Froze policy model parameter: model.vqmodel.encoder.down.2.block.1.conv2.weight
  - Froze policy model parameter: model.vqmodel.encoder.down.2.block.1.conv2.bias
  - Froze policy model parameter: model.vqmodel.encoder.down.2.downsample.conv.weight
  - Froze policy model parameter: model.vqmodel.encoder.down.2.downsample.conv.bias
  - Froze policy model parameter: model.vqmodel.encoder.down.3.block.0.norm1.weight
  - Froze policy model parameter: model.vqmodel.encoder.down.3.block.0.norm1.bias
  - Froze policy model parameter: model.vqmodel.encoder.down.3.block.0.conv1.weight
  - Froze policy model parameter: model.vqmodel.encoder.down.3.block.0.conv1.bias
  - Froze policy model parameter: model.vqmodel.encoder.down.3.block.0.norm2.weight
  - Froze policy model parameter: model.vqmodel.encoder.down.3.block.0.norm2.bias
  - Froze policy model parameter: model.vqmodel.encoder.down.3.block.0.conv2.weight
  - Froze policy model parameter: model.vqmodel.encoder.down.3.block.0.conv2.bias
  - Froze policy model parameter: model.vqmodel.encoder.down.3.block.1.norm1.weight
  - Froze policy model parameter: model.vqmodel.encoder.down.3.block.1.norm1.bias
  - Froze policy model parameter: model.vqmodel.encoder.down.3.block.1.conv1.weight
  - Froze policy model parameter: model.vqmodel.encoder.down.3.block.1.conv1.bias
  - Froze policy model parameter: model.vqmodel.encoder.down.3.block.1.norm2.weight
  - Froze policy model parameter: model.vqmodel.encoder.down.3.block.1.norm2.bias
  - Froze policy model parameter: model.vqmodel.encoder.down.3.block.1.conv2.weight
  - Froze policy model parameter: model.vqmodel.encoder.down.3.block.1.conv2.bias
  - Froze policy model parameter: model.vqmodel.encoder.down.3.downsample.conv.weight
  - Froze policy model parameter: model.vqmodel.encoder.down.3.downsample.conv.bias
  - Froze policy model parameter: model.vqmodel.encoder.down.4.block.0.norm1.weight
  - Froze policy model parameter: model.vqmodel.encoder.down.4.block.0.norm1.bias
  - Froze policy model parameter: model.vqmodel.encoder.down.4.block.0.conv1.weight
  - Froze policy model parameter: model.vqmodel.encoder.down.4.block.0.conv1.bias
  - Froze policy model parameter: model.vqmodel.encoder.down.4.block.0.norm2.weight
  - Froze policy model parameter: model.vqmodel.encoder.down.4.block.0.norm2.bias
  - Froze policy model parameter: model.vqmodel.encoder.down.4.block.0.conv2.weight
  - Froze policy model parameter: model.vqmodel.encoder.down.4.block.0.conv2.bias
  - Froze policy model parameter: model.vqmodel.encoder.down.4.block.0.nin_shortcut.weight
  - Froze policy model parameter: model.vqmodel.encoder.down.4.block.0.nin_shortcut.bias
  - Froze policy model parameter: model.vqmodel.encoder.down.4.block.1.norm1.weight
  - Froze policy model parameter: model.vqmodel.encoder.down.4.block.1.norm1.bias
  - Froze policy model parameter: model.vqmodel.encoder.down.4.block.1.conv1.weight
  - Froze policy model parameter: model.vqmodel.encoder.down.4.block.1.conv1.bias
  - Froze policy model parameter: model.vqmodel.encoder.down.4.block.1.norm2.weight
  - Froze policy model parameter: model.vqmodel.encoder.down.4.block.1.norm2.bias
  - Froze policy model parameter: model.vqmodel.encoder.down.4.block.1.conv2.weight
  - Froze policy model parameter: model.vqmodel.encoder.down.4.block.1.conv2.bias
  - Froze policy model parameter: model.vqmodel.encoder.mid.block_1.norm1.weight
  - Froze policy model parameter: model.vqmodel.encoder.mid.block_1.norm1.bias
  - Froze policy model parameter: model.vqmodel.encoder.mid.block_1.conv1.weight
  - Froze policy model parameter: model.vqmodel.encoder.mid.block_1.conv1.bias
  - Froze policy model parameter: model.vqmodel.encoder.mid.block_1.norm2.weight
  - Froze policy model parameter: model.vqmodel.encoder.mid.block_1.norm2.bias
  - Froze policy model parameter: model.vqmodel.encoder.mid.block_1.conv2.weight
  - Froze policy model parameter: model.vqmodel.encoder.mid.block_1.conv2.bias
  - Froze policy model parameter: model.vqmodel.encoder.mid.attn_1.norm.weight
  - Froze policy model parameter: model.vqmodel.encoder.mid.attn_1.norm.bias
  - Froze policy model parameter: model.vqmodel.encoder.mid.attn_1.q.weight
  - Froze policy model parameter: model.vqmodel.encoder.mid.attn_1.q.bias
  - Froze policy model parameter: model.vqmodel.encoder.mid.attn_1.k.weight
  - Froze policy model parameter: model.vqmodel.encoder.mid.attn_1.k.bias
  - Froze policy model parameter: model.vqmodel.encoder.mid.attn_1.v.weight
  - Froze policy model parameter: model.vqmodel.encoder.mid.attn_1.v.bias
  - Froze policy model parameter: model.vqmodel.encoder.mid.attn_1.proj_out.weight
  - Froze policy model parameter: model.vqmodel.encoder.mid.attn_1.proj_out.bias
  - Froze policy model parameter: model.vqmodel.encoder.mid.block_2.norm1.weight
  - Froze policy model parameter: model.vqmodel.encoder.mid.block_2.norm1.bias
  - Froze policy model parameter: model.vqmodel.encoder.mid.block_2.conv1.weight
  - Froze policy model parameter: model.vqmodel.encoder.mid.block_2.conv1.bias
  - Froze policy model parameter: model.vqmodel.encoder.mid.block_2.norm2.weight
  - Froze policy model parameter: model.vqmodel.encoder.mid.block_2.norm2.bias
  - Froze policy model parameter: model.vqmodel.encoder.mid.block_2.conv2.weight
  - Froze policy model parameter: model.vqmodel.encoder.mid.block_2.conv2.bias
  - Froze policy model parameter: model.vqmodel.encoder.norm_out.weight
  - Froze policy model parameter: model.vqmodel.encoder.norm_out.bias
  - Froze policy model parameter: model.vqmodel.encoder.conv_out.weight
  - Froze policy model parameter: model.vqmodel.encoder.conv_out.bias
  - Froze policy model parameter: model.vqmodel.decoder.conv_in.weight
  - Froze policy model parameter: model.vqmodel.decoder.conv_in.bias
  - Froze policy model parameter: model.vqmodel.decoder.mid.block_1.norm1.weight
  - Froze policy model parameter: model.vqmodel.decoder.mid.block_1.norm1.bias
  - Froze policy model parameter: model.vqmodel.decoder.mid.block_1.conv1.weight
  - Froze policy model parameter: model.vqmodel.decoder.mid.block_1.conv1.bias
  - Froze policy model parameter: model.vqmodel.decoder.mid.block_1.norm2.weight
  - Froze policy model parameter: model.vqmodel.decoder.mid.block_1.norm2.bias
  - Froze policy model parameter: model.vqmodel.decoder.mid.block_1.conv2.weight
  - Froze policy model parameter: model.vqmodel.decoder.mid.block_1.conv2.bias
  - Froze policy model parameter: model.vqmodel.decoder.mid.attn_1.norm.weight
  - Froze policy model parameter: model.vqmodel.decoder.mid.attn_1.norm.bias
  - Froze policy model parameter: model.vqmodel.decoder.mid.attn_1.q.weight
  - Froze policy model parameter: model.vqmodel.decoder.mid.attn_1.q.bias
  - Froze policy model parameter: model.vqmodel.decoder.mid.attn_1.k.weight
  - Froze policy model parameter: model.vqmodel.decoder.mid.attn_1.k.bias
  - Froze policy model parameter: model.vqmodel.decoder.mid.attn_1.v.weight
  - Froze policy model parameter: model.vqmodel.decoder.mid.attn_1.v.bias
  - Froze policy model parameter: model.vqmodel.decoder.mid.attn_1.proj_out.weight
  - Froze policy model parameter: model.vqmodel.decoder.mid.attn_1.proj_out.bias
  - Froze policy model parameter: model.vqmodel.decoder.mid.block_2.norm1.weight
  - Froze policy model parameter: model.vqmodel.decoder.mid.block_2.norm1.bias
  - Froze policy model parameter: model.vqmodel.decoder.mid.block_2.conv1.weight
  - Froze policy model parameter: model.vqmodel.decoder.mid.block_2.conv1.bias
  - Froze policy model parameter: model.vqmodel.decoder.mid.block_2.norm2.weight
  - Froze policy model parameter: model.vqmodel.decoder.mid.block_2.norm2.bias
  - Froze policy model parameter: model.vqmodel.decoder.mid.block_2.conv2.weight
  - Froze policy model parameter: model.vqmodel.decoder.mid.block_2.conv2.bias
  - Froze policy model parameter: model.vqmodel.decoder.up.0.block.0.norm1.weight
  - Froze policy model parameter: model.vqmodel.decoder.up.0.block.0.norm1.bias
  - Froze policy model parameter: model.vqmodel.decoder.up.0.block.0.conv1.weight
  - Froze policy model parameter: model.vqmodel.decoder.up.0.block.0.conv1.bias
  - Froze policy model parameter: model.vqmodel.decoder.up.0.block.0.norm2.weight
  - Froze policy model parameter: model.vqmodel.decoder.up.0.block.0.norm2.bias
  - Froze policy model parameter: model.vqmodel.decoder.up.0.block.0.conv2.weight
  - Froze policy model parameter: model.vqmodel.decoder.up.0.block.0.conv2.bias
  - Froze policy model parameter: model.vqmodel.decoder.up.0.block.1.norm1.weight
  - Froze policy model parameter: model.vqmodel.decoder.up.0.block.1.norm1.bias
  - Froze policy model parameter: model.vqmodel.decoder.up.0.block.1.conv1.weight
  - Froze policy model parameter: model.vqmodel.decoder.up.0.block.1.conv1.bias
  - Froze policy model parameter: model.vqmodel.decoder.up.0.block.1.norm2.weight
  - Froze policy model parameter: model.vqmodel.decoder.up.0.block.1.norm2.bias
  - Froze policy model parameter: model.vqmodel.decoder.up.0.block.1.conv2.weight
  - Froze policy model parameter: model.vqmodel.decoder.up.0.block.1.conv2.bias
  - Froze policy model parameter: model.vqmodel.decoder.up.0.block.2.norm1.weight
  - Froze policy model parameter: model.vqmodel.decoder.up.0.block.2.norm1.bias
  - Froze policy model parameter: model.vqmodel.decoder.up.0.block.2.conv1.weight
  - Froze policy model parameter: model.vqmodel.decoder.up.0.block.2.conv1.bias
  - Froze policy model parameter: model.vqmodel.decoder.up.0.block.2.norm2.weight
  - Froze policy model parameter: model.vqmodel.decoder.up.0.block.2.norm2.bias
  - Froze policy model parameter: model.vqmodel.decoder.up.0.block.2.conv2.weight
  - Froze policy model parameter: model.vqmodel.decoder.up.0.block.2.conv2.bias
  - Froze policy model parameter: model.vqmodel.decoder.up.1.block.0.norm1.weight
  - Froze policy model parameter: model.vqmodel.decoder.up.1.block.0.norm1.bias
  - Froze policy model parameter: model.vqmodel.decoder.up.1.block.0.conv1.weight
  - Froze policy model parameter: model.vqmodel.decoder.up.1.block.0.conv1.bias
  - Froze policy model parameter: model.vqmodel.decoder.up.1.block.0.norm2.weight
  - Froze policy model parameter: model.vqmodel.decoder.up.1.block.0.norm2.bias
  - Froze policy model parameter: model.vqmodel.decoder.up.1.block.0.conv2.weight
  - Froze policy model parameter: model.vqmodel.decoder.up.1.block.0.conv2.bias
  - Froze policy model parameter: model.vqmodel.decoder.up.1.block.0.nin_shortcut.weight
  - Froze policy model parameter: model.vqmodel.decoder.up.1.block.0.nin_shortcut.bias
  - Froze policy model parameter: model.vqmodel.decoder.up.1.block.1.norm1.weight
  - Froze policy model parameter: model.vqmodel.decoder.up.1.block.1.norm1.bias
  - Froze policy model parameter: model.vqmodel.decoder.up.1.block.1.conv1.weight
  - Froze policy model parameter: model.vqmodel.decoder.up.1.block.1.conv1.bias
  - Froze policy model parameter: model.vqmodel.decoder.up.1.block.1.norm2.weight
  - Froze policy model parameter: model.vqmodel.decoder.up.1.block.1.norm2.bias
  - Froze policy model parameter: model.vqmodel.decoder.up.1.block.1.conv2.weight
  - Froze policy model parameter: model.vqmodel.decoder.up.1.block.1.conv2.bias
  - Froze policy model parameter: model.vqmodel.decoder.up.1.block.2.norm1.weight
  - Froze policy model parameter: model.vqmodel.decoder.up.1.block.2.norm1.bias
  - Froze policy model parameter: model.vqmodel.decoder.up.1.block.2.conv1.weight
  - Froze policy model parameter: model.vqmodel.decoder.up.1.block.2.conv1.bias
  - Froze policy model parameter: model.vqmodel.decoder.up.1.block.2.norm2.weight
  - Froze policy model parameter: model.vqmodel.decoder.up.1.block.2.norm2.bias
  - Froze policy model parameter: model.vqmodel.decoder.up.1.block.2.conv2.weight
  - Froze policy model parameter: model.vqmodel.decoder.up.1.block.2.conv2.bias
  - Froze policy model parameter: model.vqmodel.decoder.up.1.upsample.conv.weight
  - Froze policy model parameter: model.vqmodel.decoder.up.1.upsample.conv.bias
  - Froze policy model parameter: model.vqmodel.decoder.up.2.block.0.norm1.weight
  - Froze policy model parameter: model.vqmodel.decoder.up.2.block.0.norm1.bias
  - Froze policy model parameter: model.vqmodel.decoder.up.2.block.0.conv1.weight
  - Froze policy model parameter: model.vqmodel.decoder.up.2.block.0.conv1.bias
  - Froze policy model parameter: model.vqmodel.decoder.up.2.block.0.norm2.weight
  - Froze policy model parameter: model.vqmodel.decoder.up.2.block.0.norm2.bias
  - Froze policy model parameter: model.vqmodel.decoder.up.2.block.0.conv2.weight
  - Froze policy model parameter: model.vqmodel.decoder.up.2.block.0.conv2.bias
  - Froze policy model parameter: model.vqmodel.decoder.up.2.block.1.norm1.weight
  - Froze policy model parameter: model.vqmodel.decoder.up.2.block.1.norm1.bias
  - Froze policy model parameter: model.vqmodel.decoder.up.2.block.1.conv1.weight
  - Froze policy model parameter: model.vqmodel.decoder.up.2.block.1.conv1.bias
  - Froze policy model parameter: model.vqmodel.decoder.up.2.block.1.norm2.weight
  - Froze policy model parameter: model.vqmodel.decoder.up.2.block.1.norm2.bias
  - Froze policy model parameter: model.vqmodel.decoder.up.2.block.1.conv2.weight
  - Froze policy model parameter: model.vqmodel.decoder.up.2.block.1.conv2.bias
  - Froze policy model parameter: model.vqmodel.decoder.up.2.block.2.norm1.weight
  - Froze policy model parameter: model.vqmodel.decoder.up.2.block.2.norm1.bias
  - Froze policy model parameter: model.vqmodel.decoder.up.2.block.2.conv1.weight
  - Froze policy model parameter: model.vqmodel.decoder.up.2.block.2.conv1.bias
  - Froze policy model parameter: model.vqmodel.decoder.up.2.block.2.norm2.weight
  - Froze policy model parameter: model.vqmodel.decoder.up.2.block.2.norm2.bias
  - Froze policy model parameter: model.vqmodel.decoder.up.2.block.2.conv2.weight
  - Froze policy model parameter: model.vqmodel.decoder.up.2.block.2.conv2.bias
  - Froze policy model parameter: model.vqmodel.decoder.up.2.upsample.conv.weight
  - Froze policy model parameter: model.vqmodel.decoder.up.2.upsample.conv.bias
  - Froze policy model parameter: model.vqmodel.decoder.up.3.block.0.norm1.weight
  - Froze policy model parameter: model.vqmodel.decoder.up.3.block.0.norm1.bias
  - Froze policy model parameter: model.vqmodel.decoder.up.3.block.0.conv1.weight
  - Froze policy model parameter: model.vqmodel.decoder.up.3.block.0.conv1.bias
  - Froze policy model parameter: model.vqmodel.decoder.up.3.block.0.norm2.weight
  - Froze policy model parameter: model.vqmodel.decoder.up.3.block.0.norm2.bias
  - Froze policy model parameter: model.vqmodel.decoder.up.3.block.0.conv2.weight
  - Froze policy model parameter: model.vqmodel.decoder.up.3.block.0.conv2.bias
  - Froze policy model parameter: model.vqmodel.decoder.up.3.block.0.nin_shortcut.weight
  - Froze policy model parameter: model.vqmodel.decoder.up.3.block.0.nin_shortcut.bias
  - Froze policy model parameter: model.vqmodel.decoder.up.3.block.1.norm1.weight
  - Froze policy model parameter: model.vqmodel.decoder.up.3.block.1.norm1.bias
  - Froze policy model parameter: model.vqmodel.decoder.up.3.block.1.conv1.weight
  - Froze policy model parameter: model.vqmodel.decoder.up.3.block.1.conv1.bias
  - Froze policy model parameter: model.vqmodel.decoder.up.3.block.1.norm2.weight
  - Froze policy model parameter: model.vqmodel.decoder.up.3.block.1.norm2.bias
  - Froze policy model parameter: model.vqmodel.decoder.up.3.block.1.conv2.weight
  - Froze policy model parameter: model.vqmodel.decoder.up.3.block.1.conv2.bias
  - Froze policy model parameter: model.vqmodel.decoder.up.3.block.2.norm1.weight
  - Froze policy model parameter: model.vqmodel.decoder.up.3.block.2.norm1.bias
  - Froze policy model parameter: model.vqmodel.decoder.up.3.block.2.conv1.weight
  - Froze policy model parameter: model.vqmodel.decoder.up.3.block.2.conv1.bias
  - Froze policy model parameter: model.vqmodel.decoder.up.3.block.2.norm2.weight
  - Froze policy model parameter: model.vqmodel.decoder.up.3.block.2.norm2.bias
  - Froze policy model parameter: model.vqmodel.decoder.up.3.block.2.conv2.weight
  - Froze policy model parameter: model.vqmodel.decoder.up.3.block.2.conv2.bias
  - Froze policy model parameter: model.vqmodel.decoder.up.3.upsample.conv.weight
  - Froze policy model parameter: model.vqmodel.decoder.up.3.upsample.conv.bias
  - Froze policy model parameter: model.vqmodel.decoder.up.4.block.0.norm1.weight
  - Froze policy model parameter: model.vqmodel.decoder.up.4.block.0.norm1.bias
  - Froze policy model parameter: model.vqmodel.decoder.up.4.block.0.conv1.weight
  - Froze policy model parameter: model.vqmodel.decoder.up.4.block.0.conv1.bias
  - Froze policy model parameter: model.vqmodel.decoder.up.4.block.0.norm2.weight
  - Froze policy model parameter: model.vqmodel.decoder.up.4.block.0.norm2.bias
  - Froze policy model parameter: model.vqmodel.decoder.up.4.block.0.conv2.weight
  - Froze policy model parameter: model.vqmodel.decoder.up.4.block.0.conv2.bias
  - Froze policy model parameter: model.vqmodel.decoder.up.4.block.1.norm1.weight
  - Froze policy model parameter: model.vqmodel.decoder.up.4.block.1.norm1.bias
  - Froze policy model parameter: model.vqmodel.decoder.up.4.block.1.conv1.weight
  - Froze policy model parameter: model.vqmodel.decoder.up.4.block.1.conv1.bias
  - Froze policy model parameter: model.vqmodel.decoder.up.4.block.1.norm2.weight
  - Froze policy model parameter: model.vqmodel.decoder.up.4.block.1.norm2.bias
  - Froze policy model parameter: model.vqmodel.decoder.up.4.block.1.conv2.weight
  - Froze policy model parameter: model.vqmodel.decoder.up.4.block.1.conv2.bias
  - Froze policy model parameter: model.vqmodel.decoder.up.4.block.2.norm1.weight
  - Froze policy model parameter: model.vqmodel.decoder.up.4.block.2.norm1.bias
  - Froze policy model parameter: model.vqmodel.decoder.up.4.block.2.conv1.weight
  - Froze policy model parameter: model.vqmodel.decoder.up.4.block.2.conv1.bias
  - Froze policy model parameter: model.vqmodel.decoder.up.4.block.2.norm2.weight
  - Froze policy model parameter: model.vqmodel.decoder.up.4.block.2.norm2.bias
  - Froze policy model parameter: model.vqmodel.decoder.up.4.block.2.conv2.weight
  - Froze policy model parameter: model.vqmodel.decoder.up.4.block.2.conv2.bias
  - Froze policy model parameter: model.vqmodel.decoder.up.4.upsample.conv.weight
  - Froze policy model parameter: model.vqmodel.decoder.up.4.upsample.conv.bias
  - Froze policy model parameter: model.vqmodel.decoder.norm_out.weight
  - Froze policy model parameter: model.vqmodel.decoder.norm_out.bias
  - Froze policy model parameter: model.vqmodel.decoder.conv_out.weight
  - Froze policy model parameter: model.vqmodel.decoder.conv_out.bias
  - Froze policy model parameter: model.vqmodel.quantize.embedding.weight
  - Froze policy model parameter: model.vqmodel.quant_conv.weight
  - Froze policy model parameter: model.vqmodel.quant_conv.bias
  - Froze policy model parameter: model.vqmodel.post_quant_conv.weight
  - Froze policy model parameter: model.vqmodel.post_quant_conv.bias
  - Froze policy model parameter: mlp_head.time_embed.mlp.0.weight
  - Froze policy model parameter: mlp_head.time_embed.mlp.0.bias
  - Froze policy model parameter: mlp_head.time_embed.mlp.2.weight
  - Froze policy model parameter: mlp_head.time_embed.mlp.2.bias
  - Froze policy model parameter: mlp_head.cond_embed.weight
  - Froze policy model parameter: mlp_head.cond_embed.bias
  - Froze policy model parameter: mlp_head.input_proj.weight
  - Froze policy model parameter: mlp_head.input_proj.bias
  - Froze policy model parameter: mlp_head.res_blocks.0.in_ln.weight
  - Froze policy model parameter: mlp_head.res_blocks.0.in_ln.bias
  - Froze policy model parameter: mlp_head.res_blocks.0.mlp.0.weight
  - Froze policy model parameter: mlp_head.res_blocks.0.mlp.0.bias
  - Froze policy model parameter: mlp_head.res_blocks.0.mlp.2.weight
  - Froze policy model parameter: mlp_head.res_blocks.0.mlp.2.bias
  - Froze policy model parameter: mlp_head.res_blocks.0.adaLN_modulation.1.weight
  - Froze policy model parameter: mlp_head.res_blocks.0.adaLN_modulation.1.bias
  - Froze policy model parameter: mlp_head.res_blocks.1.in_ln.weight
  - Froze policy model parameter: mlp_head.res_blocks.1.in_ln.bias
  - Froze policy model parameter: mlp_head.res_blocks.1.mlp.0.weight
  - Froze policy model parameter: mlp_head.res_blocks.1.mlp.0.bias
  - Froze policy model parameter: mlp_head.res_blocks.1.mlp.2.weight
  - Froze policy model parameter: mlp_head.res_blocks.1.mlp.2.bias
  - Froze policy model parameter: mlp_head.res_blocks.1.adaLN_modulation.1.weight
  - Froze policy model parameter: mlp_head.res_blocks.1.adaLN_modulation.1.bias
  - Froze policy model parameter: mlp_head.res_blocks.2.in_ln.weight
  - Froze policy model parameter: mlp_head.res_blocks.2.in_ln.bias
  - Froze policy model parameter: mlp_head.res_blocks.2.mlp.0.weight
  - Froze policy model parameter: mlp_head.res_blocks.2.mlp.0.bias
  - Froze policy model parameter: mlp_head.res_blocks.2.mlp.2.weight
  - Froze policy model parameter: mlp_head.res_blocks.2.mlp.2.bias
  - Froze policy model parameter: mlp_head.res_blocks.2.adaLN_modulation.1.weight
  - Froze policy model parameter: mlp_head.res_blocks.2.adaLN_modulation.1.bias
  - Froze policy model parameter: mlp_head.final_layer.linear.weight
  - Froze policy model parameter: mlp_head.final_layer.linear.bias
  - Froze policy model parameter: mlp_head.final_layer.adaLN_modulation.1.weight
  - Froze policy model parameter: mlp_head.final_layer.adaLN_modulation.1.bias
Model parts frozen.
Loading checkpoint shards: 100%|██████████| 3/3 [00:00<00:00, 25.11it/s]Loading checkpoint shards: 100%|██████████| 3/3 [00:00<00:00, 25.08it/s]
Freezing non-trainable parts of the model...
  - Froze policy model parameter: model.vqmodel.encoder.conv_in.weight
  - Froze policy model parameter: model.vqmodel.encoder.conv_in.bias
  - Froze policy model parameter: model.vqmodel.encoder.down.0.block.0.norm1.weight
  - Froze policy model parameter: model.vqmodel.encoder.down.0.block.0.norm1.bias
  - Froze policy model parameter: model.vqmodel.encoder.down.0.block.0.conv1.weight
  - Froze policy model parameter: model.vqmodel.encoder.down.0.block.0.conv1.bias
  - Froze policy model parameter: model.vqmodel.encoder.down.0.block.0.norm2.weight
  - Froze policy model parameter: model.vqmodel.encoder.down.0.block.0.norm2.bias
  - Froze policy model parameter: model.vqmodel.encoder.down.0.block.0.conv2.weight
  - Froze policy model parameter: model.vqmodel.encoder.down.0.block.0.conv2.bias
  - Froze policy model parameter: model.vqmodel.encoder.down.0.block.1.norm1.weight
  - Froze policy model parameter: model.vqmodel.encoder.down.0.block.1.norm1.bias
  - Froze policy model parameter: model.vqmodel.encoder.down.0.block.1.conv1.weight
  - Froze policy model parameter: model.vqmodel.encoder.down.0.block.1.conv1.bias
  - Froze policy model parameter: model.vqmodel.encoder.down.0.block.1.norm2.weight
  - Froze policy model parameter: model.vqmodel.encoder.down.0.block.1.norm2.bias
  - Froze policy model parameter: model.vqmodel.encoder.down.0.block.1.conv2.weight
  - Froze policy model parameter: model.vqmodel.encoder.down.0.block.1.conv2.bias
  - Froze policy model parameter: model.vqmodel.encoder.down.0.downsample.conv.weight
  - Froze policy model parameter: model.vqmodel.encoder.down.0.downsample.conv.bias
  - Froze policy model parameter: model.vqmodel.encoder.down.1.block.0.norm1.weight
  - Froze policy model parameter: model.vqmodel.encoder.down.1.block.0.norm1.bias
  - Froze policy model parameter: model.vqmodel.encoder.down.1.block.0.conv1.weight
  - Froze policy model parameter: model.vqmodel.encoder.down.1.block.0.conv1.bias
  - Froze policy model parameter: model.vqmodel.encoder.down.1.block.0.norm2.weight
  - Froze policy model parameter: model.vqmodel.encoder.down.1.block.0.norm2.bias
  - Froze policy model parameter: model.vqmodel.encoder.down.1.block.0.conv2.weight
  - Froze policy model parameter: model.vqmodel.encoder.down.1.block.0.conv2.bias
  - Froze policy model parameter: model.vqmodel.encoder.down.1.block.1.norm1.weight
  - Froze policy model parameter: model.vqmodel.encoder.down.1.block.1.norm1.bias
  - Froze policy model parameter: model.vqmodel.encoder.down.1.block.1.conv1.weight
  - Froze policy model parameter: model.vqmodel.encoder.down.1.block.1.conv1.bias
  - Froze policy model parameter: model.vqmodel.encoder.down.1.block.1.norm2.weight
  - Froze policy model parameter: model.vqmodel.encoder.down.1.block.1.norm2.bias
  - Froze policy model parameter: model.vqmodel.encoder.down.1.block.1.conv2.weight
  - Froze policy model parameter: model.vqmodel.encoder.down.1.block.1.conv2.bias
  - Froze policy model parameter: model.vqmodel.encoder.down.1.downsample.conv.weight
  - Froze policy model parameter: model.vqmodel.encoder.down.1.downsample.conv.bias
  - Froze policy model parameter: model.vqmodel.encoder.down.2.block.0.norm1.weight
  - Froze policy model parameter: model.vqmodel.encoder.down.2.block.0.norm1.bias
  - Froze policy model parameter: model.vqmodel.encoder.down.2.block.0.conv1.weight
  - Froze policy model parameter: model.vqmodel.encoder.down.2.block.0.conv1.bias
  - Froze policy model parameter: model.vqmodel.encoder.down.2.block.0.norm2.weight
  - Froze policy model parameter: model.vqmodel.encoder.down.2.block.0.norm2.bias
  - Froze policy model parameter: model.vqmodel.encoder.down.2.block.0.conv2.weight
  - Froze policy model parameter: model.vqmodel.encoder.down.2.block.0.conv2.bias
  - Froze policy model parameter: model.vqmodel.encoder.down.2.block.0.nin_shortcut.weight
  - Froze policy model parameter: model.vqmodel.encoder.down.2.block.0.nin_shortcut.bias
  - Froze policy model parameter: model.vqmodel.encoder.down.2.block.1.norm1.weight
  - Froze policy model parameter: model.vqmodel.encoder.down.2.block.1.norm1.bias
  - Froze policy model parameter: model.vqmodel.encoder.down.2.block.1.conv1.weight
  - Froze policy model parameter: model.vqmodel.encoder.down.2.block.1.conv1.bias
  - Froze policy model parameter: model.vqmodel.encoder.down.2.block.1.norm2.weight
  - Froze policy model parameter: model.vqmodel.encoder.down.2.block.1.norm2.bias
  - Froze policy model parameter: model.vqmodel.encoder.down.2.block.1.conv2.weight
  - Froze policy model parameter: model.vqmodel.encoder.down.2.block.1.conv2.bias
  - Froze policy model parameter: model.vqmodel.encoder.down.2.downsample.conv.weight
  - Froze policy model parameter: model.vqmodel.encoder.down.2.downsample.conv.bias
  - Froze policy model parameter: model.vqmodel.encoder.down.3.block.0.norm1.weight
  - Froze policy model parameter: model.vqmodel.encoder.down.3.block.0.norm1.bias
  - Froze policy model parameter: model.vqmodel.encoder.down.3.block.0.conv1.weight
  - Froze policy model parameter: model.vqmodel.encoder.down.3.block.0.conv1.bias
  - Froze policy model parameter: model.vqmodel.encoder.down.3.block.0.norm2.weight
  - Froze policy model parameter: model.vqmodel.encoder.down.3.block.0.norm2.bias
  - Froze policy model parameter: model.vqmodel.encoder.down.3.block.0.conv2.weight
  - Froze policy model parameter: model.vqmodel.encoder.down.3.block.0.conv2.bias
  - Froze policy model parameter: model.vqmodel.encoder.down.3.block.1.norm1.weight
  - Froze policy model parameter: model.vqmodel.encoder.down.3.block.1.norm1.bias
  - Froze policy model parameter: model.vqmodel.encoder.down.3.block.1.conv1.weight
  - Froze policy model parameter: model.vqmodel.encoder.down.3.block.1.conv1.bias
  - Froze policy model parameter: model.vqmodel.encoder.down.3.block.1.norm2.weight
  - Froze policy model parameter: model.vqmodel.encoder.down.3.block.1.norm2.bias
  - Froze policy model parameter: model.vqmodel.encoder.down.3.block.1.conv2.weight
  - Froze policy model parameter: model.vqmodel.encoder.down.3.block.1.conv2.bias
  - Froze policy model parameter: model.vqmodel.encoder.down.3.downsample.conv.weight
  - Froze policy model parameter: model.vqmodel.encoder.down.3.downsample.conv.bias
  - Froze policy model parameter: model.vqmodel.encoder.down.4.block.0.norm1.weight
  - Froze policy model parameter: model.vqmodel.encoder.down.4.block.0.norm1.bias
  - Froze policy model parameter: model.vqmodel.encoder.down.4.block.0.conv1.weight
  - Froze policy model parameter: model.vqmodel.encoder.down.4.block.0.conv1.bias
  - Froze policy model parameter: model.vqmodel.encoder.down.4.block.0.norm2.weight
  - Froze policy model parameter: model.vqmodel.encoder.down.4.block.0.norm2.bias
  - Froze policy model parameter: model.vqmodel.encoder.down.4.block.0.conv2.weight
  - Froze policy model parameter: model.vqmodel.encoder.down.4.block.0.conv2.bias
  - Froze policy model parameter: model.vqmodel.encoder.down.4.block.0.nin_shortcut.weight
  - Froze policy model parameter: model.vqmodel.encoder.down.4.block.0.nin_shortcut.bias
  - Froze policy model parameter: model.vqmodel.encoder.down.4.block.1.norm1.weight
  - Froze policy model parameter: model.vqmodel.encoder.down.4.block.1.norm1.bias
  - Froze policy model parameter: model.vqmodel.encoder.down.4.block.1.conv1.weight
  - Froze policy model parameter: model.vqmodel.encoder.down.4.block.1.conv1.bias
  - Froze policy model parameter: model.vqmodel.encoder.down.4.block.1.norm2.weight
  - Froze policy model parameter: model.vqmodel.encoder.down.4.block.1.norm2.bias
  - Froze policy model parameter: model.vqmodel.encoder.down.4.block.1.conv2.weight
  - Froze policy model parameter: model.vqmodel.encoder.down.4.block.1.conv2.bias
  - Froze policy model parameter: model.vqmodel.encoder.mid.block_1.norm1.weight
  - Froze policy model parameter: model.vqmodel.encoder.mid.block_1.norm1.bias
  - Froze policy model parameter: model.vqmodel.encoder.mid.block_1.conv1.weight
  - Froze policy model parameter: model.vqmodel.encoder.mid.block_1.conv1.bias
  - Froze policy model parameter: model.vqmodel.encoder.mid.block_1.norm2.weight
  - Froze policy model parameter: model.vqmodel.encoder.mid.block_1.norm2.bias
  - Froze policy model parameter: model.vqmodel.encoder.mid.block_1.conv2.weight
  - Froze policy model parameter: model.vqmodel.encoder.mid.block_1.conv2.bias
  - Froze policy model parameter: model.vqmodel.encoder.mid.attn_1.norm.weight
  - Froze policy model parameter: model.vqmodel.encoder.mid.attn_1.norm.bias
  - Froze policy model parameter: model.vqmodel.encoder.mid.attn_1.q.weight
  - Froze policy model parameter: model.vqmodel.encoder.mid.attn_1.q.bias
  - Froze policy model parameter: model.vqmodel.encoder.mid.attn_1.k.weight
  - Froze policy model parameter: model.vqmodel.encoder.mid.attn_1.k.bias
  - Froze policy model parameter: model.vqmodel.encoder.mid.attn_1.v.weight
  - Froze policy model parameter: model.vqmodel.encoder.mid.attn_1.v.bias
  - Froze policy model parameter: model.vqmodel.encoder.mid.attn_1.proj_out.weight
  - Froze policy model parameter: model.vqmodel.encoder.mid.attn_1.proj_out.bias
  - Froze policy model parameter: model.vqmodel.encoder.mid.block_2.norm1.weight
  - Froze policy model parameter: model.vqmodel.encoder.mid.block_2.norm1.bias
  - Froze policy model parameter: model.vqmodel.encoder.mid.block_2.conv1.weight
  - Froze policy model parameter: model.vqmodel.encoder.mid.block_2.conv1.bias
  - Froze policy model parameter: model.vqmodel.encoder.mid.block_2.norm2.weight
  - Froze policy model parameter: model.vqmodel.encoder.mid.block_2.norm2.bias
  - Froze policy model parameter: model.vqmodel.encoder.mid.block_2.conv2.weight
  - Froze policy model parameter: model.vqmodel.encoder.mid.block_2.conv2.bias
  - Froze policy model parameter: model.vqmodel.encoder.norm_out.weight
  - Froze policy model parameter: model.vqmodel.encoder.norm_out.bias
  - Froze policy model parameter: model.vqmodel.encoder.conv_out.weight
  - Froze policy model parameter: model.vqmodel.encoder.conv_out.bias
  - Froze policy model parameter: model.vqmodel.decoder.conv_in.weight
  - Froze policy model parameter: model.vqmodel.decoder.conv_in.bias
  - Froze policy model parameter: model.vqmodel.decoder.mid.block_1.norm1.weight
  - Froze policy model parameter: model.vqmodel.decoder.mid.block_1.norm1.bias
  - Froze policy model parameter: model.vqmodel.decoder.mid.block_1.conv1.weight
  - Froze policy model parameter: model.vqmodel.decoder.mid.block_1.conv1.bias
  - Froze policy model parameter: model.vqmodel.decoder.mid.block_1.norm2.weight
  - Froze policy model parameter: model.vqmodel.decoder.mid.block_1.norm2.bias
  - Froze policy model parameter: model.vqmodel.decoder.mid.block_1.conv2.weight
  - Froze policy model parameter: model.vqmodel.decoder.mid.block_1.conv2.bias
  - Froze policy model parameter: model.vqmodel.decoder.mid.attn_1.norm.weight
  - Froze policy model parameter: model.vqmodel.decoder.mid.attn_1.norm.bias
  - Froze policy model parameter: model.vqmodel.decoder.mid.attn_1.q.weight
  - Froze policy model parameter: model.vqmodel.decoder.mid.attn_1.q.bias
  - Froze policy model parameter: model.vqmodel.decoder.mid.attn_1.k.weight
  - Froze policy model parameter: model.vqmodel.decoder.mid.attn_1.k.bias
  - Froze policy model parameter: model.vqmodel.decoder.mid.attn_1.v.weight
  - Froze policy model parameter: model.vqmodel.decoder.mid.attn_1.v.bias
  - Froze policy model parameter: model.vqmodel.decoder.mid.attn_1.proj_out.weight
  - Froze policy model parameter: model.vqmodel.decoder.mid.attn_1.proj_out.bias
  - Froze policy model parameter: model.vqmodel.decoder.mid.block_2.norm1.weight
  - Froze policy model parameter: model.vqmodel.decoder.mid.block_2.norm1.bias
  - Froze policy model parameter: model.vqmodel.decoder.mid.block_2.conv1.weight
  - Froze policy model parameter: model.vqmodel.decoder.mid.block_2.conv1.bias
  - Froze policy model parameter: model.vqmodel.decoder.mid.block_2.norm2.weight
  - Froze policy model parameter: model.vqmodel.decoder.mid.block_2.norm2.bias
  - Froze policy model parameter: model.vqmodel.decoder.mid.block_2.conv2.weight
  - Froze policy model parameter: model.vqmodel.decoder.mid.block_2.conv2.bias
  - Froze policy model parameter: model.vqmodel.decoder.up.0.block.0.norm1.weight
  - Froze policy model parameter: model.vqmodel.decoder.up.0.block.0.norm1.bias
  - Froze policy model parameter: model.vqmodel.decoder.up.0.block.0.conv1.weight
  - Froze policy model parameter: model.vqmodel.decoder.up.0.block.0.conv1.bias
  - Froze policy model parameter: model.vqmodel.decoder.up.0.block.0.norm2.weight
  - Froze policy model parameter: model.vqmodel.decoder.up.0.block.0.norm2.bias
  - Froze policy model parameter: model.vqmodel.decoder.up.0.block.0.conv2.weight
  - Froze policy model parameter: model.vqmodel.decoder.up.0.block.0.conv2.bias
  - Froze policy model parameter: model.vqmodel.decoder.up.0.block.1.norm1.weight
  - Froze policy model parameter: model.vqmodel.decoder.up.0.block.1.norm1.bias
  - Froze policy model parameter: model.vqmodel.decoder.up.0.block.1.conv1.weight
  - Froze policy model parameter: model.vqmodel.decoder.up.0.block.1.conv1.bias
  - Froze policy model parameter: model.vqmodel.decoder.up.0.block.1.norm2.weight
  - Froze policy model parameter: model.vqmodel.decoder.up.0.block.1.norm2.bias
  - Froze policy model parameter: model.vqmodel.decoder.up.0.block.1.conv2.weight
  - Froze policy model parameter: model.vqmodel.decoder.up.0.block.1.conv2.bias
  - Froze policy model parameter: model.vqmodel.decoder.up.0.block.2.norm1.weight
  - Froze policy model parameter: model.vqmodel.decoder.up.0.block.2.norm1.bias
  - Froze policy model parameter: model.vqmodel.decoder.up.0.block.2.conv1.weight
  - Froze policy model parameter: model.vqmodel.decoder.up.0.block.2.conv1.bias
  - Froze policy model parameter: model.vqmodel.decoder.up.0.block.2.norm2.weight
  - Froze policy model parameter: model.vqmodel.decoder.up.0.block.2.norm2.bias
  - Froze policy model parameter: model.vqmodel.decoder.up.0.block.2.conv2.weight
  - Froze policy model parameter: model.vqmodel.decoder.up.0.block.2.conv2.bias
  - Froze policy model parameter: model.vqmodel.decoder.up.1.block.0.norm1.weight
  - Froze policy model parameter: model.vqmodel.decoder.up.1.block.0.norm1.bias
  - Froze policy model parameter: model.vqmodel.decoder.up.1.block.0.conv1.weight
  - Froze policy model parameter: model.vqmodel.decoder.up.1.block.0.conv1.bias
  - Froze policy model parameter: model.vqmodel.decoder.up.1.block.0.norm2.weight
  - Froze policy model parameter: model.vqmodel.decoder.up.1.block.0.norm2.bias
  - Froze policy model parameter: model.vqmodel.decoder.up.1.block.0.conv2.weight
  - Froze policy model parameter: model.vqmodel.decoder.up.1.block.0.conv2.bias
  - Froze policy model parameter: model.vqmodel.decoder.up.1.block.0.nin_shortcut.weight
  - Froze policy model parameter: model.vqmodel.decoder.up.1.block.0.nin_shortcut.bias
  - Froze policy model parameter: model.vqmodel.decoder.up.1.block.1.norm1.weight
  - Froze policy model parameter: model.vqmodel.decoder.up.1.block.1.norm1.bias
  - Froze policy model parameter: model.vqmodel.decoder.up.1.block.1.conv1.weight
  - Froze policy model parameter: model.vqmodel.decoder.up.1.block.1.conv1.bias
  - Froze policy model parameter: model.vqmodel.decoder.up.1.block.1.norm2.weight
  - Froze policy model parameter: model.vqmodel.decoder.up.1.block.1.norm2.bias
  - Froze policy model parameter: model.vqmodel.decoder.up.1.block.1.conv2.weight
  - Froze policy model parameter: model.vqmodel.decoder.up.1.block.1.conv2.bias
  - Froze policy model parameter: model.vqmodel.decoder.up.1.block.2.norm1.weight
  - Froze policy model parameter: model.vqmodel.decoder.up.1.block.2.norm1.bias
  - Froze policy model parameter: model.vqmodel.decoder.up.1.block.2.conv1.weight
  - Froze policy model parameter: model.vqmodel.decoder.up.1.block.2.conv1.bias
  - Froze policy model parameter: model.vqmodel.decoder.up.1.block.2.norm2.weight
  - Froze policy model parameter: model.vqmodel.decoder.up.1.block.2.norm2.bias
  - Froze policy model parameter: model.vqmodel.decoder.up.1.block.2.conv2.weight
  - Froze policy model parameter: model.vqmodel.decoder.up.1.block.2.conv2.bias
  - Froze policy model parameter: model.vqmodel.decoder.up.1.upsample.conv.weight
  - Froze policy model parameter: model.vqmodel.decoder.up.1.upsample.conv.bias
  - Froze policy model parameter: model.vqmodel.decoder.up.2.block.0.norm1.weight
  - Froze policy model parameter: model.vqmodel.decoder.up.2.block.0.norm1.bias
  - Froze policy model parameter: model.vqmodel.decoder.up.2.block.0.conv1.weight
  - Froze policy model parameter: model.vqmodel.decoder.up.2.block.0.conv1.bias
  - Froze policy model parameter: model.vqmodel.decoder.up.2.block.0.norm2.weight
  - Froze policy model parameter: model.vqmodel.decoder.up.2.block.0.norm2.bias
  - Froze policy model parameter: model.vqmodel.decoder.up.2.block.0.conv2.weight
  - Froze policy model parameter: model.vqmodel.decoder.up.2.block.0.conv2.bias
  - Froze policy model parameter: model.vqmodel.decoder.up.2.block.1.norm1.weight
  - Froze policy model parameter: model.vqmodel.decoder.up.2.block.1.norm1.bias
  - Froze policy model parameter: model.vqmodel.decoder.up.2.block.1.conv1.weight
  - Froze policy model parameter: model.vqmodel.decoder.up.2.block.1.conv1.bias
  - Froze policy model parameter: model.vqmodel.decoder.up.2.block.1.norm2.weight
  - Froze policy model parameter: model.vqmodel.decoder.up.2.block.1.norm2.bias
  - Froze policy model parameter: model.vqmodel.decoder.up.2.block.1.conv2.weight
  - Froze policy model parameter: model.vqmodel.decoder.up.2.block.1.conv2.bias
  - Froze policy model parameter: model.vqmodel.decoder.up.2.block.2.norm1.weight
  - Froze policy model parameter: model.vqmodel.decoder.up.2.block.2.norm1.bias
  - Froze policy model parameter: model.vqmodel.decoder.up.2.block.2.conv1.weight
  - Froze policy model parameter: model.vqmodel.decoder.up.2.block.2.conv1.bias
  - Froze policy model parameter: model.vqmodel.decoder.up.2.block.2.norm2.weight
  - Froze policy model parameter: model.vqmodel.decoder.up.2.block.2.norm2.bias
  - Froze policy model parameter: model.vqmodel.decoder.up.2.block.2.conv2.weight
  - Froze policy model parameter: model.vqmodel.decoder.up.2.block.2.conv2.bias
  - Froze policy model parameter: model.vqmodel.decoder.up.2.upsample.conv.weight
  - Froze policy model parameter: model.vqmodel.decoder.up.2.upsample.conv.bias
  - Froze policy model parameter: model.vqmodel.decoder.up.3.block.0.norm1.weight
  - Froze policy model parameter: model.vqmodel.decoder.up.3.block.0.norm1.bias
  - Froze policy model parameter: model.vqmodel.decoder.up.3.block.0.conv1.weight
  - Froze policy model parameter: model.vqmodel.decoder.up.3.block.0.conv1.bias
  - Froze policy model parameter: model.vqmodel.decoder.up.3.block.0.norm2.weight
  - Froze policy model parameter: model.vqmodel.decoder.up.3.block.0.norm2.bias
  - Froze policy model parameter: model.vqmodel.decoder.up.3.block.0.conv2.weight
  - Froze policy model parameter: model.vqmodel.decoder.up.3.block.0.conv2.bias
  - Froze policy model parameter: model.vqmodel.decoder.up.3.block.0.nin_shortcut.weight
  - Froze policy model parameter: model.vqmodel.decoder.up.3.block.0.nin_shortcut.bias
  - Froze policy model parameter: model.vqmodel.decoder.up.3.block.1.norm1.weight
  - Froze policy model parameter: model.vqmodel.decoder.up.3.block.1.norm1.bias
  - Froze policy model parameter: model.vqmodel.decoder.up.3.block.1.conv1.weight
  - Froze policy model parameter: model.vqmodel.decoder.up.3.block.1.conv1.bias
  - Froze policy model parameter: model.vqmodel.decoder.up.3.block.1.norm2.weight
  - Froze policy model parameter: model.vqmodel.decoder.up.3.block.1.norm2.bias
  - Froze policy model parameter: model.vqmodel.decoder.up.3.block.1.conv2.weight
  - Froze policy model parameter: model.vqmodel.decoder.up.3.block.1.conv2.bias
  - Froze policy model parameter: model.vqmodel.decoder.up.3.block.2.norm1.weight
  - Froze policy model parameter: model.vqmodel.decoder.up.3.block.2.norm1.bias
  - Froze policy model parameter: model.vqmodel.decoder.up.3.block.2.conv1.weight
  - Froze policy model parameter: model.vqmodel.decoder.up.3.block.2.conv1.bias
  - Froze policy model parameter: model.vqmodel.decoder.up.3.block.2.norm2.weight
  - Froze policy model parameter: model.vqmodel.decoder.up.3.block.2.norm2.bias
  - Froze policy model parameter: model.vqmodel.decoder.up.3.block.2.conv2.weight
  - Froze policy model parameter: model.vqmodel.decoder.up.3.block.2.conv2.bias
  - Froze policy model parameter: model.vqmodel.decoder.up.3.upsample.conv.weight
  - Froze policy model parameter: model.vqmodel.decoder.up.3.upsample.conv.bias
  - Froze policy model parameter: model.vqmodel.decoder.up.4.block.0.norm1.weight
  - Froze policy model parameter: model.vqmodel.decoder.up.4.block.0.norm1.bias
  - Froze policy model parameter: model.vqmodel.decoder.up.4.block.0.conv1.weight
  - Froze policy model parameter: model.vqmodel.decoder.up.4.block.0.conv1.bias
  - Froze policy model parameter: model.vqmodel.decoder.up.4.block.0.norm2.weight
  - Froze policy model parameter: model.vqmodel.decoder.up.4.block.0.norm2.bias
  - Froze policy model parameter: model.vqmodel.decoder.up.4.block.0.conv2.weight
  - Froze policy model parameter: model.vqmodel.decoder.up.4.block.0.conv2.bias
  - Froze policy model parameter: model.vqmodel.decoder.up.4.block.1.norm1.weight
  - Froze policy model parameter: model.vqmodel.decoder.up.4.block.1.norm1.bias
  - Froze policy model parameter: model.vqmodel.decoder.up.4.block.1.conv1.weight
  - Froze policy model parameter: model.vqmodel.decoder.up.4.block.1.conv1.bias
  - Froze policy model parameter: model.vqmodel.decoder.up.4.block.1.norm2.weight
  - Froze policy model parameter: model.vqmodel.decoder.up.4.block.1.norm2.bias
  - Froze policy model parameter: model.vqmodel.decoder.up.4.block.1.conv2.weight
  - Froze policy model parameter: model.vqmodel.decoder.up.4.block.1.conv2.bias
  - Froze policy model parameter: model.vqmodel.decoder.up.4.block.2.norm1.weight
  - Froze policy model parameter: model.vqmodel.decoder.up.4.block.2.norm1.bias
  - Froze policy model parameter: model.vqmodel.decoder.up.4.block.2.conv1.weight
  - Froze policy model parameter: model.vqmodel.decoder.up.4.block.2.conv1.bias
  - Froze policy model parameter: model.vqmodel.decoder.up.4.block.2.norm2.weight
  - Froze policy model parameter: model.vqmodel.decoder.up.4.block.2.norm2.bias
  - Froze policy model parameter: model.vqmodel.decoder.up.4.block.2.conv2.weight
  - Froze policy model parameter: model.vqmodel.decoder.up.4.block.2.conv2.bias
  - Froze policy model parameter: model.vqmodel.decoder.up.4.upsample.conv.weight
  - Froze policy model parameter: model.vqmodel.decoder.up.4.upsample.conv.bias
  - Froze policy model parameter: model.vqmodel.decoder.norm_out.weight
  - Froze policy model parameter: model.vqmodel.decoder.norm_out.bias
  - Froze policy model parameter: model.vqmodel.decoder.conv_out.weight
  - Froze policy model parameter: model.vqmodel.decoder.conv_out.bias
  - Froze policy model parameter: model.vqmodel.quantize.embedding.weight
  - Froze policy model parameter: model.vqmodel.quant_conv.weight
  - Froze policy model parameter: model.vqmodel.quant_conv.bias
  - Froze policy model parameter: model.vqmodel.post_quant_conv.weight
  - Froze policy model parameter: model.vqmodel.post_quant_conv.bias
  - Froze policy model parameter: mlp_head.time_embed.mlp.0.weight
  - Froze policy model parameter: mlp_head.time_embed.mlp.0.bias
  - Froze policy model parameter: mlp_head.time_embed.mlp.2.weight
  - Froze policy model parameter: mlp_head.time_embed.mlp.2.bias
  - Froze policy model parameter: mlp_head.cond_embed.weight
  - Froze policy model parameter: mlp_head.cond_embed.bias
  - Froze policy model parameter: mlp_head.input_proj.weight
  - Froze policy model parameter: mlp_head.input_proj.bias
  - Froze policy model parameter: mlp_head.res_blocks.0.in_ln.weight
  - Froze policy model parameter: mlp_head.res_blocks.0.in_ln.bias
  - Froze policy model parameter: mlp_head.res_blocks.0.mlp.0.weight
  - Froze policy model parameter: mlp_head.res_blocks.0.mlp.0.bias
  - Froze policy model parameter: mlp_head.res_blocks.0.mlp.2.weight
  - Froze policy model parameter: mlp_head.res_blocks.0.mlp.2.bias
  - Froze policy model parameter: mlp_head.res_blocks.0.adaLN_modulation.1.weight
  - Froze policy model parameter: mlp_head.res_blocks.0.adaLN_modulation.1.bias
  - Froze policy model parameter: mlp_head.res_blocks.1.in_ln.weight
  - Froze policy model parameter: mlp_head.res_blocks.1.in_ln.bias
  - Froze policy model parameter: mlp_head.res_blocks.1.mlp.0.weight
  - Froze policy model parameter: mlp_head.res_blocks.1.mlp.0.bias
  - Froze policy model parameter: mlp_head.res_blocks.1.mlp.2.weight
  - Froze policy model parameter: mlp_head.res_blocks.1.mlp.2.bias
  - Froze policy model parameter: mlp_head.res_blocks.1.adaLN_modulation.1.weight
  - Froze policy model parameter: mlp_head.res_blocks.1.adaLN_modulation.1.bias
  - Froze policy model parameter: mlp_head.res_blocks.2.in_ln.weight
  - Froze policy model parameter: mlp_head.res_blocks.2.in_ln.bias
  - Froze policy model parameter: mlp_head.res_blocks.2.mlp.0.weight
  - Froze policy model parameter: mlp_head.res_blocks.2.mlp.0.bias
  - Froze policy model parameter: mlp_head.res_blocks.2.mlp.2.weight
  - Froze policy model parameter: mlp_head.res_blocks.2.mlp.2.bias
  - Froze policy model parameter: mlp_head.res_blocks.2.adaLN_modulation.1.weight
  - Froze policy model parameter: mlp_head.res_blocks.2.adaLN_modulation.1.bias
  - Froze policy model parameter: mlp_head.final_layer.linear.weight
  - Froze policy model parameter: mlp_head.final_layer.linear.bias
  - Froze policy model parameter: mlp_head.final_layer.adaLN_modulation.1.weight
  - Froze policy model parameter: mlp_head.final_layer.adaLN_modulation.1.bias
Model parts frozen.
Loading checkpoint shards: 100%|██████████| 3/3 [00:00<00:00, 25.00it/s]Loading checkpoint shards: 100%|██████████| 3/3 [00:00<00:00, 24.97it/s]
Loaded 2 reward functions: ['answer_correctness_reward', 'format_reward']
Trainer initialized.
--- [Step 3/3] Starting GRPO training... ---
Freezing non-trainable parts of the model...
  - Froze policy model parameter: model.vqmodel.encoder.conv_in.weight
  - Froze policy model parameter: model.vqmodel.encoder.conv_in.bias
  - Froze policy model parameter: model.vqmodel.encoder.down.0.block.0.norm1.weight
  - Froze policy model parameter: model.vqmodel.encoder.down.0.block.0.norm1.bias
  - Froze policy model parameter: model.vqmodel.encoder.down.0.block.0.conv1.weight
  - Froze policy model parameter: model.vqmodel.encoder.down.0.block.0.conv1.bias
  - Froze policy model parameter: model.vqmodel.encoder.down.0.block.0.norm2.weight
  - Froze policy model parameter: model.vqmodel.encoder.down.0.block.0.norm2.bias
  - Froze policy model parameter: model.vqmodel.encoder.down.0.block.0.conv2.weight
  - Froze policy model parameter: model.vqmodel.encoder.down.0.block.0.conv2.bias
  - Froze policy model parameter: model.vqmodel.encoder.down.0.block.1.norm1.weight
  - Froze policy model parameter: model.vqmodel.encoder.down.0.block.1.norm1.bias
  - Froze policy model parameter: model.vqmodel.encoder.down.0.block.1.conv1.weight
  - Froze policy model parameter: model.vqmodel.encoder.down.0.block.1.conv1.bias
  - Froze policy model parameter: model.vqmodel.encoder.down.0.block.1.norm2.weight
  - Froze policy model parameter: model.vqmodel.encoder.down.0.block.1.norm2.bias
  - Froze policy model parameter: model.vqmodel.encoder.down.0.block.1.conv2.weight
  - Froze policy model parameter: model.vqmodel.encoder.down.0.block.1.conv2.bias
  - Froze policy model parameter: model.vqmodel.encoder.down.0.downsample.conv.weight
  - Froze policy model parameter: model.vqmodel.encoder.down.0.downsample.conv.bias
  - Froze policy model parameter: model.vqmodel.encoder.down.1.block.0.norm1.weight
  - Froze policy model parameter: model.vqmodel.encoder.down.1.block.0.norm1.bias
  - Froze policy model parameter: model.vqmodel.encoder.down.1.block.0.conv1.weight
  - Froze policy model parameter: model.vqmodel.encoder.down.1.block.0.conv1.bias
  - Froze policy model parameter: model.vqmodel.encoder.down.1.block.0.norm2.weight
  - Froze policy model parameter: model.vqmodel.encoder.down.1.block.0.norm2.bias
  - Froze policy model parameter: model.vqmodel.encoder.down.1.block.0.conv2.weight
  - Froze policy model parameter: model.vqmodel.encoder.down.1.block.0.conv2.bias
  - Froze policy model parameter: model.vqmodel.encoder.down.1.block.1.norm1.weight
  - Froze policy model parameter: model.vqmodel.encoder.down.1.block.1.norm1.bias
  - Froze policy model parameter: model.vqmodel.encoder.down.1.block.1.conv1.weight
  - Froze policy model parameter: model.vqmodel.encoder.down.1.block.1.conv1.bias
  - Froze policy model parameter: model.vqmodel.encoder.down.1.block.1.norm2.weight
  - Froze policy model parameter: model.vqmodel.encoder.down.1.block.1.norm2.bias
  - Froze policy model parameter: model.vqmodel.encoder.down.1.block.1.conv2.weight
  - Froze policy model parameter: model.vqmodel.encoder.down.1.block.1.conv2.bias
  - Froze policy model parameter: model.vqmodel.encoder.down.1.downsample.conv.weight
  - Froze policy model parameter: model.vqmodel.encoder.down.1.downsample.conv.bias
  - Froze policy model parameter: model.vqmodel.encoder.down.2.block.0.norm1.weight
  - Froze policy model parameter: model.vqmodel.encoder.down.2.block.0.norm1.bias
  - Froze policy model parameter: model.vqmodel.encoder.down.2.block.0.conv1.weight
  - Froze policy model parameter: model.vqmodel.encoder.down.2.block.0.conv1.bias
  - Froze policy model parameter: model.vqmodel.encoder.down.2.block.0.norm2.weight
  - Froze policy model parameter: model.vqmodel.encoder.down.2.block.0.norm2.bias
  - Froze policy model parameter: model.vqmodel.encoder.down.2.block.0.conv2.weight
  - Froze policy model parameter: model.vqmodel.encoder.down.2.block.0.conv2.bias
  - Froze policy model parameter: model.vqmodel.encoder.down.2.block.0.nin_shortcut.weight
  - Froze policy model parameter: model.vqmodel.encoder.down.2.block.0.nin_shortcut.bias
  - Froze policy model parameter: model.vqmodel.encoder.down.2.block.1.norm1.weight
  - Froze policy model parameter: model.vqmodel.encoder.down.2.block.1.norm1.bias
  - Froze policy model parameter: model.vqmodel.encoder.down.2.block.1.conv1.weight
  - Froze policy model parameter: model.vqmodel.encoder.down.2.block.1.conv1.bias
  - Froze policy model parameter: model.vqmodel.encoder.down.2.block.1.norm2.weight
  - Froze policy model parameter: model.vqmodel.encoder.down.2.block.1.norm2.bias
  - Froze policy model parameter: model.vqmodel.encoder.down.2.block.1.conv2.weight
  - Froze policy model parameter: model.vqmodel.encoder.down.2.block.1.conv2.bias
  - Froze policy model parameter: model.vqmodel.encoder.down.2.downsample.conv.weight
  - Froze policy model parameter: model.vqmodel.encoder.down.2.downsample.conv.bias
  - Froze policy model parameter: model.vqmodel.encoder.down.3.block.0.norm1.weight
  - Froze policy model parameter: model.vqmodel.encoder.down.3.block.0.norm1.bias
  - Froze policy model parameter: model.vqmodel.encoder.down.3.block.0.conv1.weight
  - Froze policy model parameter: model.vqmodel.encoder.down.3.block.0.conv1.bias
  - Froze policy model parameter: model.vqmodel.encoder.down.3.block.0.norm2.weight
  - Froze policy model parameter: model.vqmodel.encoder.down.3.block.0.norm2.bias
  - Froze policy model parameter: model.vqmodel.encoder.down.3.block.0.conv2.weight
  - Froze policy model parameter: model.vqmodel.encoder.down.3.block.0.conv2.bias
  - Froze policy model parameter: model.vqmodel.encoder.down.3.block.1.norm1.weight
  - Froze policy model parameter: model.vqmodel.encoder.down.3.block.1.norm1.bias
  - Froze policy model parameter: model.vqmodel.encoder.down.3.block.1.conv1.weight
  - Froze policy model parameter: model.vqmodel.encoder.down.3.block.1.conv1.bias
  - Froze policy model parameter: model.vqmodel.encoder.down.3.block.1.norm2.weight
  - Froze policy model parameter: model.vqmodel.encoder.down.3.block.1.norm2.bias
  - Froze policy model parameter: model.vqmodel.encoder.down.3.block.1.conv2.weight
  - Froze policy model parameter: model.vqmodel.encoder.down.3.block.1.conv2.bias
  - Froze policy model parameter: model.vqmodel.encoder.down.3.downsample.conv.weight
  - Froze policy model parameter: model.vqmodel.encoder.down.3.downsample.conv.bias
  - Froze policy model parameter: model.vqmodel.encoder.down.4.block.0.norm1.weight
  - Froze policy model parameter: model.vqmodel.encoder.down.4.block.0.norm1.bias
  - Froze policy model parameter: model.vqmodel.encoder.down.4.block.0.conv1.weight
  - Froze policy model parameter: model.vqmodel.encoder.down.4.block.0.conv1.bias
  - Froze policy model parameter: model.vqmodel.encoder.down.4.block.0.norm2.weight
  - Froze policy model parameter: model.vqmodel.encoder.down.4.block.0.norm2.bias
  - Froze policy model parameter: model.vqmodel.encoder.down.4.block.0.conv2.weight
  - Froze policy model parameter: model.vqmodel.encoder.down.4.block.0.conv2.bias
  - Froze policy model parameter: model.vqmodel.encoder.down.4.block.0.nin_shortcut.weight
  - Froze policy model parameter: model.vqmodel.encoder.down.4.block.0.nin_shortcut.bias
  - Froze policy model parameter: model.vqmodel.encoder.down.4.block.1.norm1.weight
  - Froze policy model parameter: model.vqmodel.encoder.down.4.block.1.norm1.bias
  - Froze policy model parameter: model.vqmodel.encoder.down.4.block.1.conv1.weight
  - Froze policy model parameter: model.vqmodel.encoder.down.4.block.1.conv1.bias
  - Froze policy model parameter: model.vqmodel.encoder.down.4.block.1.norm2.weight
  - Froze policy model parameter: model.vqmodel.encoder.down.4.block.1.norm2.bias
  - Froze policy model parameter: model.vqmodel.encoder.down.4.block.1.conv2.weight
  - Froze policy model parameter: model.vqmodel.encoder.down.4.block.1.conv2.bias
  - Froze policy model parameter: model.vqmodel.encoder.mid.block_1.norm1.weight
  - Froze policy model parameter: model.vqmodel.encoder.mid.block_1.norm1.bias
  - Froze policy model parameter: model.vqmodel.encoder.mid.block_1.conv1.weight
  - Froze policy model parameter: model.vqmodel.encoder.mid.block_1.conv1.bias
  - Froze policy model parameter: model.vqmodel.encoder.mid.block_1.norm2.weight
  - Froze policy model parameter: model.vqmodel.encoder.mid.block_1.norm2.bias
  - Froze policy model parameter: model.vqmodel.encoder.mid.block_1.conv2.weight
  - Froze policy model parameter: model.vqmodel.encoder.mid.block_1.conv2.bias
  - Froze policy model parameter: model.vqmodel.encoder.mid.attn_1.norm.weight
  - Froze policy model parameter: model.vqmodel.encoder.mid.attn_1.norm.bias
  - Froze policy model parameter: model.vqmodel.encoder.mid.attn_1.q.weight
  - Froze policy model parameter: model.vqmodel.encoder.mid.attn_1.q.bias
  - Froze policy model parameter: model.vqmodel.encoder.mid.attn_1.k.weight
  - Froze policy model parameter: model.vqmodel.encoder.mid.attn_1.k.bias
  - Froze policy model parameter: model.vqmodel.encoder.mid.attn_1.v.weight
  - Froze policy model parameter: model.vqmodel.encoder.mid.attn_1.v.bias
  - Froze policy model parameter: model.vqmodel.encoder.mid.attn_1.proj_out.weight
  - Froze policy model parameter: model.vqmodel.encoder.mid.attn_1.proj_out.bias
  - Froze policy model parameter: model.vqmodel.encoder.mid.block_2.norm1.weight
  - Froze policy model parameter: model.vqmodel.encoder.mid.block_2.norm1.bias
  - Froze policy model parameter: model.vqmodel.encoder.mid.block_2.conv1.weight
  - Froze policy model parameter: model.vqmodel.encoder.mid.block_2.conv1.bias
  - Froze policy model parameter: model.vqmodel.encoder.mid.block_2.norm2.weight
  - Froze policy model parameter: model.vqmodel.encoder.mid.block_2.norm2.bias
  - Froze policy model parameter: model.vqmodel.encoder.mid.block_2.conv2.weight
  - Froze policy model parameter: model.vqmodel.encoder.mid.block_2.conv2.bias
  - Froze policy model parameter: model.vqmodel.encoder.norm_out.weight
  - Froze policy model parameter: model.vqmodel.encoder.norm_out.bias
  - Froze policy model parameter: model.vqmodel.encoder.conv_out.weight
  - Froze policy model parameter: model.vqmodel.encoder.conv_out.bias
  - Froze policy model parameter: model.vqmodel.decoder.conv_in.weight
  - Froze policy model parameter: model.vqmodel.decoder.conv_in.bias
  - Froze policy model parameter: model.vqmodel.decoder.mid.block_1.norm1.weight
  - Froze policy model parameter: model.vqmodel.decoder.mid.block_1.norm1.bias
  - Froze policy model parameter: model.vqmodel.decoder.mid.block_1.conv1.weight
  - Froze policy model parameter: model.vqmodel.decoder.mid.block_1.conv1.bias
  - Froze policy model parameter: model.vqmodel.decoder.mid.block_1.norm2.weight
  - Froze policy model parameter: model.vqmodel.decoder.mid.block_1.norm2.bias
  - Froze policy model parameter: model.vqmodel.decoder.mid.block_1.conv2.weight
  - Froze policy model parameter: model.vqmodel.decoder.mid.block_1.conv2.bias
  - Froze policy model parameter: model.vqmodel.decoder.mid.attn_1.norm.weight
  - Froze policy model parameter: model.vqmodel.decoder.mid.attn_1.norm.bias
  - Froze policy model parameter: model.vqmodel.decoder.mid.attn_1.q.weight
  - Froze policy model parameter: model.vqmodel.decoder.mid.attn_1.q.bias
  - Froze policy model parameter: model.vqmodel.decoder.mid.attn_1.k.weight
  - Froze policy model parameter: model.vqmodel.decoder.mid.attn_1.k.bias
  - Froze policy model parameter: model.vqmodel.decoder.mid.attn_1.v.weight
  - Froze policy model parameter: model.vqmodel.decoder.mid.attn_1.v.bias
  - Froze policy model parameter: model.vqmodel.decoder.mid.attn_1.proj_out.weight
  - Froze policy model parameter: model.vqmodel.decoder.mid.attn_1.proj_out.bias
  - Froze policy model parameter: model.vqmodel.decoder.mid.block_2.norm1.weight
  - Froze policy model parameter: model.vqmodel.decoder.mid.block_2.norm1.bias
  - Froze policy model parameter: model.vqmodel.decoder.mid.block_2.conv1.weight
  - Froze policy model parameter: model.vqmodel.decoder.mid.block_2.conv1.bias
  - Froze policy model parameter: model.vqmodel.decoder.mid.block_2.norm2.weight
  - Froze policy model parameter: model.vqmodel.decoder.mid.block_2.norm2.bias
  - Froze policy model parameter: model.vqmodel.decoder.mid.block_2.conv2.weight
  - Froze policy model parameter: model.vqmodel.decoder.mid.block_2.conv2.bias
  - Froze policy model parameter: model.vqmodel.decoder.up.0.block.0.norm1.weight
  - Froze policy model parameter: model.vqmodel.decoder.up.0.block.0.norm1.bias
  - Froze policy model parameter: model.vqmodel.decoder.up.0.block.0.conv1.weight
  - Froze policy model parameter: model.vqmodel.decoder.up.0.block.0.conv1.bias
  - Froze policy model parameter: model.vqmodel.decoder.up.0.block.0.norm2.weight
  - Froze policy model parameter: model.vqmodel.decoder.up.0.block.0.norm2.bias
  - Froze policy model parameter: model.vqmodel.decoder.up.0.block.0.conv2.weight
  - Froze policy model parameter: model.vqmodel.decoder.up.0.block.0.conv2.bias
  - Froze policy model parameter: model.vqmodel.decoder.up.0.block.1.norm1.weight
  - Froze policy model parameter: model.vqmodel.decoder.up.0.block.1.norm1.bias
  - Froze policy model parameter: model.vqmodel.decoder.up.0.block.1.conv1.weight
  - Froze policy model parameter: model.vqmodel.decoder.up.0.block.1.conv1.bias
  - Froze policy model parameter: model.vqmodel.decoder.up.0.block.1.norm2.weight
  - Froze policy model parameter: model.vqmodel.decoder.up.0.block.1.norm2.bias
  - Froze policy model parameter: model.vqmodel.decoder.up.0.block.1.conv2.weight
  - Froze policy model parameter: model.vqmodel.decoder.up.0.block.1.conv2.bias
  - Froze policy model parameter: model.vqmodel.decoder.up.0.block.2.norm1.weight
  - Froze policy model parameter: model.vqmodel.decoder.up.0.block.2.norm1.bias
  - Froze policy model parameter: model.vqmodel.decoder.up.0.block.2.conv1.weight
  - Froze policy model parameter: model.vqmodel.decoder.up.0.block.2.conv1.bias
  - Froze policy model parameter: model.vqmodel.decoder.up.0.block.2.norm2.weight
  - Froze policy model parameter: model.vqmodel.decoder.up.0.block.2.norm2.bias
  - Froze policy model parameter: model.vqmodel.decoder.up.0.block.2.conv2.weight
  - Froze policy model parameter: model.vqmodel.decoder.up.0.block.2.conv2.bias
  - Froze policy model parameter: model.vqmodel.decoder.up.1.block.0.norm1.weight
  - Froze policy model parameter: model.vqmodel.decoder.up.1.block.0.norm1.bias
  - Froze policy model parameter: model.vqmodel.decoder.up.1.block.0.conv1.weight
  - Froze policy model parameter: model.vqmodel.decoder.up.1.block.0.conv1.bias
  - Froze policy model parameter: model.vqmodel.decoder.up.1.block.0.norm2.weight
  - Froze policy model parameter: model.vqmodel.decoder.up.1.block.0.norm2.bias
  - Froze policy model parameter: model.vqmodel.decoder.up.1.block.0.conv2.weight
  - Froze policy model parameter: model.vqmodel.decoder.up.1.block.0.conv2.bias
  - Froze policy model parameter: model.vqmodel.decoder.up.1.block.0.nin_shortcut.weight
  - Froze policy model parameter: model.vqmodel.decoder.up.1.block.0.nin_shortcut.bias
  - Froze policy model parameter: model.vqmodel.decoder.up.1.block.1.norm1.weight
  - Froze policy model parameter: model.vqmodel.decoder.up.1.block.1.norm1.bias
  - Froze policy model parameter: model.vqmodel.decoder.up.1.block.1.conv1.weight
  - Froze policy model parameter: model.vqmodel.decoder.up.1.block.1.conv1.bias
  - Froze policy model parameter: model.vqmodel.decoder.up.1.block.1.norm2.weight
  - Froze policy model parameter: model.vqmodel.decoder.up.1.block.1.norm2.bias
  - Froze policy model parameter: model.vqmodel.decoder.up.1.block.1.conv2.weight
  - Froze policy model parameter: model.vqmodel.decoder.up.1.block.1.conv2.bias
  - Froze policy model parameter: model.vqmodel.decoder.up.1.block.2.norm1.weight
  - Froze policy model parameter: model.vqmodel.decoder.up.1.block.2.norm1.bias
  - Froze policy model parameter: model.vqmodel.decoder.up.1.block.2.conv1.weight
  - Froze policy model parameter: model.vqmodel.decoder.up.1.block.2.conv1.bias
  - Froze policy model parameter: model.vqmodel.decoder.up.1.block.2.norm2.weight
  - Froze policy model parameter: model.vqmodel.decoder.up.1.block.2.norm2.bias
  - Froze policy model parameter: model.vqmodel.decoder.up.1.block.2.conv2.weight
  - Froze policy model parameter: model.vqmodel.decoder.up.1.block.2.conv2.bias
  - Froze policy model parameter: model.vqmodel.decoder.up.1.upsample.conv.weight
  - Froze policy model parameter: model.vqmodel.decoder.up.1.upsample.conv.bias
  - Froze policy model parameter: model.vqmodel.decoder.up.2.block.0.norm1.weight
  - Froze policy model parameter: model.vqmodel.decoder.up.2.block.0.norm1.bias
  - Froze policy model parameter: model.vqmodel.decoder.up.2.block.0.conv1.weight
  - Froze policy model parameter: model.vqmodel.decoder.up.2.block.0.conv1.bias
  - Froze policy model parameter: model.vqmodel.decoder.up.2.block.0.norm2.weight
  - Froze policy model parameter: model.vqmodel.decoder.up.2.block.0.norm2.bias
  - Froze policy model parameter: model.vqmodel.decoder.up.2.block.0.conv2.weight
  - Froze policy model parameter: model.vqmodel.decoder.up.2.block.0.conv2.bias
  - Froze policy model parameter: model.vqmodel.decoder.up.2.block.1.norm1.weight
  - Froze policy model parameter: model.vqmodel.decoder.up.2.block.1.norm1.bias
  - Froze policy model parameter: model.vqmodel.decoder.up.2.block.1.conv1.weight
  - Froze policy model parameter: model.vqmodel.decoder.up.2.block.1.conv1.bias
  - Froze policy model parameter: model.vqmodel.decoder.up.2.block.1.norm2.weight
  - Froze policy model parameter: model.vqmodel.decoder.up.2.block.1.norm2.bias
  - Froze policy model parameter: model.vqmodel.decoder.up.2.block.1.conv2.weight
  - Froze policy model parameter: model.vqmodel.decoder.up.2.block.1.conv2.bias
  - Froze policy model parameter: model.vqmodel.decoder.up.2.block.2.norm1.weight
  - Froze policy model parameter: model.vqmodel.decoder.up.2.block.2.norm1.bias
  - Froze policy model parameter: model.vqmodel.decoder.up.2.block.2.conv1.weight
  - Froze policy model parameter: model.vqmodel.decoder.up.2.block.2.conv1.bias
  - Froze policy model parameter: model.vqmodel.decoder.up.2.block.2.norm2.weight
  - Froze policy model parameter: model.vqmodel.decoder.up.2.block.2.norm2.bias
  - Froze policy model parameter: model.vqmodel.decoder.up.2.block.2.conv2.weight
  - Froze policy model parameter: model.vqmodel.decoder.up.2.block.2.conv2.bias
  - Froze policy model parameter: model.vqmodel.decoder.up.2.upsample.conv.weight
  - Froze policy model parameter: model.vqmodel.decoder.up.2.upsample.conv.bias
  - Froze policy model parameter: model.vqmodel.decoder.up.3.block.0.norm1.weight
  - Froze policy model parameter: model.vqmodel.decoder.up.3.block.0.norm1.bias
  - Froze policy model parameter: model.vqmodel.decoder.up.3.block.0.conv1.weight
  - Froze policy model parameter: model.vqmodel.decoder.up.3.block.0.conv1.bias
  - Froze policy model parameter: model.vqmodel.decoder.up.3.block.0.norm2.weight
  - Froze policy model parameter: model.vqmodel.decoder.up.3.block.0.norm2.bias
  - Froze policy model parameter: model.vqmodel.decoder.up.3.block.0.conv2.weight
  - Froze policy model parameter: model.vqmodel.decoder.up.3.block.0.conv2.bias
  - Froze policy model parameter: model.vqmodel.decoder.up.3.block.0.nin_shortcut.weight
  - Froze policy model parameter: model.vqmodel.decoder.up.3.block.0.nin_shortcut.bias
  - Froze policy model parameter: model.vqmodel.decoder.up.3.block.1.norm1.weight
  - Froze policy model parameter: model.vqmodel.decoder.up.3.block.1.norm1.bias
  - Froze policy model parameter: model.vqmodel.decoder.up.3.block.1.conv1.weight
  - Froze policy model parameter: model.vqmodel.decoder.up.3.block.1.conv1.bias
  - Froze policy model parameter: model.vqmodel.decoder.up.3.block.1.norm2.weight
  - Froze policy model parameter: model.vqmodel.decoder.up.3.block.1.norm2.bias
  - Froze policy model parameter: model.vqmodel.decoder.up.3.block.1.conv2.weight
  - Froze policy model parameter: model.vqmodel.decoder.up.3.block.1.conv2.bias
  - Froze policy model parameter: model.vqmodel.decoder.up.3.block.2.norm1.weight
  - Froze policy model parameter: model.vqmodel.decoder.up.3.block.2.norm1.bias
  - Froze policy model parameter: model.vqmodel.decoder.up.3.block.2.conv1.weight
  - Froze policy model parameter: model.vqmodel.decoder.up.3.block.2.conv1.bias
  - Froze policy model parameter: model.vqmodel.decoder.up.3.block.2.norm2.weight
  - Froze policy model parameter: model.vqmodel.decoder.up.3.block.2.norm2.bias
  - Froze policy model parameter: model.vqmodel.decoder.up.3.block.2.conv2.weight
  - Froze policy model parameter: model.vqmodel.decoder.up.3.block.2.conv2.bias
  - Froze policy model parameter: model.vqmodel.decoder.up.3.upsample.conv.weight
  - Froze policy model parameter: model.vqmodel.decoder.up.3.upsample.conv.bias
  - Froze policy model parameter: model.vqmodel.decoder.up.4.block.0.norm1.weight
  - Froze policy model parameter: model.vqmodel.decoder.up.4.block.0.norm1.bias
  - Froze policy model parameter: model.vqmodel.decoder.up.4.block.0.conv1.weight
  - Froze policy model parameter: model.vqmodel.decoder.up.4.block.0.conv1.bias
  - Froze policy model parameter: model.vqmodel.decoder.up.4.block.0.norm2.weight
  - Froze policy model parameter: model.vqmodel.decoder.up.4.block.0.norm2.bias
  - Froze policy model parameter: model.vqmodel.decoder.up.4.block.0.conv2.weight
  - Froze policy model parameter: model.vqmodel.decoder.up.4.block.0.conv2.bias
  - Froze policy model parameter: model.vqmodel.decoder.up.4.block.1.norm1.weight
  - Froze policy model parameter: model.vqmodel.decoder.up.4.block.1.norm1.bias
  - Froze policy model parameter: model.vqmodel.decoder.up.4.block.1.conv1.weight
  - Froze policy model parameter: model.vqmodel.decoder.up.4.block.1.conv1.bias
  - Froze policy model parameter: model.vqmodel.decoder.up.4.block.1.norm2.weight
  - Froze policy model parameter: model.vqmodel.decoder.up.4.block.1.norm2.bias
  - Froze policy model parameter: model.vqmodel.decoder.up.4.block.1.conv2.weight
  - Froze policy model parameter: model.vqmodel.decoder.up.4.block.1.conv2.bias
  - Froze policy model parameter: model.vqmodel.decoder.up.4.block.2.norm1.weight
  - Froze policy model parameter: model.vqmodel.decoder.up.4.block.2.norm1.bias
  - Froze policy model parameter: model.vqmodel.decoder.up.4.block.2.conv1.weight
  - Froze policy model parameter: model.vqmodel.decoder.up.4.block.2.conv1.bias
  - Froze policy model parameter: model.vqmodel.decoder.up.4.block.2.norm2.weight
  - Froze policy model parameter: model.vqmodel.decoder.up.4.block.2.norm2.bias
  - Froze policy model parameter: model.vqmodel.decoder.up.4.block.2.conv2.weight
  - Froze policy model parameter: model.vqmodel.decoder.up.4.block.2.conv2.bias
  - Froze policy model parameter: model.vqmodel.decoder.up.4.upsample.conv.weight
  - Froze policy model parameter: model.vqmodel.decoder.up.4.upsample.conv.bias
  - Froze policy model parameter: model.vqmodel.decoder.norm_out.weight
  - Froze policy model parameter: model.vqmodel.decoder.norm_out.bias
  - Froze policy model parameter: model.vqmodel.decoder.conv_out.weight
  - Froze policy model parameter: model.vqmodel.decoder.conv_out.bias
  - Froze policy model parameter: model.vqmodel.quantize.embedding.weight
  - Froze policy model parameter: model.vqmodel.quant_conv.weight
  - Froze policy model parameter: model.vqmodel.quant_conv.bias
  - Froze policy model parameter: model.vqmodel.post_quant_conv.weight
  - Froze policy model parameter: model.vqmodel.post_quant_conv.bias
  - Froze policy model parameter: mlp_head.time_embed.mlp.0.weight
  - Froze policy model parameter: mlp_head.time_embed.mlp.0.bias
  - Froze policy model parameter: mlp_head.time_embed.mlp.2.weight
  - Froze policy model parameter: mlp_head.time_embed.mlp.2.bias
  - Froze policy model parameter: mlp_head.cond_embed.weight
  - Froze policy model parameter: mlp_head.cond_embed.bias
  - Froze policy model parameter: mlp_head.input_proj.weight
  - Froze policy model parameter: mlp_head.input_proj.bias
  - Froze policy model parameter: mlp_head.res_blocks.0.in_ln.weight
  - Froze policy model parameter: mlp_head.res_blocks.0.in_ln.bias
  - Froze policy model parameter: mlp_head.res_blocks.0.mlp.0.weight
  - Froze policy model parameter: mlp_head.res_blocks.0.mlp.0.bias
  - Froze policy model parameter: mlp_head.res_blocks.0.mlp.2.weight
  - Froze policy model parameter: mlp_head.res_blocks.0.mlp.2.bias
  - Froze policy model parameter: mlp_head.res_blocks.0.adaLN_modulation.1.weight
  - Froze policy model parameter: mlp_head.res_blocks.0.adaLN_modulation.1.bias
  - Froze policy model parameter: mlp_head.res_blocks.1.in_ln.weight
  - Froze policy model parameter: mlp_head.res_blocks.1.in_ln.bias
  - Froze policy model parameter: mlp_head.res_blocks.1.mlp.0.weight
  - Froze policy model parameter: mlp_head.res_blocks.1.mlp.0.bias
  - Froze policy model parameter: mlp_head.res_blocks.1.mlp.2.weight
  - Froze policy model parameter: mlp_head.res_blocks.1.mlp.2.bias
  - Froze policy model parameter: mlp_head.res_blocks.1.adaLN_modulation.1.weight
  - Froze policy model parameter: mlp_head.res_blocks.1.adaLN_modulation.1.bias
  - Froze policy model parameter: mlp_head.res_blocks.2.in_ln.weight
  - Froze policy model parameter: mlp_head.res_blocks.2.in_ln.bias
  - Froze policy model parameter: mlp_head.res_blocks.2.mlp.0.weight
  - Froze policy model parameter: mlp_head.res_blocks.2.mlp.0.bias
  - Froze policy model parameter: mlp_head.res_blocks.2.mlp.2.weight
  - Froze policy model parameter: mlp_head.res_blocks.2.mlp.2.bias
  - Froze policy model parameter: mlp_head.res_blocks.2.adaLN_modulation.1.weight
  - Froze policy model parameter: mlp_head.res_blocks.2.adaLN_modulation.1.bias
  - Froze policy model parameter: mlp_head.final_layer.linear.weight
  - Froze policy model parameter: mlp_head.final_layer.linear.bias
  - Froze policy model parameter: mlp_head.final_layer.adaLN_modulation.1.weight
  - Froze policy model parameter: mlp_head.final_layer.adaLN_modulation.1.bias
Model parts frozen.
`torch_dtype` is deprecated! Use `dtype` instead!
Loaded 2 reward functions: ['answer_correctness_reward', 'format_reward']
Trainer initialized.
--- [Step 3/3] Starting GRPO training... ---
Loading checkpoint shards: 100%|██████████| 3/3 [00:00<00:00, 25.42it/s]Loading checkpoint shards: 100%|██████████| 3/3 [00:00<00:00, 25.38it/s]
Loading checkpoint shards: 100%|██████████| 3/3 [00:00<00:00, 25.59it/s]Freezing non-trainable parts of the model...
Loading checkpoint shards: 100%|██████████| 3/3 [00:00<00:00, 25.56it/s]
  - Froze policy model parameter: model.vqmodel.encoder.conv_in.weight
  - Froze policy model parameter: model.vqmodel.encoder.conv_in.bias
  - Froze policy model parameter: model.vqmodel.encoder.down.0.block.0.norm1.weight
  - Froze policy model parameter: model.vqmodel.encoder.down.0.block.0.norm1.bias
  - Froze policy model parameter: model.vqmodel.encoder.down.0.block.0.conv1.weight
  - Froze policy model parameter: model.vqmodel.encoder.down.0.block.0.conv1.bias
  - Froze policy model parameter: model.vqmodel.encoder.down.0.block.0.norm2.weight
  - Froze policy model parameter: model.vqmodel.encoder.down.0.block.0.norm2.bias
  - Froze policy model parameter: model.vqmodel.encoder.down.0.block.0.conv2.weight
  - Froze policy model parameter: model.vqmodel.encoder.down.0.block.0.conv2.bias
  - Froze policy model parameter: model.vqmodel.encoder.down.0.block.1.norm1.weight
  - Froze policy model parameter: model.vqmodel.encoder.down.0.block.1.norm1.bias
  - Froze policy model parameter: model.vqmodel.encoder.down.0.block.1.conv1.weight
  - Froze policy model parameter: model.vqmodel.encoder.down.0.block.1.conv1.bias
  - Froze policy model parameter: model.vqmodel.encoder.down.0.block.1.norm2.weight
  - Froze policy model parameter: model.vqmodel.encoder.down.0.block.1.norm2.bias
  - Froze policy model parameter: model.vqmodel.encoder.down.0.block.1.conv2.weight
  - Froze policy model parameter: model.vqmodel.encoder.down.0.block.1.conv2.bias
  - Froze policy model parameter: model.vqmodel.encoder.down.0.downsample.conv.weight
  - Froze policy model parameter: model.vqmodel.encoder.down.0.downsample.conv.bias
  - Froze policy model parameter: model.vqmodel.encoder.down.1.block.0.norm1.weight
  - Froze policy model parameter: model.vqmodel.encoder.down.1.block.0.norm1.bias
  - Froze policy model parameter: model.vqmodel.encoder.down.1.block.0.conv1.weight
  - Froze policy model parameter: model.vqmodel.encoder.down.1.block.0.conv1.bias
  - Froze policy model parameter: model.vqmodel.encoder.down.1.block.0.norm2.weight
  - Froze policy model parameter: model.vqmodel.encoder.down.1.block.0.norm2.bias
  - Froze policy model parameter: model.vqmodel.encoder.down.1.block.0.conv2.weight
  - Froze policy model parameter: model.vqmodel.encoder.down.1.block.0.conv2.bias
  - Froze policy model parameter: model.vqmodel.encoder.down.1.block.1.norm1.weight
  - Froze policy model parameter: model.vqmodel.encoder.down.1.block.1.norm1.bias
  - Froze policy model parameter: model.vqmodel.encoder.down.1.block.1.conv1.weight
  - Froze policy model parameter: model.vqmodel.encoder.down.1.block.1.conv1.bias
  - Froze policy model parameter: model.vqmodel.encoder.down.1.block.1.norm2.weight
  - Froze policy model parameter: model.vqmodel.encoder.down.1.block.1.norm2.bias
  - Froze policy model parameter: model.vqmodel.encoder.down.1.block.1.conv2.weight
  - Froze policy model parameter: model.vqmodel.encoder.down.1.block.1.conv2.bias
  - Froze policy model parameter: model.vqmodel.encoder.down.1.downsample.conv.weight
  - Froze policy model parameter: model.vqmodel.encoder.down.1.downsample.conv.bias
  - Froze policy model parameter: model.vqmodel.encoder.down.2.block.0.norm1.weight
  - Froze policy model parameter: model.vqmodel.encoder.down.2.block.0.norm1.bias
  - Froze policy model parameter: model.vqmodel.encoder.down.2.block.0.conv1.weight
  - Froze policy model parameter: model.vqmodel.encoder.down.2.block.0.conv1.bias
  - Froze policy model parameter: model.vqmodel.encoder.down.2.block.0.norm2.weight
  - Froze policy model parameter: model.vqmodel.encoder.down.2.block.0.norm2.bias
  - Froze policy model parameter: model.vqmodel.encoder.down.2.block.0.conv2.weight
  - Froze policy model parameter: model.vqmodel.encoder.down.2.block.0.conv2.bias
  - Froze policy model parameter: model.vqmodel.encoder.down.2.block.0.nin_shortcut.weight
  - Froze policy model parameter: model.vqmodel.encoder.down.2.block.0.nin_shortcut.bias
  - Froze policy model parameter: model.vqmodel.encoder.down.2.block.1.norm1.weight
  - Froze policy model parameter: model.vqmodel.encoder.down.2.block.1.norm1.bias
  - Froze policy model parameter: model.vqmodel.encoder.down.2.block.1.conv1.weight
  - Froze policy model parameter: model.vqmodel.encoder.down.2.block.1.conv1.bias
  - Froze policy model parameter: model.vqmodel.encoder.down.2.block.1.norm2.weight
  - Froze policy model parameter: model.vqmodel.encoder.down.2.block.1.norm2.bias
  - Froze policy model parameter: model.vqmodel.encoder.down.2.block.1.conv2.weight
  - Froze policy model parameter: model.vqmodel.encoder.down.2.block.1.conv2.bias
  - Froze policy model parameter: model.vqmodel.encoder.down.2.downsample.conv.weight
  - Froze policy model parameter: model.vqmodel.encoder.down.2.downsample.conv.bias
  - Froze policy model parameter: model.vqmodel.encoder.down.3.block.0.norm1.weight
  - Froze policy model parameter: model.vqmodel.encoder.down.3.block.0.norm1.bias
  - Froze policy model parameter: model.vqmodel.encoder.down.3.block.0.conv1.weight
  - Froze policy model parameter: model.vqmodel.encoder.down.3.block.0.conv1.bias
  - Froze policy model parameter: model.vqmodel.encoder.down.3.block.0.norm2.weight
  - Froze policy model parameter: model.vqmodel.encoder.down.3.block.0.norm2.bias
  - Froze policy model parameter: model.vqmodel.encoder.down.3.block.0.conv2.weight
  - Froze policy model parameter: model.vqmodel.encoder.down.3.block.0.conv2.bias
  - Froze policy model parameter: model.vqmodel.encoder.down.3.block.1.norm1.weight
  - Froze policy model parameter: model.vqmodel.encoder.down.3.block.1.norm1.bias
  - Froze policy model parameter: model.vqmodel.encoder.down.3.block.1.conv1.weight
  - Froze policy model parameter: model.vqmodel.encoder.down.3.block.1.conv1.bias
  - Froze policy model parameter: model.vqmodel.encoder.down.3.block.1.norm2.weight
  - Froze policy model parameter: model.vqmodel.encoder.down.3.block.1.norm2.bias
  - Froze policy model parameter: model.vqmodel.encoder.down.3.block.1.conv2.weight
  - Froze policy model parameter: model.vqmodel.encoder.down.3.block.1.conv2.bias
  - Froze policy model parameter: model.vqmodel.encoder.down.3.downsample.conv.weight
  - Froze policy model parameter: model.vqmodel.encoder.down.3.downsample.conv.bias
  - Froze policy model parameter: model.vqmodel.encoder.down.4.block.0.norm1.weight
  - Froze policy model parameter: model.vqmodel.encoder.down.4.block.0.norm1.bias
  - Froze policy model parameter: model.vqmodel.encoder.down.4.block.0.conv1.weight
  - Froze policy model parameter: model.vqmodel.encoder.down.4.block.0.conv1.bias
  - Froze policy model parameter: model.vqmodel.encoder.down.4.block.0.norm2.weight
  - Froze policy model parameter: model.vqmodel.encoder.down.4.block.0.norm2.bias
  - Froze policy model parameter: model.vqmodel.encoder.down.4.block.0.conv2.weight
  - Froze policy model parameter: model.vqmodel.encoder.down.4.block.0.conv2.bias
  - Froze policy model parameter: model.vqmodel.encoder.down.4.block.0.nin_shortcut.weight
  - Froze policy model parameter: model.vqmodel.encoder.down.4.block.0.nin_shortcut.bias
  - Froze policy model parameter: model.vqmodel.encoder.down.4.block.1.norm1.weight
  - Froze policy model parameter: model.vqmodel.encoder.down.4.block.1.norm1.bias
  - Froze policy model parameter: model.vqmodel.encoder.down.4.block.1.conv1.weight
  - Froze policy model parameter: model.vqmodel.encoder.down.4.block.1.conv1.bias
  - Froze policy model parameter: model.vqmodel.encoder.down.4.block.1.norm2.weight
  - Froze policy model parameter: model.vqmodel.encoder.down.4.block.1.norm2.bias
  - Froze policy model parameter: model.vqmodel.encoder.down.4.block.1.conv2.weight
  - Froze policy model parameter: model.vqmodel.encoder.down.4.block.1.conv2.bias
  - Froze policy model parameter: model.vqmodel.encoder.mid.block_1.norm1.weight
  - Froze policy model parameter: model.vqmodel.encoder.mid.block_1.norm1.bias
  - Froze policy model parameter: model.vqmodel.encoder.mid.block_1.conv1.weight
  - Froze policy model parameter: model.vqmodel.encoder.mid.block_1.conv1.bias
  - Froze policy model parameter: model.vqmodel.encoder.mid.block_1.norm2.weight
  - Froze policy model parameter: model.vqmodel.encoder.mid.block_1.norm2.bias
  - Froze policy model parameter: model.vqmodel.encoder.mid.block_1.conv2.weight
  - Froze policy model parameter: model.vqmodel.encoder.mid.block_1.conv2.bias
  - Froze policy model parameter: model.vqmodel.encoder.mid.attn_1.norm.weight
  - Froze policy model parameter: model.vqmodel.encoder.mid.attn_1.norm.bias
  - Froze policy model parameter: model.vqmodel.encoder.mid.attn_1.q.weight
  - Froze policy model parameter: model.vqmodel.encoder.mid.attn_1.q.bias
  - Froze policy model parameter: model.vqmodel.encoder.mid.attn_1.k.weight
  - Froze policy model parameter: model.vqmodel.encoder.mid.attn_1.k.bias
  - Froze policy model parameter: model.vqmodel.encoder.mid.attn_1.v.weight
  - Froze policy model parameter: model.vqmodel.encoder.mid.attn_1.v.bias
  - Froze policy model parameter: model.vqmodel.encoder.mid.attn_1.proj_out.weight
  - Froze policy model parameter: model.vqmodel.encoder.mid.attn_1.proj_out.bias
  - Froze policy model parameter: model.vqmodel.encoder.mid.block_2.norm1.weight
  - Froze policy model parameter: model.vqmodel.encoder.mid.block_2.norm1.bias
  - Froze policy model parameter: model.vqmodel.encoder.mid.block_2.conv1.weight
  - Froze policy model parameter: model.vqmodel.encoder.mid.block_2.conv1.bias
  - Froze policy model parameter: model.vqmodel.encoder.mid.block_2.norm2.weight
  - Froze policy model parameter: model.vqmodel.encoder.mid.block_2.norm2.bias
  - Froze policy model parameter: model.vqmodel.encoder.mid.block_2.conv2.weight
  - Froze policy model parameter: model.vqmodel.encoder.mid.block_2.conv2.bias
  - Froze policy model parameter: model.vqmodel.encoder.norm_out.weight
  - Froze policy model parameter: model.vqmodel.encoder.norm_out.bias
  - Froze policy model parameter: model.vqmodel.encoder.conv_out.weight
  - Froze policy model parameter: model.vqmodel.encoder.conv_out.bias
  - Froze policy model parameter: model.vqmodel.decoder.conv_in.weight
  - Froze policy model parameter: model.vqmodel.decoder.conv_in.bias
  - Froze policy model parameter: model.vqmodel.decoder.mid.block_1.norm1.weight
  - Froze policy model parameter: model.vqmodel.decoder.mid.block_1.norm1.bias
  - Froze policy model parameter: model.vqmodel.decoder.mid.block_1.conv1.weight
  - Froze policy model parameter: model.vqmodel.decoder.mid.block_1.conv1.bias
  - Froze policy model parameter: model.vqmodel.decoder.mid.block_1.norm2.weight
  - Froze policy model parameter: model.vqmodel.decoder.mid.block_1.norm2.bias
  - Froze policy model parameter: model.vqmodel.decoder.mid.block_1.conv2.weight
  - Froze policy model parameter: model.vqmodel.decoder.mid.block_1.conv2.bias
  - Froze policy model parameter: model.vqmodel.decoder.mid.attn_1.norm.weight
  - Froze policy model parameter: model.vqmodel.decoder.mid.attn_1.norm.bias
  - Froze policy model parameter: model.vqmodel.decoder.mid.attn_1.q.weight
  - Froze policy model parameter: model.vqmodel.decoder.mid.attn_1.q.bias
  - Froze policy model parameter: model.vqmodel.decoder.mid.attn_1.k.weight
  - Froze policy model parameter: model.vqmodel.decoder.mid.attn_1.k.bias
  - Froze policy model parameter: model.vqmodel.decoder.mid.attn_1.v.weight
  - Froze policy model parameter: model.vqmodel.decoder.mid.attn_1.v.bias
  - Froze policy model parameter: model.vqmodel.decoder.mid.attn_1.proj_out.weight
  - Froze policy model parameter: model.vqmodel.decoder.mid.attn_1.proj_out.bias
  - Froze policy model parameter: model.vqmodel.decoder.mid.block_2.norm1.weight
  - Froze policy model parameter: model.vqmodel.decoder.mid.block_2.norm1.bias
  - Froze policy model parameter: model.vqmodel.decoder.mid.block_2.conv1.weight
  - Froze policy model parameter: model.vqmodel.decoder.mid.block_2.conv1.bias
  - Froze policy model parameter: model.vqmodel.decoder.mid.block_2.norm2.weight
  - Froze policy model parameter: model.vqmodel.decoder.mid.block_2.norm2.bias
  - Froze policy model parameter: model.vqmodel.decoder.mid.block_2.conv2.weight
  - Froze policy model parameter: model.vqmodel.decoder.mid.block_2.conv2.bias
  - Froze policy model parameter: model.vqmodel.decoder.up.0.block.0.norm1.weight
  - Froze policy model parameter: model.vqmodel.decoder.up.0.block.0.norm1.bias
  - Froze policy model parameter: model.vqmodel.decoder.up.0.block.0.conv1.weight
  - Froze policy model parameter: model.vqmodel.decoder.up.0.block.0.conv1.bias
  - Froze policy model parameter: model.vqmodel.decoder.up.0.block.0.norm2.weight
  - Froze policy model parameter: model.vqmodel.decoder.up.0.block.0.norm2.bias
  - Froze policy model parameter: model.vqmodel.decoder.up.0.block.0.conv2.weight
  - Froze policy model parameter: model.vqmodel.decoder.up.0.block.0.conv2.bias
  - Froze policy model parameter: model.vqmodel.decoder.up.0.block.1.norm1.weight
  - Froze policy model parameter: model.vqmodel.decoder.up.0.block.1.norm1.bias
  - Froze policy model parameter: model.vqmodel.decoder.up.0.block.1.conv1.weight
  - Froze policy model parameter: model.vqmodel.decoder.up.0.block.1.conv1.bias
  - Froze policy model parameter: model.vqmodel.decoder.up.0.block.1.norm2.weight
  - Froze policy model parameter: model.vqmodel.decoder.up.0.block.1.norm2.bias
  - Froze policy model parameter: model.vqmodel.decoder.up.0.block.1.conv2.weight
  - Froze policy model parameter: model.vqmodel.decoder.up.0.block.1.conv2.bias
  - Froze policy model parameter: model.vqmodel.decoder.up.0.block.2.norm1.weight
  - Froze policy model parameter: model.vqmodel.decoder.up.0.block.2.norm1.bias
  - Froze policy model parameter: model.vqmodel.decoder.up.0.block.2.conv1.weight
  - Froze policy model parameter: model.vqmodel.decoder.up.0.block.2.conv1.bias
  - Froze policy model parameter: model.vqmodel.decoder.up.0.block.2.norm2.weight
  - Froze policy model parameter: model.vqmodel.decoder.up.0.block.2.norm2.bias
  - Froze policy model parameter: model.vqmodel.decoder.up.0.block.2.conv2.weight
  - Froze policy model parameter: model.vqmodel.decoder.up.0.block.2.conv2.bias
  - Froze policy model parameter: model.vqmodel.decoder.up.1.block.0.norm1.weight
  - Froze policy model parameter: model.vqmodel.decoder.up.1.block.0.norm1.bias
  - Froze policy model parameter: model.vqmodel.decoder.up.1.block.0.conv1.weight
  - Froze policy model parameter: model.vqmodel.decoder.up.1.block.0.conv1.bias
  - Froze policy model parameter: model.vqmodel.decoder.up.1.block.0.norm2.weight
  - Froze policy model parameter: model.vqmodel.decoder.up.1.block.0.norm2.bias
  - Froze policy model parameter: model.vqmodel.decoder.up.1.block.0.conv2.weight
  - Froze policy model parameter: model.vqmodel.decoder.up.1.block.0.conv2.bias
  - Froze policy model parameter: model.vqmodel.decoder.up.1.block.0.nin_shortcut.weight
  - Froze policy model parameter: model.vqmodel.decoder.up.1.block.0.nin_shortcut.bias
  - Froze policy model parameter: model.vqmodel.decoder.up.1.block.1.norm1.weight
  - Froze policy model parameter: model.vqmodel.decoder.up.1.block.1.norm1.bias
  - Froze policy model parameter: model.vqmodel.decoder.up.1.block.1.conv1.weight
  - Froze policy model parameter: model.vqmodel.decoder.up.1.block.1.conv1.bias
  - Froze policy model parameter: model.vqmodel.decoder.up.1.block.1.norm2.weight
  - Froze policy model parameter: model.vqmodel.decoder.up.1.block.1.norm2.bias
  - Froze policy model parameter: model.vqmodel.decoder.up.1.block.1.conv2.weight
  - Froze policy model parameter: model.vqmodel.decoder.up.1.block.1.conv2.bias
  - Froze policy model parameter: model.vqmodel.decoder.up.1.block.2.norm1.weight
  - Froze policy model parameter: model.vqmodel.decoder.up.1.block.2.norm1.bias
  - Froze policy model parameter: model.vqmodel.decoder.up.1.block.2.conv1.weight
  - Froze policy model parameter: model.vqmodel.decoder.up.1.block.2.conv1.bias
  - Froze policy model parameter: model.vqmodel.decoder.up.1.block.2.norm2.weight
  - Froze policy model parameter: model.vqmodel.decoder.up.1.block.2.norm2.bias
  - Froze policy model parameter: model.vqmodel.decoder.up.1.block.2.conv2.weight
  - Froze policy model parameter: model.vqmodel.decoder.up.1.block.2.conv2.bias
  - Froze policy model parameter: model.vqmodel.decoder.up.1.upsample.conv.weight
  - Froze policy model parameter: model.vqmodel.decoder.up.1.upsample.conv.bias
  - Froze policy model parameter: model.vqmodel.decoder.up.2.block.0.norm1.weight
  - Froze policy model parameter: model.vqmodel.decoder.up.2.block.0.norm1.bias
  - Froze policy model parameter: model.vqmodel.decoder.up.2.block.0.conv1.weight
  - Froze policy model parameter: model.vqmodel.decoder.up.2.block.0.conv1.bias
  - Froze policy model parameter: model.vqmodel.decoder.up.2.block.0.norm2.weight
  - Froze policy model parameter: model.vqmodel.decoder.up.2.block.0.norm2.bias
  - Froze policy model parameter: model.vqmodel.decoder.up.2.block.0.conv2.weight
  - Froze policy model parameter: model.vqmodel.decoder.up.2.block.0.conv2.bias
  - Froze policy model parameter: model.vqmodel.decoder.up.2.block.1.norm1.weight
  - Froze policy model parameter: model.vqmodel.decoder.up.2.block.1.norm1.bias
  - Froze policy model parameter: model.vqmodel.decoder.up.2.block.1.conv1.weight
  - Froze policy model parameter: model.vqmodel.decoder.up.2.block.1.conv1.bias
  - Froze policy model parameter: model.vqmodel.decoder.up.2.block.1.norm2.weight
  - Froze policy model parameter: model.vqmodel.decoder.up.2.block.1.norm2.bias
  - Froze policy model parameter: model.vqmodel.decoder.up.2.block.1.conv2.weight
  - Froze policy model parameter: model.vqmodel.decoder.up.2.block.1.conv2.bias
  - Froze policy model parameter: model.vqmodel.decoder.up.2.block.2.norm1.weight
  - Froze policy model parameter: model.vqmodel.decoder.up.2.block.2.norm1.bias
  - Froze policy model parameter: model.vqmodel.decoder.up.2.block.2.conv1.weight
  - Froze policy model parameter: model.vqmodel.decoder.up.2.block.2.conv1.bias
  - Froze policy model parameter: model.vqmodel.decoder.up.2.block.2.norm2.weight
  - Froze policy model parameter: model.vqmodel.decoder.up.2.block.2.norm2.bias
  - Froze policy model parameter: model.vqmodel.decoder.up.2.block.2.conv2.weight
  - Froze policy model parameter: model.vqmodel.decoder.up.2.block.2.conv2.bias
  - Froze policy model parameter: model.vqmodel.decoder.up.2.upsample.conv.weight
  - Froze policy model parameter: model.vqmodel.decoder.up.2.upsample.conv.bias
  - Froze policy model parameter: model.vqmodel.decoder.up.3.block.0.norm1.weight
  - Froze policy model parameter: model.vqmodel.decoder.up.3.block.0.norm1.bias
  - Froze policy model parameter: model.vqmodel.decoder.up.3.block.0.conv1.weight
  - Froze policy model parameter: model.vqmodel.decoder.up.3.block.0.conv1.bias
  - Froze policy model parameter: model.vqmodel.decoder.up.3.block.0.norm2.weight
  - Froze policy model parameter: model.vqmodel.decoder.up.3.block.0.norm2.bias
  - Froze policy model parameter: model.vqmodel.decoder.up.3.block.0.conv2.weight
  - Froze policy model parameter: model.vqmodel.decoder.up.3.block.0.conv2.bias
  - Froze policy model parameter: model.vqmodel.decoder.up.3.block.0.nin_shortcut.weight
  - Froze policy model parameter: model.vqmodel.decoder.up.3.block.0.nin_shortcut.bias
  - Froze policy model parameter: model.vqmodel.decoder.up.3.block.1.norm1.weight
  - Froze policy model parameter: model.vqmodel.decoder.up.3.block.1.norm1.bias
  - Froze policy model parameter: model.vqmodel.decoder.up.3.block.1.conv1.weight
  - Froze policy model parameter: model.vqmodel.decoder.up.3.block.1.conv1.bias
  - Froze policy model parameter: model.vqmodel.decoder.up.3.block.1.norm2.weight
  - Froze policy model parameter: model.vqmodel.decoder.up.3.block.1.norm2.bias
  - Froze policy model parameter: model.vqmodel.decoder.up.3.block.1.conv2.weight
  - Froze policy model parameter: model.vqmodel.decoder.up.3.block.1.conv2.bias
  - Froze policy model parameter: model.vqmodel.decoder.up.3.block.2.norm1.weight
  - Froze policy model parameter: model.vqmodel.decoder.up.3.block.2.norm1.bias
  - Froze policy model parameter: model.vqmodel.decoder.up.3.block.2.conv1.weight
  - Froze policy model parameter: model.vqmodel.decoder.up.3.block.2.conv1.bias
  - Froze policy model parameter: model.vqmodel.decoder.up.3.block.2.norm2.weight
  - Froze policy model parameter: model.vqmodel.decoder.up.3.block.2.norm2.bias
  - Froze policy model parameter: model.vqmodel.decoder.up.3.block.2.conv2.weight
  - Froze policy model parameter: model.vqmodel.decoder.up.3.block.2.conv2.bias
  - Froze policy model parameter: model.vqmodel.decoder.up.3.upsample.conv.weight
  - Froze policy model parameter: model.vqmodel.decoder.up.3.upsample.conv.bias
  - Froze policy model parameter: model.vqmodel.decoder.up.4.block.0.norm1.weight
  - Froze policy model parameter: model.vqmodel.decoder.up.4.block.0.norm1.bias
  - Froze policy model parameter: model.vqmodel.decoder.up.4.block.0.conv1.weight
  - Froze policy model parameter: model.vqmodel.decoder.up.4.block.0.conv1.bias
  - Froze policy model parameter: model.vqmodel.decoder.up.4.block.0.norm2.weight
  - Froze policy model parameter: model.vqmodel.decoder.up.4.block.0.norm2.bias
  - Froze policy model parameter: model.vqmodel.decoder.up.4.block.0.conv2.weight
  - Froze policy model parameter: model.vqmodel.decoder.up.4.block.0.conv2.bias
  - Froze policy model parameter: model.vqmodel.decoder.up.4.block.1.norm1.weight
  - Froze policy model parameter: model.vqmodel.decoder.up.4.block.1.norm1.bias
  - Froze policy model parameter: model.vqmodel.decoder.up.4.block.1.conv1.weight
  - Froze policy model parameter: model.vqmodel.decoder.up.4.block.1.conv1.bias
  - Froze policy model parameter: model.vqmodel.decoder.up.4.block.1.norm2.weight
  - Froze policy model parameter: model.vqmodel.decoder.up.4.block.1.norm2.bias
  - Froze policy model parameter: model.vqmodel.decoder.up.4.block.1.conv2.weight
  - Froze policy model parameter: model.vqmodel.decoder.up.4.block.1.conv2.bias
  - Froze policy model parameter: model.vqmodel.decoder.up.4.block.2.norm1.weight
  - Froze policy model parameter: model.vqmodel.decoder.up.4.block.2.norm1.bias
  - Froze policy model parameter: model.vqmodel.decoder.up.4.block.2.conv1.weight
  - Froze policy model parameter: model.vqmodel.decoder.up.4.block.2.conv1.bias
  - Froze policy model parameter: model.vqmodel.decoder.up.4.block.2.norm2.weight
  - Froze policy model parameter: model.vqmodel.decoder.up.4.block.2.norm2.bias
  - Froze policy model parameter: model.vqmodel.decoder.up.4.block.2.conv2.weight
  - Froze policy model parameter: model.vqmodel.decoder.up.4.block.2.conv2.bias
  - Froze policy model parameter: model.vqmodel.decoder.up.4.upsample.conv.weight
  - Froze policy model parameter: model.vqmodel.decoder.up.4.upsample.conv.bias
  - Froze policy model parameter: model.vqmodel.decoder.norm_out.weight
  - Froze policy model parameter: model.vqmodel.decoder.norm_out.bias
  - Froze policy model parameter: model.vqmodel.decoder.conv_out.weight
  - Froze policy model parameter: model.vqmodel.decoder.conv_out.bias
  - Froze policy model parameter: model.vqmodel.quantize.embedding.weight
  - Froze policy model parameter: model.vqmodel.quant_conv.weight
  - Froze policy model parameter: model.vqmodel.quant_conv.bias
  - Froze policy model parameter: model.vqmodel.post_quant_conv.weight
  - Froze policy model parameter: model.vqmodel.post_quant_conv.bias
  - Froze policy model parameter: mlp_head.time_embed.mlp.0.weight
  - Froze policy model parameter: mlp_head.time_embed.mlp.0.bias
  - Froze policy model parameter: mlp_head.time_embed.mlp.2.weight
  - Froze policy model parameter: mlp_head.time_embed.mlp.2.bias
  - Froze policy model parameter: mlp_head.cond_embed.weight
  - Froze policy model parameter: mlp_head.cond_embed.bias
  - Froze policy model parameter: mlp_head.input_proj.weight
  - Froze policy model parameter: mlp_head.input_proj.bias
  - Froze policy model parameter: mlp_head.res_blocks.0.in_ln.weight
  - Froze policy model parameter: mlp_head.res_blocks.0.in_ln.bias
  - Froze policy model parameter: mlp_head.res_blocks.0.mlp.0.weight
  - Froze policy model parameter: mlp_head.res_blocks.0.mlp.0.bias
  - Froze policy model parameter: mlp_head.res_blocks.0.mlp.2.weight
  - Froze policy model parameter: mlp_head.res_blocks.0.mlp.2.bias
  - Froze policy model parameter: mlp_head.res_blocks.0.adaLN_modulation.1.weight
  - Froze policy model parameter: mlp_head.res_blocks.0.adaLN_modulation.1.bias
  - Froze policy model parameter: mlp_head.res_blocks.1.in_ln.weight
  - Froze policy model parameter: mlp_head.res_blocks.1.in_ln.biasLoaded 2 reward functions: ['answer_correctness_reward', 'format_reward']
  - Froze policy model parameter: mlp_head.res_blocks.1.mlp.0.weight

  - Froze policy model parameter: mlp_head.res_blocks.1.mlp.0.bias
  - Froze policy model parameter: mlp_head.res_blocks.1.mlp.2.weight
  - Froze policy model parameter: mlp_head.res_blocks.1.mlp.2.biasTrainer initialized.

--- [Step 3/3] Starting GRPO training... ---  - Froze policy model parameter: mlp_head.res_blocks.1.adaLN_modulation.1.weight

  - Froze policy model parameter: mlp_head.res_blocks.1.adaLN_modulation.1.bias
  - Froze policy model parameter: mlp_head.res_blocks.2.in_ln.weight
  - Froze policy model parameter: mlp_head.res_blocks.2.in_ln.bias
  - Froze policy model parameter: mlp_head.res_blocks.2.mlp.0.weight
  - Froze policy model parameter: mlp_head.res_blocks.2.mlp.0.bias
  - Froze policy model parameter: mlp_head.res_blocks.2.mlp.2.weight
  - Froze policy model parameter: mlp_head.res_blocks.2.mlp.2.bias
  - Froze policy model parameter: mlp_head.res_blocks.2.adaLN_modulation.1.weight
  - Froze policy model parameter: mlp_head.res_blocks.2.adaLN_modulation.1.bias
  - Froze policy model parameter: mlp_head.final_layer.linear.weight
  - Froze policy model parameter: mlp_head.final_layer.linear.bias
  - Froze policy model parameter: mlp_head.final_layer.adaLN_modulation.1.weight
  - Froze policy model parameter: mlp_head.final_layer.adaLN_modulation.1.bias
Model parts frozen.
Freezing non-trainable parts of the model...
  - Froze policy model parameter: model.vqmodel.encoder.conv_in.weight
  - Froze policy model parameter: model.vqmodel.encoder.conv_in.bias
  - Froze policy model parameter: model.vqmodel.encoder.down.0.block.0.norm1.weight
  - Froze policy model parameter: model.vqmodel.encoder.down.0.block.0.norm1.bias
  - Froze policy model parameter: model.vqmodel.encoder.down.0.block.0.conv1.weight
  - Froze policy model parameter: model.vqmodel.encoder.down.0.block.0.conv1.bias
  - Froze policy model parameter: model.vqmodel.encoder.down.0.block.0.norm2.weight
  - Froze policy model parameter: model.vqmodel.encoder.down.0.block.0.norm2.bias
  - Froze policy model parameter: model.vqmodel.encoder.down.0.block.0.conv2.weight
  - Froze policy model parameter: model.vqmodel.encoder.down.0.block.0.conv2.bias
  - Froze policy model parameter: model.vqmodel.encoder.down.0.block.1.norm1.weight
  - Froze policy model parameter: model.vqmodel.encoder.down.0.block.1.norm1.bias
  - Froze policy model parameter: model.vqmodel.encoder.down.0.block.1.conv1.weight
  - Froze policy model parameter: model.vqmodel.encoder.down.0.block.1.conv1.bias
  - Froze policy model parameter: model.vqmodel.encoder.down.0.block.1.norm2.weight
  - Froze policy model parameter: model.vqmodel.encoder.down.0.block.1.norm2.bias
  - Froze policy model parameter: model.vqmodel.encoder.down.0.block.1.conv2.weight
  - Froze policy model parameter: model.vqmodel.encoder.down.0.block.1.conv2.bias
  - Froze policy model parameter: model.vqmodel.encoder.down.0.downsample.conv.weight
  - Froze policy model parameter: model.vqmodel.encoder.down.0.downsample.conv.bias
  - Froze policy model parameter: model.vqmodel.encoder.down.1.block.0.norm1.weight
  - Froze policy model parameter: model.vqmodel.encoder.down.1.block.0.norm1.bias
  - Froze policy model parameter: model.vqmodel.encoder.down.1.block.0.conv1.weight
  - Froze policy model parameter: model.vqmodel.encoder.down.1.block.0.conv1.bias
  - Froze policy model parameter: model.vqmodel.encoder.down.1.block.0.norm2.weight
  - Froze policy model parameter: model.vqmodel.encoder.down.1.block.0.norm2.bias
  - Froze policy model parameter: model.vqmodel.encoder.down.1.block.0.conv2.weight
  - Froze policy model parameter: model.vqmodel.encoder.down.1.block.0.conv2.bias
  - Froze policy model parameter: model.vqmodel.encoder.down.1.block.1.norm1.weight
  - Froze policy model parameter: model.vqmodel.encoder.down.1.block.1.norm1.bias
  - Froze policy model parameter: model.vqmodel.encoder.down.1.block.1.conv1.weight
  - Froze policy model parameter: model.vqmodel.encoder.down.1.block.1.conv1.bias
  - Froze policy model parameter: model.vqmodel.encoder.down.1.block.1.norm2.weight
  - Froze policy model parameter: model.vqmodel.encoder.down.1.block.1.norm2.bias
  - Froze policy model parameter: model.vqmodel.encoder.down.1.block.1.conv2.weight
  - Froze policy model parameter: model.vqmodel.encoder.down.1.block.1.conv2.bias
  - Froze policy model parameter: model.vqmodel.encoder.down.1.downsample.conv.weight
  - Froze policy model parameter: model.vqmodel.encoder.down.1.downsample.conv.bias
  - Froze policy model parameter: model.vqmodel.encoder.down.2.block.0.norm1.weight
  - Froze policy model parameter: model.vqmodel.encoder.down.2.block.0.norm1.bias
  - Froze policy model parameter: model.vqmodel.encoder.down.2.block.0.conv1.weight
  - Froze policy model parameter: model.vqmodel.encoder.down.2.block.0.conv1.bias
  - Froze policy model parameter: model.vqmodel.encoder.down.2.block.0.norm2.weight
  - Froze policy model parameter: model.vqmodel.encoder.down.2.block.0.norm2.bias
  - Froze policy model parameter: model.vqmodel.encoder.down.2.block.0.conv2.weight
  - Froze policy model parameter: model.vqmodel.encoder.down.2.block.0.conv2.bias
  - Froze policy model parameter: model.vqmodel.encoder.down.2.block.0.nin_shortcut.weight
  - Froze policy model parameter: model.vqmodel.encoder.down.2.block.0.nin_shortcut.bias
  - Froze policy model parameter: model.vqmodel.encoder.down.2.block.1.norm1.weight
  - Froze policy model parameter: model.vqmodel.encoder.down.2.block.1.norm1.bias
  - Froze policy model parameter: model.vqmodel.encoder.down.2.block.1.conv1.weight
  - Froze policy model parameter: model.vqmodel.encoder.down.2.block.1.conv1.bias
  - Froze policy model parameter: model.vqmodel.encoder.down.2.block.1.norm2.weight
  - Froze policy model parameter: model.vqmodel.encoder.down.2.block.1.norm2.bias
  - Froze policy model parameter: model.vqmodel.encoder.down.2.block.1.conv2.weight
  - Froze policy model parameter: model.vqmodel.encoder.down.2.block.1.conv2.bias
  - Froze policy model parameter: model.vqmodel.encoder.down.2.downsample.conv.weight
  - Froze policy model parameter: model.vqmodel.encoder.down.2.downsample.conv.bias
  - Froze policy model parameter: model.vqmodel.encoder.down.3.block.0.norm1.weight
  - Froze policy model parameter: model.vqmodel.encoder.down.3.block.0.norm1.bias
  - Froze policy model parameter: model.vqmodel.encoder.down.3.block.0.conv1.weight
  - Froze policy model parameter: model.vqmodel.encoder.down.3.block.0.conv1.bias
  - Froze policy model parameter: model.vqmodel.encoder.down.3.block.0.norm2.weight
  - Froze policy model parameter: model.vqmodel.encoder.down.3.block.0.norm2.bias
  - Froze policy model parameter: model.vqmodel.encoder.down.3.block.0.conv2.weight
  - Froze policy model parameter: model.vqmodel.encoder.down.3.block.0.conv2.bias
  - Froze policy model parameter: model.vqmodel.encoder.down.3.block.1.norm1.weight
  - Froze policy model parameter: model.vqmodel.encoder.down.3.block.1.norm1.bias
  - Froze policy model parameter: model.vqmodel.encoder.down.3.block.1.conv1.weight
  - Froze policy model parameter: model.vqmodel.encoder.down.3.block.1.conv1.bias
  - Froze policy model parameter: model.vqmodel.encoder.down.3.block.1.norm2.weight
  - Froze policy model parameter: model.vqmodel.encoder.down.3.block.1.norm2.bias
  - Froze policy model parameter: model.vqmodel.encoder.down.3.block.1.conv2.weight
  - Froze policy model parameter: model.vqmodel.encoder.down.3.block.1.conv2.bias
  - Froze policy model parameter: model.vqmodel.encoder.down.3.downsample.conv.weight
  - Froze policy model parameter: model.vqmodel.encoder.down.3.downsample.conv.bias
  - Froze policy model parameter: model.vqmodel.encoder.down.4.block.0.norm1.weight
  - Froze policy model parameter: model.vqmodel.encoder.down.4.block.0.norm1.bias
  - Froze policy model parameter: model.vqmodel.encoder.down.4.block.0.conv1.weight
  - Froze policy model parameter: model.vqmodel.encoder.down.4.block.0.conv1.bias
  - Froze policy model parameter: model.vqmodel.encoder.down.4.block.0.norm2.weight
  - Froze policy model parameter: model.vqmodel.encoder.down.4.block.0.norm2.bias
  - Froze policy model parameter: model.vqmodel.encoder.down.4.block.0.conv2.weight
  - Froze policy model parameter: model.vqmodel.encoder.down.4.block.0.conv2.bias
  - Froze policy model parameter: model.vqmodel.encoder.down.4.block.0.nin_shortcut.weight
  - Froze policy model parameter: model.vqmodel.encoder.down.4.block.0.nin_shortcut.bias
  - Froze policy model parameter: model.vqmodel.encoder.down.4.block.1.norm1.weight
  - Froze policy model parameter: model.vqmodel.encoder.down.4.block.1.norm1.bias
  - Froze policy model parameter: model.vqmodel.encoder.down.4.block.1.conv1.weight
  - Froze policy model parameter: model.vqmodel.encoder.down.4.block.1.conv1.bias
  - Froze policy model parameter: model.vqmodel.encoder.down.4.block.1.norm2.weight
  - Froze policy model parameter: model.vqmodel.encoder.down.4.block.1.norm2.bias
  - Froze policy model parameter: model.vqmodel.encoder.down.4.block.1.conv2.weight
  - Froze policy model parameter: model.vqmodel.encoder.down.4.block.1.conv2.bias
  - Froze policy model parameter: model.vqmodel.encoder.mid.block_1.norm1.weight
  - Froze policy model parameter: model.vqmodel.encoder.mid.block_1.norm1.bias
  - Froze policy model parameter: model.vqmodel.encoder.mid.block_1.conv1.weight
  - Froze policy model parameter: model.vqmodel.encoder.mid.block_1.conv1.bias
  - Froze policy model parameter: model.vqmodel.encoder.mid.block_1.norm2.weight
  - Froze policy model parameter: model.vqmodel.encoder.mid.block_1.norm2.bias
  - Froze policy model parameter: model.vqmodel.encoder.mid.block_1.conv2.weight
  - Froze policy model parameter: model.vqmodel.encoder.mid.block_1.conv2.bias
  - Froze policy model parameter: model.vqmodel.encoder.mid.attn_1.norm.weight
  - Froze policy model parameter: model.vqmodel.encoder.mid.attn_1.norm.bias
  - Froze policy model parameter: model.vqmodel.encoder.mid.attn_1.q.weight
  - Froze policy model parameter: model.vqmodel.encoder.mid.attn_1.q.bias
  - Froze policy model parameter: model.vqmodel.encoder.mid.attn_1.k.weight
  - Froze policy model parameter: model.vqmodel.encoder.mid.attn_1.k.bias
  - Froze policy model parameter: model.vqmodel.encoder.mid.attn_1.v.weight
  - Froze policy model parameter: model.vqmodel.encoder.mid.attn_1.v.bias
  - Froze policy model parameter: model.vqmodel.encoder.mid.attn_1.proj_out.weight
  - Froze policy model parameter: model.vqmodel.encoder.mid.attn_1.proj_out.bias
  - Froze policy model parameter: model.vqmodel.encoder.mid.block_2.norm1.weight
  - Froze policy model parameter: model.vqmodel.encoder.mid.block_2.norm1.bias
  - Froze policy model parameter: model.vqmodel.encoder.mid.block_2.conv1.weight
  - Froze policy model parameter: model.vqmodel.encoder.mid.block_2.conv1.bias
  - Froze policy model parameter: model.vqmodel.encoder.mid.block_2.norm2.weight
  - Froze policy model parameter: model.vqmodel.encoder.mid.block_2.norm2.bias
  - Froze policy model parameter: model.vqmodel.encoder.mid.block_2.conv2.weight
  - Froze policy model parameter: model.vqmodel.encoder.mid.block_2.conv2.bias
  - Froze policy model parameter: model.vqmodel.encoder.norm_out.weight
  - Froze policy model parameter: model.vqmodel.encoder.norm_out.bias
  - Froze policy model parameter: model.vqmodel.encoder.conv_out.weight
  - Froze policy model parameter: model.vqmodel.encoder.conv_out.bias
  - Froze policy model parameter: model.vqmodel.decoder.conv_in.weight
  - Froze policy model parameter: model.vqmodel.decoder.conv_in.bias
  - Froze policy model parameter: model.vqmodel.decoder.mid.block_1.norm1.weight
  - Froze policy model parameter: model.vqmodel.decoder.mid.block_1.norm1.bias
  - Froze policy model parameter: model.vqmodel.decoder.mid.block_1.conv1.weight
  - Froze policy model parameter: model.vqmodel.decoder.mid.block_1.conv1.bias
  - Froze policy model parameter: model.vqmodel.decoder.mid.block_1.norm2.weight
  - Froze policy model parameter: model.vqmodel.decoder.mid.block_1.norm2.bias
  - Froze policy model parameter: model.vqmodel.decoder.mid.block_1.conv2.weight
  - Froze policy model parameter: model.vqmodel.decoder.mid.block_1.conv2.bias
  - Froze policy model parameter: model.vqmodel.decoder.mid.attn_1.norm.weight
  - Froze policy model parameter: model.vqmodel.decoder.mid.attn_1.norm.bias
  - Froze policy model parameter: model.vqmodel.decoder.mid.attn_1.q.weight
  - Froze policy model parameter: model.vqmodel.decoder.mid.attn_1.q.bias
  - Froze policy model parameter: model.vqmodel.decoder.mid.attn_1.k.weight
  - Froze policy model parameter: model.vqmodel.decoder.mid.attn_1.k.bias
  - Froze policy model parameter: model.vqmodel.decoder.mid.attn_1.v.weight
  - Froze policy model parameter: model.vqmodel.decoder.mid.attn_1.v.bias
  - Froze policy model parameter: model.vqmodel.decoder.mid.attn_1.proj_out.weight
  - Froze policy model parameter: model.vqmodel.decoder.mid.attn_1.proj_out.bias
  - Froze policy model parameter: model.vqmodel.decoder.mid.block_2.norm1.weight
  - Froze policy model parameter: model.vqmodel.decoder.mid.block_2.norm1.bias
  - Froze policy model parameter: model.vqmodel.decoder.mid.block_2.conv1.weight
  - Froze policy model parameter: model.vqmodel.decoder.mid.block_2.conv1.bias
  - Froze policy model parameter: model.vqmodel.decoder.mid.block_2.norm2.weight
  - Froze policy model parameter: model.vqmodel.decoder.mid.block_2.norm2.bias
  - Froze policy model parameter: model.vqmodel.decoder.mid.block_2.conv2.weight
  - Froze policy model parameter: model.vqmodel.decoder.mid.block_2.conv2.bias
  - Froze policy model parameter: model.vqmodel.decoder.up.0.block.0.norm1.weight
  - Froze policy model parameter: model.vqmodel.decoder.up.0.block.0.norm1.bias
  - Froze policy model parameter: model.vqmodel.decoder.up.0.block.0.conv1.weight
  - Froze policy model parameter: model.vqmodel.decoder.up.0.block.0.conv1.bias
  - Froze policy model parameter: model.vqmodel.decoder.up.0.block.0.norm2.weight
  - Froze policy model parameter: model.vqmodel.decoder.up.0.block.0.norm2.bias
  - Froze policy model parameter: model.vqmodel.decoder.up.0.block.0.conv2.weight
  - Froze policy model parameter: model.vqmodel.decoder.up.0.block.0.conv2.bias
  - Froze policy model parameter: model.vqmodel.decoder.up.0.block.1.norm1.weight
  - Froze policy model parameter: model.vqmodel.decoder.up.0.block.1.norm1.bias
  - Froze policy model parameter: model.vqmodel.decoder.up.0.block.1.conv1.weight
  - Froze policy model parameter: model.vqmodel.decoder.up.0.block.1.conv1.bias
  - Froze policy model parameter: model.vqmodel.decoder.up.0.block.1.norm2.weight
  - Froze policy model parameter: model.vqmodel.decoder.up.0.block.1.norm2.bias
  - Froze policy model parameter: model.vqmodel.decoder.up.0.block.1.conv2.weight
  - Froze policy model parameter: model.vqmodel.decoder.up.0.block.1.conv2.bias
  - Froze policy model parameter: model.vqmodel.decoder.up.0.block.2.norm1.weight
  - Froze policy model parameter: model.vqmodel.decoder.up.0.block.2.norm1.bias
  - Froze policy model parameter: model.vqmodel.decoder.up.0.block.2.conv1.weight
  - Froze policy model parameter: model.vqmodel.decoder.up.0.block.2.conv1.bias
  - Froze policy model parameter: model.vqmodel.decoder.up.0.block.2.norm2.weight
  - Froze policy model parameter: model.vqmodel.decoder.up.0.block.2.norm2.bias
  - Froze policy model parameter: model.vqmodel.decoder.up.0.block.2.conv2.weight
  - Froze policy model parameter: model.vqmodel.decoder.up.0.block.2.conv2.bias
  - Froze policy model parameter: model.vqmodel.decoder.up.1.block.0.norm1.weight
  - Froze policy model parameter: model.vqmodel.decoder.up.1.block.0.norm1.bias
  - Froze policy model parameter: model.vqmodel.decoder.up.1.block.0.conv1.weight
  - Froze policy model parameter: model.vqmodel.decoder.up.1.block.0.conv1.bias
  - Froze policy model parameter: model.vqmodel.decoder.up.1.block.0.norm2.weight
  - Froze policy model parameter: model.vqmodel.decoder.up.1.block.0.norm2.bias
  - Froze policy model parameter: model.vqmodel.decoder.up.1.block.0.conv2.weight
  - Froze policy model parameter: model.vqmodel.decoder.up.1.block.0.conv2.bias
  - Froze policy model parameter: model.vqmodel.decoder.up.1.block.0.nin_shortcut.weight
  - Froze policy model parameter: model.vqmodel.decoder.up.1.block.0.nin_shortcut.bias
  - Froze policy model parameter: model.vqmodel.decoder.up.1.block.1.norm1.weight
  - Froze policy model parameter: model.vqmodel.decoder.up.1.block.1.norm1.bias
  - Froze policy model parameter: model.vqmodel.decoder.up.1.block.1.conv1.weight
  - Froze policy model parameter: model.vqmodel.decoder.up.1.block.1.conv1.bias
  - Froze policy model parameter: model.vqmodel.decoder.up.1.block.1.norm2.weight
  - Froze policy model parameter: model.vqmodel.decoder.up.1.block.1.norm2.bias
  - Froze policy model parameter: model.vqmodel.decoder.up.1.block.1.conv2.weight
  - Froze policy model parameter: model.vqmodel.decoder.up.1.block.1.conv2.bias
  - Froze policy model parameter: model.vqmodel.decoder.up.1.block.2.norm1.weight
  - Froze policy model parameter: model.vqmodel.decoder.up.1.block.2.norm1.bias
  - Froze policy model parameter: model.vqmodel.decoder.up.1.block.2.conv1.weight
  - Froze policy model parameter: model.vqmodel.decoder.up.1.block.2.conv1.bias
  - Froze policy model parameter: model.vqmodel.decoder.up.1.block.2.norm2.weight
  - Froze policy model parameter: model.vqmodel.decoder.up.1.block.2.norm2.bias
  - Froze policy model parameter: model.vqmodel.decoder.up.1.block.2.conv2.weight
  - Froze policy model parameter: model.vqmodel.decoder.up.1.block.2.conv2.bias
  - Froze policy model parameter: model.vqmodel.decoder.up.1.upsample.conv.weight
  - Froze policy model parameter: model.vqmodel.decoder.up.1.upsample.conv.bias
  - Froze policy model parameter: model.vqmodel.decoder.up.2.block.0.norm1.weight
  - Froze policy model parameter: model.vqmodel.decoder.up.2.block.0.norm1.bias
  - Froze policy model parameter: model.vqmodel.decoder.up.2.block.0.conv1.weight
  - Froze policy model parameter: model.vqmodel.decoder.up.2.block.0.conv1.bias
  - Froze policy model parameter: model.vqmodel.decoder.up.2.block.0.norm2.weight
  - Froze policy model parameter: model.vqmodel.decoder.up.2.block.0.norm2.bias
  - Froze policy model parameter: model.vqmodel.decoder.up.2.block.0.conv2.weight
  - Froze policy model parameter: model.vqmodel.decoder.up.2.block.0.conv2.bias
  - Froze policy model parameter: model.vqmodel.decoder.up.2.block.1.norm1.weight
  - Froze policy model parameter: model.vqmodel.decoder.up.2.block.1.norm1.bias
  - Froze policy model parameter: model.vqmodel.decoder.up.2.block.1.conv1.weight
  - Froze policy model parameter: model.vqmodel.decoder.up.2.block.1.conv1.bias
  - Froze policy model parameter: model.vqmodel.decoder.up.2.block.1.norm2.weight
  - Froze policy model parameter: model.vqmodel.decoder.up.2.block.1.norm2.bias
  - Froze policy model parameter: model.vqmodel.decoder.up.2.block.1.conv2.weight
  - Froze policy model parameter: model.vqmodel.decoder.up.2.block.1.conv2.bias
  - Froze policy model parameter: model.vqmodel.decoder.up.2.block.2.norm1.weight
  - Froze policy model parameter: model.vqmodel.decoder.up.2.block.2.norm1.bias
  - Froze policy model parameter: model.vqmodel.decoder.up.2.block.2.conv1.weight
  - Froze policy model parameter: model.vqmodel.decoder.up.2.block.2.conv1.bias
  - Froze policy model parameter: model.vqmodel.decoder.up.2.block.2.norm2.weight
  - Froze policy model parameter: model.vqmodel.decoder.up.2.block.2.norm2.bias
  - Froze policy model parameter: model.vqmodel.decoder.up.2.block.2.conv2.weight
  - Froze policy model parameter: model.vqmodel.decoder.up.2.block.2.conv2.bias
  - Froze policy model parameter: model.vqmodel.decoder.up.2.upsample.conv.weight
  - Froze policy model parameter: model.vqmodel.decoder.up.2.upsample.conv.bias
  - Froze policy model parameter: model.vqmodel.decoder.up.3.block.0.norm1.weight
  - Froze policy model parameter: model.vqmodel.decoder.up.3.block.0.norm1.bias
  - Froze policy model parameter: model.vqmodel.decoder.up.3.block.0.conv1.weight
  - Froze policy model parameter: model.vqmodel.decoder.up.3.block.0.conv1.bias
  - Froze policy model parameter: model.vqmodel.decoder.up.3.block.0.norm2.weight
  - Froze policy model parameter: model.vqmodel.decoder.up.3.block.0.norm2.bias
  - Froze policy model parameter: model.vqmodel.decoder.up.3.block.0.conv2.weight
  - Froze policy model parameter: model.vqmodel.decoder.up.3.block.0.conv2.bias
  - Froze policy model parameter: model.vqmodel.decoder.up.3.block.0.nin_shortcut.weight
  - Froze policy model parameter: model.vqmodel.decoder.up.3.block.0.nin_shortcut.bias
  - Froze policy model parameter: model.vqmodel.decoder.up.3.block.1.norm1.weight
  - Froze policy model parameter: model.vqmodel.decoder.up.3.block.1.norm1.bias
  - Froze policy model parameter: model.vqmodel.decoder.up.3.block.1.conv1.weight
  - Froze policy model parameter: model.vqmodel.decoder.up.3.block.1.conv1.bias
  - Froze policy model parameter: model.vqmodel.decoder.up.3.block.1.norm2.weight
  - Froze policy model parameter: model.vqmodel.decoder.up.3.block.1.norm2.bias
  - Froze policy model parameter: model.vqmodel.decoder.up.3.block.1.conv2.weight
  - Froze policy model parameter: model.vqmodel.decoder.up.3.block.1.conv2.bias
  - Froze policy model parameter: model.vqmodel.decoder.up.3.block.2.norm1.weight
  - Froze policy model parameter: model.vqmodel.decoder.up.3.block.2.norm1.bias
  - Froze policy model parameter: model.vqmodel.decoder.up.3.block.2.conv1.weight
  - Froze policy model parameter: model.vqmodel.decoder.up.3.block.2.conv1.bias
  - Froze policy model parameter: model.vqmodel.decoder.up.3.block.2.norm2.weight
  - Froze policy model parameter: model.vqmodel.decoder.up.3.block.2.norm2.bias
  - Froze policy model parameter: model.vqmodel.decoder.up.3.block.2.conv2.weight
  - Froze policy model parameter: model.vqmodel.decoder.up.3.block.2.conv2.bias
  - Froze policy model parameter: model.vqmodel.decoder.up.3.upsample.conv.weight
  - Froze policy model parameter: model.vqmodel.decoder.up.3.upsample.conv.bias
  - Froze policy model parameter: model.vqmodel.decoder.up.4.block.0.norm1.weight
  - Froze policy model parameter: model.vqmodel.decoder.up.4.block.0.norm1.bias
  - Froze policy model parameter: model.vqmodel.decoder.up.4.block.0.conv1.weight
  - Froze policy model parameter: model.vqmodel.decoder.up.4.block.0.conv1.bias
  - Froze policy model parameter: model.vqmodel.decoder.up.4.block.0.norm2.weight
  - Froze policy model parameter: model.vqmodel.decoder.up.4.block.0.norm2.bias
  - Froze policy model parameter: model.vqmodel.decoder.up.4.block.0.conv2.weight
  - Froze policy model parameter: model.vqmodel.decoder.up.4.block.0.conv2.bias
  - Froze policy model parameter: model.vqmodel.decoder.up.4.block.1.norm1.weight
  - Froze policy model parameter: model.vqmodel.decoder.up.4.block.1.norm1.bias
  - Froze policy model parameter: model.vqmodel.decoder.up.4.block.1.conv1.weight
  - Froze policy model parameter: model.vqmodel.decoder.up.4.block.1.conv1.bias
  - Froze policy model parameter: model.vqmodel.decoder.up.4.block.1.norm2.weight
  - Froze policy model parameter: model.vqmodel.decoder.up.4.block.1.norm2.bias
  - Froze policy model parameter: model.vqmodel.decoder.up.4.block.1.conv2.weight
  - Froze policy model parameter: model.vqmodel.decoder.up.4.block.1.conv2.bias
  - Froze policy model parameter: model.vqmodel.decoder.up.4.block.2.norm1.weight
  - Froze policy model parameter: model.vqmodel.decoder.up.4.block.2.norm1.bias
  - Froze policy model parameter: model.vqmodel.decoder.up.4.block.2.conv1.weight
  - Froze policy model parameter: model.vqmodel.decoder.up.4.block.2.conv1.bias
  - Froze policy model parameter: model.vqmodel.decoder.up.4.block.2.norm2.weight
  - Froze policy model parameter: model.vqmodel.decoder.up.4.block.2.norm2.bias
  - Froze policy model parameter: model.vqmodel.decoder.up.4.block.2.conv2.weight
  - Froze policy model parameter: model.vqmodel.decoder.up.4.block.2.conv2.bias
  - Froze policy model parameter: model.vqmodel.decoder.up.4.upsample.conv.weight
  - Froze policy model parameter: model.vqmodel.decoder.up.4.upsample.conv.bias
  - Froze policy model parameter: model.vqmodel.decoder.norm_out.weight
  - Froze policy model parameter: model.vqmodel.decoder.norm_out.bias
  - Froze policy model parameter: model.vqmodel.decoder.conv_out.weight
  - Froze policy model parameter: model.vqmodel.decoder.conv_out.bias
  - Froze policy model parameter: model.vqmodel.quantize.embedding.weight
  - Froze policy model parameter: model.vqmodel.quant_conv.weight
  - Froze policy model parameter: model.vqmodel.quant_conv.bias
  - Froze policy model parameter: model.vqmodel.post_quant_conv.weight
  - Froze policy model parameter: model.vqmodel.post_quant_conv.bias
  - Froze policy model parameter: mlp_head.time_embed.mlp.0.weight
  - Froze policy model parameter: mlp_head.time_embed.mlp.0.bias
  - Froze policy model parameter: mlp_head.time_embed.mlp.2.weight
  - Froze policy model parameter: mlp_head.time_embed.mlp.2.bias
  - Froze policy model parameter: mlp_head.cond_embed.weight
  - Froze policy model parameter: mlp_head.cond_embed.bias
  - Froze policy model parameter: mlp_head.input_proj.weight
  - Froze policy model parameter: mlp_head.input_proj.bias
  - Froze policy model parameter: mlp_head.res_blocks.0.in_ln.weight
  - Froze policy model parameter: mlp_head.res_blocks.0.in_ln.bias
  - Froze policy model parameter: mlp_head.res_blocks.0.mlp.0.weight
  - Froze policy model parameter: mlp_head.res_blocks.0.mlp.0.bias
  - Froze policy model parameter: mlp_head.res_blocks.0.mlp.2.weight
  - Froze policy model parameter: mlp_head.res_blocks.0.mlp.2.bias
  - Froze policy model parameter: mlp_head.res_blocks.0.adaLN_modulation.1.weight
  - Froze policy model parameter: mlp_head.res_blocks.0.adaLN_modulation.1.bias
  - Froze policy model parameter: mlp_head.res_blocks.1.in_ln.weight
  - Froze policy model parameter: mlp_head.res_blocks.1.in_ln.bias
  - Froze policy model parameter: mlp_head.res_blocks.1.mlp.0.weight
  - Froze policy model parameter: mlp_head.res_blocks.1.mlp.0.bias
  - Froze policy model parameter: mlp_head.res_blocks.1.mlp.2.weight
  - Froze policy model parameter: mlp_head.res_blocks.1.mlp.2.bias
  - Froze policy model parameter: mlp_head.res_blocks.1.adaLN_modulation.1.weight
  - Froze policy model parameter: mlp_head.res_blocks.1.adaLN_modulation.1.bias
  - Froze policy model parameter: mlp_head.res_blocks.2.in_ln.weight
  - Froze policy model parameter: mlp_head.res_blocks.2.in_ln.bias
  - Froze policy model parameter: mlp_head.res_blocks.2.mlp.0.weight
  - Froze policy model parameter: mlp_head.res_blocks.2.mlp.0.bias
  - Froze policy model parameter: mlp_head.res_blocks.2.mlp.2.weight
  - Froze policy model parameter: mlp_head.res_blocks.2.mlp.2.bias
  - Froze policy model parameter: mlp_head.res_blocks.2.adaLN_modulation.1.weight
  - Froze policy model parameter: mlp_head.res_blocks.2.adaLN_modulation.1.bias
  - Froze policy model parameter: mlp_head.final_layer.linear.weight
  - Froze policy model parameter: mlp_head.final_layer.linear.bias
  - Froze policy model parameter: mlp_head.final_layer.adaLN_modulation.1.weight
  - Froze policy model parameter: mlp_head.final_layer.adaLN_modulation.1.bias
Model parts frozen.
Loaded 2 reward functions: ['answer_correctness_reward', 'format_reward']
Trainer initialized.
Loaded 2 reward functions: ['answer_correctness_reward', 'format_reward']--- [Step 3/3] Starting GRPO training... ---

Trainer initialized.
--- [Step 3/3] Starting GRPO training... ---
`torch_dtype` is deprecated! Use `dtype` instead!
Loading checkpoint shards:   0%|          | 0/3 [00:00<?, ?it/s]Loading checkpoint shards:   0%|          | 0/3 [00:00<?, ?it/s]Loading checkpoint shards: 100%|██████████| 3/3 [00:00<00:00, 25.11it/s]Loading checkpoint shards: 100%|██████████| 3/3 [00:00<00:00, 25.06it/s]
Freezing non-trainable parts of the model...
  - Froze policy model parameter: model.vqmodel.encoder.conv_in.weight
  - Froze policy model parameter: model.vqmodel.encoder.conv_in.bias
  - Froze policy model parameter: model.vqmodel.encoder.down.0.block.0.norm1.weight
  - Froze policy model parameter: model.vqmodel.encoder.down.0.block.0.norm1.bias
  - Froze policy model parameter: model.vqmodel.encoder.down.0.block.0.conv1.weight
  - Froze policy model parameter: model.vqmodel.encoder.down.0.block.0.conv1.bias
  - Froze policy model parameter: model.vqmodel.encoder.down.0.block.0.norm2.weight
  - Froze policy model parameter: model.vqmodel.encoder.down.0.block.0.norm2.bias
  - Froze policy model parameter: model.vqmodel.encoder.down.0.block.0.conv2.weight
  - Froze policy model parameter: model.vqmodel.encoder.down.0.block.0.conv2.bias
  - Froze policy model parameter: model.vqmodel.encoder.down.0.block.1.norm1.weight
  - Froze policy model parameter: model.vqmodel.encoder.down.0.block.1.norm1.bias
  - Froze policy model parameter: model.vqmodel.encoder.down.0.block.1.conv1.weight
  - Froze policy model parameter: model.vqmodel.encoder.down.0.block.1.conv1.bias
  - Froze policy model parameter: model.vqmodel.encoder.down.0.block.1.norm2.weight
  - Froze policy model parameter: model.vqmodel.encoder.down.0.block.1.norm2.bias
  - Froze policy model parameter: model.vqmodel.encoder.down.0.block.1.conv2.weight
  - Froze policy model parameter: model.vqmodel.encoder.down.0.block.1.conv2.bias
  - Froze policy model parameter: model.vqmodel.encoder.down.0.downsample.conv.weight
  - Froze policy model parameter: model.vqmodel.encoder.down.0.downsample.conv.bias
  - Froze policy model parameter: model.vqmodel.encoder.down.1.block.0.norm1.weight
  - Froze policy model parameter: model.vqmodel.encoder.down.1.block.0.norm1.bias
  - Froze policy model parameter: model.vqmodel.encoder.down.1.block.0.conv1.weight
  - Froze policy model parameter: model.vqmodel.encoder.down.1.block.0.conv1.bias
  - Froze policy model parameter: model.vqmodel.encoder.down.1.block.0.norm2.weight
  - Froze policy model parameter: model.vqmodel.encoder.down.1.block.0.norm2.bias
  - Froze policy model parameter: model.vqmodel.encoder.down.1.block.0.conv2.weight
  - Froze policy model parameter: model.vqmodel.encoder.down.1.block.0.conv2.bias
  - Froze policy model parameter: model.vqmodel.encoder.down.1.block.1.norm1.weight
  - Froze policy model parameter: model.vqmodel.encoder.down.1.block.1.norm1.bias
  - Froze policy model parameter: model.vqmodel.encoder.down.1.block.1.conv1.weight
  - Froze policy model parameter: model.vqmodel.encoder.down.1.block.1.conv1.bias
  - Froze policy model parameter: model.vqmodel.encoder.down.1.block.1.norm2.weight
  - Froze policy model parameter: model.vqmodel.encoder.down.1.block.1.norm2.bias
  - Froze policy model parameter: model.vqmodel.encoder.down.1.block.1.conv2.weight
  - Froze policy model parameter: model.vqmodel.encoder.down.1.block.1.conv2.bias
  - Froze policy model parameter: model.vqmodel.encoder.down.1.downsample.conv.weight
  - Froze policy model parameter: model.vqmodel.encoder.down.1.downsample.conv.bias
  - Froze policy model parameter: model.vqmodel.encoder.down.2.block.0.norm1.weight
  - Froze policy model parameter: model.vqmodel.encoder.down.2.block.0.norm1.bias
  - Froze policy model parameter: model.vqmodel.encoder.down.2.block.0.conv1.weight
  - Froze policy model parameter: model.vqmodel.encoder.down.2.block.0.conv1.bias
  - Froze policy model parameter: model.vqmodel.encoder.down.2.block.0.norm2.weight
  - Froze policy model parameter: model.vqmodel.encoder.down.2.block.0.norm2.bias
  - Froze policy model parameter: model.vqmodel.encoder.down.2.block.0.conv2.weight
  - Froze policy model parameter: model.vqmodel.encoder.down.2.block.0.conv2.bias
  - Froze policy model parameter: model.vqmodel.encoder.down.2.block.0.nin_shortcut.weight
  - Froze policy model parameter: model.vqmodel.encoder.down.2.block.0.nin_shortcut.bias
  - Froze policy model parameter: model.vqmodel.encoder.down.2.block.1.norm1.weight
  - Froze policy model parameter: model.vqmodel.encoder.down.2.block.1.norm1.bias
  - Froze policy model parameter: model.vqmodel.encoder.down.2.block.1.conv1.weight
  - Froze policy model parameter: model.vqmodel.encoder.down.2.block.1.conv1.bias
  - Froze policy model parameter: model.vqmodel.encoder.down.2.block.1.norm2.weight
  - Froze policy model parameter: model.vqmodel.encoder.down.2.block.1.norm2.bias
  - Froze policy model parameter: model.vqmodel.encoder.down.2.block.1.conv2.weight
  - Froze policy model parameter: model.vqmodel.encoder.down.2.block.1.conv2.bias
  - Froze policy model parameter: model.vqmodel.encoder.down.2.downsample.conv.weight
  - Froze policy model parameter: model.vqmodel.encoder.down.2.downsample.conv.bias
  - Froze policy model parameter: model.vqmodel.encoder.down.3.block.0.norm1.weight
  - Froze policy model parameter: model.vqmodel.encoder.down.3.block.0.norm1.bias
  - Froze policy model parameter: model.vqmodel.encoder.down.3.block.0.conv1.weight
  - Froze policy model parameter: model.vqmodel.encoder.down.3.block.0.conv1.bias
  - Froze policy model parameter: model.vqmodel.encoder.down.3.block.0.norm2.weight
  - Froze policy model parameter: model.vqmodel.encoder.down.3.block.0.norm2.bias
  - Froze policy model parameter: model.vqmodel.encoder.down.3.block.0.conv2.weight
  - Froze policy model parameter: model.vqmodel.encoder.down.3.block.0.conv2.bias
  - Froze policy model parameter: model.vqmodel.encoder.down.3.block.1.norm1.weight
  - Froze policy model parameter: model.vqmodel.encoder.down.3.block.1.norm1.bias
  - Froze policy model parameter: model.vqmodel.encoder.down.3.block.1.conv1.weight
  - Froze policy model parameter: model.vqmodel.encoder.down.3.block.1.conv1.bias
  - Froze policy model parameter: model.vqmodel.encoder.down.3.block.1.norm2.weight
  - Froze policy model parameter: model.vqmodel.encoder.down.3.block.1.norm2.bias
  - Froze policy model parameter: model.vqmodel.encoder.down.3.block.1.conv2.weight
  - Froze policy model parameter: model.vqmodel.encoder.down.3.block.1.conv2.bias
  - Froze policy model parameter: model.vqmodel.encoder.down.3.downsample.conv.weight
  - Froze policy model parameter: model.vqmodel.encoder.down.3.downsample.conv.bias
  - Froze policy model parameter: model.vqmodel.encoder.down.4.block.0.norm1.weight
  - Froze policy model parameter: model.vqmodel.encoder.down.4.block.0.norm1.bias
  - Froze policy model parameter: model.vqmodel.encoder.down.4.block.0.conv1.weight
  - Froze policy model parameter: model.vqmodel.encoder.down.4.block.0.conv1.bias
  - Froze policy model parameter: model.vqmodel.encoder.down.4.block.0.norm2.weight
  - Froze policy model parameter: model.vqmodel.encoder.down.4.block.0.norm2.bias
  - Froze policy model parameter: model.vqmodel.encoder.down.4.block.0.conv2.weight
  - Froze policy model parameter: model.vqmodel.encoder.down.4.block.0.conv2.bias
  - Froze policy model parameter: model.vqmodel.encoder.down.4.block.0.nin_shortcut.weight
  - Froze policy model parameter: model.vqmodel.encoder.down.4.block.0.nin_shortcut.bias
  - Froze policy model parameter: model.vqmodel.encoder.down.4.block.1.norm1.weight
  - Froze policy model parameter: model.vqmodel.encoder.down.4.block.1.norm1.bias
  - Froze policy model parameter: model.vqmodel.encoder.down.4.block.1.conv1.weight
  - Froze policy model parameter: model.vqmodel.encoder.down.4.block.1.conv1.bias
  - Froze policy model parameter: model.vqmodel.encoder.down.4.block.1.norm2.weight
  - Froze policy model parameter: model.vqmodel.encoder.down.4.block.1.norm2.bias
  - Froze policy model parameter: model.vqmodel.encoder.down.4.block.1.conv2.weight
  - Froze policy model parameter: model.vqmodel.encoder.down.4.block.1.conv2.bias
  - Froze policy model parameter: model.vqmodel.encoder.mid.block_1.norm1.weight
  - Froze policy model parameter: model.vqmodel.encoder.mid.block_1.norm1.bias
  - Froze policy model parameter: model.vqmodel.encoder.mid.block_1.conv1.weight
  - Froze policy model parameter: model.vqmodel.encoder.mid.block_1.conv1.bias
  - Froze policy model parameter: model.vqmodel.encoder.mid.block_1.norm2.weight
  - Froze policy model parameter: model.vqmodel.encoder.mid.block_1.norm2.bias
  - Froze policy model parameter: model.vqmodel.encoder.mid.block_1.conv2.weight
  - Froze policy model parameter: model.vqmodel.encoder.mid.block_1.conv2.bias
  - Froze policy model parameter: model.vqmodel.encoder.mid.attn_1.norm.weight
  - Froze policy model parameter: model.vqmodel.encoder.mid.attn_1.norm.bias
  - Froze policy model parameter: model.vqmodel.encoder.mid.attn_1.q.weight
  - Froze policy model parameter: model.vqmodel.encoder.mid.attn_1.q.bias
  - Froze policy model parameter: model.vqmodel.encoder.mid.attn_1.k.weight
  - Froze policy model parameter: model.vqmodel.encoder.mid.attn_1.k.bias
  - Froze policy model parameter: model.vqmodel.encoder.mid.attn_1.v.weight
  - Froze policy model parameter: model.vqmodel.encoder.mid.attn_1.v.bias
  - Froze policy model parameter: model.vqmodel.encoder.mid.attn_1.proj_out.weight
  - Froze policy model parameter: model.vqmodel.encoder.mid.attn_1.proj_out.bias
  - Froze policy model parameter: model.vqmodel.encoder.mid.block_2.norm1.weight
  - Froze policy model parameter: model.vqmodel.encoder.mid.block_2.norm1.bias
  - Froze policy model parameter: model.vqmodel.encoder.mid.block_2.conv1.weight
  - Froze policy model parameter: model.vqmodel.encoder.mid.block_2.conv1.bias
  - Froze policy model parameter: model.vqmodel.encoder.mid.block_2.norm2.weight
  - Froze policy model parameter: model.vqmodel.encoder.mid.block_2.norm2.bias
  - Froze policy model parameter: model.vqmodel.encoder.mid.block_2.conv2.weight
  - Froze policy model parameter: model.vqmodel.encoder.mid.block_2.conv2.bias
  - Froze policy model parameter: model.vqmodel.encoder.norm_out.weight
  - Froze policy model parameter: model.vqmodel.encoder.norm_out.bias
  - Froze policy model parameter: model.vqmodel.encoder.conv_out.weight
  - Froze policy model parameter: model.vqmodel.encoder.conv_out.bias
  - Froze policy model parameter: model.vqmodel.decoder.conv_in.weight
  - Froze policy model parameter: model.vqmodel.decoder.conv_in.bias
  - Froze policy model parameter: model.vqmodel.decoder.mid.block_1.norm1.weight
  - Froze policy model parameter: model.vqmodel.decoder.mid.block_1.norm1.bias
  - Froze policy model parameter: model.vqmodel.decoder.mid.block_1.conv1.weight
  - Froze policy model parameter: model.vqmodel.decoder.mid.block_1.conv1.bias
  - Froze policy model parameter: model.vqmodel.decoder.mid.block_1.norm2.weight
  - Froze policy model parameter: model.vqmodel.decoder.mid.block_1.norm2.bias
  - Froze policy model parameter: model.vqmodel.decoder.mid.block_1.conv2.weight
  - Froze policy model parameter: model.vqmodel.decoder.mid.block_1.conv2.bias
  - Froze policy model parameter: model.vqmodel.decoder.mid.attn_1.norm.weight
  - Froze policy model parameter: model.vqmodel.decoder.mid.attn_1.norm.bias
  - Froze policy model parameter: model.vqmodel.decoder.mid.attn_1.q.weight
  - Froze policy model parameter: model.vqmodel.decoder.mid.attn_1.q.bias
  - Froze policy model parameter: model.vqmodel.decoder.mid.attn_1.k.weight
  - Froze policy model parameter: model.vqmodel.decoder.mid.attn_1.k.bias
  - Froze policy model parameter: model.vqmodel.decoder.mid.attn_1.v.weight
  - Froze policy model parameter: model.vqmodel.decoder.mid.attn_1.v.bias
  - Froze policy model parameter: model.vqmodel.decoder.mid.attn_1.proj_out.weight
  - Froze policy model parameter: model.vqmodel.decoder.mid.attn_1.proj_out.bias
  - Froze policy model parameter: model.vqmodel.decoder.mid.block_2.norm1.weight
  - Froze policy model parameter: model.vqmodel.decoder.mid.block_2.norm1.bias
  - Froze policy model parameter: model.vqmodel.decoder.mid.block_2.conv1.weight
  - Froze policy model parameter: model.vqmodel.decoder.mid.block_2.conv1.bias
  - Froze policy model parameter: model.vqmodel.decoder.mid.block_2.norm2.weight
  - Froze policy model parameter: model.vqmodel.decoder.mid.block_2.norm2.bias
  - Froze policy model parameter: model.vqmodel.decoder.mid.block_2.conv2.weight
  - Froze policy model parameter: model.vqmodel.decoder.mid.block_2.conv2.bias
  - Froze policy model parameter: model.vqmodel.decoder.up.0.block.0.norm1.weight
  - Froze policy model parameter: model.vqmodel.decoder.up.0.block.0.norm1.bias
  - Froze policy model parameter: model.vqmodel.decoder.up.0.block.0.conv1.weight
  - Froze policy model parameter: model.vqmodel.decoder.up.0.block.0.conv1.bias
  - Froze policy model parameter: model.vqmodel.decoder.up.0.block.0.norm2.weight
  - Froze policy model parameter: model.vqmodel.decoder.up.0.block.0.norm2.bias
  - Froze policy model parameter: model.vqmodel.decoder.up.0.block.0.conv2.weight
  - Froze policy model parameter: model.vqmodel.decoder.up.0.block.0.conv2.bias
  - Froze policy model parameter: model.vqmodel.decoder.up.0.block.1.norm1.weight
  - Froze policy model parameter: model.vqmodel.decoder.up.0.block.1.norm1.bias
  - Froze policy model parameter: model.vqmodel.decoder.up.0.block.1.conv1.weight
  - Froze policy model parameter: model.vqmodel.decoder.up.0.block.1.conv1.bias
  - Froze policy model parameter: model.vqmodel.decoder.up.0.block.1.norm2.weight
  - Froze policy model parameter: model.vqmodel.decoder.up.0.block.1.norm2.bias
  - Froze policy model parameter: model.vqmodel.decoder.up.0.block.1.conv2.weight
  - Froze policy model parameter: model.vqmodel.decoder.up.0.block.1.conv2.bias
  - Froze policy model parameter: model.vqmodel.decoder.up.0.block.2.norm1.weight
  - Froze policy model parameter: model.vqmodel.decoder.up.0.block.2.norm1.bias
  - Froze policy model parameter: model.vqmodel.decoder.up.0.block.2.conv1.weight
  - Froze policy model parameter: model.vqmodel.decoder.up.0.block.2.conv1.bias
  - Froze policy model parameter: model.vqmodel.decoder.up.0.block.2.norm2.weight
  - Froze policy model parameter: model.vqmodel.decoder.up.0.block.2.norm2.bias
  - Froze policy model parameter: model.vqmodel.decoder.up.0.block.2.conv2.weight
  - Froze policy model parameter: model.vqmodel.decoder.up.0.block.2.conv2.bias
  - Froze policy model parameter: model.vqmodel.decoder.up.1.block.0.norm1.weight
  - Froze policy model parameter: model.vqmodel.decoder.up.1.block.0.norm1.bias
  - Froze policy model parameter: model.vqmodel.decoder.up.1.block.0.conv1.weight
  - Froze policy model parameter: model.vqmodel.decoder.up.1.block.0.conv1.bias
  - Froze policy model parameter: model.vqmodel.decoder.up.1.block.0.norm2.weight
  - Froze policy model parameter: model.vqmodel.decoder.up.1.block.0.norm2.bias
  - Froze policy model parameter: model.vqmodel.decoder.up.1.block.0.conv2.weight
  - Froze policy model parameter: model.vqmodel.decoder.up.1.block.0.conv2.bias
  - Froze policy model parameter: model.vqmodel.decoder.up.1.block.0.nin_shortcut.weight
  - Froze policy model parameter: model.vqmodel.decoder.up.1.block.0.nin_shortcut.bias
  - Froze policy model parameter: model.vqmodel.decoder.up.1.block.1.norm1.weight
  - Froze policy model parameter: model.vqmodel.decoder.up.1.block.1.norm1.bias
  - Froze policy model parameter: model.vqmodel.decoder.up.1.block.1.conv1.weight
  - Froze policy model parameter: model.vqmodel.decoder.up.1.block.1.conv1.bias
  - Froze policy model parameter: model.vqmodel.decoder.up.1.block.1.norm2.weight
  - Froze policy model parameter: model.vqmodel.decoder.up.1.block.1.norm2.bias
  - Froze policy model parameter: model.vqmodel.decoder.up.1.block.1.conv2.weight
  - Froze policy model parameter: model.vqmodel.decoder.up.1.block.1.conv2.bias
  - Froze policy model parameter: model.vqmodel.decoder.up.1.block.2.norm1.weight
  - Froze policy model parameter: model.vqmodel.decoder.up.1.block.2.norm1.bias
  - Froze policy model parameter: model.vqmodel.decoder.up.1.block.2.conv1.weight
  - Froze policy model parameter: model.vqmodel.decoder.up.1.block.2.conv1.bias
  - Froze policy model parameter: model.vqmodel.decoder.up.1.block.2.norm2.weight
  - Froze policy model parameter: model.vqmodel.decoder.up.1.block.2.norm2.bias
  - Froze policy model parameter: model.vqmodel.decoder.up.1.block.2.conv2.weight
  - Froze policy model parameter: model.vqmodel.decoder.up.1.block.2.conv2.bias
  - Froze policy model parameter: model.vqmodel.decoder.up.1.upsample.conv.weight
  - Froze policy model parameter: model.vqmodel.decoder.up.1.upsample.conv.bias
  - Froze policy model parameter: model.vqmodel.decoder.up.2.block.0.norm1.weight
  - Froze policy model parameter: model.vqmodel.decoder.up.2.block.0.norm1.bias
  - Froze policy model parameter: model.vqmodel.decoder.up.2.block.0.conv1.weight
  - Froze policy model parameter: model.vqmodel.decoder.up.2.block.0.conv1.bias
  - Froze policy model parameter: model.vqmodel.decoder.up.2.block.0.norm2.weight
  - Froze policy model parameter: model.vqmodel.decoder.up.2.block.0.norm2.bias
  - Froze policy model parameter: model.vqmodel.decoder.up.2.block.0.conv2.weight
  - Froze policy model parameter: model.vqmodel.decoder.up.2.block.0.conv2.bias
  - Froze policy model parameter: model.vqmodel.decoder.up.2.block.1.norm1.weight
  - Froze policy model parameter: model.vqmodel.decoder.up.2.block.1.norm1.bias
  - Froze policy model parameter: model.vqmodel.decoder.up.2.block.1.conv1.weight
  - Froze policy model parameter: model.vqmodel.decoder.up.2.block.1.conv1.bias
  - Froze policy model parameter: model.vqmodel.decoder.up.2.block.1.norm2.weight
  - Froze policy model parameter: model.vqmodel.decoder.up.2.block.1.norm2.bias
  - Froze policy model parameter: model.vqmodel.decoder.up.2.block.1.conv2.weight
  - Froze policy model parameter: model.vqmodel.decoder.up.2.block.1.conv2.bias
  - Froze policy model parameter: model.vqmodel.decoder.up.2.block.2.norm1.weight
  - Froze policy model parameter: model.vqmodel.decoder.up.2.block.2.norm1.bias
  - Froze policy model parameter: model.vqmodel.decoder.up.2.block.2.conv1.weight
  - Froze policy model parameter: model.vqmodel.decoder.up.2.block.2.conv1.bias
  - Froze policy model parameter: model.vqmodel.decoder.up.2.block.2.norm2.weight
  - Froze policy model parameter: model.vqmodel.decoder.up.2.block.2.norm2.bias
  - Froze policy model parameter: model.vqmodel.decoder.up.2.block.2.conv2.weight
  - Froze policy model parameter: model.vqmodel.decoder.up.2.block.2.conv2.bias
  - Froze policy model parameter: model.vqmodel.decoder.up.2.upsample.conv.weight
  - Froze policy model parameter: model.vqmodel.decoder.up.2.upsample.conv.bias
  - Froze policy model parameter: model.vqmodel.decoder.up.3.block.0.norm1.weight
  - Froze policy model parameter: model.vqmodel.decoder.up.3.block.0.norm1.bias
  - Froze policy model parameter: model.vqmodel.decoder.up.3.block.0.conv1.weight
  - Froze policy model parameter: model.vqmodel.decoder.up.3.block.0.conv1.bias
  - Froze policy model parameter: model.vqmodel.decoder.up.3.block.0.norm2.weight
  - Froze policy model parameter: model.vqmodel.decoder.up.3.block.0.norm2.bias
  - Froze policy model parameter: model.vqmodel.decoder.up.3.block.0.conv2.weight
  - Froze policy model parameter: model.vqmodel.decoder.up.3.block.0.conv2.bias
  - Froze policy model parameter: model.vqmodel.decoder.up.3.block.0.nin_shortcut.weight
  - Froze policy model parameter: model.vqmodel.decoder.up.3.block.0.nin_shortcut.bias
  - Froze policy model parameter: model.vqmodel.decoder.up.3.block.1.norm1.weight
  - Froze policy model parameter: model.vqmodel.decoder.up.3.block.1.norm1.bias
  - Froze policy model parameter: model.vqmodel.decoder.up.3.block.1.conv1.weight
  - Froze policy model parameter: model.vqmodel.decoder.up.3.block.1.conv1.bias
  - Froze policy model parameter: model.vqmodel.decoder.up.3.block.1.norm2.weight
  - Froze policy model parameter: model.vqmodel.decoder.up.3.block.1.norm2.bias
  - Froze policy model parameter: model.vqmodel.decoder.up.3.block.1.conv2.weight
  - Froze policy model parameter: model.vqmodel.decoder.up.3.block.1.conv2.bias
  - Froze policy model parameter: model.vqmodel.decoder.up.3.block.2.norm1.weight
  - Froze policy model parameter: model.vqmodel.decoder.up.3.block.2.norm1.bias
  - Froze policy model parameter: model.vqmodel.decoder.up.3.block.2.conv1.weight
  - Froze policy model parameter: model.vqmodel.decoder.up.3.block.2.conv1.bias
  - Froze policy model parameter: model.vqmodel.decoder.up.3.block.2.norm2.weight
  - Froze policy model parameter: model.vqmodel.decoder.up.3.block.2.norm2.bias
  - Froze policy model parameter: model.vqmodel.decoder.up.3.block.2.conv2.weight
  - Froze policy model parameter: model.vqmodel.decoder.up.3.block.2.conv2.bias
  - Froze policy model parameter: model.vqmodel.decoder.up.3.upsample.conv.weight
  - Froze policy model parameter: model.vqmodel.decoder.up.3.upsample.conv.bias
  - Froze policy model parameter: model.vqmodel.decoder.up.4.block.0.norm1.weight
  - Froze policy model parameter: model.vqmodel.decoder.up.4.block.0.norm1.bias
  - Froze policy model parameter: model.vqmodel.decoder.up.4.block.0.conv1.weight
  - Froze policy model parameter: model.vqmodel.decoder.up.4.block.0.conv1.bias
  - Froze policy model parameter: model.vqmodel.decoder.up.4.block.0.norm2.weight
  - Froze policy model parameter: model.vqmodel.decoder.up.4.block.0.norm2.bias
  - Froze policy model parameter: model.vqmodel.decoder.up.4.block.0.conv2.weight
  - Froze policy model parameter: model.vqmodel.decoder.up.4.block.0.conv2.bias
  - Froze policy model parameter: model.vqmodel.decoder.up.4.block.1.norm1.weight
  - Froze policy model parameter: model.vqmodel.decoder.up.4.block.1.norm1.bias
  - Froze policy model parameter: model.vqmodel.decoder.up.4.block.1.conv1.weight
  - Froze policy model parameter: model.vqmodel.decoder.up.4.block.1.conv1.bias
  - Froze policy model parameter: model.vqmodel.decoder.up.4.block.1.norm2.weight
  - Froze policy model parameter: model.vqmodel.decoder.up.4.block.1.norm2.bias
  - Froze policy model parameter: model.vqmodel.decoder.up.4.block.1.conv2.weight
  - Froze policy model parameter: model.vqmodel.decoder.up.4.block.1.conv2.bias
  - Froze policy model parameter: model.vqmodel.decoder.up.4.block.2.norm1.weight
  - Froze policy model parameter: model.vqmodel.decoder.up.4.block.2.norm1.bias
  - Froze policy model parameter: model.vqmodel.decoder.up.4.block.2.conv1.weight
  - Froze policy model parameter: model.vqmodel.decoder.up.4.block.2.conv1.bias
  - Froze policy model parameter: model.vqmodel.decoder.up.4.block.2.norm2.weight
  - Froze policy model parameter: model.vqmodel.decoder.up.4.block.2.norm2.bias
  - Froze policy model parameter: model.vqmodel.decoder.up.4.block.2.conv2.weight
  - Froze policy model parameter: model.vqmodel.decoder.up.4.block.2.conv2.bias
  - Froze policy model parameter: model.vqmodel.decoder.up.4.upsample.conv.weight
  - Froze policy model parameter: model.vqmodel.decoder.up.4.upsample.conv.bias
  - Froze policy model parameter: model.vqmodel.decoder.norm_out.weight
  - Froze policy model parameter: model.vqmodel.decoder.norm_out.bias
  - Froze policy model parameter: model.vqmodel.decoder.conv_out.weight
  - Froze policy model parameter: model.vqmodel.decoder.conv_out.bias
  - Froze policy model parameter: model.vqmodel.quantize.embedding.weight
  - Froze policy model parameter: model.vqmodel.quant_conv.weight
  - Froze policy model parameter: model.vqmodel.quant_conv.bias
  - Froze policy model parameter: model.vqmodel.post_quant_conv.weight
  - Froze policy model parameter: model.vqmodel.post_quant_conv.bias
  - Froze policy model parameter: mlp_head.time_embed.mlp.0.weight
  - Froze policy model parameter: mlp_head.time_embed.mlp.0.bias
  - Froze policy model parameter: mlp_head.time_embed.mlp.2.weight
  - Froze policy model parameter: mlp_head.time_embed.mlp.2.bias
  - Froze policy model parameter: mlp_head.cond_embed.weight
  - Froze policy model parameter: mlp_head.cond_embed.bias
  - Froze policy model parameter: mlp_head.input_proj.weight
  - Froze policy model parameter: mlp_head.input_proj.bias
  - Froze policy model parameter: mlp_head.res_blocks.0.in_ln.weight
  - Froze policy model parameter: mlp_head.res_blocks.0.in_ln.bias
  - Froze policy model parameter: mlp_head.res_blocks.0.mlp.0.weight
  - Froze policy model parameter: mlp_head.res_blocks.0.mlp.0.bias
  - Froze policy model parameter: mlp_head.res_blocks.0.mlp.2.weight
  - Froze policy model parameter: mlp_head.res_blocks.0.mlp.2.bias
  - Froze policy model parameter: mlp_head.res_blocks.0.adaLN_modulation.1.weight
  - Froze policy model parameter: mlp_head.res_blocks.0.adaLN_modulation.1.bias
  - Froze policy model parameter: mlp_head.res_blocks.1.in_ln.weight
  - Froze policy model parameter: mlp_head.res_blocks.1.in_ln.bias
  - Froze policy model parameter: mlp_head.res_blocks.1.mlp.0.weight
  - Froze policy model parameter: mlp_head.res_blocks.1.mlp.0.bias
  - Froze policy model parameter: mlp_head.res_blocks.1.mlp.2.weight
  - Froze policy model parameter: mlp_head.res_blocks.1.mlp.2.bias
  - Froze policy model parameter: mlp_head.res_blocks.1.adaLN_modulation.1.weight
  - Froze policy model parameter: mlp_head.res_blocks.1.adaLN_modulation.1.bias
  - Froze policy model parameter: mlp_head.res_blocks.2.in_ln.weight
  - Froze policy model parameter: mlp_head.res_blocks.2.in_ln.bias
  - Froze policy model parameter: mlp_head.res_blocks.2.mlp.0.weight
  - Froze policy model parameter: mlp_head.res_blocks.2.mlp.0.bias
  - Froze policy model parameter: mlp_head.res_blocks.2.mlp.2.weight
  - Froze policy model parameter: mlp_head.res_blocks.2.mlp.2.bias
  - Froze policy model parameter: mlp_head.res_blocks.2.adaLN_modulation.1.weight
  - Froze policy model parameter: mlp_head.res_blocks.2.adaLN_modulation.1.bias
  - Froze policy model parameter: mlp_head.final_layer.linear.weight
  - Froze policy model parameter: mlp_head.final_layer.linear.bias
  - Froze policy model parameter: mlp_head.final_layer.adaLN_modulation.1.weight
  - Froze policy model parameter: mlp_head.final_layer.adaLN_modulation.1.bias
Model parts frozen.
Loaded 2 reward functions: ['answer_correctness_reward', 'format_reward']
Trainer initialized.
--- [Step 3/3] Starting GRPO training... ---
Loading checkpoint shards: 100%|██████████| 3/3 [00:00<00:00, 25.72it/s]Loading checkpoint shards: 100%|██████████| 3/3 [00:00<00:00, 25.66it/s]
Freezing non-trainable parts of the model...
  - Froze policy model parameter: model.vqmodel.encoder.conv_in.weight
  - Froze policy model parameter: model.vqmodel.encoder.conv_in.bias
  - Froze policy model parameter: model.vqmodel.encoder.down.0.block.0.norm1.weight
  - Froze policy model parameter: model.vqmodel.encoder.down.0.block.0.norm1.bias
  - Froze policy model parameter: model.vqmodel.encoder.down.0.block.0.conv1.weight
  - Froze policy model parameter: model.vqmodel.encoder.down.0.block.0.conv1.bias
  - Froze policy model parameter: model.vqmodel.encoder.down.0.block.0.norm2.weight
  - Froze policy model parameter: model.vqmodel.encoder.down.0.block.0.norm2.bias
  - Froze policy model parameter: model.vqmodel.encoder.down.0.block.0.conv2.weight
  - Froze policy model parameter: model.vqmodel.encoder.down.0.block.0.conv2.bias
  - Froze policy model parameter: model.vqmodel.encoder.down.0.block.1.norm1.weight
  - Froze policy model parameter: model.vqmodel.encoder.down.0.block.1.norm1.bias
  - Froze policy model parameter: model.vqmodel.encoder.down.0.block.1.conv1.weight
  - Froze policy model parameter: model.vqmodel.encoder.down.0.block.1.conv1.bias
  - Froze policy model parameter: model.vqmodel.encoder.down.0.block.1.norm2.weight
  - Froze policy model parameter: model.vqmodel.encoder.down.0.block.1.norm2.bias
  - Froze policy model parameter: model.vqmodel.encoder.down.0.block.1.conv2.weight
  - Froze policy model parameter: model.vqmodel.encoder.down.0.block.1.conv2.bias
  - Froze policy model parameter: model.vqmodel.encoder.down.0.downsample.conv.weight
  - Froze policy model parameter: model.vqmodel.encoder.down.0.downsample.conv.bias
  - Froze policy model parameter: model.vqmodel.encoder.down.1.block.0.norm1.weight
  - Froze policy model parameter: model.vqmodel.encoder.down.1.block.0.norm1.bias
  - Froze policy model parameter: model.vqmodel.encoder.down.1.block.0.conv1.weight
  - Froze policy model parameter: model.vqmodel.encoder.down.1.block.0.conv1.bias
  - Froze policy model parameter: model.vqmodel.encoder.down.1.block.0.norm2.weight
  - Froze policy model parameter: model.vqmodel.encoder.down.1.block.0.norm2.bias
  - Froze policy model parameter: model.vqmodel.encoder.down.1.block.0.conv2.weight
  - Froze policy model parameter: model.vqmodel.encoder.down.1.block.0.conv2.bias
  - Froze policy model parameter: model.vqmodel.encoder.down.1.block.1.norm1.weight
  - Froze policy model parameter: model.vqmodel.encoder.down.1.block.1.norm1.bias
  - Froze policy model parameter: model.vqmodel.encoder.down.1.block.1.conv1.weight
  - Froze policy model parameter: model.vqmodel.encoder.down.1.block.1.conv1.bias
  - Froze policy model parameter: model.vqmodel.encoder.down.1.block.1.norm2.weight
  - Froze policy model parameter: model.vqmodel.encoder.down.1.block.1.norm2.bias
  - Froze policy model parameter: model.vqmodel.encoder.down.1.block.1.conv2.weight
  - Froze policy model parameter: model.vqmodel.encoder.down.1.block.1.conv2.bias
  - Froze policy model parameter: model.vqmodel.encoder.down.1.downsample.conv.weight
  - Froze policy model parameter: model.vqmodel.encoder.down.1.downsample.conv.bias
  - Froze policy model parameter: model.vqmodel.encoder.down.2.block.0.norm1.weight
  - Froze policy model parameter: model.vqmodel.encoder.down.2.block.0.norm1.bias
  - Froze policy model parameter: model.vqmodel.encoder.down.2.block.0.conv1.weight
  - Froze policy model parameter: model.vqmodel.encoder.down.2.block.0.conv1.bias
  - Froze policy model parameter: model.vqmodel.encoder.down.2.block.0.norm2.weight
  - Froze policy model parameter: model.vqmodel.encoder.down.2.block.0.norm2.bias
  - Froze policy model parameter: model.vqmodel.encoder.down.2.block.0.conv2.weight
  - Froze policy model parameter: model.vqmodel.encoder.down.2.block.0.conv2.bias
  - Froze policy model parameter: model.vqmodel.encoder.down.2.block.0.nin_shortcut.weight
  - Froze policy model parameter: model.vqmodel.encoder.down.2.block.0.nin_shortcut.bias
  - Froze policy model parameter: model.vqmodel.encoder.down.2.block.1.norm1.weight
  - Froze policy model parameter: model.vqmodel.encoder.down.2.block.1.norm1.bias
  - Froze policy model parameter: model.vqmodel.encoder.down.2.block.1.conv1.weight
  - Froze policy model parameter: model.vqmodel.encoder.down.2.block.1.conv1.bias
  - Froze policy model parameter: model.vqmodel.encoder.down.2.block.1.norm2.weight
  - Froze policy model parameter: model.vqmodel.encoder.down.2.block.1.norm2.bias
  - Froze policy model parameter: model.vqmodel.encoder.down.2.block.1.conv2.weight
  - Froze policy model parameter: model.vqmodel.encoder.down.2.block.1.conv2.bias
  - Froze policy model parameter: model.vqmodel.encoder.down.2.downsample.conv.weight
  - Froze policy model parameter: model.vqmodel.encoder.down.2.downsample.conv.bias
  - Froze policy model parameter: model.vqmodel.encoder.down.3.block.0.norm1.weight
  - Froze policy model parameter: model.vqmodel.encoder.down.3.block.0.norm1.bias
  - Froze policy model parameter: model.vqmodel.encoder.down.3.block.0.conv1.weight
  - Froze policy model parameter: model.vqmodel.encoder.down.3.block.0.conv1.bias
  - Froze policy model parameter: model.vqmodel.encoder.down.3.block.0.norm2.weight
  - Froze policy model parameter: model.vqmodel.encoder.down.3.block.0.norm2.bias
  - Froze policy model parameter: model.vqmodel.encoder.down.3.block.0.conv2.weight
  - Froze policy model parameter: model.vqmodel.encoder.down.3.block.0.conv2.bias
  - Froze policy model parameter: model.vqmodel.encoder.down.3.block.1.norm1.weight
  - Froze policy model parameter: model.vqmodel.encoder.down.3.block.1.norm1.bias
  - Froze policy model parameter: model.vqmodel.encoder.down.3.block.1.conv1.weight
  - Froze policy model parameter: model.vqmodel.encoder.down.3.block.1.conv1.bias
  - Froze policy model parameter: model.vqmodel.encoder.down.3.block.1.norm2.weight
  - Froze policy model parameter: model.vqmodel.encoder.down.3.block.1.norm2.bias
  - Froze policy model parameter: model.vqmodel.encoder.down.3.block.1.conv2.weight
  - Froze policy model parameter: model.vqmodel.encoder.down.3.block.1.conv2.bias
  - Froze policy model parameter: model.vqmodel.encoder.down.3.downsample.conv.weight
  - Froze policy model parameter: model.vqmodel.encoder.down.3.downsample.conv.bias
  - Froze policy model parameter: model.vqmodel.encoder.down.4.block.0.norm1.weight
  - Froze policy model parameter: model.vqmodel.encoder.down.4.block.0.norm1.bias
  - Froze policy model parameter: model.vqmodel.encoder.down.4.block.0.conv1.weight
  - Froze policy model parameter: model.vqmodel.encoder.down.4.block.0.conv1.bias
  - Froze policy model parameter: model.vqmodel.encoder.down.4.block.0.norm2.weight
  - Froze policy model parameter: model.vqmodel.encoder.down.4.block.0.norm2.bias
  - Froze policy model parameter: model.vqmodel.encoder.down.4.block.0.conv2.weight
  - Froze policy model parameter: model.vqmodel.encoder.down.4.block.0.conv2.bias
  - Froze policy model parameter: model.vqmodel.encoder.down.4.block.0.nin_shortcut.weight
  - Froze policy model parameter: model.vqmodel.encoder.down.4.block.0.nin_shortcut.bias
  - Froze policy model parameter: model.vqmodel.encoder.down.4.block.1.norm1.weight
  - Froze policy model parameter: model.vqmodel.encoder.down.4.block.1.norm1.bias
  - Froze policy model parameter: model.vqmodel.encoder.down.4.block.1.conv1.weight
  - Froze policy model parameter: model.vqmodel.encoder.down.4.block.1.conv1.bias
  - Froze policy model parameter: model.vqmodel.encoder.down.4.block.1.norm2.weight
  - Froze policy model parameter: model.vqmodel.encoder.down.4.block.1.norm2.bias
  - Froze policy model parameter: model.vqmodel.encoder.down.4.block.1.conv2.weight
  - Froze policy model parameter: model.vqmodel.encoder.down.4.block.1.conv2.bias
  - Froze policy model parameter: model.vqmodel.encoder.mid.block_1.norm1.weight
  - Froze policy model parameter: model.vqmodel.encoder.mid.block_1.norm1.bias
  - Froze policy model parameter: model.vqmodel.encoder.mid.block_1.conv1.weight
  - Froze policy model parameter: model.vqmodel.encoder.mid.block_1.conv1.bias
  - Froze policy model parameter: model.vqmodel.encoder.mid.block_1.norm2.weight
  - Froze policy model parameter: model.vqmodel.encoder.mid.block_1.norm2.bias
  - Froze policy model parameter: model.vqmodel.encoder.mid.block_1.conv2.weight
  - Froze policy model parameter: model.vqmodel.encoder.mid.block_1.conv2.bias
  - Froze policy model parameter: model.vqmodel.encoder.mid.attn_1.norm.weight
  - Froze policy model parameter: model.vqmodel.encoder.mid.attn_1.norm.bias
  - Froze policy model parameter: model.vqmodel.encoder.mid.attn_1.q.weight
  - Froze policy model parameter: model.vqmodel.encoder.mid.attn_1.q.bias
  - Froze policy model parameter: model.vqmodel.encoder.mid.attn_1.k.weight
  - Froze policy model parameter: model.vqmodel.encoder.mid.attn_1.k.bias
  - Froze policy model parameter: model.vqmodel.encoder.mid.attn_1.v.weight
  - Froze policy model parameter: model.vqmodel.encoder.mid.attn_1.v.bias
  - Froze policy model parameter: model.vqmodel.encoder.mid.attn_1.proj_out.weight
  - Froze policy model parameter: model.vqmodel.encoder.mid.attn_1.proj_out.bias
  - Froze policy model parameter: model.vqmodel.encoder.mid.block_2.norm1.weight
  - Froze policy model parameter: model.vqmodel.encoder.mid.block_2.norm1.bias
  - Froze policy model parameter: model.vqmodel.encoder.mid.block_2.conv1.weight
  - Froze policy model parameter: model.vqmodel.encoder.mid.block_2.conv1.bias
  - Froze policy model parameter: model.vqmodel.encoder.mid.block_2.norm2.weight
  - Froze policy model parameter: model.vqmodel.encoder.mid.block_2.norm2.bias
  - Froze policy model parameter: model.vqmodel.encoder.mid.block_2.conv2.weight
  - Froze policy model parameter: model.vqmodel.encoder.mid.block_2.conv2.bias
  - Froze policy model parameter: model.vqmodel.encoder.norm_out.weight
  - Froze policy model parameter: model.vqmodel.encoder.norm_out.bias
  - Froze policy model parameter: model.vqmodel.encoder.conv_out.weight
  - Froze policy model parameter: model.vqmodel.encoder.conv_out.bias
  - Froze policy model parameter: model.vqmodel.decoder.conv_in.weight
  - Froze policy model parameter: model.vqmodel.decoder.conv_in.bias
  - Froze policy model parameter: model.vqmodel.decoder.mid.block_1.norm1.weight
  - Froze policy model parameter: model.vqmodel.decoder.mid.block_1.norm1.bias
  - Froze policy model parameter: model.vqmodel.decoder.mid.block_1.conv1.weight
  - Froze policy model parameter: model.vqmodel.decoder.mid.block_1.conv1.bias
  - Froze policy model parameter: model.vqmodel.decoder.mid.block_1.norm2.weight
  - Froze policy model parameter: model.vqmodel.decoder.mid.block_1.norm2.bias
  - Froze policy model parameter: model.vqmodel.decoder.mid.block_1.conv2.weight
  - Froze policy model parameter: model.vqmodel.decoder.mid.block_1.conv2.bias
  - Froze policy model parameter: model.vqmodel.decoder.mid.attn_1.norm.weight
  - Froze policy model parameter: model.vqmodel.decoder.mid.attn_1.norm.bias
  - Froze policy model parameter: model.vqmodel.decoder.mid.attn_1.q.weight
  - Froze policy model parameter: model.vqmodel.decoder.mid.attn_1.q.bias
  - Froze policy model parameter: model.vqmodel.decoder.mid.attn_1.k.weight
  - Froze policy model parameter: model.vqmodel.decoder.mid.attn_1.k.bias
  - Froze policy model parameter: model.vqmodel.decoder.mid.attn_1.v.weight
  - Froze policy model parameter: model.vqmodel.decoder.mid.attn_1.v.bias
  - Froze policy model parameter: model.vqmodel.decoder.mid.attn_1.proj_out.weight
  - Froze policy model parameter: model.vqmodel.decoder.mid.attn_1.proj_out.bias
  - Froze policy model parameter: model.vqmodel.decoder.mid.block_2.norm1.weight
  - Froze policy model parameter: model.vqmodel.decoder.mid.block_2.norm1.bias
  - Froze policy model parameter: model.vqmodel.decoder.mid.block_2.conv1.weight
  - Froze policy model parameter: model.vqmodel.decoder.mid.block_2.conv1.bias
  - Froze policy model parameter: model.vqmodel.decoder.mid.block_2.norm2.weight
  - Froze policy model parameter: model.vqmodel.decoder.mid.block_2.norm2.bias
  - Froze policy model parameter: model.vqmodel.decoder.mid.block_2.conv2.weight
  - Froze policy model parameter: model.vqmodel.decoder.mid.block_2.conv2.bias
  - Froze policy model parameter: model.vqmodel.decoder.up.0.block.0.norm1.weight
  - Froze policy model parameter: model.vqmodel.decoder.up.0.block.0.norm1.bias
  - Froze policy model parameter: model.vqmodel.decoder.up.0.block.0.conv1.weight
  - Froze policy model parameter: model.vqmodel.decoder.up.0.block.0.conv1.bias
  - Froze policy model parameter: model.vqmodel.decoder.up.0.block.0.norm2.weight
  - Froze policy model parameter: model.vqmodel.decoder.up.0.block.0.norm2.bias
  - Froze policy model parameter: model.vqmodel.decoder.up.0.block.0.conv2.weight
  - Froze policy model parameter: model.vqmodel.decoder.up.0.block.0.conv2.bias
  - Froze policy model parameter: model.vqmodel.decoder.up.0.block.1.norm1.weight
  - Froze policy model parameter: model.vqmodel.decoder.up.0.block.1.norm1.bias
  - Froze policy model parameter: model.vqmodel.decoder.up.0.block.1.conv1.weight
  - Froze policy model parameter: model.vqmodel.decoder.up.0.block.1.conv1.bias
  - Froze policy model parameter: model.vqmodel.decoder.up.0.block.1.norm2.weight
  - Froze policy model parameter: model.vqmodel.decoder.up.0.block.1.norm2.bias
  - Froze policy model parameter: model.vqmodel.decoder.up.0.block.1.conv2.weight
  - Froze policy model parameter: model.vqmodel.decoder.up.0.block.1.conv2.bias
  - Froze policy model parameter: model.vqmodel.decoder.up.0.block.2.norm1.weight
  - Froze policy model parameter: model.vqmodel.decoder.up.0.block.2.norm1.bias
  - Froze policy model parameter: model.vqmodel.decoder.up.0.block.2.conv1.weight
  - Froze policy model parameter: model.vqmodel.decoder.up.0.block.2.conv1.bias
  - Froze policy model parameter: model.vqmodel.decoder.up.0.block.2.norm2.weight
  - Froze policy model parameter: model.vqmodel.decoder.up.0.block.2.norm2.bias
  - Froze policy model parameter: model.vqmodel.decoder.up.0.block.2.conv2.weight
  - Froze policy model parameter: model.vqmodel.decoder.up.0.block.2.conv2.bias
  - Froze policy model parameter: model.vqmodel.decoder.up.1.block.0.norm1.weight
  - Froze policy model parameter: model.vqmodel.decoder.up.1.block.0.norm1.bias
  - Froze policy model parameter: model.vqmodel.decoder.up.1.block.0.conv1.weight
  - Froze policy model parameter: model.vqmodel.decoder.up.1.block.0.conv1.bias
  - Froze policy model parameter: model.vqmodel.decoder.up.1.block.0.norm2.weight
  - Froze policy model parameter: model.vqmodel.decoder.up.1.block.0.norm2.bias
  - Froze policy model parameter: model.vqmodel.decoder.up.1.block.0.conv2.weight
  - Froze policy model parameter: model.vqmodel.decoder.up.1.block.0.conv2.bias
  - Froze policy model parameter: model.vqmodel.decoder.up.1.block.0.nin_shortcut.weight
  - Froze policy model parameter: model.vqmodel.decoder.up.1.block.0.nin_shortcut.bias
  - Froze policy model parameter: model.vqmodel.decoder.up.1.block.1.norm1.weight
  - Froze policy model parameter: model.vqmodel.decoder.up.1.block.1.norm1.bias
  - Froze policy model parameter: model.vqmodel.decoder.up.1.block.1.conv1.weight
  - Froze policy model parameter: model.vqmodel.decoder.up.1.block.1.conv1.bias
  - Froze policy model parameter: model.vqmodel.decoder.up.1.block.1.norm2.weight
  - Froze policy model parameter: model.vqmodel.decoder.up.1.block.1.norm2.bias
  - Froze policy model parameter: model.vqmodel.decoder.up.1.block.1.conv2.weight
  - Froze policy model parameter: model.vqmodel.decoder.up.1.block.1.conv2.bias
  - Froze policy model parameter: model.vqmodel.decoder.up.1.block.2.norm1.weight
  - Froze policy model parameter: model.vqmodel.decoder.up.1.block.2.norm1.bias
  - Froze policy model parameter: model.vqmodel.decoder.up.1.block.2.conv1.weight
  - Froze policy model parameter: model.vqmodel.decoder.up.1.block.2.conv1.bias
  - Froze policy model parameter: model.vqmodel.decoder.up.1.block.2.norm2.weight
  - Froze policy model parameter: model.vqmodel.decoder.up.1.block.2.norm2.bias
  - Froze policy model parameter: model.vqmodel.decoder.up.1.block.2.conv2.weight
  - Froze policy model parameter: model.vqmodel.decoder.up.1.block.2.conv2.bias
  - Froze policy model parameter: model.vqmodel.decoder.up.1.upsample.conv.weight
  - Froze policy model parameter: model.vqmodel.decoder.up.1.upsample.conv.bias
  - Froze policy model parameter: model.vqmodel.decoder.up.2.block.0.norm1.weight
  - Froze policy model parameter: model.vqmodel.decoder.up.2.block.0.norm1.bias
  - Froze policy model parameter: model.vqmodel.decoder.up.2.block.0.conv1.weight
  - Froze policy model parameter: model.vqmodel.decoder.up.2.block.0.conv1.bias
  - Froze policy model parameter: model.vqmodel.decoder.up.2.block.0.norm2.weight
  - Froze policy model parameter: model.vqmodel.decoder.up.2.block.0.norm2.bias
  - Froze policy model parameter: model.vqmodel.decoder.up.2.block.0.conv2.weight
  - Froze policy model parameter: model.vqmodel.decoder.up.2.block.0.conv2.bias
  - Froze policy model parameter: model.vqmodel.decoder.up.2.block.1.norm1.weight
  - Froze policy model parameter: model.vqmodel.decoder.up.2.block.1.norm1.bias
  - Froze policy model parameter: model.vqmodel.decoder.up.2.block.1.conv1.weight
  - Froze policy model parameter: model.vqmodel.decoder.up.2.block.1.conv1.bias
  - Froze policy model parameter: model.vqmodel.decoder.up.2.block.1.norm2.weight
  - Froze policy model parameter: model.vqmodel.decoder.up.2.block.1.norm2.bias
  - Froze policy model parameter: model.vqmodel.decoder.up.2.block.1.conv2.weight
  - Froze policy model parameter: model.vqmodel.decoder.up.2.block.1.conv2.bias
  - Froze policy model parameter: model.vqmodel.decoder.up.2.block.2.norm1.weight
  - Froze policy model parameter: model.vqmodel.decoder.up.2.block.2.norm1.bias
  - Froze policy model parameter: model.vqmodel.decoder.up.2.block.2.conv1.weight
  - Froze policy model parameter: model.vqmodel.decoder.up.2.block.2.conv1.bias
  - Froze policy model parameter: model.vqmodel.decoder.up.2.block.2.norm2.weight
  - Froze policy model parameter: model.vqmodel.decoder.up.2.block.2.norm2.bias
  - Froze policy model parameter: model.vqmodel.decoder.up.2.block.2.conv2.weight
  - Froze policy model parameter: model.vqmodel.decoder.up.2.block.2.conv2.bias
  - Froze policy model parameter: model.vqmodel.decoder.up.2.upsample.conv.weight
  - Froze policy model parameter: model.vqmodel.decoder.up.2.upsample.conv.bias
  - Froze policy model parameter: model.vqmodel.decoder.up.3.block.0.norm1.weight
  - Froze policy model parameter: model.vqmodel.decoder.up.3.block.0.norm1.bias
  - Froze policy model parameter: model.vqmodel.decoder.up.3.block.0.conv1.weight
  - Froze policy model parameter: model.vqmodel.decoder.up.3.block.0.conv1.bias
  - Froze policy model parameter: model.vqmodel.decoder.up.3.block.0.norm2.weight
  - Froze policy model parameter: model.vqmodel.decoder.up.3.block.0.norm2.bias
  - Froze policy model parameter: model.vqmodel.decoder.up.3.block.0.conv2.weight
  - Froze policy model parameter: model.vqmodel.decoder.up.3.block.0.conv2.bias
  - Froze policy model parameter: model.vqmodel.decoder.up.3.block.0.nin_shortcut.weight
  - Froze policy model parameter: model.vqmodel.decoder.up.3.block.0.nin_shortcut.bias
  - Froze policy model parameter: model.vqmodel.decoder.up.3.block.1.norm1.weight
  - Froze policy model parameter: model.vqmodel.decoder.up.3.block.1.norm1.bias
  - Froze policy model parameter: model.vqmodel.decoder.up.3.block.1.conv1.weight
  - Froze policy model parameter: model.vqmodel.decoder.up.3.block.1.conv1.bias
  - Froze policy model parameter: model.vqmodel.decoder.up.3.block.1.norm2.weight
  - Froze policy model parameter: model.vqmodel.decoder.up.3.block.1.norm2.bias
  - Froze policy model parameter: model.vqmodel.decoder.up.3.block.1.conv2.weight
  - Froze policy model parameter: model.vqmodel.decoder.up.3.block.1.conv2.bias
  - Froze policy model parameter: model.vqmodel.decoder.up.3.block.2.norm1.weight
  - Froze policy model parameter: model.vqmodel.decoder.up.3.block.2.norm1.bias
  - Froze policy model parameter: model.vqmodel.decoder.up.3.block.2.conv1.weight
  - Froze policy model parameter: model.vqmodel.decoder.up.3.block.2.conv1.bias
  - Froze policy model parameter: model.vqmodel.decoder.up.3.block.2.norm2.weight
  - Froze policy model parameter: model.vqmodel.decoder.up.3.block.2.norm2.bias
  - Froze policy model parameter: model.vqmodel.decoder.up.3.block.2.conv2.weight
  - Froze policy model parameter: model.vqmodel.decoder.up.3.block.2.conv2.bias
  - Froze policy model parameter: model.vqmodel.decoder.up.3.upsample.conv.weight
  - Froze policy model parameter: model.vqmodel.decoder.up.3.upsample.conv.bias
  - Froze policy model parameter: model.vqmodel.decoder.up.4.block.0.norm1.weight
  - Froze policy model parameter: model.vqmodel.decoder.up.4.block.0.norm1.bias
  - Froze policy model parameter: model.vqmodel.decoder.up.4.block.0.conv1.weight
  - Froze policy model parameter: model.vqmodel.decoder.up.4.block.0.conv1.bias
  - Froze policy model parameter: model.vqmodel.decoder.up.4.block.0.norm2.weight
  - Froze policy model parameter: model.vqmodel.decoder.up.4.block.0.norm2.bias
  - Froze policy model parameter: model.vqmodel.decoder.up.4.block.0.conv2.weight
  - Froze policy model parameter: model.vqmodel.decoder.up.4.block.0.conv2.bias
  - Froze policy model parameter: model.vqmodel.decoder.up.4.block.1.norm1.weight
  - Froze policy model parameter: model.vqmodel.decoder.up.4.block.1.norm1.bias
  - Froze policy model parameter: model.vqmodel.decoder.up.4.block.1.conv1.weight
  - Froze policy model parameter: model.vqmodel.decoder.up.4.block.1.conv1.bias
  - Froze policy model parameter: model.vqmodel.decoder.up.4.block.1.norm2.weight
  - Froze policy model parameter: model.vqmodel.decoder.up.4.block.1.norm2.bias
  - Froze policy model parameter: model.vqmodel.decoder.up.4.block.1.conv2.weight
  - Froze policy model parameter: model.vqmodel.decoder.up.4.block.1.conv2.bias
  - Froze policy model parameter: model.vqmodel.decoder.up.4.block.2.norm1.weight
  - Froze policy model parameter: model.vqmodel.decoder.up.4.block.2.norm1.bias
  - Froze policy model parameter: model.vqmodel.decoder.up.4.block.2.conv1.weight
  - Froze policy model parameter: model.vqmodel.decoder.up.4.block.2.conv1.bias
  - Froze policy model parameter: model.vqmodel.decoder.up.4.block.2.norm2.weight
  - Froze policy model parameter: model.vqmodel.decoder.up.4.block.2.norm2.bias
  - Froze policy model parameter: model.vqmodel.decoder.up.4.block.2.conv2.weight
  - Froze policy model parameter: model.vqmodel.decoder.up.4.block.2.conv2.bias
  - Froze policy model parameter: model.vqmodel.decoder.up.4.upsample.conv.weight
  - Froze policy model parameter: model.vqmodel.decoder.up.4.upsample.conv.bias
  - Froze policy model parameter: model.vqmodel.decoder.norm_out.weight
  - Froze policy model parameter: model.vqmodel.decoder.norm_out.bias
  - Froze policy model parameter: model.vqmodel.decoder.conv_out.weight
  - Froze policy model parameter: model.vqmodel.decoder.conv_out.bias
  - Froze policy model parameter: model.vqmodel.quantize.embedding.weight
  - Froze policy model parameter: model.vqmodel.quant_conv.weight
  - Froze policy model parameter: model.vqmodel.quant_conv.bias
  - Froze policy model parameter: model.vqmodel.post_quant_conv.weight
  - Froze policy model parameter: model.vqmodel.post_quant_conv.bias
  - Froze policy model parameter: mlp_head.time_embed.mlp.0.weight
  - Froze policy model parameter: mlp_head.time_embed.mlp.0.bias
  - Froze policy model parameter: mlp_head.time_embed.mlp.2.weight
  - Froze policy model parameter: mlp_head.time_embed.mlp.2.bias
  - Froze policy model parameter: mlp_head.cond_embed.weight
  - Froze policy model parameter: mlp_head.cond_embed.bias
  - Froze policy model parameter: mlp_head.input_proj.weight
  - Froze policy model parameter: mlp_head.input_proj.bias
  - Froze policy model parameter: mlp_head.res_blocks.0.in_ln.weight
  - Froze policy model parameter: mlp_head.res_blocks.0.in_ln.bias
  - Froze policy model parameter: mlp_head.res_blocks.0.mlp.0.weight
  - Froze policy model parameter: mlp_head.res_blocks.0.mlp.0.bias
  - Froze policy model parameter: mlp_head.res_blocks.0.mlp.2.weight
  - Froze policy model parameter: mlp_head.res_blocks.0.mlp.2.bias
  - Froze policy model parameter: mlp_head.res_blocks.0.adaLN_modulation.1.weight
  - Froze policy model parameter: mlp_head.res_blocks.0.adaLN_modulation.1.bias
  - Froze policy model parameter: mlp_head.res_blocks.1.in_ln.weight
  - Froze policy model parameter: mlp_head.res_blocks.1.in_ln.bias
  - Froze policy model parameter: mlp_head.res_blocks.1.mlp.0.weight
  - Froze policy model parameter: mlp_head.res_blocks.1.mlp.0.bias
  - Froze policy model parameter: mlp_head.res_blocks.1.mlp.2.weight
  - Froze policy model parameter: mlp_head.res_blocks.1.mlp.2.bias
  - Froze policy model parameter: mlp_head.res_blocks.1.adaLN_modulation.1.weight
  - Froze policy model parameter: mlp_head.res_blocks.1.adaLN_modulation.1.bias
  - Froze policy model parameter: mlp_head.res_blocks.2.in_ln.weight
  - Froze policy model parameter: mlp_head.res_blocks.2.in_ln.bias
  - Froze policy model parameter: mlp_head.res_blocks.2.mlp.0.weight
  - Froze policy model parameter: mlp_head.res_blocks.2.mlp.0.bias
  - Froze policy model parameter: mlp_head.res_blocks.2.mlp.2.weight
  - Froze policy model parameter: mlp_head.res_blocks.2.mlp.2.bias
  - Froze policy model parameter: mlp_head.res_blocks.2.adaLN_modulation.1.weight
  - Froze policy model parameter: mlp_head.res_blocks.2.adaLN_modulation.1.bias
  - Froze policy model parameter: mlp_head.final_layer.linear.weight
  - Froze policy model parameter: mlp_head.final_layer.linear.bias
  - Froze policy model parameter: mlp_head.final_layer.adaLN_modulation.1.weight
  - Froze policy model parameter: mlp_head.final_layer.adaLN_modulation.1.bias
Model parts frozen.
Loaded 2 reward functions: ['answer_correctness_reward', 'format_reward']
Trainer initialized.
--- [Step 3/3] Starting GRPO training... ---
`torch_dtype` is deprecated! Use `dtype` instead!
Loading checkpoint shards:   0%|          | 0/3 [00:00<?, ?it/s]Loading checkpoint shards: 100%|██████████| 3/3 [00:00<00:00, 15.44it/s]Loading checkpoint shards: 100%|██████████| 3/3 [00:00<00:00, 15.42it/s]
Freezing non-trainable parts of the model...
  - Froze policy model parameter: model.vqmodel.encoder.conv_in.weight
  - Froze policy model parameter: model.vqmodel.encoder.conv_in.bias
  - Froze policy model parameter: model.vqmodel.encoder.down.0.block.0.norm1.weight
  - Froze policy model parameter: model.vqmodel.encoder.down.0.block.0.norm1.bias
  - Froze policy model parameter: model.vqmodel.encoder.down.0.block.0.conv1.weight
  - Froze policy model parameter: model.vqmodel.encoder.down.0.block.0.conv1.bias
  - Froze policy model parameter: model.vqmodel.encoder.down.0.block.0.norm2.weight
  - Froze policy model parameter: model.vqmodel.encoder.down.0.block.0.norm2.bias
  - Froze policy model parameter: model.vqmodel.encoder.down.0.block.0.conv2.weight
  - Froze policy model parameter: model.vqmodel.encoder.down.0.block.0.conv2.bias
  - Froze policy model parameter: model.vqmodel.encoder.down.0.block.1.norm1.weight
  - Froze policy model parameter: model.vqmodel.encoder.down.0.block.1.norm1.bias
  - Froze policy model parameter: model.vqmodel.encoder.down.0.block.1.conv1.weight
  - Froze policy model parameter: model.vqmodel.encoder.down.0.block.1.conv1.bias
  - Froze policy model parameter: model.vqmodel.encoder.down.0.block.1.norm2.weight
  - Froze policy model parameter: model.vqmodel.encoder.down.0.block.1.norm2.bias
  - Froze policy model parameter: model.vqmodel.encoder.down.0.block.1.conv2.weight
  - Froze policy model parameter: model.vqmodel.encoder.down.0.block.1.conv2.bias
  - Froze policy model parameter: model.vqmodel.encoder.down.0.downsample.conv.weight
  - Froze policy model parameter: model.vqmodel.encoder.down.0.downsample.conv.bias
  - Froze policy model parameter: model.vqmodel.encoder.down.1.block.0.norm1.weight
  - Froze policy model parameter: model.vqmodel.encoder.down.1.block.0.norm1.bias
  - Froze policy model parameter: model.vqmodel.encoder.down.1.block.0.conv1.weight
  - Froze policy model parameter: model.vqmodel.encoder.down.1.block.0.conv1.bias
  - Froze policy model parameter: model.vqmodel.encoder.down.1.block.0.norm2.weight
  - Froze policy model parameter: model.vqmodel.encoder.down.1.block.0.norm2.bias
  - Froze policy model parameter: model.vqmodel.encoder.down.1.block.0.conv2.weight
  - Froze policy model parameter: model.vqmodel.encoder.down.1.block.0.conv2.bias
  - Froze policy model parameter: model.vqmodel.encoder.down.1.block.1.norm1.weight
  - Froze policy model parameter: model.vqmodel.encoder.down.1.block.1.norm1.bias
  - Froze policy model parameter: model.vqmodel.encoder.down.1.block.1.conv1.weight
  - Froze policy model parameter: model.vqmodel.encoder.down.1.block.1.conv1.bias
  - Froze policy model parameter: model.vqmodel.encoder.down.1.block.1.norm2.weight
  - Froze policy model parameter: model.vqmodel.encoder.down.1.block.1.norm2.bias
  - Froze policy model parameter: model.vqmodel.encoder.down.1.block.1.conv2.weight
  - Froze policy model parameter: model.vqmodel.encoder.down.1.block.1.conv2.bias
  - Froze policy model parameter: model.vqmodel.encoder.down.1.downsample.conv.weight
  - Froze policy model parameter: model.vqmodel.encoder.down.1.downsample.conv.bias
  - Froze policy model parameter: model.vqmodel.encoder.down.2.block.0.norm1.weight
  - Froze policy model parameter: model.vqmodel.encoder.down.2.block.0.norm1.bias
  - Froze policy model parameter: model.vqmodel.encoder.down.2.block.0.conv1.weight
  - Froze policy model parameter: model.vqmodel.encoder.down.2.block.0.conv1.bias
  - Froze policy model parameter: model.vqmodel.encoder.down.2.block.0.norm2.weight
  - Froze policy model parameter: model.vqmodel.encoder.down.2.block.0.norm2.bias
  - Froze policy model parameter: model.vqmodel.encoder.down.2.block.0.conv2.weight
  - Froze policy model parameter: model.vqmodel.encoder.down.2.block.0.conv2.bias
  - Froze policy model parameter: model.vqmodel.encoder.down.2.block.0.nin_shortcut.weight
  - Froze policy model parameter: model.vqmodel.encoder.down.2.block.0.nin_shortcut.bias
  - Froze policy model parameter: model.vqmodel.encoder.down.2.block.1.norm1.weight
  - Froze policy model parameter: model.vqmodel.encoder.down.2.block.1.norm1.bias
  - Froze policy model parameter: model.vqmodel.encoder.down.2.block.1.conv1.weight
  - Froze policy model parameter: model.vqmodel.encoder.down.2.block.1.conv1.bias
  - Froze policy model parameter: model.vqmodel.encoder.down.2.block.1.norm2.weight
  - Froze policy model parameter: model.vqmodel.encoder.down.2.block.1.norm2.bias
  - Froze policy model parameter: model.vqmodel.encoder.down.2.block.1.conv2.weight
  - Froze policy model parameter: model.vqmodel.encoder.down.2.block.1.conv2.bias
  - Froze policy model parameter: model.vqmodel.encoder.down.2.downsample.conv.weight
  - Froze policy model parameter: model.vqmodel.encoder.down.2.downsample.conv.bias
  - Froze policy model parameter: model.vqmodel.encoder.down.3.block.0.norm1.weight
  - Froze policy model parameter: model.vqmodel.encoder.down.3.block.0.norm1.bias
  - Froze policy model parameter: model.vqmodel.encoder.down.3.block.0.conv1.weight
  - Froze policy model parameter: model.vqmodel.encoder.down.3.block.0.conv1.bias
  - Froze policy model parameter: model.vqmodel.encoder.down.3.block.0.norm2.weight
  - Froze policy model parameter: model.vqmodel.encoder.down.3.block.0.norm2.bias
  - Froze policy model parameter: model.vqmodel.encoder.down.3.block.0.conv2.weight
  - Froze policy model parameter: model.vqmodel.encoder.down.3.block.0.conv2.bias
  - Froze policy model parameter: model.vqmodel.encoder.down.3.block.1.norm1.weight
  - Froze policy model parameter: model.vqmodel.encoder.down.3.block.1.norm1.bias
  - Froze policy model parameter: model.vqmodel.encoder.down.3.block.1.conv1.weight
  - Froze policy model parameter: model.vqmodel.encoder.down.3.block.1.conv1.bias
  - Froze policy model parameter: model.vqmodel.encoder.down.3.block.1.norm2.weight
  - Froze policy model parameter: model.vqmodel.encoder.down.3.block.1.norm2.bias
  - Froze policy model parameter: model.vqmodel.encoder.down.3.block.1.conv2.weight
  - Froze policy model parameter: model.vqmodel.encoder.down.3.block.1.conv2.bias
  - Froze policy model parameter: model.vqmodel.encoder.down.3.downsample.conv.weight
  - Froze policy model parameter: model.vqmodel.encoder.down.3.downsample.conv.bias
  - Froze policy model parameter: model.vqmodel.encoder.down.4.block.0.norm1.weight
  - Froze policy model parameter: model.vqmodel.encoder.down.4.block.0.norm1.bias
  - Froze policy model parameter: model.vqmodel.encoder.down.4.block.0.conv1.weight
  - Froze policy model parameter: model.vqmodel.encoder.down.4.block.0.conv1.bias
  - Froze policy model parameter: model.vqmodel.encoder.down.4.block.0.norm2.weight
  - Froze policy model parameter: model.vqmodel.encoder.down.4.block.0.norm2.bias
  - Froze policy model parameter: model.vqmodel.encoder.down.4.block.0.conv2.weight
  - Froze policy model parameter: model.vqmodel.encoder.down.4.block.0.conv2.bias
  - Froze policy model parameter: model.vqmodel.encoder.down.4.block.0.nin_shortcut.weight
  - Froze policy model parameter: model.vqmodel.encoder.down.4.block.0.nin_shortcut.bias
  - Froze policy model parameter: model.vqmodel.encoder.down.4.block.1.norm1.weight
  - Froze policy model parameter: model.vqmodel.encoder.down.4.block.1.norm1.bias
  - Froze policy model parameter: model.vqmodel.encoder.down.4.block.1.conv1.weight
  - Froze policy model parameter: model.vqmodel.encoder.down.4.block.1.conv1.bias
  - Froze policy model parameter: model.vqmodel.encoder.down.4.block.1.norm2.weight
  - Froze policy model parameter: model.vqmodel.encoder.down.4.block.1.norm2.bias
  - Froze policy model parameter: model.vqmodel.encoder.down.4.block.1.conv2.weight
  - Froze policy model parameter: model.vqmodel.encoder.down.4.block.1.conv2.bias
  - Froze policy model parameter: model.vqmodel.encoder.mid.block_1.norm1.weight
  - Froze policy model parameter: model.vqmodel.encoder.mid.block_1.norm1.bias
  - Froze policy model parameter: model.vqmodel.encoder.mid.block_1.conv1.weight
  - Froze policy model parameter: model.vqmodel.encoder.mid.block_1.conv1.bias
  - Froze policy model parameter: model.vqmodel.encoder.mid.block_1.norm2.weight
  - Froze policy model parameter: model.vqmodel.encoder.mid.block_1.norm2.bias
  - Froze policy model parameter: model.vqmodel.encoder.mid.block_1.conv2.weight
  - Froze policy model parameter: model.vqmodel.encoder.mid.block_1.conv2.bias
  - Froze policy model parameter: model.vqmodel.encoder.mid.attn_1.norm.weight
  - Froze policy model parameter: model.vqmodel.encoder.mid.attn_1.norm.bias
  - Froze policy model parameter: model.vqmodel.encoder.mid.attn_1.q.weight
  - Froze policy model parameter: model.vqmodel.encoder.mid.attn_1.q.bias
  - Froze policy model parameter: model.vqmodel.encoder.mid.attn_1.k.weight
  - Froze policy model parameter: model.vqmodel.encoder.mid.attn_1.k.bias
  - Froze policy model parameter: model.vqmodel.encoder.mid.attn_1.v.weight
  - Froze policy model parameter: model.vqmodel.encoder.mid.attn_1.v.bias
  - Froze policy model parameter: model.vqmodel.encoder.mid.attn_1.proj_out.weight
  - Froze policy model parameter: model.vqmodel.encoder.mid.attn_1.proj_out.bias
  - Froze policy model parameter: model.vqmodel.encoder.mid.block_2.norm1.weight
  - Froze policy model parameter: model.vqmodel.encoder.mid.block_2.norm1.bias
  - Froze policy model parameter: model.vqmodel.encoder.mid.block_2.conv1.weight
  - Froze policy model parameter: model.vqmodel.encoder.mid.block_2.conv1.bias
  - Froze policy model parameter: model.vqmodel.encoder.mid.block_2.norm2.weight
  - Froze policy model parameter: model.vqmodel.encoder.mid.block_2.norm2.bias
  - Froze policy model parameter: model.vqmodel.encoder.mid.block_2.conv2.weight
  - Froze policy model parameter: model.vqmodel.encoder.mid.block_2.conv2.bias
  - Froze policy model parameter: model.vqmodel.encoder.norm_out.weight
  - Froze policy model parameter: model.vqmodel.encoder.norm_out.bias
  - Froze policy model parameter: model.vqmodel.encoder.conv_out.weight
  - Froze policy model parameter: model.vqmodel.encoder.conv_out.bias
  - Froze policy model parameter: model.vqmodel.decoder.conv_in.weight
  - Froze policy model parameter: model.vqmodel.decoder.conv_in.bias
  - Froze policy model parameter: model.vqmodel.decoder.mid.block_1.norm1.weight
  - Froze policy model parameter: model.vqmodel.decoder.mid.block_1.norm1.bias
  - Froze policy model parameter: model.vqmodel.decoder.mid.block_1.conv1.weight
  - Froze policy model parameter: model.vqmodel.decoder.mid.block_1.conv1.bias
  - Froze policy model parameter: model.vqmodel.decoder.mid.block_1.norm2.weight
  - Froze policy model parameter: model.vqmodel.decoder.mid.block_1.norm2.bias
  - Froze policy model parameter: model.vqmodel.decoder.mid.block_1.conv2.weight
  - Froze policy model parameter: model.vqmodel.decoder.mid.block_1.conv2.bias
  - Froze policy model parameter: model.vqmodel.decoder.mid.attn_1.norm.weight
  - Froze policy model parameter: model.vqmodel.decoder.mid.attn_1.norm.bias
  - Froze policy model parameter: model.vqmodel.decoder.mid.attn_1.q.weight
  - Froze policy model parameter: model.vqmodel.decoder.mid.attn_1.q.bias
  - Froze policy model parameter: model.vqmodel.decoder.mid.attn_1.k.weight
  - Froze policy model parameter: model.vqmodel.decoder.mid.attn_1.k.bias
  - Froze policy model parameter: model.vqmodel.decoder.mid.attn_1.v.weight
  - Froze policy model parameter: model.vqmodel.decoder.mid.attn_1.v.bias
  - Froze policy model parameter: model.vqmodel.decoder.mid.attn_1.proj_out.weight
  - Froze policy model parameter: model.vqmodel.decoder.mid.attn_1.proj_out.bias
  - Froze policy model parameter: model.vqmodel.decoder.mid.block_2.norm1.weight
  - Froze policy model parameter: model.vqmodel.decoder.mid.block_2.norm1.bias
  - Froze policy model parameter: model.vqmodel.decoder.mid.block_2.conv1.weight
  - Froze policy model parameter: model.vqmodel.decoder.mid.block_2.conv1.bias
  - Froze policy model parameter: model.vqmodel.decoder.mid.block_2.norm2.weight
  - Froze policy model parameter: model.vqmodel.decoder.mid.block_2.norm2.bias
  - Froze policy model parameter: model.vqmodel.decoder.mid.block_2.conv2.weight
  - Froze policy model parameter: model.vqmodel.decoder.mid.block_2.conv2.bias
  - Froze policy model parameter: model.vqmodel.decoder.up.0.block.0.norm1.weight
  - Froze policy model parameter: model.vqmodel.decoder.up.0.block.0.norm1.bias
  - Froze policy model parameter: model.vqmodel.decoder.up.0.block.0.conv1.weight
  - Froze policy model parameter: model.vqmodel.decoder.up.0.block.0.conv1.bias
  - Froze policy model parameter: model.vqmodel.decoder.up.0.block.0.norm2.weight
  - Froze policy model parameter: model.vqmodel.decoder.up.0.block.0.norm2.bias
  - Froze policy model parameter: model.vqmodel.decoder.up.0.block.0.conv2.weight
  - Froze policy model parameter: model.vqmodel.decoder.up.0.block.0.conv2.bias
  - Froze policy model parameter: model.vqmodel.decoder.up.0.block.1.norm1.weight
  - Froze policy model parameter: model.vqmodel.decoder.up.0.block.1.norm1.bias
  - Froze policy model parameter: model.vqmodel.decoder.up.0.block.1.conv1.weight
  - Froze policy model parameter: model.vqmodel.decoder.up.0.block.1.conv1.bias
  - Froze policy model parameter: model.vqmodel.decoder.up.0.block.1.norm2.weight
  - Froze policy model parameter: model.vqmodel.decoder.up.0.block.1.norm2.bias
  - Froze policy model parameter: model.vqmodel.decoder.up.0.block.1.conv2.weight
  - Froze policy model parameter: model.vqmodel.decoder.up.0.block.1.conv2.bias
  - Froze policy model parameter: model.vqmodel.decoder.up.0.block.2.norm1.weight
  - Froze policy model parameter: model.vqmodel.decoder.up.0.block.2.norm1.bias
  - Froze policy model parameter: model.vqmodel.decoder.up.0.block.2.conv1.weight
  - Froze policy model parameter: model.vqmodel.decoder.up.0.block.2.conv1.bias
  - Froze policy model parameter: model.vqmodel.decoder.up.0.block.2.norm2.weight
  - Froze policy model parameter: model.vqmodel.decoder.up.0.block.2.norm2.bias
  - Froze policy model parameter: model.vqmodel.decoder.up.0.block.2.conv2.weight
  - Froze policy model parameter: model.vqmodel.decoder.up.0.block.2.conv2.bias
  - Froze policy model parameter: model.vqmodel.decoder.up.1.block.0.norm1.weight
  - Froze policy model parameter: model.vqmodel.decoder.up.1.block.0.norm1.bias
  - Froze policy model parameter: model.vqmodel.decoder.up.1.block.0.conv1.weight
  - Froze policy model parameter: model.vqmodel.decoder.up.1.block.0.conv1.bias
  - Froze policy model parameter: model.vqmodel.decoder.up.1.block.0.norm2.weight
  - Froze policy model parameter: model.vqmodel.decoder.up.1.block.0.norm2.bias
  - Froze policy model parameter: model.vqmodel.decoder.up.1.block.0.conv2.weight
  - Froze policy model parameter: model.vqmodel.decoder.up.1.block.0.conv2.bias
  - Froze policy model parameter: model.vqmodel.decoder.up.1.block.0.nin_shortcut.weight
  - Froze policy model parameter: model.vqmodel.decoder.up.1.block.0.nin_shortcut.bias
  - Froze policy model parameter: model.vqmodel.decoder.up.1.block.1.norm1.weight
  - Froze policy model parameter: model.vqmodel.decoder.up.1.block.1.norm1.bias
  - Froze policy model parameter: model.vqmodel.decoder.up.1.block.1.conv1.weight
  - Froze policy model parameter: model.vqmodel.decoder.up.1.block.1.conv1.bias
  - Froze policy model parameter: model.vqmodel.decoder.up.1.block.1.norm2.weight
  - Froze policy model parameter: model.vqmodel.decoder.up.1.block.1.norm2.bias
  - Froze policy model parameter: model.vqmodel.decoder.up.1.block.1.conv2.weight
  - Froze policy model parameter: model.vqmodel.decoder.up.1.block.1.conv2.bias
  - Froze policy model parameter: model.vqmodel.decoder.up.1.block.2.norm1.weight
  - Froze policy model parameter: model.vqmodel.decoder.up.1.block.2.norm1.bias
  - Froze policy model parameter: model.vqmodel.decoder.up.1.block.2.conv1.weight
  - Froze policy model parameter: model.vqmodel.decoder.up.1.block.2.conv1.bias
  - Froze policy model parameter: model.vqmodel.decoder.up.1.block.2.norm2.weight
  - Froze policy model parameter: model.vqmodel.decoder.up.1.block.2.norm2.bias
  - Froze policy model parameter: model.vqmodel.decoder.up.1.block.2.conv2.weight
  - Froze policy model parameter: model.vqmodel.decoder.up.1.block.2.conv2.bias
  - Froze policy model parameter: model.vqmodel.decoder.up.1.upsample.conv.weight
  - Froze policy model parameter: model.vqmodel.decoder.up.1.upsample.conv.bias
  - Froze policy model parameter: model.vqmodel.decoder.up.2.block.0.norm1.weight
  - Froze policy model parameter: model.vqmodel.decoder.up.2.block.0.norm1.bias
  - Froze policy model parameter: model.vqmodel.decoder.up.2.block.0.conv1.weight
  - Froze policy model parameter: model.vqmodel.decoder.up.2.block.0.conv1.bias
  - Froze policy model parameter: model.vqmodel.decoder.up.2.block.0.norm2.weight
  - Froze policy model parameter: model.vqmodel.decoder.up.2.block.0.norm2.bias
  - Froze policy model parameter: model.vqmodel.decoder.up.2.block.0.conv2.weight
  - Froze policy model parameter: model.vqmodel.decoder.up.2.block.0.conv2.bias
  - Froze policy model parameter: model.vqmodel.decoder.up.2.block.1.norm1.weight
  - Froze policy model parameter: model.vqmodel.decoder.up.2.block.1.norm1.bias
  - Froze policy model parameter: model.vqmodel.decoder.up.2.block.1.conv1.weight
  - Froze policy model parameter: model.vqmodel.decoder.up.2.block.1.conv1.bias
  - Froze policy model parameter: model.vqmodel.decoder.up.2.block.1.norm2.weight
  - Froze policy model parameter: model.vqmodel.decoder.up.2.block.1.norm2.bias
  - Froze policy model parameter: model.vqmodel.decoder.up.2.block.1.conv2.weight
  - Froze policy model parameter: model.vqmodel.decoder.up.2.block.1.conv2.bias
  - Froze policy model parameter: model.vqmodel.decoder.up.2.block.2.norm1.weight
  - Froze policy model parameter: model.vqmodel.decoder.up.2.block.2.norm1.bias
  - Froze policy model parameter: model.vqmodel.decoder.up.2.block.2.conv1.weight
  - Froze policy model parameter: model.vqmodel.decoder.up.2.block.2.conv1.bias
  - Froze policy model parameter: model.vqmodel.decoder.up.2.block.2.norm2.weight
  - Froze policy model parameter: model.vqmodel.decoder.up.2.block.2.norm2.bias
  - Froze policy model parameter: model.vqmodel.decoder.up.2.block.2.conv2.weight
  - Froze policy model parameter: model.vqmodel.decoder.up.2.block.2.conv2.bias
  - Froze policy model parameter: model.vqmodel.decoder.up.2.upsample.conv.weight
  - Froze policy model parameter: model.vqmodel.decoder.up.2.upsample.conv.bias
  - Froze policy model parameter: model.vqmodel.decoder.up.3.block.0.norm1.weight
  - Froze policy model parameter: model.vqmodel.decoder.up.3.block.0.norm1.bias
  - Froze policy model parameter: model.vqmodel.decoder.up.3.block.0.conv1.weight
  - Froze policy model parameter: model.vqmodel.decoder.up.3.block.0.conv1.bias
  - Froze policy model parameter: model.vqmodel.decoder.up.3.block.0.norm2.weight
  - Froze policy model parameter: model.vqmodel.decoder.up.3.block.0.norm2.bias
  - Froze policy model parameter: model.vqmodel.decoder.up.3.block.0.conv2.weight
  - Froze policy model parameter: model.vqmodel.decoder.up.3.block.0.conv2.bias
  - Froze policy model parameter: model.vqmodel.decoder.up.3.block.0.nin_shortcut.weight
  - Froze policy model parameter: model.vqmodel.decoder.up.3.block.0.nin_shortcut.bias
  - Froze policy model parameter: model.vqmodel.decoder.up.3.block.1.norm1.weight
  - Froze policy model parameter: model.vqmodel.decoder.up.3.block.1.norm1.bias
  - Froze policy model parameter: model.vqmodel.decoder.up.3.block.1.conv1.weight
  - Froze policy model parameter: model.vqmodel.decoder.up.3.block.1.conv1.bias
  - Froze policy model parameter: model.vqmodel.decoder.up.3.block.1.norm2.weight
  - Froze policy model parameter: model.vqmodel.decoder.up.3.block.1.norm2.bias
  - Froze policy model parameter: model.vqmodel.decoder.up.3.block.1.conv2.weight
  - Froze policy model parameter: model.vqmodel.decoder.up.3.block.1.conv2.bias
  - Froze policy model parameter: model.vqmodel.decoder.up.3.block.2.norm1.weight
  - Froze policy model parameter: model.vqmodel.decoder.up.3.block.2.norm1.bias
  - Froze policy model parameter: model.vqmodel.decoder.up.3.block.2.conv1.weight
  - Froze policy model parameter: model.vqmodel.decoder.up.3.block.2.conv1.bias
  - Froze policy model parameter: model.vqmodel.decoder.up.3.block.2.norm2.weight
  - Froze policy model parameter: model.vqmodel.decoder.up.3.block.2.norm2.bias
  - Froze policy model parameter: model.vqmodel.decoder.up.3.block.2.conv2.weight
  - Froze policy model parameter: model.vqmodel.decoder.up.3.block.2.conv2.bias
  - Froze policy model parameter: model.vqmodel.decoder.up.3.upsample.conv.weight
  - Froze policy model parameter: model.vqmodel.decoder.up.3.upsample.conv.bias
  - Froze policy model parameter: model.vqmodel.decoder.up.4.block.0.norm1.weight
  - Froze policy model parameter: model.vqmodel.decoder.up.4.block.0.norm1.bias
  - Froze policy model parameter: model.vqmodel.decoder.up.4.block.0.conv1.weight
  - Froze policy model parameter: model.vqmodel.decoder.up.4.block.0.conv1.bias
  - Froze policy model parameter: model.vqmodel.decoder.up.4.block.0.norm2.weight
  - Froze policy model parameter: model.vqmodel.decoder.up.4.block.0.norm2.bias
  - Froze policy model parameter: model.vqmodel.decoder.up.4.block.0.conv2.weight
  - Froze policy model parameter: model.vqmodel.decoder.up.4.block.0.conv2.bias
  - Froze policy model parameter: model.vqmodel.decoder.up.4.block.1.norm1.weight
  - Froze policy model parameter: model.vqmodel.decoder.up.4.block.1.norm1.bias
  - Froze policy model parameter: model.vqmodel.decoder.up.4.block.1.conv1.weight
  - Froze policy model parameter: model.vqmodel.decoder.up.4.block.1.conv1.bias
  - Froze policy model parameter: model.vqmodel.decoder.up.4.block.1.norm2.weight
  - Froze policy model parameter: model.vqmodel.decoder.up.4.block.1.norm2.bias
  - Froze policy model parameter: model.vqmodel.decoder.up.4.block.1.conv2.weight
  - Froze policy model parameter: model.vqmodel.decoder.up.4.block.1.conv2.bias
  - Froze policy model parameter: model.vqmodel.decoder.up.4.block.2.norm1.weight
  - Froze policy model parameter: model.vqmodel.decoder.up.4.block.2.norm1.bias
  - Froze policy model parameter: model.vqmodel.decoder.up.4.block.2.conv1.weight
  - Froze policy model parameter: model.vqmodel.decoder.up.4.block.2.conv1.bias
  - Froze policy model parameter: model.vqmodel.decoder.up.4.block.2.norm2.weight
  - Froze policy model parameter: model.vqmodel.decoder.up.4.block.2.norm2.bias
  - Froze policy model parameter: model.vqmodel.decoder.up.4.block.2.conv2.weight
  - Froze policy model parameter: model.vqmodel.decoder.up.4.block.2.conv2.bias
  - Froze policy model parameter: model.vqmodel.decoder.up.4.upsample.conv.weight
  - Froze policy model parameter: model.vqmodel.decoder.up.4.upsample.conv.bias
  - Froze policy model parameter: model.vqmodel.decoder.norm_out.weight
  - Froze policy model parameter: model.vqmodel.decoder.norm_out.bias
  - Froze policy model parameter: model.vqmodel.decoder.conv_out.weight
  - Froze policy model parameter: model.vqmodel.decoder.conv_out.bias
  - Froze policy model parameter: model.vqmodel.quantize.embedding.weight
  - Froze policy model parameter: model.vqmodel.quant_conv.weight
  - Froze policy model parameter: model.vqmodel.quant_conv.bias
  - Froze policy model parameter: model.vqmodel.post_quant_conv.weight
  - Froze policy model parameter: model.vqmodel.post_quant_conv.bias
  - Froze policy model parameter: mlp_head.time_embed.mlp.0.weight
  - Froze policy model parameter: mlp_head.time_embed.mlp.0.bias
  - Froze policy model parameter: mlp_head.time_embed.mlp.2.weight
  - Froze policy model parameter: mlp_head.time_embed.mlp.2.bias
  - Froze policy model parameter: mlp_head.cond_embed.weight
  - Froze policy model parameter: mlp_head.cond_embed.bias
  - Froze policy model parameter: mlp_head.input_proj.weight
  - Froze policy model parameter: mlp_head.input_proj.bias
  - Froze policy model parameter: mlp_head.res_blocks.0.in_ln.weight
  - Froze policy model parameter: mlp_head.res_blocks.0.in_ln.bias
  - Froze policy model parameter: mlp_head.res_blocks.0.mlp.0.weight
  - Froze policy model parameter: mlp_head.res_blocks.0.mlp.0.bias
  - Froze policy model parameter: mlp_head.res_blocks.0.mlp.2.weight
  - Froze policy model parameter: mlp_head.res_blocks.0.mlp.2.bias
  - Froze policy model parameter: mlp_head.res_blocks.0.adaLN_modulation.1.weight
  - Froze policy model parameter: mlp_head.res_blocks.0.adaLN_modulation.1.bias
  - Froze policy model parameter: mlp_head.res_blocks.1.in_ln.weight
  - Froze policy model parameter: mlp_head.res_blocks.1.in_ln.bias
  - Froze policy model parameter: mlp_head.res_blocks.1.mlp.0.weight
  - Froze policy model parameter: mlp_head.res_blocks.1.mlp.0.bias
  - Froze policy model parameter: mlp_head.res_blocks.1.mlp.2.weight
  - Froze policy model parameter: mlp_head.res_blocks.1.mlp.2.bias
  - Froze policy model parameter: mlp_head.res_blocks.1.adaLN_modulation.1.weight
  - Froze policy model parameter: mlp_head.res_blocks.1.adaLN_modulation.1.bias
  - Froze policy model parameter: mlp_head.res_blocks.2.in_ln.weight
  - Froze policy model parameter: mlp_head.res_blocks.2.in_ln.bias
  - Froze policy model parameter: mlp_head.res_blocks.2.mlp.0.weight
  - Froze policy model parameter: mlp_head.res_blocks.2.mlp.0.bias
  - Froze policy model parameter: mlp_head.res_blocks.2.mlp.2.weight
  - Froze policy model parameter: mlp_head.res_blocks.2.mlp.2.bias
  - Froze policy model parameter: mlp_head.res_blocks.2.adaLN_modulation.1.weight
  - Froze policy model parameter: mlp_head.res_blocks.2.adaLN_modulation.1.bias
  - Froze policy model parameter: mlp_head.final_layer.linear.weight
  - Froze policy model parameter: mlp_head.final_layer.linear.bias
  - Froze policy model parameter: mlp_head.final_layer.adaLN_modulation.1.weight
  - Froze policy model parameter: mlp_head.final_layer.adaLN_modulation.1.bias
Model parts frozen.
Loaded 2 reward functions: ['answer_correctness_reward', 'format_reward']
Trainer initialized.
--- [Step 3/3] Starting GRPO training... ---
multimodal_generation_mode text-only
Setting `pad_token_id` to `eos_token_id`:2 for open-end generation.
multimodal_generation_mode text-only
Setting `pad_token_id` to `eos_token_id`:2 for open-end generation.
wandb: Currently logged in as: xjy110156 (xjy110156-) to https://api.wandb.ai. Use `wandb login --relogin` to force relogin
multimodal_generation_mode text-only
Setting `pad_token_id` to `eos_token_id`:2 for open-end generation.
multimodal_generation_mode text-only
Setting `pad_token_id` to `eos_token_id`:2 for open-end generation.
multimodal_generation_mode text-only
Setting `pad_token_id` to `eos_token_id`:2 for open-end generation.
multimodal_generation_mode text-only
Setting `pad_token_id` to `eos_token_id`:2 for open-end generation.
multimodal_generation_mode text-only
Setting `pad_token_id` to `eos_token_id`:2 for open-end generation.
wandb: creating run
multimodal_generation_mode text-only
Setting `pad_token_id` to `eos_token_id`:2 for open-end generation.
wandb: Tracking run with wandb version 0.22.0
wandb: Run data is saved locally in /data1/oujingfeng/project/twgi/Orthus/train/grpo/wandb/run-20251027_173921-u5yqm9t5
wandb: Run `wandb offline` to turn off syncing.
wandb: Syncing run orthus-7b-grpo-geneval-v1
wandb: ⭐️ View project at https://wandb.ai/xjy110156-/orthus-grpo-project
wandb: 🚀 View run at https://wandb.ai/xjy110156-/orthus-grpo-project/runs/u5yqm9t5
wandb: WARNING Serializing object of type dict that is 1922480 bytes
  0%|          | 0/2000 [00:00<?, ?it/s]multimodal_generation_mode text-only
Setting `pad_token_id` to `eos_token_id`:2 for open-end generation.
multimodal_generation_mode text-only
Setting `pad_token_id` to `eos_token_id`:2 for open-end generation.
multimodal_generation_mode text-only
Setting `pad_token_id` to `eos_token_id`:2 for open-end generation.
multimodal_generation_mode text-only
Setting `pad_token_id` to `eos_token_id`:2 for open-end generation.
multimodal_generation_mode text-only
Setting `pad_token_id` to `eos_token_id`:2 for open-end generation.
multimodal_generation_mode text-only
Setting `pad_token_id` to `eos_token_id`:2 for open-end generation.
multimodal_generation_mode text-only
Setting `pad_token_id` to `eos_token_id`:2 for open-end generation.
multimodal_generation_mode text-only
Setting `pad_token_id` to `eos_token_id`:2 for open-end generation.
                                        {'reward/mean': 0.0, 'reward/std': 0.0, 'policy/advantage_mean': 0.0, 'policy/advantage_std': 0.0, 'loss/pg_loss': 0.0, 'loss/kl_div': -0.3997468013389438, 'epoch': 0}
  0%|          | 0/2000 [00:06<?, ?it/s]Could not estimate the number of tokens of the input, floating-point operations will not be computed
Could not estimate the number of tokens of the input, floating-point operations will not be computed
Could not estimate the number of tokens of the input, floating-point operations will not be computed
Could not estimate the number of tokens of the input, floating-point operations will not be computed
Could not estimate the number of tokens of the input, floating-point operations will not be computed
Could not estimate the number of tokens of the input, floating-point operations will not be computed
Could not estimate the number of tokens of the input, floating-point operations will not be computed
Could not estimate the number of tokens of the input, floating-point operations will not be computed
multimodal_generation_mode text-onlymultimodal_generation_mode text-only

multimodal_generation_mode text-only
Setting `pad_token_id` to `eos_token_id`:2 for open-end generation.
multimodal_generation_mode text-only
Setting `pad_token_id` to `eos_token_id`:2 for open-end generation.
Setting `pad_token_id` to `eos_token_id`:2 for open-end generation.
multimodal_generation_mode text-only
multimodal_generation_mode text-only
Setting `pad_token_id` to `eos_token_id`:2 for open-end generation.
Setting `pad_token_id` to `eos_token_id`:2 for open-end generation.
Setting `pad_token_id` to `eos_token_id`:2 for open-end generation.
multimodal_generation_mode text-only
multimodal_generation_mode text-only
Setting `pad_token_id` to `eos_token_id`:2 for open-end generation.
Setting `pad_token_id` to `eos_token_id`:2 for open-end generation.
multimodal_generation_mode text-only
Setting `pad_token_id` to `eos_token_id`:2 for open-end generation.
multimodal_generation_mode text-only
Setting `pad_token_id` to `eos_token_id`:2 for open-end generation.
multimodal_generation_mode text-only
Setting `pad_token_id` to `eos_token_id`:2 for open-end generation.
multimodal_generation_mode text-only
Setting `pad_token_id` to `eos_token_id`:2 for open-end generation.
multimodal_generation_mode text-only
Setting `pad_token_id` to `eos_token_id`:2 for open-end generation.
multimodal_generation_mode text-only
Setting `pad_token_id` to `eos_token_id`:2 for open-end generation.
                                        {'reward/mean': 0.0, 'reward/std': 0.0, 'policy/advantage_mean': 0.0, 'policy/advantage_std': 0.0, 'loss/pg_loss': 0.0, 'loss/kl_div': -0.6773131443903997, 'epoch': 0}
  0%|          | 0/2000 [00:14<?, ?it/s]multimodal_generation_mode text-only
Setting `pad_token_id` to `eos_token_id`:2 for open-end generation.
multimodal_generation_mode text-only
Setting `pad_token_id` to `eos_token_id`:2 for open-end generation.
  0%|          | 1/2000 [00:29<16:22:51, 29.50s/it]                                                   {'loss': 0.0, 'grad_norm': 0.0, 'learning_rate': 1e-06, 'epoch': 0.15}
  0%|          | 1/2000 [00:29<16:22:51, 29.50s/it]multimodal_generation_mode text-only
Setting `pad_token_id` to `eos_token_id`:2 for open-end generation.
multimodal_generation_modemultimodal_generation_mode  text-onlytext-only

multimodal_generation_mode text-only
multimodal_generation_mode text-only
Setting `pad_token_id` to `eos_token_id`:2 for open-end generation.
Setting `pad_token_id` to `eos_token_id`:2 for open-end generation.
Setting `pad_token_id` to `eos_token_id`:2 for open-end generation.
Setting `pad_token_id` to `eos_token_id`:2 for open-end generation.
multimodal_generation_mode text-only
Setting `pad_token_id` to `eos_token_id`:2 for open-end generation.
multimodal_generation_modemultimodal_generation_mode  text-only
text-only
Setting `pad_token_id` to `eos_token_id`:2 for open-end generation.
Setting `pad_token_id` to `eos_token_id`:2 for open-end generation.
multimodal_generation_mode text-only
Setting `pad_token_id` to `eos_token_id`:2 for open-end generation.
multimodal_generation_mode text-only
Setting `pad_token_id` to `eos_token_id`:2 for open-end generation.
multimodal_generation_mode text-only
Setting `pad_token_id` to `eos_token_id`:2 for open-end generation.
multimodal_generation_mode text-only
Setting `pad_token_id` to `eos_token_id`:2 for open-end generation.
multimodal_generation_mode text-only
Setting `pad_token_id` to `eos_token_id`:2 for open-end generation.
multimodal_generation_mode text-only
Setting `pad_token_id` to `eos_token_id`:2 for open-end generation.
multimodal_generation_mode text-only
Setting `pad_token_id` to `eos_token_id`:2 for open-end generation.
multimodal_generation_mode text-only
Setting `pad_token_id` to `eos_token_id`:2 for open-end generation.
                                                   {'reward/mean': 0.0, 'reward/std': 0.0, 'policy/advantage_mean': 0.0, 'policy/advantage_std': 0.0, 'loss/pg_loss': 0.0, 'loss/kl_div': -0.4135645779696378, 'epoch': 0.15}
  0%|          | 1/2000 [00:34<16:22:51, 29.50s/it]multimodal_generation_mode text-only
Setting `pad_token_id` to `eos_token_id`:2 for open-end generation.
multimodal_generation_mode text-only
multimodal_generation_modemultimodal_generation_mode text-only
 text-only
multimodal_generation_mode text-only
Setting `pad_token_id` to `eos_token_id`:2 for open-end generation.
multimodal_generation_mode text-only
Setting `pad_token_id` to `eos_token_id`:2 for open-end generation.
Setting `pad_token_id` to `eos_token_id`:2 for open-end generation.
Setting `pad_token_id` to `eos_token_id`:2 for open-end generation.
Setting `pad_token_id` to `eos_token_id`:2 for open-end generation.
multimodal_generation_mode text-only
Setting `pad_token_id` to `eos_token_id`:2 for open-end generation.
multimodal_generation_mode text-only
Setting `pad_token_id` to `eos_token_id`:2 for open-end generation.
multimodal_generation_mode text-only
Setting `pad_token_id` to `eos_token_id`:2 for open-end generation.
multimodal_generation_mode text-only
Setting `pad_token_id` to `eos_token_id`:2 for open-end generation.
multimodal_generation_mode text-only
Setting `pad_token_id` to `eos_token_id`:2 for open-end generation.
multimodal_generation_mode text-only
Setting `pad_token_id` to `eos_token_id`:2 for open-end generation.
multimodal_generation_mode text-only
Setting `pad_token_id` to `eos_token_id`:2 for open-end generation.
multimodal_generation_mode text-only
Setting `pad_token_id` to `eos_token_id`:2 for open-end generation.
multimodal_generation_mode text-only
Setting `pad_token_id` to `eos_token_id`:2 for open-end generation.
multimodal_generation_mode text-only
Setting `pad_token_id` to `eos_token_id`:2 for open-end generation.
                                                   {'reward/mean': 0.0, 'reward/std': 0.0, 'policy/advantage_mean': 0.0, 'policy/advantage_std': 0.0, 'loss/pg_loss': 0.0, 'loss/kl_div': -0.16066989997507994, 'epoch': 0.15}
  0%|          | 1/2000 [00:55<16:22:51, 29.50s/it][rank6]: Traceback (most recent call last):
[rank6]:   File "/data1/oujingfeng/project/twgi/Orthus/train/grpo/grpo_orthus.py", line 168, in <module>
[rank6]:     main(script_args, training_args, model_args)
[rank6]:   File "/data1/oujingfeng/project/twgi/Orthus/train/grpo/grpo_orthus.py", line 155, in main
[rank6]:     trainer.train(resume_from_checkpoint=checkpoint_to_resume)
[rank6]:   File "/data1/conda/envs/orthus/lib/python3.11/site-packages/transformers/trainer.py", line 2325, in train
[rank6]:     return inner_training_loop(
[rank6]:            ^^^^^^^^^^^^^^^^^^^^
[rank6]:   File "/data1/conda/envs/orthus/lib/python3.11/site-packages/transformers/trainer.py", line 2674, in _inner_training_loop
[rank6]:     tr_loss_step = self.training_step(model, inputs, num_items_in_batch)
[rank6]:                    ^^^^^^^^^^^^^^^^^^^^^^^^^^^^^^^^^^^^^^^^^^^^^^^^^^^^^
[rank6]:   File "/data1/conda/envs/orthus/lib/python3.11/site-packages/transformers/trainer.py", line 4071, in training_step
[rank6]:     self.accelerator.backward(loss, **kwargs)
[rank6]:   File "/data1/conda/envs/orthus/lib/python3.11/site-packages/accelerate/accelerator.py", line 2726, in backward
[rank6]:     self.deepspeed_engine_wrapped.backward(loss, sync_gradients=self.sync_gradients, **kwargs)
[rank6]:   File "/data1/conda/envs/orthus/lib/python3.11/site-packages/accelerate/utils/deepspeed.py", line 270, in backward
[rank6]:     self.engine.backward(loss, **kwargs)
[rank6]:   File "/data1/conda/envs/orthus/lib/python3.11/site-packages/deepspeed/utils/nvtx.py", line 20, in wrapped_fn
[rank6]:     ret_val = func(*args, **kwargs)
[rank6]:               ^^^^^^^^^^^^^^^^^^^^^
[rank6]:   File "/data1/conda/envs/orthus/lib/python3.11/site-packages/deepspeed/runtime/engine.py", line 2323, in backward
[rank6]:     self._do_optimizer_backward(loss, retain_graph)
[rank6]:   File "/data1/conda/envs/orthus/lib/python3.11/site-packages/deepspeed/runtime/engine.py", line 2269, in _do_optimizer_backward
[rank6]:     self.optimizer.backward(loss, retain_graph=retain_graph)
[rank6]:   File "/data1/conda/envs/orthus/lib/python3.11/site-packages/deepspeed/runtime/zero/stage_1_and_2.py", line 2246, in backward
[rank6]:     self.loss_scaler.backward(loss.float(), retain_graph=retain_graph)
[rank6]:   File "/data1/conda/envs/orthus/lib/python3.11/site-packages/deepspeed/runtime/fp16/loss_scaler.py", line 65, in backward
[rank6]:     scaled_loss.backward(retain_graph=retain_graph)
[rank6]:   File "/data1/conda/envs/orthus/lib/python3.11/site-packages/torch/_tensor.py", line 647, in backward
[rank6]:     torch.autograd.backward(
[rank6]:   File "/data1/conda/envs/orthus/lib/python3.11/site-packages/torch/autograd/__init__.py", line 354, in backward
[rank6]:     _engine_run_backward(
[rank6]:   File "/data1/conda/envs/orthus/lib/python3.11/site-packages/torch/autograd/graph.py", line 829, in _engine_run_backward
[rank6]:     return Variable._execution_engine.run_backward(  # Calls into the C++ engine to run the backward pass
[rank6]:            ^^^^^^^^^^^^^^^^^^^^^^^^^^^^^^^^^^^^^^^^^^^^^^^^^^^^^^^^^^^^^^^^^^^^^^^^^^^^^^^^^^^^^^^^^^^^^^
[rank6]:   File "/data1/conda/envs/orthus/lib/python3.11/site-packages/deepspeed/runtime/zero/stage_1_and_2.py", line 985, in grad_handling_hook
[rank6]:     self.process_gradients(param, i)
[rank6]:   File "/data1/conda/envs/orthus/lib/python3.11/site-packages/deepspeed/runtime/zero/stage_1_and_2.py", line 1524, in process_gradients
[rank6]:     self.reduce_ready_partitions_and_remove_grads(param, i)
[rank6]:   File "/data1/conda/envs/orthus/lib/python3.11/site-packages/deepspeed/runtime/zero/stage_1_and_2.py", line 1528, in reduce_ready_partitions_and_remove_grads
[rank6]:     self.reduce_independent_p_g_buckets_and_remove_grads(param, i)
[rank6]:   File "/data1/conda/envs/orthus/lib/python3.11/site-packages/deepspeed/runtime/zero/stage_1_and_2.py", line 1007, in reduce_independent_p_g_buckets_and_remove_grads
[rank6]:     self.reduce_ipg_grads()
[rank6]:   File "/data1/conda/envs/orthus/lib/python3.11/site-packages/deepspeed/runtime/zero/stage_1_and_2.py", line 1512, in reduce_ipg_grads
[rank6]:     self.copy_grads_in_partition(param)
[rank6]:   File "/data1/conda/envs/orthus/lib/python3.11/site-packages/deepspeed/runtime/zero/stage_1_and_2.py", line 1442, in copy_grads_in_partition
[rank6]:     self.grads_in_partition = torch.empty(int(total_size),
[rank6]:                               ^^^^^^^^^^^^^^^^^^^^^^^^^^^^
[rank6]: torch.OutOfMemoryError: CUDA out of memory. Tried to allocate 1.71 GiB. GPU 6 has a total capacity of 47.41 GiB of which 1008.94 MiB is free. Process 3112544 has 260.00 MiB memory in use. Including non-PyTorch memory, this process has 46.12 GiB memory in use. Of the allocated memory 41.45 GiB is allocated by PyTorch, and 4.21 GiB is reserved by PyTorch but unallocated. If reserved but unallocated memory is large try setting PYTORCH_CUDA_ALLOC_CONF=expandable_segments:True to avoid fragmentation.  See documentation for Memory Management  (https://pytorch.org/docs/stable/notes/cuda.html#environment-variables)
W1027 17:40:23.443000 222277 site-packages/torch/distributed/elastic/multiprocessing/api.py:900] Sending process 222525 closing signal SIGTERM
W1027 17:40:23.445000 222277 site-packages/torch/distributed/elastic/multiprocessing/api.py:900] Sending process 222526 closing signal SIGTERM
W1027 17:40:23.446000 222277 site-packages/torch/distributed/elastic/multiprocessing/api.py:900] Sending process 222527 closing signal SIGTERM
W1027 17:40:23.448000 222277 site-packages/torch/distributed/elastic/multiprocessing/api.py:900] Sending process 222528 closing signal SIGTERM
W1027 17:40:23.449000 222277 site-packages/torch/distributed/elastic/multiprocessing/api.py:900] Sending process 222529 closing signal SIGTERM
W1027 17:40:23.465000 222277 site-packages/torch/distributed/elastic/multiprocessing/api.py:900] Sending process 222530 closing signal SIGTERM
W1027 17:40:23.474000 222277 site-packages/torch/distributed/elastic/multiprocessing/api.py:900] Sending process 222532 closing signal SIGTERM
E1027 17:40:24.558000 222277 site-packages/torch/distributed/elastic/multiprocessing/api.py:874] failed (exitcode: 1) local_rank: 6 (pid: 222531) of binary: /data1/conda/envs/orthus/bin/python3.11
Traceback (most recent call last):
  File "/data1/conda/envs/orthus/bin/accelerate", line 7, in <module>
    sys.exit(main())
             ^^^^^^
  File "/data1/conda/envs/orthus/lib/python3.11/site-packages/accelerate/commands/accelerate_cli.py", line 50, in main
    args.func(args)
  File "/data1/conda/envs/orthus/lib/python3.11/site-packages/accelerate/commands/launch.py", line 1220, in launch_command
    deepspeed_launcher(args)
  File "/data1/conda/envs/orthus/lib/python3.11/site-packages/accelerate/commands/launch.py", line 906, in deepspeed_launcher
    distrib_run.run(args)
  File "/data1/conda/envs/orthus/lib/python3.11/site-packages/torch/distributed/run.py", line 892, in run
    elastic_launch(
  File "/data1/conda/envs/orthus/lib/python3.11/site-packages/torch/distributed/launcher/api.py", line 143, in __call__
    return launch_agent(self._config, self._entrypoint, list(args))
           ^^^^^^^^^^^^^^^^^^^^^^^^^^^^^^^^^^^^^^^^^^^^^^^^^^^^^^^^
  File "/data1/conda/envs/orthus/lib/python3.11/site-packages/torch/distributed/launcher/api.py", line 277, in launch_agent
    raise ChildFailedError(
torch.distributed.elastic.multiprocessing.errors.ChildFailedError: 
============================================================
/data1/oujingfeng/project/twgi/Orthus/train/grpo/grpo_orthus.py FAILED
------------------------------------------------------------
Failures:
  <NO_OTHER_FAILURES>
------------------------------------------------------------
Root Cause (first observed failure):
[0]:
  time      : 2025-10-27_17:40:23
  host      : server
  rank      : 6 (local_rank: 6)
  exitcode  : 1 (pid: 222531)
  error_file: <N/A>
  traceback : To enable traceback see: https://pytorch.org/docs/stable/elastic/errors.html
============================================================
