[INFO] Launch command: accelerate launch --config_file /data1/oujingfeng/project/twgi/Orthus/accelerate_config_stage3_offload.yaml --num_processes 8 /data1/oujingfeng/project/twgi/Orthus/train/grpo/grpo_orthus.py --model_name_or_path /data1/oujingfeng/project/twgi/checkpoints/mydatasets/orthus-7b-sft-base-sample80b100ep500l1e-5-weight-F --output_dir /data1/oujingfeng/project/twgi/checkpoints/grpo/orthus-7b-grpo-geneval-v1 --run_name orthus-7b-grpo-geneval-v1 --dataset_name /data1/oujingfeng/project/twgi/datasets/mydatasets/modified_data.json --bf16 True --torch_dtype bfloat16 --attn_implementation flash_attention_2 --gradient_checkpointing True --max_prompt_length 512 --max_completion_length 256 --per_device_train_batch_size 1 --gradient_accumulation_steps 2 --learning_rate 1e-6 --max_steps 2000 --logging_steps 1 --save_steps 500 --temperature 1.0 --num_generations 2 --generation_batch_size 16 --beta 0 --optim adamw_torch --reward_funcs answer_correctness format --reward_smooth True --kl_reweight True --update_ref False --entropy_reward True --gradient_checkpointing False
W1028 04:24:01.853000 316887 site-packages/torch/distributed/run.py:774] 
W1028 04:24:01.853000 316887 site-packages/torch/distributed/run.py:774] *****************************************
W1028 04:24:01.853000 316887 site-packages/torch/distributed/run.py:774] Setting OMP_NUM_THREADS environment variable for each process to be 1 in default, to avoid your system being overloaded, please further tune the variable for optimal performance in your application as needed. 
W1028 04:24:01.853000 316887 site-packages/torch/distributed/run.py:774] *****************************************
NCCL version 2.27.3+cuda12.9
/data1/conda/envs/orthus/lib/python3.11/site-packages/trl/trainer/model_config.py:194: FutureWarning: `torch_dtype` is deprecated and will be removed in version 0.27.0, please use `dtype` instead.
  warnings.warn(
Random seed set to 42
--- [Step 1/3] Loading dataset... ---
/data1/conda/envs/orthus/lib/python3.11/site-packages/trl/trainer/model_config.py:194: FutureWarning: `torch_dtype` is deprecated and will be removed in version 0.27.0, please use `dtype` instead.
  warnings.warn(
Random seed set to 42
--- [Step 1/3] Loading dataset... ---
/data1/conda/envs/orthus/lib/python3.11/site-packages/trl/trainer/model_config.py:194: FutureWarning: `torch_dtype` is deprecated and will be removed in version 0.27.0, please use `dtype` instead.
  warnings.warn(
Random seed set to 42
--- [Step 1/3] Loading dataset... ---
/data1/conda/envs/orthus/lib/python3.11/site-packages/trl/trainer/model_config.py:194: FutureWarning: `torch_dtype` is deprecated and will be removed in version 0.27.0, please use `dtype` instead.
  warnings.warn(
Random seed set to 42
--- [Step 1/3] Loading dataset... ---
/data1/conda/envs/orthus/lib/python3.11/site-packages/trl/trainer/model_config.py:194: FutureWarning: `torch_dtype` is deprecated and will be removed in version 0.27.0, please use `dtype` instead.
  warnings.warn(
/data1/conda/envs/orthus/lib/python3.11/site-packages/trl/trainer/model_config.py:194: FutureWarning: `torch_dtype` is deprecated and will be removed in version 0.27.0, please use `dtype` instead.
  warnings.warn(
Random seed set to 42
--- [Step 1/3] Loading dataset... ---
Random seed set to 42
--- [Step 1/3] Loading dataset... ---
/data1/conda/envs/orthus/lib/python3.11/site-packages/trl/trainer/model_config.py:194: FutureWarning: `torch_dtype` is deprecated and will be removed in version 0.27.0, please use `dtype` instead.
  warnings.warn(
Random seed set to 42
--- [Step 1/3] Loading dataset... ---
/data1/conda/envs/orthus/lib/python3.11/site-packages/trl/trainer/model_config.py:194: FutureWarning: `torch_dtype` is deprecated and will be removed in version 0.27.0, please use `dtype` instead.
  warnings.warn(
Random seed set to 42
--- [Step 1/3] Loading dataset... ---
Dataset '/data1/oujingfeng/project/twgi/datasets/mydatasets/modified_data.json' loaded successfully with 100 samples.
Dataset '/data1/oujingfeng/project/twgi/datasets/mydatasets/modified_data.json' loaded successfully with 100 samples.
Dataset '/data1/oujingfeng/project/twgi/datasets/mydatasets/modified_data.json' loaded successfully with 100 samples.
Dataset '/data1/oujingfeng/project/twgi/datasets/mydatasets/modified_data.json' loaded successfully with 100 samples.
Dataset formatted.
Enabled reward functions: ['answer_correctness', 'format']
--- [Step 2/3] Initializing OrthusGRPOTrainer... ---
--- OrthusGRPOTrainer Initializing ---
Dataset formatted.
Enabled reward functions: ['answer_correctness', 'format']
--- [Step 2/3] Initializing OrthusGRPOTrainer... ---
--- OrthusGRPOTrainer Initializing ---
Dataset formatted.
Enabled reward functions: ['answer_correctness', 'format']
--- [Step 2/3] Initializing OrthusGRPOTrainer... ---
--- OrthusGRPOTrainer Initializing ---
Dataset formatted.
Enabled reward functions: ['answer_correctness', 'format']
--- [Step 2/3] Initializing OrthusGRPOTrainer... ---
--- OrthusGRPOTrainer Initializing ---
Dataset '/data1/oujingfeng/project/twgi/datasets/mydatasets/modified_data.json' loaded successfully with 100 samples.
Dataset '/data1/oujingfeng/project/twgi/datasets/mydatasets/modified_data.json' loaded successfully with 100 samples.
Dataset formatted.
Enabled reward functions: ['answer_correctness', 'format']
--- [Step 2/3] Initializing OrthusGRPOTrainer... ---
--- OrthusGRPOTrainer Initializing ---
Dataset '/data1/oujingfeng/project/twgi/datasets/mydatasets/modified_data.json' loaded successfully with 100 samples.
Dataset formatted.
Enabled reward functions: ['answer_correctness', 'format']
--- [Step 2/3] Initializing OrthusGRPOTrainer... ---
--- OrthusGRPOTrainer Initializing ---
Dataset formatted.
Enabled reward functions: ['answer_correctness', 'format']
--- [Step 2/3] Initializing OrthusGRPOTrainer... ---
--- OrthusGRPOTrainer Initializing ---
Dataset '/data1/oujingfeng/project/twgi/datasets/mydatasets/modified_data.json' loaded successfully with 100 samples.
Dataset formatted.
Enabled reward functions: ['answer_correctness', 'format']
--- [Step 2/3] Initializing OrthusGRPOTrainer... ---
--- OrthusGRPOTrainer Initializing ---
`torch_dtype` is deprecated! Use `dtype` instead!
`torch_dtype` is deprecated! Use `dtype` instead!
`torch_dtype` is deprecated! Use `dtype` instead!
`torch_dtype` is deprecated! Use `dtype` instead!
`torch_dtype` is deprecated! Use `dtype` instead!
`torch_dtype` is deprecated! Use `dtype` instead!
`torch_dtype` is deprecated! Use `dtype` instead!
`torch_dtype` is deprecated! Use `dtype` instead!
`torch_dtype` is deprecated! Use `dtype` instead!
Loading checkpoint shards:   0%|          | 0/3 [00:00<?, ?it/s]`torch_dtype` is deprecated! Use `dtype` instead!
`torch_dtype` is deprecated! Use `dtype` instead!
`torch_dtype` is deprecated! Use `dtype` instead!
Loading checkpoint shards:   0%|          | 0/3 [00:00<?, ?it/s]Loading checkpoint shards:   0%|          | 0/3 [00:00<?, ?it/s]`torch_dtype` is deprecated! Use `dtype` instead!
Loading checkpoint shards:   0%|          | 0/3 [00:00<?, ?it/s]Loading checkpoint shards:   0%|          | 0/3 [00:00<?, ?it/s]Loading checkpoint shards:   0%|          | 0/3 [00:00<?, ?it/s]`torch_dtype` is deprecated! Use `dtype` instead!
Loading checkpoint shards: 100%|██████████| 3/3 [00:00<00:00, 27.02it/s]Loading checkpoint shards: 100%|██████████| 3/3 [00:00<00:00, 26.97it/s]
Freezing non-trainable parts of the model...
  - Froze policy model parameter: model.vqmodel.encoder.conv_in.weight
  - Froze policy model parameter: model.vqmodel.encoder.conv_in.bias
  - Froze policy model parameter: model.vqmodel.encoder.down.0.block.0.norm1.weight
  - Froze policy model parameter: model.vqmodel.encoder.down.0.block.0.norm1.bias
  - Froze policy model parameter: model.vqmodel.encoder.down.0.block.0.conv1.weight
  - Froze policy model parameter: model.vqmodel.encoder.down.0.block.0.conv1.bias
  - Froze policy model parameter: model.vqmodel.encoder.down.0.block.0.norm2.weight
  - Froze policy model parameter: model.vqmodel.encoder.down.0.block.0.norm2.bias
  - Froze policy model parameter: model.vqmodel.encoder.down.0.block.0.conv2.weight
  - Froze policy model parameter: model.vqmodel.encoder.down.0.block.0.conv2.bias
  - Froze policy model parameter: model.vqmodel.encoder.down.0.block.1.norm1.weight
  - Froze policy model parameter: model.vqmodel.encoder.down.0.block.1.norm1.bias
  - Froze policy model parameter: model.vqmodel.encoder.down.0.block.1.conv1.weight
  - Froze policy model parameter: model.vqmodel.encoder.down.0.block.1.conv1.bias
  - Froze policy model parameter: model.vqmodel.encoder.down.0.block.1.norm2.weight
  - Froze policy model parameter: model.vqmodel.encoder.down.0.block.1.norm2.bias
  - Froze policy model parameter: model.vqmodel.encoder.down.0.block.1.conv2.weight
  - Froze policy model parameter: model.vqmodel.encoder.down.0.block.1.conv2.bias
  - Froze policy model parameter: model.vqmodel.encoder.down.0.downsample.conv.weight
  - Froze policy model parameter: model.vqmodel.encoder.down.0.downsample.conv.bias
  - Froze policy model parameter: model.vqmodel.encoder.down.1.block.0.norm1.weight
  - Froze policy model parameter: model.vqmodel.encoder.down.1.block.0.norm1.bias
  - Froze policy model parameter: model.vqmodel.encoder.down.1.block.0.conv1.weight
  - Froze policy model parameter: model.vqmodel.encoder.down.1.block.0.conv1.bias
  - Froze policy model parameter: model.vqmodel.encoder.down.1.block.0.norm2.weight
  - Froze policy model parameter: model.vqmodel.encoder.down.1.block.0.norm2.bias
  - Froze policy model parameter: model.vqmodel.encoder.down.1.block.0.conv2.weight
  - Froze policy model parameter: model.vqmodel.encoder.down.1.block.0.conv2.bias
  - Froze policy model parameter: model.vqmodel.encoder.down.1.block.1.norm1.weight
  - Froze policy model parameter: model.vqmodel.encoder.down.1.block.1.norm1.bias
  - Froze policy model parameter: model.vqmodel.encoder.down.1.block.1.conv1.weight
  - Froze policy model parameter: model.vqmodel.encoder.down.1.block.1.conv1.bias
  - Froze policy model parameter: model.vqmodel.encoder.down.1.block.1.norm2.weight
  - Froze policy model parameter: model.vqmodel.encoder.down.1.block.1.norm2.bias
  - Froze policy model parameter: model.vqmodel.encoder.down.1.block.1.conv2.weight
  - Froze policy model parameter: model.vqmodel.encoder.down.1.block.1.conv2.bias
  - Froze policy model parameter: model.vqmodel.encoder.down.1.downsample.conv.weight
  - Froze policy model parameter: model.vqmodel.encoder.down.1.downsample.conv.bias
  - Froze policy model parameter: model.vqmodel.encoder.down.2.block.0.norm1.weight
  - Froze policy model parameter: model.vqmodel.encoder.down.2.block.0.norm1.bias
  - Froze policy model parameter: model.vqmodel.encoder.down.2.block.0.conv1.weight
  - Froze policy model parameter: model.vqmodel.encoder.down.2.block.0.conv1.bias
  - Froze policy model parameter: model.vqmodel.encoder.down.2.block.0.norm2.weight
  - Froze policy model parameter: model.vqmodel.encoder.down.2.block.0.norm2.bias
  - Froze policy model parameter: model.vqmodel.encoder.down.2.block.0.conv2.weight
  - Froze policy model parameter: model.vqmodel.encoder.down.2.block.0.conv2.bias
  - Froze policy model parameter: model.vqmodel.encoder.down.2.block.0.nin_shortcut.weight
  - Froze policy model parameter: model.vqmodel.encoder.down.2.block.0.nin_shortcut.bias
  - Froze policy model parameter: model.vqmodel.encoder.down.2.block.1.norm1.weight
  - Froze policy model parameter: model.vqmodel.encoder.down.2.block.1.norm1.bias
  - Froze policy model parameter: model.vqmodel.encoder.down.2.block.1.conv1.weight
  - Froze policy model parameter: model.vqmodel.encoder.down.2.block.1.conv1.bias
  - Froze policy model parameter: model.vqmodel.encoder.down.2.block.1.norm2.weight
  - Froze policy model parameter: model.vqmodel.encoder.down.2.block.1.norm2.bias
  - Froze policy model parameter: model.vqmodel.encoder.down.2.block.1.conv2.weight
  - Froze policy model parameter: model.vqmodel.encoder.down.2.block.1.conv2.bias
  - Froze policy model parameter: model.vqmodel.encoder.down.2.downsample.conv.weight
  - Froze policy model parameter: model.vqmodel.encoder.down.2.downsample.conv.bias
  - Froze policy model parameter: model.vqmodel.encoder.down.3.block.0.norm1.weight
  - Froze policy model parameter: model.vqmodel.encoder.down.3.block.0.norm1.bias
  - Froze policy model parameter: model.vqmodel.encoder.down.3.block.0.conv1.weight
  - Froze policy model parameter: model.vqmodel.encoder.down.3.block.0.conv1.bias
  - Froze policy model parameter: model.vqmodel.encoder.down.3.block.0.norm2.weight
  - Froze policy model parameter: model.vqmodel.encoder.down.3.block.0.norm2.bias
  - Froze policy model parameter: model.vqmodel.encoder.down.3.block.0.conv2.weight
  - Froze policy model parameter: model.vqmodel.encoder.down.3.block.0.conv2.bias
  - Froze policy model parameter: model.vqmodel.encoder.down.3.block.1.norm1.weight
  - Froze policy model parameter: model.vqmodel.encoder.down.3.block.1.norm1.bias
  - Froze policy model parameter: model.vqmodel.encoder.down.3.block.1.conv1.weight
  - Froze policy model parameter: model.vqmodel.encoder.down.3.block.1.conv1.bias
  - Froze policy model parameter: model.vqmodel.encoder.down.3.block.1.norm2.weight
  - Froze policy model parameter: model.vqmodel.encoder.down.3.block.1.norm2.bias
  - Froze policy model parameter: model.vqmodel.encoder.down.3.block.1.conv2.weight
  - Froze policy model parameter: model.vqmodel.encoder.down.3.block.1.conv2.bias
  - Froze policy model parameter: model.vqmodel.encoder.down.3.downsample.conv.weight
  - Froze policy model parameter: model.vqmodel.encoder.down.3.downsample.conv.bias
  - Froze policy model parameter: model.vqmodel.encoder.down.4.block.0.norm1.weight
  - Froze policy model parameter: model.vqmodel.encoder.down.4.block.0.norm1.bias
  - Froze policy model parameter: model.vqmodel.encoder.down.4.block.0.conv1.weight
  - Froze policy model parameter: model.vqmodel.encoder.down.4.block.0.conv1.bias
  - Froze policy model parameter: model.vqmodel.encoder.down.4.block.0.norm2.weight
  - Froze policy model parameter: model.vqmodel.encoder.down.4.block.0.norm2.bias
  - Froze policy model parameter: model.vqmodel.encoder.down.4.block.0.conv2.weight
  - Froze policy model parameter: model.vqmodel.encoder.down.4.block.0.conv2.bias
  - Froze policy model parameter: model.vqmodel.encoder.down.4.block.0.nin_shortcut.weight
  - Froze policy model parameter: model.vqmodel.encoder.down.4.block.0.nin_shortcut.bias
  - Froze policy model parameter: model.vqmodel.encoder.down.4.block.1.norm1.weight
  - Froze policy model parameter: model.vqmodel.encoder.down.4.block.1.norm1.bias
  - Froze policy model parameter: model.vqmodel.encoder.down.4.block.1.conv1.weight
  - Froze policy model parameter: model.vqmodel.encoder.down.4.block.1.conv1.bias
  - Froze policy model parameter: model.vqmodel.encoder.down.4.block.1.norm2.weight
  - Froze policy model parameter: model.vqmodel.encoder.down.4.block.1.norm2.bias
  - Froze policy model parameter: model.vqmodel.encoder.down.4.block.1.conv2.weight
  - Froze policy model parameter: model.vqmodel.encoder.down.4.block.1.conv2.bias
  - Froze policy model parameter: model.vqmodel.encoder.mid.block_1.norm1.weight
  - Froze policy model parameter: model.vqmodel.encoder.mid.block_1.norm1.bias
  - Froze policy model parameter: model.vqmodel.encoder.mid.block_1.conv1.weight
  - Froze policy model parameter: model.vqmodel.encoder.mid.block_1.conv1.bias
  - Froze policy model parameter: model.vqmodel.encoder.mid.block_1.norm2.weight
  - Froze policy model parameter: model.vqmodel.encoder.mid.block_1.norm2.bias
  - Froze policy model parameter: model.vqmodel.encoder.mid.block_1.conv2.weight
  - Froze policy model parameter: model.vqmodel.encoder.mid.block_1.conv2.bias
  - Froze policy model parameter: model.vqmodel.encoder.mid.attn_1.norm.weight
  - Froze policy model parameter: model.vqmodel.encoder.mid.attn_1.norm.bias
  - Froze policy model parameter: model.vqmodel.encoder.mid.attn_1.q.weight
  - Froze policy model parameter: model.vqmodel.encoder.mid.attn_1.q.bias
  - Froze policy model parameter: model.vqmodel.encoder.mid.attn_1.k.weight
  - Froze policy model parameter: model.vqmodel.encoder.mid.attn_1.k.bias
  - Froze policy model parameter: model.vqmodel.encoder.mid.attn_1.v.weight
  - Froze policy model parameter: model.vqmodel.encoder.mid.attn_1.v.bias
  - Froze policy model parameter: model.vqmodel.encoder.mid.attn_1.proj_out.weight
  - Froze policy model parameter: model.vqmodel.encoder.mid.attn_1.proj_out.bias
  - Froze policy model parameter: model.vqmodel.encoder.mid.block_2.norm1.weight
  - Froze policy model parameter: model.vqmodel.encoder.mid.block_2.norm1.bias
  - Froze policy model parameter: model.vqmodel.encoder.mid.block_2.conv1.weight
  - Froze policy model parameter: model.vqmodel.encoder.mid.block_2.conv1.bias
  - Froze policy model parameter: model.vqmodel.encoder.mid.block_2.norm2.weight
  - Froze policy model parameter: model.vqmodel.encoder.mid.block_2.norm2.bias
  - Froze policy model parameter: model.vqmodel.encoder.mid.block_2.conv2.weight
  - Froze policy model parameter: model.vqmodel.encoder.mid.block_2.conv2.bias
  - Froze policy model parameter: model.vqmodel.encoder.norm_out.weight
  - Froze policy model parameter: model.vqmodel.encoder.norm_out.bias
  - Froze policy model parameter: model.vqmodel.encoder.conv_out.weight
  - Froze policy model parameter: model.vqmodel.encoder.conv_out.bias
  - Froze policy model parameter: model.vqmodel.decoder.conv_in.weight
  - Froze policy model parameter: model.vqmodel.decoder.conv_in.bias
  - Froze policy model parameter: model.vqmodel.decoder.mid.block_1.norm1.weight
  - Froze policy model parameter: model.vqmodel.decoder.mid.block_1.norm1.bias
  - Froze policy model parameter: model.vqmodel.decoder.mid.block_1.conv1.weight
  - Froze policy model parameter: model.vqmodel.decoder.mid.block_1.conv1.bias
  - Froze policy model parameter: model.vqmodel.decoder.mid.block_1.norm2.weight
  - Froze policy model parameter: model.vqmodel.decoder.mid.block_1.norm2.bias
  - Froze policy model parameter: model.vqmodel.decoder.mid.block_1.conv2.weight
  - Froze policy model parameter: model.vqmodel.decoder.mid.block_1.conv2.bias
  - Froze policy model parameter: model.vqmodel.decoder.mid.attn_1.norm.weight
  - Froze policy model parameter: model.vqmodel.decoder.mid.attn_1.norm.bias
  - Froze policy model parameter: model.vqmodel.decoder.mid.attn_1.q.weight
  - Froze policy model parameter: model.vqmodel.decoder.mid.attn_1.q.bias
  - Froze policy model parameter: model.vqmodel.decoder.mid.attn_1.k.weight
  - Froze policy model parameter: model.vqmodel.decoder.mid.attn_1.k.bias
  - Froze policy model parameter: model.vqmodel.decoder.mid.attn_1.v.weight
  - Froze policy model parameter: model.vqmodel.decoder.mid.attn_1.v.bias
  - Froze policy model parameter: model.vqmodel.decoder.mid.attn_1.proj_out.weight
  - Froze policy model parameter: model.vqmodel.decoder.mid.attn_1.proj_out.bias
  - Froze policy model parameter: model.vqmodel.decoder.mid.block_2.norm1.weight
  - Froze policy model parameter: model.vqmodel.decoder.mid.block_2.norm1.bias
  - Froze policy model parameter: model.vqmodel.decoder.mid.block_2.conv1.weight
  - Froze policy model parameter: model.vqmodel.decoder.mid.block_2.conv1.bias
  - Froze policy model parameter: model.vqmodel.decoder.mid.block_2.norm2.weight
  - Froze policy model parameter: model.vqmodel.decoder.mid.block_2.norm2.bias
  - Froze policy model parameter: model.vqmodel.decoder.mid.block_2.conv2.weight
  - Froze policy model parameter: model.vqmodel.decoder.mid.block_2.conv2.bias
  - Froze policy model parameter: model.vqmodel.decoder.up.0.block.0.norm1.weight
  - Froze policy model parameter: model.vqmodel.decoder.up.0.block.0.norm1.bias
  - Froze policy model parameter: model.vqmodel.decoder.up.0.block.0.conv1.weight
  - Froze policy model parameter: model.vqmodel.decoder.up.0.block.0.conv1.bias
  - Froze policy model parameter: model.vqmodel.decoder.up.0.block.0.norm2.weight
  - Froze policy model parameter: model.vqmodel.decoder.up.0.block.0.norm2.bias
  - Froze policy model parameter: model.vqmodel.decoder.up.0.block.0.conv2.weight
  - Froze policy model parameter: model.vqmodel.decoder.up.0.block.0.conv2.bias
  - Froze policy model parameter: model.vqmodel.decoder.up.0.block.1.norm1.weight
  - Froze policy model parameter: model.vqmodel.decoder.up.0.block.1.norm1.bias
  - Froze policy model parameter: model.vqmodel.decoder.up.0.block.1.conv1.weight
  - Froze policy model parameter: model.vqmodel.decoder.up.0.block.1.conv1.bias
  - Froze policy model parameter: model.vqmodel.decoder.up.0.block.1.norm2.weight
  - Froze policy model parameter: model.vqmodel.decoder.up.0.block.1.norm2.bias
  - Froze policy model parameter: model.vqmodel.decoder.up.0.block.1.conv2.weight
  - Froze policy model parameter: model.vqmodel.decoder.up.0.block.1.conv2.bias
  - Froze policy model parameter: model.vqmodel.decoder.up.0.block.2.norm1.weight
  - Froze policy model parameter: model.vqmodel.decoder.up.0.block.2.norm1.bias
  - Froze policy model parameter: model.vqmodel.decoder.up.0.block.2.conv1.weight
  - Froze policy model parameter: model.vqmodel.decoder.up.0.block.2.conv1.bias
  - Froze policy model parameter: model.vqmodel.decoder.up.0.block.2.norm2.weight
  - Froze policy model parameter: model.vqmodel.decoder.up.0.block.2.norm2.bias
  - Froze policy model parameter: model.vqmodel.decoder.up.0.block.2.conv2.weight
  - Froze policy model parameter: model.vqmodel.decoder.up.0.block.2.conv2.bias
  - Froze policy model parameter: model.vqmodel.decoder.up.1.block.0.norm1.weight
  - Froze policy model parameter: model.vqmodel.decoder.up.1.block.0.norm1.bias
  - Froze policy model parameter: model.vqmodel.decoder.up.1.block.0.conv1.weight
  - Froze policy model parameter: model.vqmodel.decoder.up.1.block.0.conv1.bias
  - Froze policy model parameter: model.vqmodel.decoder.up.1.block.0.norm2.weight
  - Froze policy model parameter: model.vqmodel.decoder.up.1.block.0.norm2.bias
  - Froze policy model parameter: model.vqmodel.decoder.up.1.block.0.conv2.weight
  - Froze policy model parameter: model.vqmodel.decoder.up.1.block.0.conv2.bias
  - Froze policy model parameter: model.vqmodel.decoder.up.1.block.0.nin_shortcut.weight
  - Froze policy model parameter: model.vqmodel.decoder.up.1.block.0.nin_shortcut.bias
  - Froze policy model parameter: model.vqmodel.decoder.up.1.block.1.norm1.weight
  - Froze policy model parameter: model.vqmodel.decoder.up.1.block.1.norm1.bias
  - Froze policy model parameter: model.vqmodel.decoder.up.1.block.1.conv1.weight
  - Froze policy model parameter: model.vqmodel.decoder.up.1.block.1.conv1.bias
  - Froze policy model parameter: model.vqmodel.decoder.up.1.block.1.norm2.weight
  - Froze policy model parameter: model.vqmodel.decoder.up.1.block.1.norm2.bias
  - Froze policy model parameter: model.vqmodel.decoder.up.1.block.1.conv2.weight
  - Froze policy model parameter: model.vqmodel.decoder.up.1.block.1.conv2.bias
  - Froze policy model parameter: model.vqmodel.decoder.up.1.block.2.norm1.weight
  - Froze policy model parameter: model.vqmodel.decoder.up.1.block.2.norm1.bias
  - Froze policy model parameter: model.vqmodel.decoder.up.1.block.2.conv1.weight
  - Froze policy model parameter: model.vqmodel.decoder.up.1.block.2.conv1.bias
  - Froze policy model parameter: model.vqmodel.decoder.up.1.block.2.norm2.weight
  - Froze policy model parameter: model.vqmodel.decoder.up.1.block.2.norm2.bias
  - Froze policy model parameter: model.vqmodel.decoder.up.1.block.2.conv2.weight
  - Froze policy model parameter: model.vqmodel.decoder.up.1.block.2.conv2.bias
  - Froze policy model parameter: model.vqmodel.decoder.up.1.upsample.conv.weight
  - Froze policy model parameter: model.vqmodel.decoder.up.1.upsample.conv.bias
  - Froze policy model parameter: model.vqmodel.decoder.up.2.block.0.norm1.weight
  - Froze policy model parameter: model.vqmodel.decoder.up.2.block.0.norm1.bias
  - Froze policy model parameter: model.vqmodel.decoder.up.2.block.0.conv1.weight
  - Froze policy model parameter: model.vqmodel.decoder.up.2.block.0.conv1.bias
  - Froze policy model parameter: model.vqmodel.decoder.up.2.block.0.norm2.weight
  - Froze policy model parameter: model.vqmodel.decoder.up.2.block.0.norm2.bias
  - Froze policy model parameter: model.vqmodel.decoder.up.2.block.0.conv2.weight
  - Froze policy model parameter: model.vqmodel.decoder.up.2.block.0.conv2.bias
  - Froze policy model parameter: model.vqmodel.decoder.up.2.block.1.norm1.weight
  - Froze policy model parameter: model.vqmodel.decoder.up.2.block.1.norm1.bias
  - Froze policy model parameter: model.vqmodel.decoder.up.2.block.1.conv1.weight
  - Froze policy model parameter: model.vqmodel.decoder.up.2.block.1.conv1.bias
  - Froze policy model parameter: model.vqmodel.decoder.up.2.block.1.norm2.weight
  - Froze policy model parameter: model.vqmodel.decoder.up.2.block.1.norm2.bias
  - Froze policy model parameter: model.vqmodel.decoder.up.2.block.1.conv2.weight
  - Froze policy model parameter: model.vqmodel.decoder.up.2.block.1.conv2.bias
  - Froze policy model parameter: model.vqmodel.decoder.up.2.block.2.norm1.weight
  - Froze policy model parameter: model.vqmodel.decoder.up.2.block.2.norm1.bias
  - Froze policy model parameter: model.vqmodel.decoder.up.2.block.2.conv1.weight
  - Froze policy model parameter: model.vqmodel.decoder.up.2.block.2.conv1.bias
  - Froze policy model parameter: model.vqmodel.decoder.up.2.block.2.norm2.weight
  - Froze policy model parameter: model.vqmodel.decoder.up.2.block.2.norm2.bias
  - Froze policy model parameter: model.vqmodel.decoder.up.2.block.2.conv2.weight
  - Froze policy model parameter: model.vqmodel.decoder.up.2.block.2.conv2.bias
  - Froze policy model parameter: model.vqmodel.decoder.up.2.upsample.conv.weight
  - Froze policy model parameter: model.vqmodel.decoder.up.2.upsample.conv.bias
  - Froze policy model parameter: model.vqmodel.decoder.up.3.block.0.norm1.weight
  - Froze policy model parameter: model.vqmodel.decoder.up.3.block.0.norm1.bias
  - Froze policy model parameter: model.vqmodel.decoder.up.3.block.0.conv1.weight
  - Froze policy model parameter: model.vqmodel.decoder.up.3.block.0.conv1.bias
  - Froze policy model parameter: model.vqmodel.decoder.up.3.block.0.norm2.weight
  - Froze policy model parameter: model.vqmodel.decoder.up.3.block.0.norm2.bias
  - Froze policy model parameter: model.vqmodel.decoder.up.3.block.0.conv2.weight
  - Froze policy model parameter: model.vqmodel.decoder.up.3.block.0.conv2.bias
  - Froze policy model parameter: model.vqmodel.decoder.up.3.block.0.nin_shortcut.weight
  - Froze policy model parameter: model.vqmodel.decoder.up.3.block.0.nin_shortcut.bias
  - Froze policy model parameter: model.vqmodel.decoder.up.3.block.1.norm1.weight
  - Froze policy model parameter: model.vqmodel.decoder.up.3.block.1.norm1.bias
  - Froze policy model parameter: model.vqmodel.decoder.up.3.block.1.conv1.weight
  - Froze policy model parameter: model.vqmodel.decoder.up.3.block.1.conv1.bias
  - Froze policy model parameter: model.vqmodel.decoder.up.3.block.1.norm2.weight
  - Froze policy model parameter: model.vqmodel.decoder.up.3.block.1.norm2.bias
  - Froze policy model parameter: model.vqmodel.decoder.up.3.block.1.conv2.weight
  - Froze policy model parameter: model.vqmodel.decoder.up.3.block.1.conv2.bias
  - Froze policy model parameter: model.vqmodel.decoder.up.3.block.2.norm1.weight
  - Froze policy model parameter: model.vqmodel.decoder.up.3.block.2.norm1.bias
  - Froze policy model parameter: model.vqmodel.decoder.up.3.block.2.conv1.weight
  - Froze policy model parameter: model.vqmodel.decoder.up.3.block.2.conv1.bias
  - Froze policy model parameter: model.vqmodel.decoder.up.3.block.2.norm2.weight
  - Froze policy model parameter: model.vqmodel.decoder.up.3.block.2.norm2.bias
  - Froze policy model parameter: model.vqmodel.decoder.up.3.block.2.conv2.weight
  - Froze policy model parameter: model.vqmodel.decoder.up.3.block.2.conv2.bias
  - Froze policy model parameter: model.vqmodel.decoder.up.3.upsample.conv.weight
  - Froze policy model parameter: model.vqmodel.decoder.up.3.upsample.conv.bias
  - Froze policy model parameter: model.vqmodel.decoder.up.4.block.0.norm1.weight
  - Froze policy model parameter: model.vqmodel.decoder.up.4.block.0.norm1.bias
  - Froze policy model parameter: model.vqmodel.decoder.up.4.block.0.conv1.weight
  - Froze policy model parameter: model.vqmodel.decoder.up.4.block.0.conv1.bias
  - Froze policy model parameter: model.vqmodel.decoder.up.4.block.0.norm2.weight
  - Froze policy model parameter: model.vqmodel.decoder.up.4.block.0.norm2.bias
  - Froze policy model parameter: model.vqmodel.decoder.up.4.block.0.conv2.weight
  - Froze policy model parameter: model.vqmodel.decoder.up.4.block.0.conv2.bias
  - Froze policy model parameter: model.vqmodel.decoder.up.4.block.1.norm1.weight
  - Froze policy model parameter: model.vqmodel.decoder.up.4.block.1.norm1.bias
  - Froze policy model parameter: model.vqmodel.decoder.up.4.block.1.conv1.weight
  - Froze policy model parameter: model.vqmodel.decoder.up.4.block.1.conv1.bias
  - Froze policy model parameter: model.vqmodel.decoder.up.4.block.1.norm2.weight
  - Froze policy model parameter: model.vqmodel.decoder.up.4.block.1.norm2.bias
  - Froze policy model parameter: model.vqmodel.decoder.up.4.block.1.conv2.weight
  - Froze policy model parameter: model.vqmodel.decoder.up.4.block.1.conv2.bias
  - Froze policy model parameter: model.vqmodel.decoder.up.4.block.2.norm1.weight
  - Froze policy model parameter: model.vqmodel.decoder.up.4.block.2.norm1.bias
  - Froze policy model parameter: model.vqmodel.decoder.up.4.block.2.conv1.weight
  - Froze policy model parameter: model.vqmodel.decoder.up.4.block.2.conv1.bias
  - Froze policy model parameter: model.vqmodel.decoder.up.4.block.2.norm2.weight
  - Froze policy model parameter: model.vqmodel.decoder.up.4.block.2.norm2.bias
  - Froze policy model parameter: model.vqmodel.decoder.up.4.block.2.conv2.weight
  - Froze policy model parameter: model.vqmodel.decoder.up.4.block.2.conv2.bias
  - Froze policy model parameter: model.vqmodel.decoder.up.4.upsample.conv.weight
  - Froze policy model parameter: model.vqmodel.decoder.up.4.upsample.conv.bias
  - Froze policy model parameter: model.vqmodel.decoder.norm_out.weight
  - Froze policy model parameter: model.vqmodel.decoder.norm_out.bias
  - Froze policy model parameter: model.vqmodel.decoder.conv_out.weight
  - Froze policy model parameter: model.vqmodel.decoder.conv_out.bias
  - Froze policy model parameter: model.vqmodel.quantize.embedding.weight
  - Froze policy model parameter: model.vqmodel.quant_conv.weight
  - Froze policy model parameter: model.vqmodel.quant_conv.bias
  - Froze policy model parameter: model.vqmodel.post_quant_conv.weight
  - Froze policy model parameter: model.vqmodel.post_quant_conv.bias
  - Froze policy model parameter: mlp_head.time_embed.mlp.0.weight
  - Froze policy model parameter: mlp_head.time_embed.mlp.0.bias
  - Froze policy model parameter: mlp_head.time_embed.mlp.2.weight
  - Froze policy model parameter: mlp_head.time_embed.mlp.2.bias
  - Froze policy model parameter: mlp_head.cond_embed.weight
  - Froze policy model parameter: mlp_head.cond_embed.bias
  - Froze policy model parameter: mlp_head.input_proj.weight
  - Froze policy model parameter: mlp_head.input_proj.bias
  - Froze policy model parameter: mlp_head.res_blocks.0.in_ln.weight
  - Froze policy model parameter: mlp_head.res_blocks.0.in_ln.bias
  - Froze policy model parameter: mlp_head.res_blocks.0.mlp.0.weight
  - Froze policy model parameter: mlp_head.res_blocks.0.mlp.0.bias
  - Froze policy model parameter: mlp_head.res_blocks.0.mlp.2.weight
  - Froze policy model parameter: mlp_head.res_blocks.0.mlp.2.bias
  - Froze policy model parameter: mlp_head.res_blocks.0.adaLN_modulation.1.weight
  - Froze policy model parameter: mlp_head.res_blocks.0.adaLN_modulation.1.bias
  - Froze policy model parameter: mlp_head.res_blocks.1.in_ln.weight
  - Froze policy model parameter: mlp_head.res_blocks.1.in_ln.bias
  - Froze policy model parameter: mlp_head.res_blocks.1.mlp.0.weight
  - Froze policy model parameter: mlp_head.res_blocks.1.mlp.0.bias
  - Froze policy model parameter: mlp_head.res_blocks.1.mlp.2.weight
  - Froze policy model parameter: mlp_head.res_blocks.1.mlp.2.bias
  - Froze policy model parameter: mlp_head.res_blocks.1.adaLN_modulation.1.weight
  - Froze policy model parameter: mlp_head.res_blocks.1.adaLN_modulation.1.bias
  - Froze policy model parameter: mlp_head.res_blocks.2.in_ln.weight
  - Froze policy model parameter: mlp_head.res_blocks.2.in_ln.bias
  - Froze policy model parameter: mlp_head.res_blocks.2.mlp.0.weight
  - Froze policy model parameter: mlp_head.res_blocks.2.mlp.0.bias
  - Froze policy model parameter: mlp_head.res_blocks.2.mlp.2.weight
  - Froze policy model parameter: mlp_head.res_blocks.2.mlp.2.bias
  - Froze policy model parameter: mlp_head.res_blocks.2.adaLN_modulation.1.weight
  - Froze policy model parameter: mlp_head.res_blocks.2.adaLN_modulation.1.bias
  - Froze policy model parameter: mlp_head.final_layer.linear.weight
  - Froze policy model parameter: mlp_head.final_layer.linear.bias
  - Froze policy model parameter: mlp_head.final_layer.adaLN_modulation.1.weight
  - Froze policy model parameter: mlp_head.final_layer.adaLN_modulation.1.bias
Model parts frozen.
Loading checkpoint shards:   0%|          | 0/3 [00:00<?, ?it/s]Loading checkpoint shards: 100%|██████████| 3/3 [00:00<00:00, 27.00it/s]Loading checkpoint shards: 100%|██████████| 3/3 [00:00<00:00, 26.95it/s]
Freezing non-trainable parts of the model...
  - Froze policy model parameter: model.vqmodel.encoder.conv_in.weight
  - Froze policy model parameter: model.vqmodel.encoder.conv_in.bias
  - Froze policy model parameter: model.vqmodel.encoder.down.0.block.0.norm1.weight
  - Froze policy model parameter: model.vqmodel.encoder.down.0.block.0.norm1.bias
  - Froze policy model parameter: model.vqmodel.encoder.down.0.block.0.conv1.weight
  - Froze policy model parameter: model.vqmodel.encoder.down.0.block.0.conv1.bias
  - Froze policy model parameter: model.vqmodel.encoder.down.0.block.0.norm2.weight
  - Froze policy model parameter: model.vqmodel.encoder.down.0.block.0.norm2.bias
  - Froze policy model parameter: model.vqmodel.encoder.down.0.block.0.conv2.weight
  - Froze policy model parameter: model.vqmodel.encoder.down.0.block.0.conv2.bias
  - Froze policy model parameter: model.vqmodel.encoder.down.0.block.1.norm1.weight
  - Froze policy model parameter: model.vqmodel.encoder.down.0.block.1.norm1.bias
  - Froze policy model parameter: model.vqmodel.encoder.down.0.block.1.conv1.weight
  - Froze policy model parameter: model.vqmodel.encoder.down.0.block.1.conv1.bias
  - Froze policy model parameter: model.vqmodel.encoder.down.0.block.1.norm2.weight
  - Froze policy model parameter: model.vqmodel.encoder.down.0.block.1.norm2.bias
  - Froze policy model parameter: model.vqmodel.encoder.down.0.block.1.conv2.weight
  - Froze policy model parameter: model.vqmodel.encoder.down.0.block.1.conv2.bias
  - Froze policy model parameter: model.vqmodel.encoder.down.0.downsample.conv.weight
  - Froze policy model parameter: model.vqmodel.encoder.down.0.downsample.conv.bias
  - Froze policy model parameter: model.vqmodel.encoder.down.1.block.0.norm1.weight
  - Froze policy model parameter: model.vqmodel.encoder.down.1.block.0.norm1.bias
  - Froze policy model parameter: model.vqmodel.encoder.down.1.block.0.conv1.weight
  - Froze policy model parameter: model.vqmodel.encoder.down.1.block.0.conv1.bias
  - Froze policy model parameter: model.vqmodel.encoder.down.1.block.0.norm2.weight
  - Froze policy model parameter: model.vqmodel.encoder.down.1.block.0.norm2.bias
  - Froze policy model parameter: model.vqmodel.encoder.down.1.block.0.conv2.weight
  - Froze policy model parameter: model.vqmodel.encoder.down.1.block.0.conv2.bias
  - Froze policy model parameter: model.vqmodel.encoder.down.1.block.1.norm1.weight
  - Froze policy model parameter: model.vqmodel.encoder.down.1.block.1.norm1.bias
  - Froze policy model parameter: model.vqmodel.encoder.down.1.block.1.conv1.weight
  - Froze policy model parameter: model.vqmodel.encoder.down.1.block.1.conv1.bias
  - Froze policy model parameter: model.vqmodel.encoder.down.1.block.1.norm2.weight
  - Froze policy model parameter: model.vqmodel.encoder.down.1.block.1.norm2.bias
  - Froze policy model parameter: model.vqmodel.encoder.down.1.block.1.conv2.weight
  - Froze policy model parameter: model.vqmodel.encoder.down.1.block.1.conv2.bias
  - Froze policy model parameter: model.vqmodel.encoder.down.1.downsample.conv.weight
  - Froze policy model parameter: model.vqmodel.encoder.down.1.downsample.conv.bias
  - Froze policy model parameter: model.vqmodel.encoder.down.2.block.0.norm1.weight
  - Froze policy model parameter: model.vqmodel.encoder.down.2.block.0.norm1.bias
  - Froze policy model parameter: model.vqmodel.encoder.down.2.block.0.conv1.weight
  - Froze policy model parameter: model.vqmodel.encoder.down.2.block.0.conv1.bias
  - Froze policy model parameter: model.vqmodel.encoder.down.2.block.0.norm2.weight
  - Froze policy model parameter: model.vqmodel.encoder.down.2.block.0.norm2.bias
  - Froze policy model parameter: model.vqmodel.encoder.down.2.block.0.conv2.weight
  - Froze policy model parameter: model.vqmodel.encoder.down.2.block.0.conv2.bias
  - Froze policy model parameter: model.vqmodel.encoder.down.2.block.0.nin_shortcut.weight
  - Froze policy model parameter: model.vqmodel.encoder.down.2.block.0.nin_shortcut.bias
  - Froze policy model parameter: model.vqmodel.encoder.down.2.block.1.norm1.weight
  - Froze policy model parameter: model.vqmodel.encoder.down.2.block.1.norm1.bias
  - Froze policy model parameter: model.vqmodel.encoder.down.2.block.1.conv1.weight
  - Froze policy model parameter: model.vqmodel.encoder.down.2.block.1.conv1.bias
  - Froze policy model parameter: model.vqmodel.encoder.down.2.block.1.norm2.weight
  - Froze policy model parameter: model.vqmodel.encoder.down.2.block.1.norm2.bias
  - Froze policy model parameter: model.vqmodel.encoder.down.2.block.1.conv2.weight
  - Froze policy model parameter: model.vqmodel.encoder.down.2.block.1.conv2.bias
  - Froze policy model parameter: model.vqmodel.encoder.down.2.downsample.conv.weight
  - Froze policy model parameter: model.vqmodel.encoder.down.2.downsample.conv.bias
  - Froze policy model parameter: model.vqmodel.encoder.down.3.block.0.norm1.weight
  - Froze policy model parameter: model.vqmodel.encoder.down.3.block.0.norm1.bias
  - Froze policy model parameter: model.vqmodel.encoder.down.3.block.0.conv1.weight
  - Froze policy model parameter: model.vqmodel.encoder.down.3.block.0.conv1.bias
  - Froze policy model parameter: model.vqmodel.encoder.down.3.block.0.norm2.weight
  - Froze policy model parameter: model.vqmodel.encoder.down.3.block.0.norm2.bias
  - Froze policy model parameter: model.vqmodel.encoder.down.3.block.0.conv2.weight
  - Froze policy model parameter: model.vqmodel.encoder.down.3.block.0.conv2.bias
  - Froze policy model parameter: model.vqmodel.encoder.down.3.block.1.norm1.weight
  - Froze policy model parameter: model.vqmodel.encoder.down.3.block.1.norm1.bias
  - Froze policy model parameter: model.vqmodel.encoder.down.3.block.1.conv1.weight
  - Froze policy model parameter: model.vqmodel.encoder.down.3.block.1.conv1.bias
  - Froze policy model parameter: model.vqmodel.encoder.down.3.block.1.norm2.weight
  - Froze policy model parameter: model.vqmodel.encoder.down.3.block.1.norm2.bias
  - Froze policy model parameter: model.vqmodel.encoder.down.3.block.1.conv2.weight
  - Froze policy model parameter: model.vqmodel.encoder.down.3.block.1.conv2.bias
  - Froze policy model parameter: model.vqmodel.encoder.down.3.downsample.conv.weight
  - Froze policy model parameter: model.vqmodel.encoder.down.3.downsample.conv.bias
  - Froze policy model parameter: model.vqmodel.encoder.down.4.block.0.norm1.weight
  - Froze policy model parameter: model.vqmodel.encoder.down.4.block.0.norm1.bias
  - Froze policy model parameter: model.vqmodel.encoder.down.4.block.0.conv1.weight
  - Froze policy model parameter: model.vqmodel.encoder.down.4.block.0.conv1.bias
  - Froze policy model parameter: model.vqmodel.encoder.down.4.block.0.norm2.weight
  - Froze policy model parameter: model.vqmodel.encoder.down.4.block.0.norm2.bias
  - Froze policy model parameter: model.vqmodel.encoder.down.4.block.0.conv2.weight
  - Froze policy model parameter: model.vqmodel.encoder.down.4.block.0.conv2.bias
  - Froze policy model parameter: model.vqmodel.encoder.down.4.block.0.nin_shortcut.weight
  - Froze policy model parameter: model.vqmodel.encoder.down.4.block.0.nin_shortcut.bias
  - Froze policy model parameter: model.vqmodel.encoder.down.4.block.1.norm1.weight
  - Froze policy model parameter: model.vqmodel.encoder.down.4.block.1.norm1.bias
  - Froze policy model parameter: model.vqmodel.encoder.down.4.block.1.conv1.weight
  - Froze policy model parameter: model.vqmodel.encoder.down.4.block.1.conv1.bias
  - Froze policy model parameter: model.vqmodel.encoder.down.4.block.1.norm2.weight
  - Froze policy model parameter: model.vqmodel.encoder.down.4.block.1.norm2.bias
  - Froze policy model parameter: model.vqmodel.encoder.down.4.block.1.conv2.weight
  - Froze policy model parameter: model.vqmodel.encoder.down.4.block.1.conv2.bias
  - Froze policy model parameter: model.vqmodel.encoder.mid.block_1.norm1.weight
  - Froze policy model parameter: model.vqmodel.encoder.mid.block_1.norm1.bias
  - Froze policy model parameter: model.vqmodel.encoder.mid.block_1.conv1.weight
  - Froze policy model parameter: model.vqmodel.encoder.mid.block_1.conv1.bias
  - Froze policy model parameter: model.vqmodel.encoder.mid.block_1.norm2.weight
  - Froze policy model parameter: model.vqmodel.encoder.mid.block_1.norm2.bias
  - Froze policy model parameter: model.vqmodel.encoder.mid.block_1.conv2.weight
  - Froze policy model parameter: model.vqmodel.encoder.mid.block_1.conv2.bias
  - Froze policy model parameter: model.vqmodel.encoder.mid.attn_1.norm.weight
  - Froze policy model parameter: model.vqmodel.encoder.mid.attn_1.norm.bias
  - Froze policy model parameter: model.vqmodel.encoder.mid.attn_1.q.weight
  - Froze policy model parameter: model.vqmodel.encoder.mid.attn_1.q.bias
  - Froze policy model parameter: model.vqmodel.encoder.mid.attn_1.k.weight
  - Froze policy model parameter: model.vqmodel.encoder.mid.attn_1.k.bias
  - Froze policy model parameter: model.vqmodel.encoder.mid.attn_1.v.weight
  - Froze policy model parameter: model.vqmodel.encoder.mid.attn_1.v.bias
  - Froze policy model parameter: model.vqmodel.encoder.mid.attn_1.proj_out.weight
  - Froze policy model parameter: model.vqmodel.encoder.mid.attn_1.proj_out.bias
  - Froze policy model parameter: model.vqmodel.encoder.mid.block_2.norm1.weight
  - Froze policy model parameter: model.vqmodel.encoder.mid.block_2.norm1.bias
  - Froze policy model parameter: model.vqmodel.encoder.mid.block_2.conv1.weight
  - Froze policy model parameter: model.vqmodel.encoder.mid.block_2.conv1.bias
  - Froze policy model parameter: model.vqmodel.encoder.mid.block_2.norm2.weight
  - Froze policy model parameter: model.vqmodel.encoder.mid.block_2.norm2.bias
  - Froze policy model parameter: model.vqmodel.encoder.mid.block_2.conv2.weight
  - Froze policy model parameter: model.vqmodel.encoder.mid.block_2.conv2.bias
  - Froze policy model parameter: model.vqmodel.encoder.norm_out.weight
  - Froze policy model parameter: model.vqmodel.encoder.norm_out.bias
  - Froze policy model parameter: model.vqmodel.encoder.conv_out.weight
  - Froze policy model parameter: model.vqmodel.encoder.conv_out.bias
  - Froze policy model parameter: model.vqmodel.decoder.conv_in.weight
  - Froze policy model parameter: model.vqmodel.decoder.conv_in.bias
  - Froze policy model parameter: model.vqmodel.decoder.mid.block_1.norm1.weight
  - Froze policy model parameter: model.vqmodel.decoder.mid.block_1.norm1.bias
  - Froze policy model parameter: model.vqmodel.decoder.mid.block_1.conv1.weight
  - Froze policy model parameter: model.vqmodel.decoder.mid.block_1.conv1.bias
  - Froze policy model parameter: model.vqmodel.decoder.mid.block_1.norm2.weight
  - Froze policy model parameter: model.vqmodel.decoder.mid.block_1.norm2.bias
  - Froze policy model parameter: model.vqmodel.decoder.mid.block_1.conv2.weight
  - Froze policy model parameter: model.vqmodel.decoder.mid.block_1.conv2.bias
  - Froze policy model parameter: model.vqmodel.decoder.mid.attn_1.norm.weight
  - Froze policy model parameter: model.vqmodel.decoder.mid.attn_1.norm.bias
  - Froze policy model parameter: model.vqmodel.decoder.mid.attn_1.q.weight
  - Froze policy model parameter: model.vqmodel.decoder.mid.attn_1.q.bias
  - Froze policy model parameter: model.vqmodel.decoder.mid.attn_1.k.weight
  - Froze policy model parameter: model.vqmodel.decoder.mid.attn_1.k.bias
  - Froze policy model parameter: model.vqmodel.decoder.mid.attn_1.v.weight
  - Froze policy model parameter: model.vqmodel.decoder.mid.attn_1.v.bias
  - Froze policy model parameter: model.vqmodel.decoder.mid.attn_1.proj_out.weight
  - Froze policy model parameter: model.vqmodel.decoder.mid.attn_1.proj_out.bias
  - Froze policy model parameter: model.vqmodel.decoder.mid.block_2.norm1.weight
  - Froze policy model parameter: model.vqmodel.decoder.mid.block_2.norm1.bias
  - Froze policy model parameter: model.vqmodel.decoder.mid.block_2.conv1.weight
  - Froze policy model parameter: model.vqmodel.decoder.mid.block_2.conv1.bias
  - Froze policy model parameter: model.vqmodel.decoder.mid.block_2.norm2.weight
  - Froze policy model parameter: model.vqmodel.decoder.mid.block_2.norm2.bias
  - Froze policy model parameter: model.vqmodel.decoder.mid.block_2.conv2.weight
  - Froze policy model parameter: model.vqmodel.decoder.mid.block_2.conv2.bias
  - Froze policy model parameter: model.vqmodel.decoder.up.0.block.0.norm1.weight
  - Froze policy model parameter: model.vqmodel.decoder.up.0.block.0.norm1.bias
  - Froze policy model parameter: model.vqmodel.decoder.up.0.block.0.conv1.weight
  - Froze policy model parameter: model.vqmodel.decoder.up.0.block.0.conv1.bias
  - Froze policy model parameter: model.vqmodel.decoder.up.0.block.0.norm2.weight
  - Froze policy model parameter: model.vqmodel.decoder.up.0.block.0.norm2.bias
  - Froze policy model parameter: model.vqmodel.decoder.up.0.block.0.conv2.weight
  - Froze policy model parameter: model.vqmodel.decoder.up.0.block.0.conv2.bias
  - Froze policy model parameter: model.vqmodel.decoder.up.0.block.1.norm1.weight
  - Froze policy model parameter: model.vqmodel.decoder.up.0.block.1.norm1.bias
  - Froze policy model parameter: model.vqmodel.decoder.up.0.block.1.conv1.weight
  - Froze policy model parameter: model.vqmodel.decoder.up.0.block.1.conv1.bias
  - Froze policy model parameter: model.vqmodel.decoder.up.0.block.1.norm2.weight
  - Froze policy model parameter: model.vqmodel.decoder.up.0.block.1.norm2.bias
  - Froze policy model parameter: model.vqmodel.decoder.up.0.block.1.conv2.weight
  - Froze policy model parameter: model.vqmodel.decoder.up.0.block.1.conv2.bias
  - Froze policy model parameter: model.vqmodel.decoder.up.0.block.2.norm1.weight
  - Froze policy model parameter: model.vqmodel.decoder.up.0.block.2.norm1.bias
  - Froze policy model parameter: model.vqmodel.decoder.up.0.block.2.conv1.weight
  - Froze policy model parameter: model.vqmodel.decoder.up.0.block.2.conv1.bias
  - Froze policy model parameter: model.vqmodel.decoder.up.0.block.2.norm2.weight
  - Froze policy model parameter: model.vqmodel.decoder.up.0.block.2.norm2.bias
  - Froze policy model parameter: model.vqmodel.decoder.up.0.block.2.conv2.weight
  - Froze policy model parameter: model.vqmodel.decoder.up.0.block.2.conv2.bias
  - Froze policy model parameter: model.vqmodel.decoder.up.1.block.0.norm1.weight
  - Froze policy model parameter: model.vqmodel.decoder.up.1.block.0.norm1.bias
  - Froze policy model parameter: model.vqmodel.decoder.up.1.block.0.conv1.weight
  - Froze policy model parameter: model.vqmodel.decoder.up.1.block.0.conv1.bias
  - Froze policy model parameter: model.vqmodel.decoder.up.1.block.0.norm2.weight
  - Froze policy model parameter: model.vqmodel.decoder.up.1.block.0.norm2.bias
  - Froze policy model parameter: model.vqmodel.decoder.up.1.block.0.conv2.weight
  - Froze policy model parameter: model.vqmodel.decoder.up.1.block.0.conv2.bias
  - Froze policy model parameter: model.vqmodel.decoder.up.1.block.0.nin_shortcut.weight
  - Froze policy model parameter: model.vqmodel.decoder.up.1.block.0.nin_shortcut.bias
  - Froze policy model parameter: model.vqmodel.decoder.up.1.block.1.norm1.weightLoaded 2 reward functions: ['answer_correctness_reward', 'format_reward']
  - Froze policy model parameter: model.vqmodel.decoder.up.1.block.1.norm1.bias

  - Froze policy model parameter: model.vqmodel.decoder.up.1.block.1.conv1.weight
  - Froze policy model parameter: model.vqmodel.decoder.up.1.block.1.conv1.bias
  - Froze policy model parameter: model.vqmodel.decoder.up.1.block.1.norm2.weight
  - Froze policy model parameter: model.vqmodel.decoder.up.1.block.1.norm2.bias
  - Froze policy model parameter: model.vqmodel.decoder.up.1.block.1.conv2.weight
  - Froze policy model parameter: model.vqmodel.decoder.up.1.block.1.conv2.biasTrainer initialized.

  - Froze policy model parameter: model.vqmodel.decoder.up.1.block.2.norm1.weight--- [Step 3/3] Starting GRPO training... ---

  - Froze policy model parameter: model.vqmodel.decoder.up.1.block.2.norm1.bias
  - Froze policy model parameter: model.vqmodel.decoder.up.1.block.2.conv1.weight
  - Froze policy model parameter: model.vqmodel.decoder.up.1.block.2.conv1.bias
  - Froze policy model parameter: model.vqmodel.decoder.up.1.block.2.norm2.weight
  - Froze policy model parameter: model.vqmodel.decoder.up.1.block.2.norm2.bias
  - Froze policy model parameter: model.vqmodel.decoder.up.1.block.2.conv2.weight
  - Froze policy model parameter: model.vqmodel.decoder.up.1.block.2.conv2.bias
  - Froze policy model parameter: model.vqmodel.decoder.up.1.upsample.conv.weight
  - Froze policy model parameter: model.vqmodel.decoder.up.1.upsample.conv.bias
  - Froze policy model parameter: model.vqmodel.decoder.up.2.block.0.norm1.weight
  - Froze policy model parameter: model.vqmodel.decoder.up.2.block.0.norm1.bias
  - Froze policy model parameter: model.vqmodel.decoder.up.2.block.0.conv1.weight
  - Froze policy model parameter: model.vqmodel.decoder.up.2.block.0.conv1.bias
  - Froze policy model parameter: model.vqmodel.decoder.up.2.block.0.norm2.weight
  - Froze policy model parameter: model.vqmodel.decoder.up.2.block.0.norm2.bias
  - Froze policy model parameter: model.vqmodel.decoder.up.2.block.0.conv2.weight
  - Froze policy model parameter: model.vqmodel.decoder.up.2.block.0.conv2.bias
  - Froze policy model parameter: model.vqmodel.decoder.up.2.block.1.norm1.weight
  - Froze policy model parameter: model.vqmodel.decoder.up.2.block.1.norm1.bias
  - Froze policy model parameter: model.vqmodel.decoder.up.2.block.1.conv1.weight
  - Froze policy model parameter: model.vqmodel.decoder.up.2.block.1.conv1.bias
  - Froze policy model parameter: model.vqmodel.decoder.up.2.block.1.norm2.weight
  - Froze policy model parameter: model.vqmodel.decoder.up.2.block.1.norm2.bias
  - Froze policy model parameter: model.vqmodel.decoder.up.2.block.1.conv2.weight
  - Froze policy model parameter: model.vqmodel.decoder.up.2.block.1.conv2.bias
  - Froze policy model parameter: model.vqmodel.decoder.up.2.block.2.norm1.weight
  - Froze policy model parameter: model.vqmodel.decoder.up.2.block.2.norm1.bias
  - Froze policy model parameter: model.vqmodel.decoder.up.2.block.2.conv1.weight
  - Froze policy model parameter: model.vqmodel.decoder.up.2.block.2.conv1.bias
  - Froze policy model parameter: model.vqmodel.decoder.up.2.block.2.norm2.weight
  - Froze policy model parameter: model.vqmodel.decoder.up.2.block.2.norm2.bias
  - Froze policy model parameter: model.vqmodel.decoder.up.2.block.2.conv2.weight
  - Froze policy model parameter: model.vqmodel.decoder.up.2.block.2.conv2.bias
  - Froze policy model parameter: model.vqmodel.decoder.up.2.upsample.conv.weight
  - Froze policy model parameter: model.vqmodel.decoder.up.2.upsample.conv.bias
  - Froze policy model parameter: model.vqmodel.decoder.up.3.block.0.norm1.weight
  - Froze policy model parameter: model.vqmodel.decoder.up.3.block.0.norm1.bias
  - Froze policy model parameter: model.vqmodel.decoder.up.3.block.0.conv1.weight
  - Froze policy model parameter: model.vqmodel.decoder.up.3.block.0.conv1.bias
  - Froze policy model parameter: model.vqmodel.decoder.up.3.block.0.norm2.weight
  - Froze policy model parameter: model.vqmodel.decoder.up.3.block.0.norm2.bias
  - Froze policy model parameter: model.vqmodel.decoder.up.3.block.0.conv2.weight
  - Froze policy model parameter: model.vqmodel.decoder.up.3.block.0.conv2.bias
  - Froze policy model parameter: model.vqmodel.decoder.up.3.block.0.nin_shortcut.weight
  - Froze policy model parameter: model.vqmodel.decoder.up.3.block.0.nin_shortcut.bias
  - Froze policy model parameter: model.vqmodel.decoder.up.3.block.1.norm1.weight
  - Froze policy model parameter: model.vqmodel.decoder.up.3.block.1.norm1.bias
  - Froze policy model parameter: model.vqmodel.decoder.up.3.block.1.conv1.weight
  - Froze policy model parameter: model.vqmodel.decoder.up.3.block.1.conv1.bias
  - Froze policy model parameter: model.vqmodel.decoder.up.3.block.1.norm2.weight
  - Froze policy model parameter: model.vqmodel.decoder.up.3.block.1.norm2.bias
  - Froze policy model parameter: model.vqmodel.decoder.up.3.block.1.conv2.weight
  - Froze policy model parameter: model.vqmodel.decoder.up.3.block.1.conv2.bias
  - Froze policy model parameter: model.vqmodel.decoder.up.3.block.2.norm1.weight
  - Froze policy model parameter: model.vqmodel.decoder.up.3.block.2.norm1.bias
  - Froze policy model parameter: model.vqmodel.decoder.up.3.block.2.conv1.weight
  - Froze policy model parameter: model.vqmodel.decoder.up.3.block.2.conv1.bias
  - Froze policy model parameter: model.vqmodel.decoder.up.3.block.2.norm2.weight
  - Froze policy model parameter: model.vqmodel.decoder.up.3.block.2.norm2.bias
  - Froze policy model parameter: model.vqmodel.decoder.up.3.block.2.conv2.weight
  - Froze policy model parameter: model.vqmodel.decoder.up.3.block.2.conv2.bias
  - Froze policy model parameter: model.vqmodel.decoder.up.3.upsample.conv.weight
  - Froze policy model parameter: model.vqmodel.decoder.up.3.upsample.conv.bias
  - Froze policy model parameter: model.vqmodel.decoder.up.4.block.0.norm1.weight
  - Froze policy model parameter: model.vqmodel.decoder.up.4.block.0.norm1.bias
  - Froze policy model parameter: model.vqmodel.decoder.up.4.block.0.conv1.weight
  - Froze policy model parameter: model.vqmodel.decoder.up.4.block.0.conv1.bias
  - Froze policy model parameter: model.vqmodel.decoder.up.4.block.0.norm2.weight
  - Froze policy model parameter: model.vqmodel.decoder.up.4.block.0.norm2.bias
  - Froze policy model parameter: model.vqmodel.decoder.up.4.block.0.conv2.weight
  - Froze policy model parameter: model.vqmodel.decoder.up.4.block.0.conv2.bias
  - Froze policy model parameter: model.vqmodel.decoder.up.4.block.1.norm1.weight
  - Froze policy model parameter: model.vqmodel.decoder.up.4.block.1.norm1.bias
  - Froze policy model parameter: model.vqmodel.decoder.up.4.block.1.conv1.weight
  - Froze policy model parameter: model.vqmodel.decoder.up.4.block.1.conv1.bias
  - Froze policy model parameter: model.vqmodel.decoder.up.4.block.1.norm2.weight
  - Froze policy model parameter: model.vqmodel.decoder.up.4.block.1.norm2.bias
  - Froze policy model parameter: model.vqmodel.decoder.up.4.block.1.conv2.weight
  - Froze policy model parameter: model.vqmodel.decoder.up.4.block.1.conv2.bias
  - Froze policy model parameter: model.vqmodel.decoder.up.4.block.2.norm1.weight
  - Froze policy model parameter: model.vqmodel.decoder.up.4.block.2.norm1.bias
  - Froze policy model parameter: model.vqmodel.decoder.up.4.block.2.conv1.weight
  - Froze policy model parameter: model.vqmodel.decoder.up.4.block.2.conv1.bias
  - Froze policy model parameter: model.vqmodel.decoder.up.4.block.2.norm2.weight
  - Froze policy model parameter: model.vqmodel.decoder.up.4.block.2.norm2.bias
  - Froze policy model parameter: model.vqmodel.decoder.up.4.block.2.conv2.weight
  - Froze policy model parameter: model.vqmodel.decoder.up.4.block.2.conv2.bias
  - Froze policy model parameter: model.vqmodel.decoder.up.4.upsample.conv.weight
  - Froze policy model parameter: model.vqmodel.decoder.up.4.upsample.conv.bias
  - Froze policy model parameter: model.vqmodel.decoder.norm_out.weight
  - Froze policy model parameter: model.vqmodel.decoder.norm_out.bias
  - Froze policy model parameter: model.vqmodel.decoder.conv_out.weight
  - Froze policy model parameter: model.vqmodel.decoder.conv_out.bias
  - Froze policy model parameter: model.vqmodel.quantize.embedding.weight
  - Froze policy model parameter: model.vqmodel.quant_conv.weight
  - Froze policy model parameter: model.vqmodel.quant_conv.bias
  - Froze policy model parameter: model.vqmodel.post_quant_conv.weight
  - Froze policy model parameter: model.vqmodel.post_quant_conv.bias
  - Froze policy model parameter: mlp_head.time_embed.mlp.0.weight
  - Froze policy model parameter: mlp_head.time_embed.mlp.0.bias
  - Froze policy model parameter: mlp_head.time_embed.mlp.2.weight
  - Froze policy model parameter: mlp_head.time_embed.mlp.2.bias
  - Froze policy model parameter: mlp_head.cond_embed.weight
  - Froze policy model parameter: mlp_head.cond_embed.bias
  - Froze policy model parameter: mlp_head.input_proj.weight
  - Froze policy model parameter: mlp_head.input_proj.bias
  - Froze policy model parameter: mlp_head.res_blocks.0.in_ln.weight
  - Froze policy model parameter: mlp_head.res_blocks.0.in_ln.bias
  - Froze policy model parameter: mlp_head.res_blocks.0.mlp.0.weight
  - Froze policy model parameter: mlp_head.res_blocks.0.mlp.0.bias
  - Froze policy model parameter: mlp_head.res_blocks.0.mlp.2.weight
  - Froze policy model parameter: mlp_head.res_blocks.0.mlp.2.bias
  - Froze policy model parameter: mlp_head.res_blocks.0.adaLN_modulation.1.weight
  - Froze policy model parameter: mlp_head.res_blocks.0.adaLN_modulation.1.bias
  - Froze policy model parameter: mlp_head.res_blocks.1.in_ln.weight
  - Froze policy model parameter: mlp_head.res_blocks.1.in_ln.bias
  - Froze policy model parameter: mlp_head.res_blocks.1.mlp.0.weight
  - Froze policy model parameter: mlp_head.res_blocks.1.mlp.0.bias
  - Froze policy model parameter: mlp_head.res_blocks.1.mlp.2.weight
  - Froze policy model parameter: mlp_head.res_blocks.1.mlp.2.bias
  - Froze policy model parameter: mlp_head.res_blocks.1.adaLN_modulation.1.weight
  - Froze policy model parameter: mlp_head.res_blocks.1.adaLN_modulation.1.bias
  - Froze policy model parameter: mlp_head.res_blocks.2.in_ln.weight
  - Froze policy model parameter: mlp_head.res_blocks.2.in_ln.bias
  - Froze policy model parameter: mlp_head.res_blocks.2.mlp.0.weight
  - Froze policy model parameter: mlp_head.res_blocks.2.mlp.0.bias
  - Froze policy model parameter: mlp_head.res_blocks.2.mlp.2.weight
  - Froze policy model parameter: mlp_head.res_blocks.2.mlp.2.bias
  - Froze policy model parameter: mlp_head.res_blocks.2.adaLN_modulation.1.weight
  - Froze policy model parameter: mlp_head.res_blocks.2.adaLN_modulation.1.bias
  - Froze policy model parameter: mlp_head.final_layer.linear.weight
  - Froze policy model parameter: mlp_head.final_layer.linear.bias
  - Froze policy model parameter: mlp_head.final_layer.adaLN_modulation.1.weight
  - Froze policy model parameter: mlp_head.final_layer.adaLN_modulation.1.bias
Model parts frozen.
Loading checkpoint shards: 100%|██████████| 3/3 [00:00<00:00, 26.93it/s]Loading checkpoint shards: 100%|██████████| 3/3 [00:00<00:00, 26.89it/s]
Freezing non-trainable parts of the model...
Loading checkpoint shards: 100%|██████████| 3/3 [00:00<00:00, 27.02it/s]  - Froze policy model parameter: model.vqmodel.encoder.conv_in.weight
  - Froze policy model parameter: model.vqmodel.encoder.conv_in.bias
  - Froze policy model parameter: model.vqmodel.encoder.down.0.block.0.norm1.weight
  - Froze policy model parameter: model.vqmodel.encoder.down.0.block.0.norm1.bias
  - Froze policy model parameter: model.vqmodel.encoder.down.0.block.0.conv1.weight
  - Froze policy model parameter: model.vqmodel.encoder.down.0.block.0.conv1.bias
  - Froze policy model parameter: model.vqmodel.encoder.down.0.block.0.norm2.weightLoading checkpoint shards: 100%|██████████| 3/3 [00:00<00:00, 26.98it/s]
  - Froze policy model parameter: model.vqmodel.encoder.down.0.block.0.norm2.bias

  - Froze policy model parameter: model.vqmodel.encoder.down.0.block.0.conv2.weight
  - Froze policy model parameter: model.vqmodel.encoder.down.0.block.0.conv2.bias
  - Froze policy model parameter: model.vqmodel.encoder.down.0.block.1.norm1.weight
  - Froze policy model parameter: model.vqmodel.encoder.down.0.block.1.norm1.bias
  - Froze policy model parameter: model.vqmodel.encoder.down.0.block.1.conv1.weight
  - Froze policy model parameter: model.vqmodel.encoder.down.0.block.1.conv1.bias
  - Froze policy model parameter: model.vqmodel.encoder.down.0.block.1.norm2.weight
  - Froze policy model parameter: model.vqmodel.encoder.down.0.block.1.norm2.bias
  - Froze policy model parameter: model.vqmodel.encoder.down.0.block.1.conv2.weight
  - Froze policy model parameter: model.vqmodel.encoder.down.0.block.1.conv2.bias
  - Froze policy model parameter: model.vqmodel.encoder.down.0.downsample.conv.weight
  - Froze policy model parameter: model.vqmodel.encoder.down.0.downsample.conv.bias
  - Froze policy model parameter: model.vqmodel.encoder.down.1.block.0.norm1.weight
  - Froze policy model parameter: model.vqmodel.encoder.down.1.block.0.norm1.bias
  - Froze policy model parameter: model.vqmodel.encoder.down.1.block.0.conv1.weight
  - Froze policy model parameter: model.vqmodel.encoder.down.1.block.0.conv1.bias
  - Froze policy model parameter: model.vqmodel.encoder.down.1.block.0.norm2.weight
  - Froze policy model parameter: model.vqmodel.encoder.down.1.block.0.norm2.bias
  - Froze policy model parameter: model.vqmodel.encoder.down.1.block.0.conv2.weight
  - Froze policy model parameter: model.vqmodel.encoder.down.1.block.0.conv2.bias
  - Froze policy model parameter: model.vqmodel.encoder.down.1.block.1.norm1.weight
  - Froze policy model parameter: model.vqmodel.encoder.down.1.block.1.norm1.bias
  - Froze policy model parameter: model.vqmodel.encoder.down.1.block.1.conv1.weight
  - Froze policy model parameter: model.vqmodel.encoder.down.1.block.1.conv1.bias
  - Froze policy model parameter: model.vqmodel.encoder.down.1.block.1.norm2.weight
  - Froze policy model parameter: model.vqmodel.encoder.down.1.block.1.norm2.bias
  - Froze policy model parameter: model.vqmodel.encoder.down.1.block.1.conv2.weight
  - Froze policy model parameter: model.vqmodel.encoder.down.1.block.1.conv2.bias
  - Froze policy model parameter: model.vqmodel.encoder.down.1.downsample.conv.weight
  - Froze policy model parameter: model.vqmodel.encoder.down.1.downsample.conv.bias
  - Froze policy model parameter: model.vqmodel.encoder.down.2.block.0.norm1.weight
  - Froze policy model parameter: model.vqmodel.encoder.down.2.block.0.norm1.bias
  - Froze policy model parameter: model.vqmodel.encoder.down.2.block.0.conv1.weight
  - Froze policy model parameter: model.vqmodel.encoder.down.2.block.0.conv1.bias
  - Froze policy model parameter: model.vqmodel.encoder.down.2.block.0.norm2.weight
  - Froze policy model parameter: model.vqmodel.encoder.down.2.block.0.norm2.bias
  - Froze policy model parameter: model.vqmodel.encoder.down.2.block.0.conv2.weight
  - Froze policy model parameter: model.vqmodel.encoder.down.2.block.0.conv2.bias
  - Froze policy model parameter: model.vqmodel.encoder.down.2.block.0.nin_shortcut.weight
  - Froze policy model parameter: model.vqmodel.encoder.down.2.block.0.nin_shortcut.bias
  - Froze policy model parameter: model.vqmodel.encoder.down.2.block.1.norm1.weight
  - Froze policy model parameter: model.vqmodel.encoder.down.2.block.1.norm1.bias
  - Froze policy model parameter: model.vqmodel.encoder.down.2.block.1.conv1.weight
  - Froze policy model parameter: model.vqmodel.encoder.down.2.block.1.conv1.bias
  - Froze policy model parameter: model.vqmodel.encoder.down.2.block.1.norm2.weight
  - Froze policy model parameter: model.vqmodel.encoder.down.2.block.1.norm2.bias
  - Froze policy model parameter: model.vqmodel.encoder.down.2.block.1.conv2.weight
  - Froze policy model parameter: model.vqmodel.encoder.down.2.block.1.conv2.bias
  - Froze policy model parameter: model.vqmodel.encoder.down.2.downsample.conv.weight
  - Froze policy model parameter: model.vqmodel.encoder.down.2.downsample.conv.bias
  - Froze policy model parameter: model.vqmodel.encoder.down.3.block.0.norm1.weight
  - Froze policy model parameter: model.vqmodel.encoder.down.3.block.0.norm1.bias
  - Froze policy model parameter: model.vqmodel.encoder.down.3.block.0.conv1.weight
  - Froze policy model parameter: model.vqmodel.encoder.down.3.block.0.conv1.bias
  - Froze policy model parameter: model.vqmodel.encoder.down.3.block.0.norm2.weight
  - Froze policy model parameter: model.vqmodel.encoder.down.3.block.0.norm2.bias
  - Froze policy model parameter: model.vqmodel.encoder.down.3.block.0.conv2.weight
  - Froze policy model parameter: model.vqmodel.encoder.down.3.block.0.conv2.bias
  - Froze policy model parameter: model.vqmodel.encoder.down.3.block.1.norm1.weight
  - Froze policy model parameter: model.vqmodel.encoder.down.3.block.1.norm1.bias
  - Froze policy model parameter: model.vqmodel.encoder.down.3.block.1.conv1.weight
  - Froze policy model parameter: model.vqmodel.encoder.down.3.block.1.conv1.bias
  - Froze policy model parameter: model.vqmodel.encoder.down.3.block.1.norm2.weight
  - Froze policy model parameter: model.vqmodel.encoder.down.3.block.1.norm2.bias
  - Froze policy model parameter: model.vqmodel.encoder.down.3.block.1.conv2.weight
  - Froze policy model parameter: model.vqmodel.encoder.down.3.block.1.conv2.bias
  - Froze policy model parameter: model.vqmodel.encoder.down.3.downsample.conv.weight
  - Froze policy model parameter: model.vqmodel.encoder.down.3.downsample.conv.bias
  - Froze policy model parameter: model.vqmodel.encoder.down.4.block.0.norm1.weight
  - Froze policy model parameter: model.vqmodel.encoder.down.4.block.0.norm1.bias
  - Froze policy model parameter: model.vqmodel.encoder.down.4.block.0.conv1.weight
  - Froze policy model parameter: model.vqmodel.encoder.down.4.block.0.conv1.bias
  - Froze policy model parameter: model.vqmodel.encoder.down.4.block.0.norm2.weight
  - Froze policy model parameter: model.vqmodel.encoder.down.4.block.0.norm2.bias
  - Froze policy model parameter: model.vqmodel.encoder.down.4.block.0.conv2.weight
  - Froze policy model parameter: model.vqmodel.encoder.down.4.block.0.conv2.bias
  - Froze policy model parameter: model.vqmodel.encoder.down.4.block.0.nin_shortcut.weight
  - Froze policy model parameter: model.vqmodel.encoder.down.4.block.0.nin_shortcut.bias
  - Froze policy model parameter: model.vqmodel.encoder.down.4.block.1.norm1.weight
  - Froze policy model parameter: model.vqmodel.encoder.down.4.block.1.norm1.bias
  - Froze policy model parameter: model.vqmodel.encoder.down.4.block.1.conv1.weight
  - Froze policy model parameter: model.vqmodel.encoder.down.4.block.1.conv1.bias
  - Froze policy model parameter: model.vqmodel.encoder.down.4.block.1.norm2.weight
  - Froze policy model parameter: model.vqmodel.encoder.down.4.block.1.norm2.bias
  - Froze policy model parameter: model.vqmodel.encoder.down.4.block.1.conv2.weight
  - Froze policy model parameter: model.vqmodel.encoder.down.4.block.1.conv2.bias
  - Froze policy model parameter: model.vqmodel.encoder.mid.block_1.norm1.weight
  - Froze policy model parameter: model.vqmodel.encoder.mid.block_1.norm1.bias
  - Froze policy model parameter: model.vqmodel.encoder.mid.block_1.conv1.weight
  - Froze policy model parameter: model.vqmodel.encoder.mid.block_1.conv1.bias
  - Froze policy model parameter: model.vqmodel.encoder.mid.block_1.norm2.weight
  - Froze policy model parameter: model.vqmodel.encoder.mid.block_1.norm2.bias
  - Froze policy model parameter: model.vqmodel.encoder.mid.block_1.conv2.weight
  - Froze policy model parameter: model.vqmodel.encoder.mid.block_1.conv2.bias
  - Froze policy model parameter: model.vqmodel.encoder.mid.attn_1.norm.weight
  - Froze policy model parameter: model.vqmodel.encoder.mid.attn_1.norm.bias
  - Froze policy model parameter: model.vqmodel.encoder.mid.attn_1.q.weight
  - Froze policy model parameter: model.vqmodel.encoder.mid.attn_1.q.bias
  - Froze policy model parameter: model.vqmodel.encoder.mid.attn_1.k.weight
  - Froze policy model parameter: model.vqmodel.encoder.mid.attn_1.k.bias
  - Froze policy model parameter: model.vqmodel.encoder.mid.attn_1.v.weight
  - Froze policy model parameter: model.vqmodel.encoder.mid.attn_1.v.bias
  - Froze policy model parameter: model.vqmodel.encoder.mid.attn_1.proj_out.weight
  - Froze policy model parameter: model.vqmodel.encoder.mid.attn_1.proj_out.bias
  - Froze policy model parameter: model.vqmodel.encoder.mid.block_2.norm1.weight
  - Froze policy model parameter: model.vqmodel.encoder.mid.block_2.norm1.bias
  - Froze policy model parameter: model.vqmodel.encoder.mid.block_2.conv1.weight
  - Froze policy model parameter: model.vqmodel.encoder.mid.block_2.conv1.bias
  - Froze policy model parameter: model.vqmodel.encoder.mid.block_2.norm2.weight
  - Froze policy model parameter: model.vqmodel.encoder.mid.block_2.norm2.bias
  - Froze policy model parameter: model.vqmodel.encoder.mid.block_2.conv2.weight
  - Froze policy model parameter: model.vqmodel.encoder.mid.block_2.conv2.bias
  - Froze policy model parameter: model.vqmodel.encoder.norm_out.weight
  - Froze policy model parameter: model.vqmodel.encoder.norm_out.bias
  - Froze policy model parameter: model.vqmodel.encoder.conv_out.weight
  - Froze policy model parameter: model.vqmodel.encoder.conv_out.bias
  - Froze policy model parameter: model.vqmodel.decoder.conv_in.weight
  - Froze policy model parameter: model.vqmodel.decoder.conv_in.bias
  - Froze policy model parameter: model.vqmodel.decoder.mid.block_1.norm1.weight
  - Froze policy model parameter: model.vqmodel.decoder.mid.block_1.norm1.bias
  - Froze policy model parameter: model.vqmodel.decoder.mid.block_1.conv1.weight
  - Froze policy model parameter: model.vqmodel.decoder.mid.block_1.conv1.bias
  - Froze policy model parameter: model.vqmodel.decoder.mid.block_1.norm2.weight
  - Froze policy model parameter: model.vqmodel.decoder.mid.block_1.norm2.bias
  - Froze policy model parameter: model.vqmodel.decoder.mid.block_1.conv2.weight
  - Froze policy model parameter: model.vqmodel.decoder.mid.block_1.conv2.bias
  - Froze policy model parameter: model.vqmodel.decoder.mid.attn_1.norm.weight
  - Froze policy model parameter: model.vqmodel.decoder.mid.attn_1.norm.bias
  - Froze policy model parameter: model.vqmodel.decoder.mid.attn_1.q.weight
  - Froze policy model parameter: model.vqmodel.decoder.mid.attn_1.q.bias
  - Froze policy model parameter: model.vqmodel.decoder.mid.attn_1.k.weight
  - Froze policy model parameter: model.vqmodel.decoder.mid.attn_1.k.bias
  - Froze policy model parameter: model.vqmodel.decoder.mid.attn_1.v.weight
  - Froze policy model parameter: model.vqmodel.decoder.mid.attn_1.v.bias
  - Froze policy model parameter: model.vqmodel.decoder.mid.attn_1.proj_out.weight
  - Froze policy model parameter: model.vqmodel.decoder.mid.attn_1.proj_out.bias
  - Froze policy model parameter: model.vqmodel.decoder.mid.block_2.norm1.weight
  - Froze policy model parameter: model.vqmodel.decoder.mid.block_2.norm1.bias
  - Froze policy model parameter: model.vqmodel.decoder.mid.block_2.conv1.weight
  - Froze policy model parameter: model.vqmodel.decoder.mid.block_2.conv1.bias
  - Froze policy model parameter: model.vqmodel.decoder.mid.block_2.norm2.weight
  - Froze policy model parameter: model.vqmodel.decoder.mid.block_2.norm2.bias
  - Froze policy model parameter: model.vqmodel.decoder.mid.block_2.conv2.weight
  - Froze policy model parameter: model.vqmodel.decoder.mid.block_2.conv2.bias
  - Froze policy model parameter: model.vqmodel.decoder.up.0.block.0.norm1.weight
  - Froze policy model parameter: model.vqmodel.decoder.up.0.block.0.norm1.bias
  - Froze policy model parameter: model.vqmodel.decoder.up.0.block.0.conv1.weight
  - Froze policy model parameter: model.vqmodel.decoder.up.0.block.0.conv1.bias
  - Froze policy model parameter: model.vqmodel.decoder.up.0.block.0.norm2.weight
  - Froze policy model parameter: model.vqmodel.decoder.up.0.block.0.norm2.bias
  - Froze policy model parameter: model.vqmodel.decoder.up.0.block.0.conv2.weight
  - Froze policy model parameter: model.vqmodel.decoder.up.0.block.0.conv2.bias
  - Froze policy model parameter: model.vqmodel.decoder.up.0.block.1.norm1.weight
  - Froze policy model parameter: model.vqmodel.decoder.up.0.block.1.norm1.bias
  - Froze policy model parameter: model.vqmodel.decoder.up.0.block.1.conv1.weight
  - Froze policy model parameter: model.vqmodel.decoder.up.0.block.1.conv1.bias
  - Froze policy model parameter: model.vqmodel.decoder.up.0.block.1.norm2.weight
  - Froze policy model parameter: model.vqmodel.decoder.up.0.block.1.norm2.bias
  - Froze policy model parameter: model.vqmodel.decoder.up.0.block.1.conv2.weight
  - Froze policy model parameter: model.vqmodel.decoder.up.0.block.1.conv2.bias
  - Froze policy model parameter: model.vqmodel.decoder.up.0.block.2.norm1.weight
  - Froze policy model parameter: model.vqmodel.decoder.up.0.block.2.norm1.bias
  - Froze policy model parameter: model.vqmodel.decoder.up.0.block.2.conv1.weight
  - Froze policy model parameter: model.vqmodel.decoder.up.0.block.2.conv1.bias
  - Froze policy model parameter: model.vqmodel.decoder.up.0.block.2.norm2.weight
  - Froze policy model parameter: model.vqmodel.decoder.up.0.block.2.norm2.bias
  - Froze policy model parameter: model.vqmodel.decoder.up.0.block.2.conv2.weight
  - Froze policy model parameter: model.vqmodel.decoder.up.0.block.2.conv2.bias
  - Froze policy model parameter: model.vqmodel.decoder.up.1.block.0.norm1.weight
  - Froze policy model parameter: model.vqmodel.decoder.up.1.block.0.norm1.bias
  - Froze policy model parameter: model.vqmodel.decoder.up.1.block.0.conv1.weight
  - Froze policy model parameter: model.vqmodel.decoder.up.1.block.0.conv1.bias
  - Froze policy model parameter: model.vqmodel.decoder.up.1.block.0.norm2.weight
  - Froze policy model parameter: model.vqmodel.decoder.up.1.block.0.norm2.bias
  - Froze policy model parameter: model.vqmodel.decoder.up.1.block.0.conv2.weight
  - Froze policy model parameter: model.vqmodel.decoder.up.1.block.0.conv2.bias
  - Froze policy model parameter: model.vqmodel.decoder.up.1.block.0.nin_shortcut.weight
  - Froze policy model parameter: model.vqmodel.decoder.up.1.block.0.nin_shortcut.bias
  - Froze policy model parameter: model.vqmodel.decoder.up.1.block.1.norm1.weight
  - Froze policy model parameter: model.vqmodel.decoder.up.1.block.1.norm1.bias
  - Froze policy model parameter: model.vqmodel.decoder.up.1.block.1.conv1.weight
  - Froze policy model parameter: model.vqmodel.decoder.up.1.block.1.conv1.bias
  - Froze policy model parameter: model.vqmodel.decoder.up.1.block.1.norm2.weight
  - Froze policy model parameter: model.vqmodel.decoder.up.1.block.1.norm2.bias
  - Froze policy model parameter: model.vqmodel.decoder.up.1.block.1.conv2.weight
  - Froze policy model parameter: model.vqmodel.decoder.up.1.block.1.conv2.bias
  - Froze policy model parameter: model.vqmodel.decoder.up.1.block.2.norm1.weight
  - Froze policy model parameter: model.vqmodel.decoder.up.1.block.2.norm1.bias
  - Froze policy model parameter: model.vqmodel.decoder.up.1.block.2.conv1.weight
  - Froze policy model parameter: model.vqmodel.decoder.up.1.block.2.conv1.bias
  - Froze policy model parameter: model.vqmodel.decoder.up.1.block.2.norm2.weight
  - Froze policy model parameter: model.vqmodel.decoder.up.1.block.2.norm2.bias
  - Froze policy model parameter: model.vqmodel.decoder.up.1.block.2.conv2.weight
  - Froze policy model parameter: model.vqmodel.decoder.up.1.block.2.conv2.bias
  - Froze policy model parameter: model.vqmodel.decoder.up.1.upsample.conv.weight
  - Froze policy model parameter: model.vqmodel.decoder.up.1.upsample.conv.bias
  - Froze policy model parameter: model.vqmodel.decoder.up.2.block.0.norm1.weight
  - Froze policy model parameter: model.vqmodel.decoder.up.2.block.0.norm1.bias
  - Froze policy model parameter: model.vqmodel.decoder.up.2.block.0.conv1.weight
  - Froze policy model parameter: model.vqmodel.decoder.up.2.block.0.conv1.bias
  - Froze policy model parameter: model.vqmodel.decoder.up.2.block.0.norm2.weight
  - Froze policy model parameter: model.vqmodel.decoder.up.2.block.0.norm2.bias
  - Froze policy model parameter: model.vqmodel.decoder.up.2.block.0.conv2.weight
  - Froze policy model parameter: model.vqmodel.decoder.up.2.block.0.conv2.bias
  - Froze policy model parameter: model.vqmodel.decoder.up.2.block.1.norm1.weight
  - Froze policy model parameter: model.vqmodel.decoder.up.2.block.1.norm1.bias
  - Froze policy model parameter: model.vqmodel.decoder.up.2.block.1.conv1.weight
  - Froze policy model parameter: model.vqmodel.decoder.up.2.block.1.conv1.bias
  - Froze policy model parameter: model.vqmodel.decoder.up.2.block.1.norm2.weight
  - Froze policy model parameter: model.vqmodel.decoder.up.2.block.1.norm2.bias
  - Froze policy model parameter: model.vqmodel.decoder.up.2.block.1.conv2.weight
  - Froze policy model parameter: model.vqmodel.decoder.up.2.block.1.conv2.bias
  - Froze policy model parameter: model.vqmodel.decoder.up.2.block.2.norm1.weight
  - Froze policy model parameter: model.vqmodel.decoder.up.2.block.2.norm1.bias
  - Froze policy model parameter: model.vqmodel.decoder.up.2.block.2.conv1.weight
  - Froze policy model parameter: model.vqmodel.decoder.up.2.block.2.conv1.bias
  - Froze policy model parameter: model.vqmodel.decoder.up.2.block.2.norm2.weight
  - Froze policy model parameter: model.vqmodel.decoder.up.2.block.2.norm2.bias
  - Froze policy model parameter: model.vqmodel.decoder.up.2.block.2.conv2.weight
  - Froze policy model parameter: model.vqmodel.decoder.up.2.block.2.conv2.bias
  - Froze policy model parameter: model.vqmodel.decoder.up.2.upsample.conv.weight
  - Froze policy model parameter: model.vqmodel.decoder.up.2.upsample.conv.bias
  - Froze policy model parameter: model.vqmodel.decoder.up.3.block.0.norm1.weight
  - Froze policy model parameter: model.vqmodel.decoder.up.3.block.0.norm1.bias
  - Froze policy model parameter: model.vqmodel.decoder.up.3.block.0.conv1.weight
  - Froze policy model parameter: model.vqmodel.decoder.up.3.block.0.conv1.bias
  - Froze policy model parameter: model.vqmodel.decoder.up.3.block.0.norm2.weight
  - Froze policy model parameter: model.vqmodel.decoder.up.3.block.0.norm2.bias
  - Froze policy model parameter: model.vqmodel.decoder.up.3.block.0.conv2.weight
  - Froze policy model parameter: model.vqmodel.decoder.up.3.block.0.conv2.bias
  - Froze policy model parameter: model.vqmodel.decoder.up.3.block.0.nin_shortcut.weight
  - Froze policy model parameter: model.vqmodel.decoder.up.3.block.0.nin_shortcut.bias
  - Froze policy model parameter: model.vqmodel.decoder.up.3.block.1.norm1.weight
  - Froze policy model parameter: model.vqmodel.decoder.up.3.block.1.norm1.bias
  - Froze policy model parameter: model.vqmodel.decoder.up.3.block.1.conv1.weight
  - Froze policy model parameter: model.vqmodel.decoder.up.3.block.1.conv1.bias
  - Froze policy model parameter: model.vqmodel.decoder.up.3.block.1.norm2.weight
  - Froze policy model parameter: model.vqmodel.decoder.up.3.block.1.norm2.bias
  - Froze policy model parameter: model.vqmodel.decoder.up.3.block.1.conv2.weight
  - Froze policy model parameter: model.vqmodel.decoder.up.3.block.1.conv2.bias
  - Froze policy model parameter: model.vqmodel.decoder.up.3.block.2.norm1.weight
  - Froze policy model parameter: model.vqmodel.decoder.up.3.block.2.norm1.bias
  - Froze policy model parameter: model.vqmodel.decoder.up.3.block.2.conv1.weight
  - Froze policy model parameter: model.vqmodel.decoder.up.3.block.2.conv1.bias
  - Froze policy model parameter: model.vqmodel.decoder.up.3.block.2.norm2.weight
  - Froze policy model parameter: model.vqmodel.decoder.up.3.block.2.norm2.bias
  - Froze policy model parameter: model.vqmodel.decoder.up.3.block.2.conv2.weight
  - Froze policy model parameter: model.vqmodel.decoder.up.3.block.2.conv2.bias
  - Froze policy model parameter: model.vqmodel.decoder.up.3.upsample.conv.weight
  - Froze policy model parameter: model.vqmodel.decoder.up.3.upsample.conv.bias
  - Froze policy model parameter: model.vqmodel.decoder.up.4.block.0.norm1.weight
  - Froze policy model parameter: model.vqmodel.decoder.up.4.block.0.norm1.bias
  - Froze policy model parameter: model.vqmodel.decoder.up.4.block.0.conv1.weight
  - Froze policy model parameter: model.vqmodel.decoder.up.4.block.0.conv1.bias
  - Froze policy model parameter: model.vqmodel.decoder.up.4.block.0.norm2.weight
  - Froze policy model parameter: model.vqmodel.decoder.up.4.block.0.norm2.bias
  - Froze policy model parameter: model.vqmodel.decoder.up.4.block.0.conv2.weight
  - Froze policy model parameter: model.vqmodel.decoder.up.4.block.0.conv2.bias
  - Froze policy model parameter: model.vqmodel.decoder.up.4.block.1.norm1.weight
  - Froze policy model parameter: model.vqmodel.decoder.up.4.block.1.norm1.bias
  - Froze policy model parameter: model.vqmodel.decoder.up.4.block.1.conv1.weight
  - Froze policy model parameter: model.vqmodel.decoder.up.4.block.1.conv1.bias
  - Froze policy model parameter: model.vqmodel.decoder.up.4.block.1.norm2.weight
  - Froze policy model parameter: model.vqmodel.decoder.up.4.block.1.norm2.bias
  - Froze policy model parameter: model.vqmodel.decoder.up.4.block.1.conv2.weight
  - Froze policy model parameter: model.vqmodel.decoder.up.4.block.1.conv2.bias
  - Froze policy model parameter: model.vqmodel.decoder.up.4.block.2.norm1.weight
  - Froze policy model parameter: model.vqmodel.decoder.up.4.block.2.norm1.bias
  - Froze policy model parameter: model.vqmodel.decoder.up.4.block.2.conv1.weight
  - Froze policy model parameter: model.vqmodel.decoder.up.4.block.2.conv1.bias
  - Froze policy model parameter: model.vqmodel.decoder.up.4.block.2.norm2.weight
  - Froze policy model parameter: model.vqmodel.decoder.up.4.block.2.norm2.bias
  - Froze policy model parameter: model.vqmodel.decoder.up.4.block.2.conv2.weight
  - Froze policy model parameter: model.vqmodel.decoder.up.4.block.2.conv2.bias
  - Froze policy model parameter: model.vqmodel.decoder.up.4.upsample.conv.weight
  - Froze policy model parameter: model.vqmodel.decoder.up.4.upsample.conv.bias
  - Froze policy model parameter: model.vqmodel.decoder.norm_out.weight
  - Froze policy model parameter: model.vqmodel.decoder.norm_out.bias
  - Froze policy model parameter: model.vqmodel.decoder.conv_out.weight
  - Froze policy model parameter: model.vqmodel.decoder.conv_out.bias
  - Froze policy model parameter: model.vqmodel.quantize.embedding.weight
  - Froze policy model parameter: model.vqmodel.quant_conv.weight
  - Froze policy model parameter: model.vqmodel.quant_conv.bias
  - Froze policy model parameter: model.vqmodel.post_quant_conv.weight
  - Froze policy model parameter: model.vqmodel.post_quant_conv.bias
  - Froze policy model parameter: mlp_head.time_embed.mlp.0.weight
  - Froze policy model parameter: mlp_head.time_embed.mlp.0.bias
  - Froze policy model parameter: mlp_head.time_embed.mlp.2.weight
  - Froze policy model parameter: mlp_head.time_embed.mlp.2.bias
  - Froze policy model parameter: mlp_head.cond_embed.weight
  - Froze policy model parameter: mlp_head.cond_embed.bias
  - Froze policy model parameter: mlp_head.input_proj.weight
  - Froze policy model parameter: mlp_head.input_proj.bias
  - Froze policy model parameter: mlp_head.res_blocks.0.in_ln.weight
  - Froze policy model parameter: mlp_head.res_blocks.0.in_ln.bias
  - Froze policy model parameter: mlp_head.res_blocks.0.mlp.0.weight
  - Froze policy model parameter: mlp_head.res_blocks.0.mlp.0.bias
  - Froze policy model parameter: mlp_head.res_blocks.0.mlp.2.weight
  - Froze policy model parameter: mlp_head.res_blocks.0.mlp.2.bias
  - Froze policy model parameter: mlp_head.res_blocks.0.adaLN_modulation.1.weight
  - Froze policy model parameter: mlp_head.res_blocks.0.adaLN_modulation.1.bias
  - Froze policy model parameter: mlp_head.res_blocks.1.in_ln.weight
  - Froze policy model parameter: mlp_head.res_blocks.1.in_ln.bias
  - Froze policy model parameter: mlp_head.res_blocks.1.mlp.0.weight
  - Froze policy model parameter: mlp_head.res_blocks.1.mlp.0.bias
  - Froze policy model parameter: mlp_head.res_blocks.1.mlp.2.weight
  - Froze policy model parameter: mlp_head.res_blocks.1.mlp.2.bias
  - Froze policy model parameter: mlp_head.res_blocks.1.adaLN_modulation.1.weight
  - Froze policy model parameter: mlp_head.res_blocks.1.adaLN_modulation.1.bias
  - Froze policy model parameter: mlp_head.res_blocks.2.in_ln.weight
  - Froze policy model parameter: mlp_head.res_blocks.2.in_ln.bias
  - Froze policy model parameter: mlp_head.res_blocks.2.mlp.0.weight
  - Froze policy model parameter: mlp_head.res_blocks.2.mlp.0.bias
  - Froze policy model parameter: mlp_head.res_blocks.2.mlp.2.weight
  - Froze policy model parameter: mlp_head.res_blocks.2.mlp.2.bias
  - Froze policy model parameter: mlp_head.res_blocks.2.adaLN_modulation.1.weight
  - Froze policy model parameter: mlp_head.res_blocks.2.adaLN_modulation.1.bias
  - Froze policy model parameter: mlp_head.final_layer.linear.weight
  - Froze policy model parameter: mlp_head.final_layer.linear.bias
  - Froze policy model parameter: mlp_head.final_layer.adaLN_modulation.1.weight
  - Froze policy model parameter: mlp_head.final_layer.adaLN_modulation.1.bias
Model parts frozen.
Freezing non-trainable parts of the model...
  - Froze policy model parameter: model.vqmodel.encoder.conv_in.weight
  - Froze policy model parameter: model.vqmodel.encoder.conv_in.bias
  - Froze policy model parameter: model.vqmodel.encoder.down.0.block.0.norm1.weight
  - Froze policy model parameter: model.vqmodel.encoder.down.0.block.0.norm1.bias
  - Froze policy model parameter: model.vqmodel.encoder.down.0.block.0.conv1.weight
  - Froze policy model parameter: model.vqmodel.encoder.down.0.block.0.conv1.bias
  - Froze policy model parameter: model.vqmodel.encoder.down.0.block.0.norm2.weight
  - Froze policy model parameter: model.vqmodel.encoder.down.0.block.0.norm2.bias
  - Froze policy model parameter: model.vqmodel.encoder.down.0.block.0.conv2.weight
  - Froze policy model parameter: model.vqmodel.encoder.down.0.block.0.conv2.bias
  - Froze policy model parameter: model.vqmodel.encoder.down.0.block.1.norm1.weight
  - Froze policy model parameter: model.vqmodel.encoder.down.0.block.1.norm1.bias
  - Froze policy model parameter: model.vqmodel.encoder.down.0.block.1.conv1.weight
  - Froze policy model parameter: model.vqmodel.encoder.down.0.block.1.conv1.bias
  - Froze policy model parameter: model.vqmodel.encoder.down.0.block.1.norm2.weight
  - Froze policy model parameter: model.vqmodel.encoder.down.0.block.1.norm2.bias
  - Froze policy model parameter: model.vqmodel.encoder.down.0.block.1.conv2.weight
  - Froze policy model parameter: model.vqmodel.encoder.down.0.block.1.conv2.bias
  - Froze policy model parameter: model.vqmodel.encoder.down.0.downsample.conv.weight
  - Froze policy model parameter: model.vqmodel.encoder.down.0.downsample.conv.bias
  - Froze policy model parameter: model.vqmodel.encoder.down.1.block.0.norm1.weight
  - Froze policy model parameter: model.vqmodel.encoder.down.1.block.0.norm1.bias
  - Froze policy model parameter: model.vqmodel.encoder.down.1.block.0.conv1.weight
  - Froze policy model parameter: model.vqmodel.encoder.down.1.block.0.conv1.bias
  - Froze policy model parameter: model.vqmodel.encoder.down.1.block.0.norm2.weight
  - Froze policy model parameter: model.vqmodel.encoder.down.1.block.0.norm2.bias
  - Froze policy model parameter: model.vqmodel.encoder.down.1.block.0.conv2.weight
  - Froze policy model parameter: model.vqmodel.encoder.down.1.block.0.conv2.bias
  - Froze policy model parameter: model.vqmodel.encoder.down.1.block.1.norm1.weight
  - Froze policy model parameter: model.vqmodel.encoder.down.1.block.1.norm1.bias
  - Froze policy model parameter: model.vqmodel.encoder.down.1.block.1.conv1.weight
  - Froze policy model parameter: model.vqmodel.encoder.down.1.block.1.conv1.bias
  - Froze policy model parameter: model.vqmodel.encoder.down.1.block.1.norm2.weight
  - Froze policy model parameter: model.vqmodel.encoder.down.1.block.1.norm2.bias
  - Froze policy model parameter: model.vqmodel.encoder.down.1.block.1.conv2.weight
  - Froze policy model parameter: model.vqmodel.encoder.down.1.block.1.conv2.bias
  - Froze policy model parameter: model.vqmodel.encoder.down.1.downsample.conv.weight
  - Froze policy model parameter: model.vqmodel.encoder.down.1.downsample.conv.bias
  - Froze policy model parameter: model.vqmodel.encoder.down.2.block.0.norm1.weight
  - Froze policy model parameter: model.vqmodel.encoder.down.2.block.0.norm1.bias
  - Froze policy model parameter: model.vqmodel.encoder.down.2.block.0.conv1.weight
  - Froze policy model parameter: model.vqmodel.encoder.down.2.block.0.conv1.bias
  - Froze policy model parameter: model.vqmodel.encoder.down.2.block.0.norm2.weight
  - Froze policy model parameter: model.vqmodel.encoder.down.2.block.0.norm2.bias
  - Froze policy model parameter: model.vqmodel.encoder.down.2.block.0.conv2.weight
  - Froze policy model parameter: model.vqmodel.encoder.down.2.block.0.conv2.bias
  - Froze policy model parameter: model.vqmodel.encoder.down.2.block.0.nin_shortcut.weight
  - Froze policy model parameter: model.vqmodel.encoder.down.2.block.0.nin_shortcut.bias
  - Froze policy model parameter: model.vqmodel.encoder.down.2.block.1.norm1.weight
  - Froze policy model parameter: model.vqmodel.encoder.down.2.block.1.norm1.bias
  - Froze policy model parameter: model.vqmodel.encoder.down.2.block.1.conv1.weight
  - Froze policy model parameter: model.vqmodel.encoder.down.2.block.1.conv1.bias
  - Froze policy model parameter: model.vqmodel.encoder.down.2.block.1.norm2.weight
  - Froze policy model parameter: model.vqmodel.encoder.down.2.block.1.norm2.bias
  - Froze policy model parameter: model.vqmodel.encoder.down.2.block.1.conv2.weight
  - Froze policy model parameter: model.vqmodel.encoder.down.2.block.1.conv2.bias
  - Froze policy model parameter: model.vqmodel.encoder.down.2.downsample.conv.weight
  - Froze policy model parameter: model.vqmodel.encoder.down.2.downsample.conv.bias
  - Froze policy model parameter: model.vqmodel.encoder.down.3.block.0.norm1.weight
  - Froze policy model parameter: model.vqmodel.encoder.down.3.block.0.norm1.bias
  - Froze policy model parameter: model.vqmodel.encoder.down.3.block.0.conv1.weight
  - Froze policy model parameter: model.vqmodel.encoder.down.3.block.0.conv1.bias
  - Froze policy model parameter: model.vqmodel.encoder.down.3.block.0.norm2.weight
  - Froze policy model parameter: model.vqmodel.encoder.down.3.block.0.norm2.bias
  - Froze policy model parameter: model.vqmodel.encoder.down.3.block.0.conv2.weight
  - Froze policy model parameter: model.vqmodel.encoder.down.3.block.0.conv2.bias
  - Froze policy model parameter: model.vqmodel.encoder.down.3.block.1.norm1.weight
  - Froze policy model parameter: model.vqmodel.encoder.down.3.block.1.norm1.bias
  - Froze policy model parameter: model.vqmodel.encoder.down.3.block.1.conv1.weight
  - Froze policy model parameter: model.vqmodel.encoder.down.3.block.1.conv1.bias
  - Froze policy model parameter: model.vqmodel.encoder.down.3.block.1.norm2.weight
  - Froze policy model parameter: model.vqmodel.encoder.down.3.block.1.norm2.bias
  - Froze policy model parameter: model.vqmodel.encoder.down.3.block.1.conv2.weight
  - Froze policy model parameter: model.vqmodel.encoder.down.3.block.1.conv2.bias
  - Froze policy model parameter: model.vqmodel.encoder.down.3.downsample.conv.weight
  - Froze policy model parameter: model.vqmodel.encoder.down.3.downsample.conv.bias
  - Froze policy model parameter: model.vqmodel.encoder.down.4.block.0.norm1.weight
  - Froze policy model parameter: model.vqmodel.encoder.down.4.block.0.norm1.bias
  - Froze policy model parameter: model.vqmodel.encoder.down.4.block.0.conv1.weight
  - Froze policy model parameter: model.vqmodel.encoder.down.4.block.0.conv1.bias
  - Froze policy model parameter: model.vqmodel.encoder.down.4.block.0.norm2.weight
  - Froze policy model parameter: model.vqmodel.encoder.down.4.block.0.norm2.bias
  - Froze policy model parameter: model.vqmodel.encoder.down.4.block.0.conv2.weight
  - Froze policy model parameter: model.vqmodel.encoder.down.4.block.0.conv2.bias
  - Froze policy model parameter: model.vqmodel.encoder.down.4.block.0.nin_shortcut.weight
  - Froze policy model parameter: model.vqmodel.encoder.down.4.block.0.nin_shortcut.bias
  - Froze policy model parameter: model.vqmodel.encoder.down.4.block.1.norm1.weight
  - Froze policy model parameter: model.vqmodel.encoder.down.4.block.1.norm1.bias
  - Froze policy model parameter: model.vqmodel.encoder.down.4.block.1.conv1.weight
  - Froze policy model parameter: model.vqmodel.encoder.down.4.block.1.conv1.bias
  - Froze policy model parameter: model.vqmodel.encoder.down.4.block.1.norm2.weight
  - Froze policy model parameter: model.vqmodel.encoder.down.4.block.1.norm2.bias
  - Froze policy model parameter: model.vqmodel.encoder.down.4.block.1.conv2.weight
  - Froze policy model parameter: model.vqmodel.encoder.down.4.block.1.conv2.bias
  - Froze policy model parameter: model.vqmodel.encoder.mid.block_1.norm1.weight
  - Froze policy model parameter: model.vqmodel.encoder.mid.block_1.norm1.bias
  - Froze policy model parameter: model.vqmodel.encoder.mid.block_1.conv1.weight
  - Froze policy model parameter: model.vqmodel.encoder.mid.block_1.conv1.bias
  - Froze policy model parameter: model.vqmodel.encoder.mid.block_1.norm2.weight
  - Froze policy model parameter: model.vqmodel.encoder.mid.block_1.norm2.bias
  - Froze policy model parameter: model.vqmodel.encoder.mid.block_1.conv2.weight
  - Froze policy model parameter: model.vqmodel.encoder.mid.block_1.conv2.bias
  - Froze policy model parameter: model.vqmodel.encoder.mid.attn_1.norm.weight
  - Froze policy model parameter: model.vqmodel.encoder.mid.attn_1.norm.bias
  - Froze policy model parameter: model.vqmodel.encoder.mid.attn_1.q.weight
  - Froze policy model parameter: model.vqmodel.encoder.mid.attn_1.q.bias
  - Froze policy model parameter: model.vqmodel.encoder.mid.attn_1.k.weight
  - Froze policy model parameter: model.vqmodel.encoder.mid.attn_1.k.bias
  - Froze policy model parameter: model.vqmodel.encoder.mid.attn_1.v.weight
  - Froze policy model parameter: model.vqmodel.encoder.mid.attn_1.v.bias
  - Froze policy model parameter: model.vqmodel.encoder.mid.attn_1.proj_out.weight
  - Froze policy model parameter: model.vqmodel.encoder.mid.attn_1.proj_out.bias
  - Froze policy model parameter: model.vqmodel.encoder.mid.block_2.norm1.weight
  - Froze policy model parameter: model.vqmodel.encoder.mid.block_2.norm1.bias
  - Froze policy model parameter: model.vqmodel.encoder.mid.block_2.conv1.weight
  - Froze policy model parameter: model.vqmodel.encoder.mid.block_2.conv1.bias
  - Froze policy model parameter: model.vqmodel.encoder.mid.block_2.norm2.weight
  - Froze policy model parameter: model.vqmodel.encoder.mid.block_2.norm2.bias
  - Froze policy model parameter: model.vqmodel.encoder.mid.block_2.conv2.weight
  - Froze policy model parameter: model.vqmodel.encoder.mid.block_2.conv2.bias
  - Froze policy model parameter: model.vqmodel.encoder.norm_out.weight
  - Froze policy model parameter: model.vqmodel.encoder.norm_out.bias
  - Froze policy model parameter: model.vqmodel.encoder.conv_out.weight
  - Froze policy model parameter: model.vqmodel.encoder.conv_out.bias
  - Froze policy model parameter: model.vqmodel.decoder.conv_in.weight
  - Froze policy model parameter: model.vqmodel.decoder.conv_in.bias
  - Froze policy model parameter: model.vqmodel.decoder.mid.block_1.norm1.weight
  - Froze policy model parameter: model.vqmodel.decoder.mid.block_1.norm1.bias
  - Froze policy model parameter: model.vqmodel.decoder.mid.block_1.conv1.weight
  - Froze policy model parameter: model.vqmodel.decoder.mid.block_1.conv1.bias
  - Froze policy model parameter: model.vqmodel.decoder.mid.block_1.norm2.weight
  - Froze policy model parameter: model.vqmodel.decoder.mid.block_1.norm2.bias
  - Froze policy model parameter: model.vqmodel.decoder.mid.block_1.conv2.weight
  - Froze policy model parameter: model.vqmodel.decoder.mid.block_1.conv2.bias
  - Froze policy model parameter: model.vqmodel.decoder.mid.attn_1.norm.weight
  - Froze policy model parameter: model.vqmodel.decoder.mid.attn_1.norm.bias
  - Froze policy model parameter: model.vqmodel.decoder.mid.attn_1.q.weight
  - Froze policy model parameter: model.vqmodel.decoder.mid.attn_1.q.bias
  - Froze policy model parameter: model.vqmodel.decoder.mid.attn_1.k.weight
  - Froze policy model parameter: model.vqmodel.decoder.mid.attn_1.k.bias
  - Froze policy model parameter: model.vqmodel.decoder.mid.attn_1.v.weight
  - Froze policy model parameter: model.vqmodel.decoder.mid.attn_1.v.bias
  - Froze policy model parameter: model.vqmodel.decoder.mid.attn_1.proj_out.weight
  - Froze policy model parameter: model.vqmodel.decoder.mid.attn_1.proj_out.bias
  - Froze policy model parameter: model.vqmodel.decoder.mid.block_2.norm1.weight
  - Froze policy model parameter: model.vqmodel.decoder.mid.block_2.norm1.bias
  - Froze policy model parameter: model.vqmodel.decoder.mid.block_2.conv1.weight
  - Froze policy model parameter: model.vqmodel.decoder.mid.block_2.conv1.bias
  - Froze policy model parameter: model.vqmodel.decoder.mid.block_2.norm2.weight
  - Froze policy model parameter: model.vqmodel.decoder.mid.block_2.norm2.bias
  - Froze policy model parameter: model.vqmodel.decoder.mid.block_2.conv2.weight
  - Froze policy model parameter: model.vqmodel.decoder.mid.block_2.conv2.bias
  - Froze policy model parameter: model.vqmodel.decoder.up.0.block.0.norm1.weight
  - Froze policy model parameter: model.vqmodel.decoder.up.0.block.0.norm1.bias
  - Froze policy model parameter: model.vqmodel.decoder.up.0.block.0.conv1.weight
  - Froze policy model parameter: model.vqmodel.decoder.up.0.block.0.conv1.bias
  - Froze policy model parameter: model.vqmodel.decoder.up.0.block.0.norm2.weight
  - Froze policy model parameter: model.vqmodel.decoder.up.0.block.0.norm2.bias
  - Froze policy model parameter: model.vqmodel.decoder.up.0.block.0.conv2.weight
  - Froze policy model parameter: model.vqmodel.decoder.up.0.block.0.conv2.bias
  - Froze policy model parameter: model.vqmodel.decoder.up.0.block.1.norm1.weight
  - Froze policy model parameter: model.vqmodel.decoder.up.0.block.1.norm1.bias
  - Froze policy model parameter: model.vqmodel.decoder.up.0.block.1.conv1.weight
  - Froze policy model parameter: model.vqmodel.decoder.up.0.block.1.conv1.bias
  - Froze policy model parameter: model.vqmodel.decoder.up.0.block.1.norm2.weight
  - Froze policy model parameter: model.vqmodel.decoder.up.0.block.1.norm2.bias
  - Froze policy model parameter: model.vqmodel.decoder.up.0.block.1.conv2.weight
  - Froze policy model parameter: model.vqmodel.decoder.up.0.block.1.conv2.bias
  - Froze policy model parameter: model.vqmodel.decoder.up.0.block.2.norm1.weight
  - Froze policy model parameter: model.vqmodel.decoder.up.0.block.2.norm1.bias
  - Froze policy model parameter: model.vqmodel.decoder.up.0.block.2.conv1.weight
  - Froze policy model parameter: model.vqmodel.decoder.up.0.block.2.conv1.bias
  - Froze policy model parameter: model.vqmodel.decoder.up.0.block.2.norm2.weight
  - Froze policy model parameter: model.vqmodel.decoder.up.0.block.2.norm2.bias
  - Froze policy model parameter: model.vqmodel.decoder.up.0.block.2.conv2.weight
  - Froze policy model parameter: model.vqmodel.decoder.up.0.block.2.conv2.bias
  - Froze policy model parameter: model.vqmodel.decoder.up.1.block.0.norm1.weight
  - Froze policy model parameter: model.vqmodel.decoder.up.1.block.0.norm1.bias
  - Froze policy model parameter: model.vqmodel.decoder.up.1.block.0.conv1.weight
  - Froze policy model parameter: model.vqmodel.decoder.up.1.block.0.conv1.bias
  - Froze policy model parameter: model.vqmodel.decoder.up.1.block.0.norm2.weight
  - Froze policy model parameter: model.vqmodel.decoder.up.1.block.0.norm2.bias
  - Froze policy model parameter: model.vqmodel.decoder.up.1.block.0.conv2.weight
  - Froze policy model parameter: model.vqmodel.decoder.up.1.block.0.conv2.bias
  - Froze policy model parameter: model.vqmodel.decoder.up.1.block.0.nin_shortcut.weight
  - Froze policy model parameter: model.vqmodel.decoder.up.1.block.0.nin_shortcut.bias
  - Froze policy model parameter: model.vqmodel.decoder.up.1.block.1.norm1.weight
  - Froze policy model parameter: model.vqmodel.decoder.up.1.block.1.norm1.bias
  - Froze policy model parameter: model.vqmodel.decoder.up.1.block.1.conv1.weight
  - Froze policy model parameter: model.vqmodel.decoder.up.1.block.1.conv1.bias
  - Froze policy model parameter: model.vqmodel.decoder.up.1.block.1.norm2.weight
  - Froze policy model parameter: model.vqmodel.decoder.up.1.block.1.norm2.bias
  - Froze policy model parameter: model.vqmodel.decoder.up.1.block.1.conv2.weight
  - Froze policy model parameter: model.vqmodel.decoder.up.1.block.1.conv2.bias
  - Froze policy model parameter: model.vqmodel.decoder.up.1.block.2.norm1.weight
  - Froze policy model parameter: model.vqmodel.decoder.up.1.block.2.norm1.bias
  - Froze policy model parameter: model.vqmodel.decoder.up.1.block.2.conv1.weight
  - Froze policy model parameter: model.vqmodel.decoder.up.1.block.2.conv1.bias
  - Froze policy model parameter: model.vqmodel.decoder.up.1.block.2.norm2.weight
  - Froze policy model parameter: model.vqmodel.decoder.up.1.block.2.norm2.bias
  - Froze policy model parameter: model.vqmodel.decoder.up.1.block.2.conv2.weight
  - Froze policy model parameter: model.vqmodel.decoder.up.1.block.2.conv2.bias
  - Froze policy model parameter: model.vqmodel.decoder.up.1.upsample.conv.weight
  - Froze policy model parameter: model.vqmodel.decoder.up.1.upsample.conv.bias
  - Froze policy model parameter: model.vqmodel.decoder.up.2.block.0.norm1.weight
  - Froze policy model parameter: model.vqmodel.decoder.up.2.block.0.norm1.bias
  - Froze policy model parameter: model.vqmodel.decoder.up.2.block.0.conv1.weight
  - Froze policy model parameter: model.vqmodel.decoder.up.2.block.0.conv1.bias
  - Froze policy model parameter: model.vqmodel.decoder.up.2.block.0.norm2.weight
  - Froze policy model parameter: model.vqmodel.decoder.up.2.block.0.norm2.bias
  - Froze policy model parameter: model.vqmodel.decoder.up.2.block.0.conv2.weight
  - Froze policy model parameter: model.vqmodel.decoder.up.2.block.0.conv2.bias
  - Froze policy model parameter: model.vqmodel.decoder.up.2.block.1.norm1.weight
  - Froze policy model parameter: model.vqmodel.decoder.up.2.block.1.norm1.bias
  - Froze policy model parameter: model.vqmodel.decoder.up.2.block.1.conv1.weight
  - Froze policy model parameter: model.vqmodel.decoder.up.2.block.1.conv1.bias
  - Froze policy model parameter: model.vqmodel.decoder.up.2.block.1.norm2.weight
  - Froze policy model parameter: model.vqmodel.decoder.up.2.block.1.norm2.bias
  - Froze policy model parameter: model.vqmodel.decoder.up.2.block.1.conv2.weight
  - Froze policy model parameter: model.vqmodel.decoder.up.2.block.1.conv2.bias
  - Froze policy model parameter: model.vqmodel.decoder.up.2.block.2.norm1.weight
  - Froze policy model parameter: model.vqmodel.decoder.up.2.block.2.norm1.bias
  - Froze policy model parameter: model.vqmodel.decoder.up.2.block.2.conv1.weight
  - Froze policy model parameter: model.vqmodel.decoder.up.2.block.2.conv1.bias
  - Froze policy model parameter: model.vqmodel.decoder.up.2.block.2.norm2.weight
  - Froze policy model parameter: model.vqmodel.decoder.up.2.block.2.norm2.bias
  - Froze policy model parameter: model.vqmodel.decoder.up.2.block.2.conv2.weight
  - Froze policy model parameter: model.vqmodel.decoder.up.2.block.2.conv2.bias
  - Froze policy model parameter: model.vqmodel.decoder.up.2.upsample.conv.weight
  - Froze policy model parameter: model.vqmodel.decoder.up.2.upsample.conv.bias
  - Froze policy model parameter: model.vqmodel.decoder.up.3.block.0.norm1.weight
  - Froze policy model parameter: model.vqmodel.decoder.up.3.block.0.norm1.bias
  - Froze policy model parameter: model.vqmodel.decoder.up.3.block.0.conv1.weight
  - Froze policy model parameter: model.vqmodel.decoder.up.3.block.0.conv1.bias
  - Froze policy model parameter: model.vqmodel.decoder.up.3.block.0.norm2.weight
  - Froze policy model parameter: model.vqmodel.decoder.up.3.block.0.norm2.bias
  - Froze policy model parameter: model.vqmodel.decoder.up.3.block.0.conv2.weight
  - Froze policy model parameter: model.vqmodel.decoder.up.3.block.0.conv2.bias
  - Froze policy model parameter: model.vqmodel.decoder.up.3.block.0.nin_shortcut.weight
  - Froze policy model parameter: model.vqmodel.decoder.up.3.block.0.nin_shortcut.bias
  - Froze policy model parameter: model.vqmodel.decoder.up.3.block.1.norm1.weight
  - Froze policy model parameter: model.vqmodel.decoder.up.3.block.1.norm1.bias
  - Froze policy model parameter: model.vqmodel.decoder.up.3.block.1.conv1.weight
  - Froze policy model parameter: model.vqmodel.decoder.up.3.block.1.conv1.bias
  - Froze policy model parameter: model.vqmodel.decoder.up.3.block.1.norm2.weight
  - Froze policy model parameter: model.vqmodel.decoder.up.3.block.1.norm2.bias
  - Froze policy model parameter: model.vqmodel.decoder.up.3.block.1.conv2.weight
  - Froze policy model parameter: model.vqmodel.decoder.up.3.block.1.conv2.bias
  - Froze policy model parameter: model.vqmodel.decoder.up.3.block.2.norm1.weight
  - Froze policy model parameter: model.vqmodel.decoder.up.3.block.2.norm1.bias
  - Froze policy model parameter: model.vqmodel.decoder.up.3.block.2.conv1.weight
  - Froze policy model parameter: model.vqmodel.decoder.up.3.block.2.conv1.bias
  - Froze policy model parameter: model.vqmodel.decoder.up.3.block.2.norm2.weight
  - Froze policy model parameter: model.vqmodel.decoder.up.3.block.2.norm2.bias
  - Froze policy model parameter: model.vqmodel.decoder.up.3.block.2.conv2.weight
  - Froze policy model parameter: model.vqmodel.decoder.up.3.block.2.conv2.bias
  - Froze policy model parameter: model.vqmodel.decoder.up.3.upsample.conv.weight
  - Froze policy model parameter: model.vqmodel.decoder.up.3.upsample.conv.bias
  - Froze policy model parameter: model.vqmodel.decoder.up.4.block.0.norm1.weight
  - Froze policy model parameter: model.vqmodel.decoder.up.4.block.0.norm1.bias
  - Froze policy model parameter: model.vqmodel.decoder.up.4.block.0.conv1.weight
  - Froze policy model parameter: model.vqmodel.decoder.up.4.block.0.conv1.bias
  - Froze policy model parameter: model.vqmodel.decoder.up.4.block.0.norm2.weight
  - Froze policy model parameter: model.vqmodel.decoder.up.4.block.0.norm2.bias
  - Froze policy model parameter: model.vqmodel.decoder.up.4.block.0.conv2.weight
  - Froze policy model parameter: model.vqmodel.decoder.up.4.block.0.conv2.bias
  - Froze policy model parameter: model.vqmodel.decoder.up.4.block.1.norm1.weight
  - Froze policy model parameter: model.vqmodel.decoder.up.4.block.1.norm1.bias
  - Froze policy model parameter: model.vqmodel.decoder.up.4.block.1.conv1.weight
  - Froze policy model parameter: model.vqmodel.decoder.up.4.block.1.conv1.bias
  - Froze policy model parameter: model.vqmodel.decoder.up.4.block.1.norm2.weight
  - Froze policy model parameter: model.vqmodel.decoder.up.4.block.1.norm2.bias
  - Froze policy model parameter: model.vqmodel.decoder.up.4.block.1.conv2.weight
  - Froze policy model parameter: model.vqmodel.decoder.up.4.block.1.conv2.bias
  - Froze policy model parameter: model.vqmodel.decoder.up.4.block.2.norm1.weight
  - Froze policy model parameter: model.vqmodel.decoder.up.4.block.2.norm1.bias
  - Froze policy model parameter: model.vqmodel.decoder.up.4.block.2.conv1.weight
  - Froze policy model parameter: model.vqmodel.decoder.up.4.block.2.conv1.bias
  - Froze policy model parameter: model.vqmodel.decoder.up.4.block.2.norm2.weight
  - Froze policy model parameter: model.vqmodel.decoder.up.4.block.2.norm2.bias
  - Froze policy model parameter: model.vqmodel.decoder.up.4.block.2.conv2.weight
  - Froze policy model parameter: model.vqmodel.decoder.up.4.block.2.conv2.bias
  - Froze policy model parameter: model.vqmodel.decoder.up.4.upsample.conv.weight
  - Froze policy model parameter: model.vqmodel.decoder.up.4.upsample.conv.bias
  - Froze policy model parameter: model.vqmodel.decoder.norm_out.weight
  - Froze policy model parameter: model.vqmodel.decoder.norm_out.bias
  - Froze policy model parameter: model.vqmodel.decoder.conv_out.weight
  - Froze policy model parameter: model.vqmodel.decoder.conv_out.bias
  - Froze policy model parameter: model.vqmodel.quantize.embedding.weight
  - Froze policy model parameter: model.vqmodel.quant_conv.weight
  - Froze policy model parameter: model.vqmodel.quant_conv.bias
  - Froze policy model parameter: model.vqmodel.post_quant_conv.weight
  - Froze policy model parameter: model.vqmodel.post_quant_conv.bias
  - Froze policy model parameter: mlp_head.time_embed.mlp.0.weight
  - Froze policy model parameter: mlp_head.time_embed.mlp.0.bias
  - Froze policy model parameter: mlp_head.time_embed.mlp.2.weight
  - Froze policy model parameter: mlp_head.time_embed.mlp.2.bias
  - Froze policy model parameter: mlp_head.cond_embed.weight
  - Froze policy model parameter: mlp_head.cond_embed.bias
  - Froze policy model parameter: mlp_head.input_proj.weight
  - Froze policy model parameter: mlp_head.input_proj.bias
  - Froze policy model parameter: mlp_head.res_blocks.0.in_ln.weight
  - Froze policy model parameter: mlp_head.res_blocks.0.in_ln.bias
  - Froze policy model parameter: mlp_head.res_blocks.0.mlp.0.weight
  - Froze policy model parameter: mlp_head.res_blocks.0.mlp.0.bias
  - Froze policy model parameter: mlp_head.res_blocks.0.mlp.2.weight
  - Froze policy model parameter: mlp_head.res_blocks.0.mlp.2.bias
  - Froze policy model parameter: mlp_head.res_blocks.0.adaLN_modulation.1.weight
  - Froze policy model parameter: mlp_head.res_blocks.0.adaLN_modulation.1.bias
  - Froze policy model parameter: mlp_head.res_blocks.1.in_ln.weight
  - Froze policy model parameter: mlp_head.res_blocks.1.in_ln.bias
  - Froze policy model parameter: mlp_head.res_blocks.1.mlp.0.weight
  - Froze policy model parameter: mlp_head.res_blocks.1.mlp.0.bias
  - Froze policy model parameter: mlp_head.res_blocks.1.mlp.2.weight
  - Froze policy model parameter: mlp_head.res_blocks.1.mlp.2.bias
  - Froze policy model parameter: mlp_head.res_blocks.1.adaLN_modulation.1.weight
  - Froze policy model parameter: mlp_head.res_blocks.1.adaLN_modulation.1.bias
  - Froze policy model parameter: mlp_head.res_blocks.2.in_ln.weight
  - Froze policy model parameter: mlp_head.res_blocks.2.in_ln.bias
  - Froze policy model parameter: mlp_head.res_blocks.2.mlp.0.weight
  - Froze policy model parameter: mlp_head.res_blocks.2.mlp.0.bias
  - Froze policy model parameter: mlp_head.res_blocks.2.mlp.2.weight
  - Froze policy model parameter: mlp_head.res_blocks.2.mlp.2.bias
  - Froze policy model parameter: mlp_head.res_blocks.2.adaLN_modulation.1.weight
  - Froze policy model parameter: mlp_head.res_blocks.2.adaLN_modulation.1.bias
  - Froze policy model parameter: mlp_head.final_layer.linear.weight
  - Froze policy model parameter: mlp_head.final_layer.linear.bias
  - Froze policy model parameter: mlp_head.final_layer.adaLN_modulation.1.weight
  - Froze policy model parameter: mlp_head.final_layer.adaLN_modulation.1.bias
Model parts frozen.
Loading checkpoint shards: 100%|██████████| 3/3 [00:00<00:00, 26.79it/s]Loading checkpoint shards: 100%|██████████| 3/3 [00:00<00:00, 26.75it/s]
Freezing non-trainable parts of the model...
  - Froze policy model parameter: model.vqmodel.encoder.conv_in.weight
  - Froze policy model parameter: model.vqmodel.encoder.conv_in.bias
  - Froze policy model parameter: model.vqmodel.encoder.down.0.block.0.norm1.weight
  - Froze policy model parameter: model.vqmodel.encoder.down.0.block.0.norm1.bias
  - Froze policy model parameter: model.vqmodel.encoder.down.0.block.0.conv1.weight
  - Froze policy model parameter: model.vqmodel.encoder.down.0.block.0.conv1.bias
  - Froze policy model parameter: model.vqmodel.encoder.down.0.block.0.norm2.weight
  - Froze policy model parameter: model.vqmodel.encoder.down.0.block.0.norm2.bias
  - Froze policy model parameter: model.vqmodel.encoder.down.0.block.0.conv2.weight
  - Froze policy model parameter: model.vqmodel.encoder.down.0.block.0.conv2.bias
  - Froze policy model parameter: model.vqmodel.encoder.down.0.block.1.norm1.weight
  - Froze policy model parameter: model.vqmodel.encoder.down.0.block.1.norm1.bias
  - Froze policy model parameter: model.vqmodel.encoder.down.0.block.1.conv1.weight
  - Froze policy model parameter: model.vqmodel.encoder.down.0.block.1.conv1.bias
  - Froze policy model parameter: model.vqmodel.encoder.down.0.block.1.norm2.weight
  - Froze policy model parameter: model.vqmodel.encoder.down.0.block.1.norm2.bias
  - Froze policy model parameter: model.vqmodel.encoder.down.0.block.1.conv2.weight
  - Froze policy model parameter: model.vqmodel.encoder.down.0.block.1.conv2.bias
  - Froze policy model parameter: model.vqmodel.encoder.down.0.downsample.conv.weight
  - Froze policy model parameter: model.vqmodel.encoder.down.0.downsample.conv.bias
  - Froze policy model parameter: model.vqmodel.encoder.down.1.block.0.norm1.weight
  - Froze policy model parameter: model.vqmodel.encoder.down.1.block.0.norm1.bias
  - Froze policy model parameter: model.vqmodel.encoder.down.1.block.0.conv1.weight
  - Froze policy model parameter: model.vqmodel.encoder.down.1.block.0.conv1.bias
  - Froze policy model parameter: model.vqmodel.encoder.down.1.block.0.norm2.weight
  - Froze policy model parameter: model.vqmodel.encoder.down.1.block.0.norm2.bias
  - Froze policy model parameter: model.vqmodel.encoder.down.1.block.0.conv2.weight
  - Froze policy model parameter: model.vqmodel.encoder.down.1.block.0.conv2.bias
  - Froze policy model parameter: model.vqmodel.encoder.down.1.block.1.norm1.weight
  - Froze policy model parameter: model.vqmodel.encoder.down.1.block.1.norm1.bias
  - Froze policy model parameter: model.vqmodel.encoder.down.1.block.1.conv1.weight
  - Froze policy model parameter: model.vqmodel.encoder.down.1.block.1.conv1.bias
  - Froze policy model parameter: model.vqmodel.encoder.down.1.block.1.norm2.weight
  - Froze policy model parameter: model.vqmodel.encoder.down.1.block.1.norm2.bias
  - Froze policy model parameter: model.vqmodel.encoder.down.1.block.1.conv2.weight
  - Froze policy model parameter: model.vqmodel.encoder.down.1.block.1.conv2.bias
  - Froze policy model parameter: model.vqmodel.encoder.down.1.downsample.conv.weight
  - Froze policy model parameter: model.vqmodel.encoder.down.1.downsample.conv.bias
  - Froze policy model parameter: model.vqmodel.encoder.down.2.block.0.norm1.weight
  - Froze policy model parameter: model.vqmodel.encoder.down.2.block.0.norm1.bias
  - Froze policy model parameter: model.vqmodel.encoder.down.2.block.0.conv1.weight
  - Froze policy model parameter: model.vqmodel.encoder.down.2.block.0.conv1.bias
  - Froze policy model parameter: model.vqmodel.encoder.down.2.block.0.norm2.weight
  - Froze policy model parameter: model.vqmodel.encoder.down.2.block.0.norm2.bias
  - Froze policy model parameter: model.vqmodel.encoder.down.2.block.0.conv2.weight
  - Froze policy model parameter: model.vqmodel.encoder.down.2.block.0.conv2.bias
  - Froze policy model parameter: model.vqmodel.encoder.down.2.block.0.nin_shortcut.weight
  - Froze policy model parameter: model.vqmodel.encoder.down.2.block.0.nin_shortcut.bias
  - Froze policy model parameter: model.vqmodel.encoder.down.2.block.1.norm1.weight
  - Froze policy model parameter: model.vqmodel.encoder.down.2.block.1.norm1.bias
  - Froze policy model parameter: model.vqmodel.encoder.down.2.block.1.conv1.weight
  - Froze policy model parameter: model.vqmodel.encoder.down.2.block.1.conv1.bias
  - Froze policy model parameter: model.vqmodel.encoder.down.2.block.1.norm2.weight
  - Froze policy model parameter: model.vqmodel.encoder.down.2.block.1.norm2.bias
  - Froze policy model parameter: model.vqmodel.encoder.down.2.block.1.conv2.weight
  - Froze policy model parameter: model.vqmodel.encoder.down.2.block.1.conv2.bias
  - Froze policy model parameter: model.vqmodel.encoder.down.2.downsample.conv.weight
  - Froze policy model parameter: model.vqmodel.encoder.down.2.downsample.conv.bias
  - Froze policy model parameter: model.vqmodel.encoder.down.3.block.0.norm1.weight
  - Froze policy model parameter: model.vqmodel.encoder.down.3.block.0.norm1.bias
  - Froze policy model parameter: model.vqmodel.encoder.down.3.block.0.conv1.weight
  - Froze policy model parameter: model.vqmodel.encoder.down.3.block.0.conv1.bias
  - Froze policy model parameter: model.vqmodel.encoder.down.3.block.0.norm2.weight
  - Froze policy model parameter: model.vqmodel.encoder.down.3.block.0.norm2.bias
  - Froze policy model parameter: model.vqmodel.encoder.down.3.block.0.conv2.weight
  - Froze policy model parameter: model.vqmodel.encoder.down.3.block.0.conv2.bias
  - Froze policy model parameter: model.vqmodel.encoder.down.3.block.1.norm1.weight
  - Froze policy model parameter: model.vqmodel.encoder.down.3.block.1.norm1.bias
  - Froze policy model parameter: model.vqmodel.encoder.down.3.block.1.conv1.weight
  - Froze policy model parameter: model.vqmodel.encoder.down.3.block.1.conv1.bias
  - Froze policy model parameter: model.vqmodel.encoder.down.3.block.1.norm2.weight
  - Froze policy model parameter: model.vqmodel.encoder.down.3.block.1.norm2.bias
  - Froze policy model parameter: model.vqmodel.encoder.down.3.block.1.conv2.weight
  - Froze policy model parameter: model.vqmodel.encoder.down.3.block.1.conv2.bias
  - Froze policy model parameter: model.vqmodel.encoder.down.3.downsample.conv.weight
  - Froze policy model parameter: model.vqmodel.encoder.down.3.downsample.conv.bias
  - Froze policy model parameter: model.vqmodel.encoder.down.4.block.0.norm1.weight
  - Froze policy model parameter: model.vqmodel.encoder.down.4.block.0.norm1.bias
  - Froze policy model parameter: model.vqmodel.encoder.down.4.block.0.conv1.weight
  - Froze policy model parameter: model.vqmodel.encoder.down.4.block.0.conv1.bias
  - Froze policy model parameter: model.vqmodel.encoder.down.4.block.0.norm2.weight
  - Froze policy model parameter: model.vqmodel.encoder.down.4.block.0.norm2.bias
  - Froze policy model parameter: model.vqmodel.encoder.down.4.block.0.conv2.weight
  - Froze policy model parameter: model.vqmodel.encoder.down.4.block.0.conv2.bias
  - Froze policy model parameter: model.vqmodel.encoder.down.4.block.0.nin_shortcut.weight
  - Froze policy model parameter: model.vqmodel.encoder.down.4.block.0.nin_shortcut.bias
  - Froze policy model parameter: model.vqmodel.encoder.down.4.block.1.norm1.weight
  - Froze policy model parameter: model.vqmodel.encoder.down.4.block.1.norm1.bias
  - Froze policy model parameter: model.vqmodel.encoder.down.4.block.1.conv1.weight
  - Froze policy model parameter: model.vqmodel.encoder.down.4.block.1.conv1.bias
  - Froze policy model parameter: model.vqmodel.encoder.down.4.block.1.norm2.weight
  - Froze policy model parameter: model.vqmodel.encoder.down.4.block.1.norm2.bias
  - Froze policy model parameter: model.vqmodel.encoder.down.4.block.1.conv2.weight
  - Froze policy model parameter: model.vqmodel.encoder.down.4.block.1.conv2.bias
  - Froze policy model parameter: model.vqmodel.encoder.mid.block_1.norm1.weight
  - Froze policy model parameter: model.vqmodel.encoder.mid.block_1.norm1.bias
  - Froze policy model parameter: model.vqmodel.encoder.mid.block_1.conv1.weight
  - Froze policy model parameter: model.vqmodel.encoder.mid.block_1.conv1.bias
  - Froze policy model parameter: model.vqmodel.encoder.mid.block_1.norm2.weight
  - Froze policy model parameter: model.vqmodel.encoder.mid.block_1.norm2.bias
  - Froze policy model parameter: model.vqmodel.encoder.mid.block_1.conv2.weight
  - Froze policy model parameter: model.vqmodel.encoder.mid.block_1.conv2.bias
  - Froze policy model parameter: model.vqmodel.encoder.mid.attn_1.norm.weight
  - Froze policy model parameter: model.vqmodel.encoder.mid.attn_1.norm.bias
  - Froze policy model parameter: model.vqmodel.encoder.mid.attn_1.q.weight
  - Froze policy model parameter: model.vqmodel.encoder.mid.attn_1.q.bias
  - Froze policy model parameter: model.vqmodel.encoder.mid.attn_1.k.weight
  - Froze policy model parameter: model.vqmodel.encoder.mid.attn_1.k.bias
  - Froze policy model parameter: model.vqmodel.encoder.mid.attn_1.v.weight
  - Froze policy model parameter: model.vqmodel.encoder.mid.attn_1.v.bias
  - Froze policy model parameter: model.vqmodel.encoder.mid.attn_1.proj_out.weight
  - Froze policy model parameter: model.vqmodel.encoder.mid.attn_1.proj_out.bias
  - Froze policy model parameter: model.vqmodel.encoder.mid.block_2.norm1.weight
  - Froze policy model parameter: model.vqmodel.encoder.mid.block_2.norm1.bias
  - Froze policy model parameter: model.vqmodel.encoder.mid.block_2.conv1.weight
  - Froze policy model parameter: model.vqmodel.encoder.mid.block_2.conv1.bias
  - Froze policy model parameter: model.vqmodel.encoder.mid.block_2.norm2.weight
  - Froze policy model parameter: model.vqmodel.encoder.mid.block_2.norm2.bias
  - Froze policy model parameter: model.vqmodel.encoder.mid.block_2.conv2.weight
  - Froze policy model parameter: model.vqmodel.encoder.mid.block_2.conv2.bias
  - Froze policy model parameter: model.vqmodel.encoder.norm_out.weight
  - Froze policy model parameter: model.vqmodel.encoder.norm_out.bias
  - Froze policy model parameter: model.vqmodel.encoder.conv_out.weight
  - Froze policy model parameter: model.vqmodel.encoder.conv_out.bias
  - Froze policy model parameter: model.vqmodel.decoder.conv_in.weight
  - Froze policy model parameter: model.vqmodel.decoder.conv_in.bias
  - Froze policy model parameter: model.vqmodel.decoder.mid.block_1.norm1.weight
  - Froze policy model parameter: model.vqmodel.decoder.mid.block_1.norm1.bias
  - Froze policy model parameter: model.vqmodel.decoder.mid.block_1.conv1.weight
  - Froze policy model parameter: model.vqmodel.decoder.mid.block_1.conv1.bias
  - Froze policy model parameter: model.vqmodel.decoder.mid.block_1.norm2.weight
  - Froze policy model parameter: model.vqmodel.decoder.mid.block_1.norm2.bias
  - Froze policy model parameter: model.vqmodel.decoder.mid.block_1.conv2.weight
  - Froze policy model parameter: model.vqmodel.decoder.mid.block_1.conv2.bias
  - Froze policy model parameter: model.vqmodel.decoder.mid.attn_1.norm.weight
  - Froze policy model parameter: model.vqmodel.decoder.mid.attn_1.norm.bias
  - Froze policy model parameter: model.vqmodel.decoder.mid.attn_1.q.weight
  - Froze policy model parameter: model.vqmodel.decoder.mid.attn_1.q.bias
  - Froze policy model parameter: model.vqmodel.decoder.mid.attn_1.k.weight
  - Froze policy model parameter: model.vqmodel.decoder.mid.attn_1.k.bias
  - Froze policy model parameter: model.vqmodel.decoder.mid.attn_1.v.weight
  - Froze policy model parameter: model.vqmodel.decoder.mid.attn_1.v.bias
  - Froze policy model parameter: model.vqmodel.decoder.mid.attn_1.proj_out.weight
  - Froze policy model parameter: model.vqmodel.decoder.mid.attn_1.proj_out.bias
  - Froze policy model parameter: model.vqmodel.decoder.mid.block_2.norm1.weight
  - Froze policy model parameter: model.vqmodel.decoder.mid.block_2.norm1.bias
  - Froze policy model parameter: model.vqmodel.decoder.mid.block_2.conv1.weight
  - Froze policy model parameter: model.vqmodel.decoder.mid.block_2.conv1.bias
  - Froze policy model parameter: model.vqmodel.decoder.mid.block_2.norm2.weight
  - Froze policy model parameter: model.vqmodel.decoder.mid.block_2.norm2.bias
  - Froze policy model parameter: model.vqmodel.decoder.mid.block_2.conv2.weight
  - Froze policy model parameter: model.vqmodel.decoder.mid.block_2.conv2.bias
  - Froze policy model parameter: model.vqmodel.decoder.up.0.block.0.norm1.weight
  - Froze policy model parameter: model.vqmodel.decoder.up.0.block.0.norm1.bias
  - Froze policy model parameter: model.vqmodel.decoder.up.0.block.0.conv1.weight
  - Froze policy model parameter: model.vqmodel.decoder.up.0.block.0.conv1.bias
  - Froze policy model parameter: model.vqmodel.decoder.up.0.block.0.norm2.weight
  - Froze policy model parameter: model.vqmodel.decoder.up.0.block.0.norm2.bias
  - Froze policy model parameter: model.vqmodel.decoder.up.0.block.0.conv2.weight
  - Froze policy model parameter: model.vqmodel.decoder.up.0.block.0.conv2.bias
  - Froze policy model parameter: model.vqmodel.decoder.up.0.block.1.norm1.weight
  - Froze policy model parameter: model.vqmodel.decoder.up.0.block.1.norm1.bias
  - Froze policy model parameter: model.vqmodel.decoder.up.0.block.1.conv1.weight
  - Froze policy model parameter: model.vqmodel.decoder.up.0.block.1.conv1.bias
  - Froze policy model parameter: model.vqmodel.decoder.up.0.block.1.norm2.weight
  - Froze policy model parameter: model.vqmodel.decoder.up.0.block.1.norm2.bias
  - Froze policy model parameter: model.vqmodel.decoder.up.0.block.1.conv2.weight
  - Froze policy model parameter: model.vqmodel.decoder.up.0.block.1.conv2.bias
  - Froze policy model parameter: model.vqmodel.decoder.up.0.block.2.norm1.weight
  - Froze policy model parameter: model.vqmodel.decoder.up.0.block.2.norm1.bias
  - Froze policy model parameter: model.vqmodel.decoder.up.0.block.2.conv1.weight
  - Froze policy model parameter: model.vqmodel.decoder.up.0.block.2.conv1.bias
  - Froze policy model parameter: model.vqmodel.decoder.up.0.block.2.norm2.weight
  - Froze policy model parameter: model.vqmodel.decoder.up.0.block.2.norm2.bias
  - Froze policy model parameter: model.vqmodel.decoder.up.0.block.2.conv2.weight
  - Froze policy model parameter: model.vqmodel.decoder.up.0.block.2.conv2.bias
  - Froze policy model parameter: model.vqmodel.decoder.up.1.block.0.norm1.weight
  - Froze policy model parameter: model.vqmodel.decoder.up.1.block.0.norm1.bias
  - Froze policy model parameter: model.vqmodel.decoder.up.1.block.0.conv1.weight
  - Froze policy model parameter: model.vqmodel.decoder.up.1.block.0.conv1.bias
  - Froze policy model parameter: model.vqmodel.decoder.up.1.block.0.norm2.weight
  - Froze policy model parameter: model.vqmodel.decoder.up.1.block.0.norm2.bias
  - Froze policy model parameter: model.vqmodel.decoder.up.1.block.0.conv2.weight
  - Froze policy model parameter: model.vqmodel.decoder.up.1.block.0.conv2.bias
  - Froze policy model parameter: model.vqmodel.decoder.up.1.block.0.nin_shortcut.weight
  - Froze policy model parameter: model.vqmodel.decoder.up.1.block.0.nin_shortcut.bias
  - Froze policy model parameter: model.vqmodel.decoder.up.1.block.1.norm1.weight
  - Froze policy model parameter: model.vqmodel.decoder.up.1.block.1.norm1.bias
  - Froze policy model parameter: model.vqmodel.decoder.up.1.block.1.conv1.weight
  - Froze policy model parameter: model.vqmodel.decoder.up.1.block.1.conv1.bias
  - Froze policy model parameter: model.vqmodel.decoder.up.1.block.1.norm2.weight
  - Froze policy model parameter: model.vqmodel.decoder.up.1.block.1.norm2.bias
  - Froze policy model parameter: model.vqmodel.decoder.up.1.block.1.conv2.weight
  - Froze policy model parameter: model.vqmodel.decoder.up.1.block.1.conv2.bias
  - Froze policy model parameter: model.vqmodel.decoder.up.1.block.2.norm1.weight
  - Froze policy model parameter: model.vqmodel.decoder.up.1.block.2.norm1.bias
  - Froze policy model parameter: model.vqmodel.decoder.up.1.block.2.conv1.weight
  - Froze policy model parameter: model.vqmodel.decoder.up.1.block.2.conv1.bias
  - Froze policy model parameter: model.vqmodel.decoder.up.1.block.2.norm2.weight
  - Froze policy model parameter: model.vqmodel.decoder.up.1.block.2.norm2.bias
  - Froze policy model parameter: model.vqmodel.decoder.up.1.block.2.conv2.weight
  - Froze policy model parameter: model.vqmodel.decoder.up.1.block.2.conv2.bias
  - Froze policy model parameter: model.vqmodel.decoder.up.1.upsample.conv.weight
  - Froze policy model parameter: model.vqmodel.decoder.up.1.upsample.conv.bias
  - Froze policy model parameter: model.vqmodel.decoder.up.2.block.0.norm1.weight
  - Froze policy model parameter: model.vqmodel.decoder.up.2.block.0.norm1.bias
  - Froze policy model parameter: model.vqmodel.decoder.up.2.block.0.conv1.weight
  - Froze policy model parameter: model.vqmodel.decoder.up.2.block.0.conv1.bias
  - Froze policy model parameter: model.vqmodel.decoder.up.2.block.0.norm2.weight
  - Froze policy model parameter: model.vqmodel.decoder.up.2.block.0.norm2.bias
  - Froze policy model parameter: model.vqmodel.decoder.up.2.block.0.conv2.weight
  - Froze policy model parameter: model.vqmodel.decoder.up.2.block.0.conv2.bias
  - Froze policy model parameter: model.vqmodel.decoder.up.2.block.1.norm1.weight
  - Froze policy model parameter: model.vqmodel.decoder.up.2.block.1.norm1.bias
  - Froze policy model parameter: model.vqmodel.decoder.up.2.block.1.conv1.weight
  - Froze policy model parameter: model.vqmodel.decoder.up.2.block.1.conv1.bias
  - Froze policy model parameter: model.vqmodel.decoder.up.2.block.1.norm2.weight
  - Froze policy model parameter: model.vqmodel.decoder.up.2.block.1.norm2.bias
  - Froze policy model parameter: model.vqmodel.decoder.up.2.block.1.conv2.weight
  - Froze policy model parameter: model.vqmodel.decoder.up.2.block.1.conv2.bias
  - Froze policy model parameter: model.vqmodel.decoder.up.2.block.2.norm1.weight
  - Froze policy model parameter: model.vqmodel.decoder.up.2.block.2.norm1.bias
  - Froze policy model parameter: model.vqmodel.decoder.up.2.block.2.conv1.weight
  - Froze policy model parameter: model.vqmodel.decoder.up.2.block.2.conv1.bias
  - Froze policy model parameter: model.vqmodel.decoder.up.2.block.2.norm2.weight
  - Froze policy model parameter: model.vqmodel.decoder.up.2.block.2.norm2.bias
  - Froze policy model parameter: model.vqmodel.decoder.up.2.block.2.conv2.weight
  - Froze policy model parameter: model.vqmodel.decoder.up.2.block.2.conv2.bias
  - Froze policy model parameter: model.vqmodel.decoder.up.2.upsample.conv.weight
  - Froze policy model parameter: model.vqmodel.decoder.up.2.upsample.conv.bias
  - Froze policy model parameter: model.vqmodel.decoder.up.3.block.0.norm1.weight
  - Froze policy model parameter: model.vqmodel.decoder.up.3.block.0.norm1.bias
  - Froze policy model parameter: model.vqmodel.decoder.up.3.block.0.conv1.weight
  - Froze policy model parameter: model.vqmodel.decoder.up.3.block.0.conv1.bias
  - Froze policy model parameter: model.vqmodel.decoder.up.3.block.0.norm2.weight
  - Froze policy model parameter: model.vqmodel.decoder.up.3.block.0.norm2.bias
  - Froze policy model parameter: model.vqmodel.decoder.up.3.block.0.conv2.weight
  - Froze policy model parameter: model.vqmodel.decoder.up.3.block.0.conv2.bias
  - Froze policy model parameter: model.vqmodel.decoder.up.3.block.0.nin_shortcut.weight
  - Froze policy model parameter: model.vqmodel.decoder.up.3.block.0.nin_shortcut.bias
  - Froze policy model parameter: model.vqmodel.decoder.up.3.block.1.norm1.weight
  - Froze policy model parameter: model.vqmodel.decoder.up.3.block.1.norm1.bias
  - Froze policy model parameter: model.vqmodel.decoder.up.3.block.1.conv1.weight
  - Froze policy model parameter: model.vqmodel.decoder.up.3.block.1.conv1.bias
  - Froze policy model parameter: model.vqmodel.decoder.up.3.block.1.norm2.weight
  - Froze policy model parameter: model.vqmodel.decoder.up.3.block.1.norm2.bias
  - Froze policy model parameter: model.vqmodel.decoder.up.3.block.1.conv2.weight
  - Froze policy model parameter: model.vqmodel.decoder.up.3.block.1.conv2.bias
  - Froze policy model parameter: model.vqmodel.decoder.up.3.block.2.norm1.weight
  - Froze policy model parameter: model.vqmodel.decoder.up.3.block.2.norm1.bias
  - Froze policy model parameter: model.vqmodel.decoder.up.3.block.2.conv1.weight
  - Froze policy model parameter: model.vqmodel.decoder.up.3.block.2.conv1.bias
  - Froze policy model parameter: model.vqmodel.decoder.up.3.block.2.norm2.weight
  - Froze policy model parameter: model.vqmodel.decoder.up.3.block.2.norm2.bias
  - Froze policy model parameter: model.vqmodel.decoder.up.3.block.2.conv2.weight
  - Froze policy model parameter: model.vqmodel.decoder.up.3.block.2.conv2.bias
  - Froze policy model parameter: model.vqmodel.decoder.up.3.upsample.conv.weight
  - Froze policy model parameter: model.vqmodel.decoder.up.3.upsample.conv.bias
  - Froze policy model parameter: model.vqmodel.decoder.up.4.block.0.norm1.weight
  - Froze policy model parameter: model.vqmodel.decoder.up.4.block.0.norm1.bias
  - Froze policy model parameter: model.vqmodel.decoder.up.4.block.0.conv1.weight
  - Froze policy model parameter: model.vqmodel.decoder.up.4.block.0.conv1.bias
  - Froze policy model parameter: model.vqmodel.decoder.up.4.block.0.norm2.weight
  - Froze policy model parameter: model.vqmodel.decoder.up.4.block.0.norm2.bias
  - Froze policy model parameter: model.vqmodel.decoder.up.4.block.0.conv2.weight
  - Froze policy model parameter: model.vqmodel.decoder.up.4.block.0.conv2.bias
  - Froze policy model parameter: model.vqmodel.decoder.up.4.block.1.norm1.weight
  - Froze policy model parameter: model.vqmodel.decoder.up.4.block.1.norm1.bias
  - Froze policy model parameter: model.vqmodel.decoder.up.4.block.1.conv1.weight
  - Froze policy model parameter: model.vqmodel.decoder.up.4.block.1.conv1.bias
  - Froze policy model parameter: model.vqmodel.decoder.up.4.block.1.norm2.weight
  - Froze policy model parameter: model.vqmodel.decoder.up.4.block.1.norm2.bias
  - Froze policy model parameter: model.vqmodel.decoder.up.4.block.1.conv2.weight
  - Froze policy model parameter: model.vqmodel.decoder.up.4.block.1.conv2.bias
  - Froze policy model parameter: model.vqmodel.decoder.up.4.block.2.norm1.weight
  - Froze policy model parameter: model.vqmodel.decoder.up.4.block.2.norm1.bias
  - Froze policy model parameter: model.vqmodel.decoder.up.4.block.2.conv1.weight
  - Froze policy model parameter: model.vqmodel.decoder.up.4.block.2.conv1.bias
  - Froze policy model parameter: model.vqmodel.decoder.up.4.block.2.norm2.weight
  - Froze policy model parameter: model.vqmodel.decoder.up.4.block.2.norm2.bias
  - Froze policy model parameter: model.vqmodel.decoder.up.4.block.2.conv2.weight
  - Froze policy model parameter: model.vqmodel.decoder.up.4.block.2.conv2.bias
  - Froze policy model parameter: model.vqmodel.decoder.up.4.upsample.conv.weight
  - Froze policy model parameter: model.vqmodel.decoder.up.4.upsample.conv.bias
  - Froze policy model parameter: model.vqmodel.decoder.norm_out.weight
  - Froze policy model parameter: model.vqmodel.decoder.norm_out.bias
  - Froze policy model parameter: model.vqmodel.decoder.conv_out.weight
  - Froze policy model parameter: model.vqmodel.decoder.conv_out.bias
  - Froze policy model parameter: model.vqmodel.quantize.embedding.weight
  - Froze policy model parameter: model.vqmodel.quant_conv.weight
  - Froze policy model parameter: model.vqmodel.quant_conv.bias
  - Froze policy model parameter: model.vqmodel.post_quant_conv.weight
  - Froze policy model parameter: model.vqmodel.post_quant_conv.bias
  - Froze policy model parameter: mlp_head.time_embed.mlp.0.weight
  - Froze policy model parameter: mlp_head.time_embed.mlp.0.bias
  - Froze policy model parameter: mlp_head.time_embed.mlp.2.weight
  - Froze policy model parameter: mlp_head.time_embed.mlp.2.bias
  - Froze policy model parameter: mlp_head.cond_embed.weight
  - Froze policy model parameter: mlp_head.cond_embed.bias
  - Froze policy model parameter: mlp_head.input_proj.weight
  - Froze policy model parameter: mlp_head.input_proj.bias
  - Froze policy model parameter: mlp_head.res_blocks.0.in_ln.weight
  - Froze policy model parameter: mlp_head.res_blocks.0.in_ln.bias
  - Froze policy model parameter: mlp_head.res_blocks.0.mlp.0.weight
  - Froze policy model parameter: mlp_head.res_blocks.0.mlp.0.bias
  - Froze policy model parameter: mlp_head.res_blocks.0.mlp.2.weight
  - Froze policy model parameter: mlp_head.res_blocks.0.mlp.2.bias
  - Froze policy model parameter: mlp_head.res_blocks.0.adaLN_modulation.1.weight
  - Froze policy model parameter: mlp_head.res_blocks.0.adaLN_modulation.1.bias
  - Froze policy model parameter: mlp_head.res_blocks.1.in_ln.weight
  - Froze policy model parameter: mlp_head.res_blocks.1.in_ln.bias
  - Froze policy model parameter: mlp_head.res_blocks.1.mlp.0.weight
  - Froze policy model parameter: mlp_head.res_blocks.1.mlp.0.bias
  - Froze policy model parameter: mlp_head.res_blocks.1.mlp.2.weight
  - Froze policy model parameter: mlp_head.res_blocks.1.mlp.2.bias
  - Froze policy model parameter: mlp_head.res_blocks.1.adaLN_modulation.1.weight
  - Froze policy model parameter: mlp_head.res_blocks.1.adaLN_modulation.1.bias
  - Froze policy model parameter: mlp_head.res_blocks.2.in_ln.weight
  - Froze policy model parameter: mlp_head.res_blocks.2.in_ln.bias
  - Froze policy model parameter: mlp_head.res_blocks.2.mlp.0.weight
  - Froze policy model parameter: mlp_head.res_blocks.2.mlp.0.bias
  - Froze policy model parameter: mlp_head.res_blocks.2.mlp.2.weight
  - Froze policy model parameter: mlp_head.res_blocks.2.mlp.2.bias
  - Froze policy model parameter: mlp_head.res_blocks.2.adaLN_modulation.1.weight
  - Froze policy model parameter: mlp_head.res_blocks.2.adaLN_modulation.1.bias
  - Froze policy model parameter: mlp_head.final_layer.linear.weight
  - Froze policy model parameter: mlp_head.final_layer.linear.bias
  - Froze policy model parameter: mlp_head.final_layer.adaLN_modulation.1.weight
  - Froze policy model parameter: mlp_head.final_layer.adaLN_modulation.1.bias
Model parts frozen.
Loading checkpoint shards: 100%|██████████| 3/3 [00:00<00:00, 26.90it/s]Loading checkpoint shards: 100%|██████████| 3/3 [00:00<00:00, 26.85it/s]
Freezing non-trainable parts of the model...
  - Froze policy model parameter: model.vqmodel.encoder.conv_in.weight
  - Froze policy model parameter: model.vqmodel.encoder.conv_in.bias
  - Froze policy model parameter: model.vqmodel.encoder.down.0.block.0.norm1.weight
  - Froze policy model parameter: model.vqmodel.encoder.down.0.block.0.norm1.bias
  - Froze policy model parameter: model.vqmodel.encoder.down.0.block.0.conv1.weight
  - Froze policy model parameter: model.vqmodel.encoder.down.0.block.0.conv1.bias
  - Froze policy model parameter: model.vqmodel.encoder.down.0.block.0.norm2.weight
  - Froze policy model parameter: model.vqmodel.encoder.down.0.block.0.norm2.bias
  - Froze policy model parameter: model.vqmodel.encoder.down.0.block.0.conv2.weight
  - Froze policy model parameter: model.vqmodel.encoder.down.0.block.0.conv2.bias
  - Froze policy model parameter: model.vqmodel.encoder.down.0.block.1.norm1.weight
  - Froze policy model parameter: model.vqmodel.encoder.down.0.block.1.norm1.bias
  - Froze policy model parameter: model.vqmodel.encoder.down.0.block.1.conv1.weight
  - Froze policy model parameter: model.vqmodel.encoder.down.0.block.1.conv1.bias
  - Froze policy model parameter: model.vqmodel.encoder.down.0.block.1.norm2.weight
  - Froze policy model parameter: model.vqmodel.encoder.down.0.block.1.norm2.bias
  - Froze policy model parameter: model.vqmodel.encoder.down.0.block.1.conv2.weight
  - Froze policy model parameter: model.vqmodel.encoder.down.0.block.1.conv2.bias
  - Froze policy model parameter: model.vqmodel.encoder.down.0.downsample.conv.weight
  - Froze policy model parameter: model.vqmodel.encoder.down.0.downsample.conv.bias
  - Froze policy model parameter: model.vqmodel.encoder.down.1.block.0.norm1.weight
  - Froze policy model parameter: model.vqmodel.encoder.down.1.block.0.norm1.bias
  - Froze policy model parameter: model.vqmodel.encoder.down.1.block.0.conv1.weight
  - Froze policy model parameter: model.vqmodel.encoder.down.1.block.0.conv1.bias
  - Froze policy model parameter: model.vqmodel.encoder.down.1.block.0.norm2.weight
  - Froze policy model parameter: model.vqmodel.encoder.down.1.block.0.norm2.bias
  - Froze policy model parameter: model.vqmodel.encoder.down.1.block.0.conv2.weight
  - Froze policy model parameter: model.vqmodel.encoder.down.1.block.0.conv2.bias
  - Froze policy model parameter: model.vqmodel.encoder.down.1.block.1.norm1.weight
  - Froze policy model parameter: model.vqmodel.encoder.down.1.block.1.norm1.bias
  - Froze policy model parameter: model.vqmodel.encoder.down.1.block.1.conv1.weight
  - Froze policy model parameter: model.vqmodel.encoder.down.1.block.1.conv1.bias
  - Froze policy model parameter: model.vqmodel.encoder.down.1.block.1.norm2.weight
  - Froze policy model parameter: model.vqmodel.encoder.down.1.block.1.norm2.bias
  - Froze policy model parameter: model.vqmodel.encoder.down.1.block.1.conv2.weight
  - Froze policy model parameter: model.vqmodel.encoder.down.1.block.1.conv2.bias
  - Froze policy model parameter: model.vqmodel.encoder.down.1.downsample.conv.weight
  - Froze policy model parameter: model.vqmodel.encoder.down.1.downsample.conv.bias
  - Froze policy model parameter: model.vqmodel.encoder.down.2.block.0.norm1.weight
  - Froze policy model parameter: model.vqmodel.encoder.down.2.block.0.norm1.bias
  - Froze policy model parameter: model.vqmodel.encoder.down.2.block.0.conv1.weight
  - Froze policy model parameter: model.vqmodel.encoder.down.2.block.0.conv1.bias
  - Froze policy model parameter: model.vqmodel.encoder.down.2.block.0.norm2.weight
  - Froze policy model parameter: model.vqmodel.encoder.down.2.block.0.norm2.bias
  - Froze policy model parameter: model.vqmodel.encoder.down.2.block.0.conv2.weight
  - Froze policy model parameter: model.vqmodel.encoder.down.2.block.0.conv2.bias
  - Froze policy model parameter: model.vqmodel.encoder.down.2.block.0.nin_shortcut.weight
  - Froze policy model parameter: model.vqmodel.encoder.down.2.block.0.nin_shortcut.bias
  - Froze policy model parameter: model.vqmodel.encoder.down.2.block.1.norm1.weight
  - Froze policy model parameter: model.vqmodel.encoder.down.2.block.1.norm1.bias
  - Froze policy model parameter: model.vqmodel.encoder.down.2.block.1.conv1.weight
  - Froze policy model parameter: model.vqmodel.encoder.down.2.block.1.conv1.bias
  - Froze policy model parameter: model.vqmodel.encoder.down.2.block.1.norm2.weight
  - Froze policy model parameter: model.vqmodel.encoder.down.2.block.1.norm2.bias
  - Froze policy model parameter: model.vqmodel.encoder.down.2.block.1.conv2.weight
  - Froze policy model parameter: model.vqmodel.encoder.down.2.block.1.conv2.bias
  - Froze policy model parameter: model.vqmodel.encoder.down.2.downsample.conv.weight
  - Froze policy model parameter: model.vqmodel.encoder.down.2.downsample.conv.bias
  - Froze policy model parameter: model.vqmodel.encoder.down.3.block.0.norm1.weight
  - Froze policy model parameter: model.vqmodel.encoder.down.3.block.0.norm1.bias
  - Froze policy model parameter: model.vqmodel.encoder.down.3.block.0.conv1.weight
  - Froze policy model parameter: model.vqmodel.encoder.down.3.block.0.conv1.bias
  - Froze policy model parameter: model.vqmodel.encoder.down.3.block.0.norm2.weight
  - Froze policy model parameter: model.vqmodel.encoder.down.3.block.0.norm2.bias
  - Froze policy model parameter: model.vqmodel.encoder.down.3.block.0.conv2.weight
  - Froze policy model parameter: model.vqmodel.encoder.down.3.block.0.conv2.bias
  - Froze policy model parameter: model.vqmodel.encoder.down.3.block.1.norm1.weight
  - Froze policy model parameter: model.vqmodel.encoder.down.3.block.1.norm1.bias
  - Froze policy model parameter: model.vqmodel.encoder.down.3.block.1.conv1.weight
  - Froze policy model parameter: model.vqmodel.encoder.down.3.block.1.conv1.bias
  - Froze policy model parameter: model.vqmodel.encoder.down.3.block.1.norm2.weight
  - Froze policy model parameter: model.vqmodel.encoder.down.3.block.1.norm2.bias
  - Froze policy model parameter: model.vqmodel.encoder.down.3.block.1.conv2.weight
  - Froze policy model parameter: model.vqmodel.encoder.down.3.block.1.conv2.bias
  - Froze policy model parameter: model.vqmodel.encoder.down.3.downsample.conv.weight
  - Froze policy model parameter: model.vqmodel.encoder.down.3.downsample.conv.bias
Loaded 2 reward functions: ['answer_correctness_reward', 'format_reward']  - Froze policy model parameter: model.vqmodel.encoder.down.4.block.0.norm1.weight

  - Froze policy model parameter: model.vqmodel.encoder.down.4.block.0.norm1.bias
  - Froze policy model parameter: model.vqmodel.encoder.down.4.block.0.conv1.weight
  - Froze policy model parameter: model.vqmodel.encoder.down.4.block.0.conv1.bias
  - Froze policy model parameter: model.vqmodel.encoder.down.4.block.0.norm2.weight
  - Froze policy model parameter: model.vqmodel.encoder.down.4.block.0.norm2.bias
  - Froze policy model parameter: model.vqmodel.encoder.down.4.block.0.conv2.weightTrainer initialized.
  - Froze policy model parameter: model.vqmodel.encoder.down.4.block.0.conv2.bias

--- [Step 3/3] Starting GRPO training... ---
  - Froze policy model parameter: model.vqmodel.encoder.down.4.block.0.nin_shortcut.weight
  - Froze policy model parameter: model.vqmodel.encoder.down.4.block.0.nin_shortcut.bias
  - Froze policy model parameter: model.vqmodel.encoder.down.4.block.1.norm1.weight
  - Froze policy model parameter: model.vqmodel.encoder.down.4.block.1.norm1.bias
  - Froze policy model parameter: model.vqmodel.encoder.down.4.block.1.conv1.weight
  - Froze policy model parameter: model.vqmodel.encoder.down.4.block.1.conv1.bias
  - Froze policy model parameter: model.vqmodel.encoder.down.4.block.1.norm2.weight
  - Froze policy model parameter: model.vqmodel.encoder.down.4.block.1.norm2.bias
  - Froze policy model parameter: model.vqmodel.encoder.down.4.block.1.conv2.weight
  - Froze policy model parameter: model.vqmodel.encoder.down.4.block.1.conv2.bias
  - Froze policy model parameter: model.vqmodel.encoder.mid.block_1.norm1.weight
  - Froze policy model parameter: model.vqmodel.encoder.mid.block_1.norm1.bias
  - Froze policy model parameter: model.vqmodel.encoder.mid.block_1.conv1.weight
  - Froze policy model parameter: model.vqmodel.encoder.mid.block_1.conv1.bias
  - Froze policy model parameter: model.vqmodel.encoder.mid.block_1.norm2.weight
  - Froze policy model parameter: model.vqmodel.encoder.mid.block_1.norm2.bias
  - Froze policy model parameter: model.vqmodel.encoder.mid.block_1.conv2.weight
  - Froze policy model parameter: model.vqmodel.encoder.mid.block_1.conv2.bias
  - Froze policy model parameter: model.vqmodel.encoder.mid.attn_1.norm.weight
  - Froze policy model parameter: model.vqmodel.encoder.mid.attn_1.norm.bias
  - Froze policy model parameter: model.vqmodel.encoder.mid.attn_1.q.weight
  - Froze policy model parameter: model.vqmodel.encoder.mid.attn_1.q.bias
  - Froze policy model parameter: model.vqmodel.encoder.mid.attn_1.k.weight
  - Froze policy model parameter: model.vqmodel.encoder.mid.attn_1.k.bias
  - Froze policy model parameter: model.vqmodel.encoder.mid.attn_1.v.weight
  - Froze policy model parameter: model.vqmodel.encoder.mid.attn_1.v.bias
  - Froze policy model parameter: model.vqmodel.encoder.mid.attn_1.proj_out.weight
  - Froze policy model parameter: model.vqmodel.encoder.mid.attn_1.proj_out.bias
  - Froze policy model parameter: model.vqmodel.encoder.mid.block_2.norm1.weight
  - Froze policy model parameter: model.vqmodel.encoder.mid.block_2.norm1.bias
  - Froze policy model parameter: model.vqmodel.encoder.mid.block_2.conv1.weight
  - Froze policy model parameter: model.vqmodel.encoder.mid.block_2.conv1.bias
  - Froze policy model parameter: model.vqmodel.encoder.mid.block_2.norm2.weight
  - Froze policy model parameter: model.vqmodel.encoder.mid.block_2.norm2.bias
  - Froze policy model parameter: model.vqmodel.encoder.mid.block_2.conv2.weight
  - Froze policy model parameter: model.vqmodel.encoder.mid.block_2.conv2.bias
  - Froze policy model parameter: model.vqmodel.encoder.norm_out.weight
  - Froze policy model parameter: model.vqmodel.encoder.norm_out.bias
  - Froze policy model parameter: model.vqmodel.encoder.conv_out.weight
  - Froze policy model parameter: model.vqmodel.encoder.conv_out.bias
  - Froze policy model parameter: model.vqmodel.decoder.conv_in.weight
  - Froze policy model parameter: model.vqmodel.decoder.conv_in.bias
  - Froze policy model parameter: model.vqmodel.decoder.mid.block_1.norm1.weight
  - Froze policy model parameter: model.vqmodel.decoder.mid.block_1.norm1.bias
  - Froze policy model parameter: model.vqmodel.decoder.mid.block_1.conv1.weight
  - Froze policy model parameter: model.vqmodel.decoder.mid.block_1.conv1.bias
  - Froze policy model parameter: model.vqmodel.decoder.mid.block_1.norm2.weight
  - Froze policy model parameter: model.vqmodel.decoder.mid.block_1.norm2.bias
  - Froze policy model parameter: model.vqmodel.decoder.mid.block_1.conv2.weight
  - Froze policy model parameter: model.vqmodel.decoder.mid.block_1.conv2.bias
  - Froze policy model parameter: model.vqmodel.decoder.mid.attn_1.norm.weight
  - Froze policy model parameter: model.vqmodel.decoder.mid.attn_1.norm.bias
  - Froze policy model parameter: model.vqmodel.decoder.mid.attn_1.q.weight
  - Froze policy model parameter: model.vqmodel.decoder.mid.attn_1.q.bias
  - Froze policy model parameter: model.vqmodel.decoder.mid.attn_1.k.weight
  - Froze policy model parameter: model.vqmodel.decoder.mid.attn_1.k.bias
  - Froze policy model parameter: model.vqmodel.decoder.mid.attn_1.v.weight
  - Froze policy model parameter: model.vqmodel.decoder.mid.attn_1.v.bias
  - Froze policy model parameter: model.vqmodel.decoder.mid.attn_1.proj_out.weight
  - Froze policy model parameter: model.vqmodel.decoder.mid.attn_1.proj_out.bias
  - Froze policy model parameter: model.vqmodel.decoder.mid.block_2.norm1.weight
  - Froze policy model parameter: model.vqmodel.decoder.mid.block_2.norm1.bias
  - Froze policy model parameter: model.vqmodel.decoder.mid.block_2.conv1.weight
  - Froze policy model parameter: model.vqmodel.decoder.mid.block_2.conv1.bias
  - Froze policy model parameter: model.vqmodel.decoder.mid.block_2.norm2.weight
  - Froze policy model parameter: model.vqmodel.decoder.mid.block_2.norm2.bias
  - Froze policy model parameter: model.vqmodel.decoder.mid.block_2.conv2.weight
  - Froze policy model parameter: model.vqmodel.decoder.mid.block_2.conv2.bias
  - Froze policy model parameter: model.vqmodel.decoder.up.0.block.0.norm1.weight
  - Froze policy model parameter: model.vqmodel.decoder.up.0.block.0.norm1.bias
  - Froze policy model parameter: model.vqmodel.decoder.up.0.block.0.conv1.weight
  - Froze policy model parameter: model.vqmodel.decoder.up.0.block.0.conv1.bias
  - Froze policy model parameter: model.vqmodel.decoder.up.0.block.0.norm2.weight
  - Froze policy model parameter: model.vqmodel.decoder.up.0.block.0.norm2.bias
  - Froze policy model parameter: model.vqmodel.decoder.up.0.block.0.conv2.weight
  - Froze policy model parameter: model.vqmodel.decoder.up.0.block.0.conv2.bias
  - Froze policy model parameter: model.vqmodel.decoder.up.0.block.1.norm1.weight
  - Froze policy model parameter: model.vqmodel.decoder.up.0.block.1.norm1.bias
  - Froze policy model parameter: model.vqmodel.decoder.up.0.block.1.conv1.weight
  - Froze policy model parameter: model.vqmodel.decoder.up.0.block.1.conv1.bias
  - Froze policy model parameter: model.vqmodel.decoder.up.0.block.1.norm2.weight
  - Froze policy model parameter: model.vqmodel.decoder.up.0.block.1.norm2.bias
  - Froze policy model parameter: model.vqmodel.decoder.up.0.block.1.conv2.weight
  - Froze policy model parameter: model.vqmodel.decoder.up.0.block.1.conv2.bias
  - Froze policy model parameter: model.vqmodel.decoder.up.0.block.2.norm1.weight
  - Froze policy model parameter: model.vqmodel.decoder.up.0.block.2.norm1.bias
  - Froze policy model parameter: model.vqmodel.decoder.up.0.block.2.conv1.weight
  - Froze policy model parameter: model.vqmodel.decoder.up.0.block.2.conv1.bias
  - Froze policy model parameter: model.vqmodel.decoder.up.0.block.2.norm2.weight
  - Froze policy model parameter: model.vqmodel.decoder.up.0.block.2.norm2.bias
  - Froze policy model parameter: model.vqmodel.decoder.up.0.block.2.conv2.weight
  - Froze policy model parameter: model.vqmodel.decoder.up.0.block.2.conv2.bias
  - Froze policy model parameter: model.vqmodel.decoder.up.1.block.0.norm1.weight
  - Froze policy model parameter: model.vqmodel.decoder.up.1.block.0.norm1.bias
  - Froze policy model parameter: model.vqmodel.decoder.up.1.block.0.conv1.weight
  - Froze policy model parameter: model.vqmodel.decoder.up.1.block.0.conv1.bias
  - Froze policy model parameter: model.vqmodel.decoder.up.1.block.0.norm2.weight
  - Froze policy model parameter: model.vqmodel.decoder.up.1.block.0.norm2.bias
  - Froze policy model parameter: model.vqmodel.decoder.up.1.block.0.conv2.weight
  - Froze policy model parameter: model.vqmodel.decoder.up.1.block.0.conv2.bias
  - Froze policy model parameter: model.vqmodel.decoder.up.1.block.0.nin_shortcut.weight
  - Froze policy model parameter: model.vqmodel.decoder.up.1.block.0.nin_shortcut.bias
  - Froze policy model parameter: model.vqmodel.decoder.up.1.block.1.norm1.weight
  - Froze policy model parameter: model.vqmodel.decoder.up.1.block.1.norm1.bias
  - Froze policy model parameter: model.vqmodel.decoder.up.1.block.1.conv1.weight
  - Froze policy model parameter: model.vqmodel.decoder.up.1.block.1.conv1.bias
  - Froze policy model parameter: model.vqmodel.decoder.up.1.block.1.norm2.weight
  - Froze policy model parameter: model.vqmodel.decoder.up.1.block.1.norm2.bias
  - Froze policy model parameter: model.vqmodel.decoder.up.1.block.1.conv2.weight
  - Froze policy model parameter: model.vqmodel.decoder.up.1.block.1.conv2.bias
  - Froze policy model parameter: model.vqmodel.decoder.up.1.block.2.norm1.weight
  - Froze policy model parameter: model.vqmodel.decoder.up.1.block.2.norm1.bias
  - Froze policy model parameter: model.vqmodel.decoder.up.1.block.2.conv1.weight
  - Froze policy model parameter: model.vqmodel.decoder.up.1.block.2.conv1.bias
  - Froze policy model parameter: model.vqmodel.decoder.up.1.block.2.norm2.weight
  - Froze policy model parameter: model.vqmodel.decoder.up.1.block.2.norm2.bias
  - Froze policy model parameter: model.vqmodel.decoder.up.1.block.2.conv2.weight
  - Froze policy model parameter: model.vqmodel.decoder.up.1.block.2.conv2.bias
  - Froze policy model parameter: model.vqmodel.decoder.up.1.upsample.conv.weight
  - Froze policy model parameter: model.vqmodel.decoder.up.1.upsample.conv.bias
  - Froze policy model parameter: model.vqmodel.decoder.up.2.block.0.norm1.weight
  - Froze policy model parameter: model.vqmodel.decoder.up.2.block.0.norm1.bias
  - Froze policy model parameter: model.vqmodel.decoder.up.2.block.0.conv1.weight
  - Froze policy model parameter: model.vqmodel.decoder.up.2.block.0.conv1.bias
  - Froze policy model parameter: model.vqmodel.decoder.up.2.block.0.norm2.weight
  - Froze policy model parameter: model.vqmodel.decoder.up.2.block.0.norm2.bias
  - Froze policy model parameter: model.vqmodel.decoder.up.2.block.0.conv2.weight
  - Froze policy model parameter: model.vqmodel.decoder.up.2.block.0.conv2.bias
  - Froze policy model parameter: model.vqmodel.decoder.up.2.block.1.norm1.weight
  - Froze policy model parameter: model.vqmodel.decoder.up.2.block.1.norm1.bias
  - Froze policy model parameter: model.vqmodel.decoder.up.2.block.1.conv1.weight
  - Froze policy model parameter: model.vqmodel.decoder.up.2.block.1.conv1.bias
  - Froze policy model parameter: model.vqmodel.decoder.up.2.block.1.norm2.weight
  - Froze policy model parameter: model.vqmodel.decoder.up.2.block.1.norm2.bias
  - Froze policy model parameter: model.vqmodel.decoder.up.2.block.1.conv2.weight
  - Froze policy model parameter: model.vqmodel.decoder.up.2.block.1.conv2.bias
  - Froze policy model parameter: model.vqmodel.decoder.up.2.block.2.norm1.weight
  - Froze policy model parameter: model.vqmodel.decoder.up.2.block.2.norm1.bias
  - Froze policy model parameter: model.vqmodel.decoder.up.2.block.2.conv1.weight
  - Froze policy model parameter: model.vqmodel.decoder.up.2.block.2.conv1.bias
  - Froze policy model parameter: model.vqmodel.decoder.up.2.block.2.norm2.weight
  - Froze policy model parameter: model.vqmodel.decoder.up.2.block.2.norm2.bias
  - Froze policy model parameter: model.vqmodel.decoder.up.2.block.2.conv2.weight
  - Froze policy model parameter: model.vqmodel.decoder.up.2.block.2.conv2.bias
  - Froze policy model parameter: model.vqmodel.decoder.up.2.upsample.conv.weight
  - Froze policy model parameter: model.vqmodel.decoder.up.2.upsample.conv.bias
  - Froze policy model parameter: model.vqmodel.decoder.up.3.block.0.norm1.weight
  - Froze policy model parameter: model.vqmodel.decoder.up.3.block.0.norm1.bias
  - Froze policy model parameter: model.vqmodel.decoder.up.3.block.0.conv1.weight
  - Froze policy model parameter: model.vqmodel.decoder.up.3.block.0.conv1.bias
  - Froze policy model parameter: model.vqmodel.decoder.up.3.block.0.norm2.weight
  - Froze policy model parameter: model.vqmodel.decoder.up.3.block.0.norm2.bias
  - Froze policy model parameter: model.vqmodel.decoder.up.3.block.0.conv2.weight
  - Froze policy model parameter: model.vqmodel.decoder.up.3.block.0.conv2.bias
  - Froze policy model parameter: model.vqmodel.decoder.up.3.block.0.nin_shortcut.weight
  - Froze policy model parameter: model.vqmodel.decoder.up.3.block.0.nin_shortcut.bias
  - Froze policy model parameter: model.vqmodel.decoder.up.3.block.1.norm1.weight
  - Froze policy model parameter: model.vqmodel.decoder.up.3.block.1.norm1.bias
  - Froze policy model parameter: model.vqmodel.decoder.up.3.block.1.conv1.weight
  - Froze policy model parameter: model.vqmodel.decoder.up.3.block.1.conv1.bias
  - Froze policy model parameter: model.vqmodel.decoder.up.3.block.1.norm2.weight
  - Froze policy model parameter: model.vqmodel.decoder.up.3.block.1.norm2.bias
  - Froze policy model parameter: model.vqmodel.decoder.up.3.block.1.conv2.weight
  - Froze policy model parameter: model.vqmodel.decoder.up.3.block.1.conv2.bias
  - Froze policy model parameter: model.vqmodel.decoder.up.3.block.2.norm1.weight
  - Froze policy model parameter: model.vqmodel.decoder.up.3.block.2.norm1.bias
  - Froze policy model parameter: model.vqmodel.decoder.up.3.block.2.conv1.weight
  - Froze policy model parameter: model.vqmodel.decoder.up.3.block.2.conv1.bias
  - Froze policy model parameter: model.vqmodel.decoder.up.3.block.2.norm2.weight
  - Froze policy model parameter: model.vqmodel.decoder.up.3.block.2.norm2.bias
  - Froze policy model parameter: model.vqmodel.decoder.up.3.block.2.conv2.weight
  - Froze policy model parameter: model.vqmodel.decoder.up.3.block.2.conv2.bias
  - Froze policy model parameter: model.vqmodel.decoder.up.3.upsample.conv.weight
  - Froze policy model parameter: model.vqmodel.decoder.up.3.upsample.conv.bias
  - Froze policy model parameter: model.vqmodel.decoder.up.4.block.0.norm1.weight
  - Froze policy model parameter: model.vqmodel.decoder.up.4.block.0.norm1.bias
  - Froze policy model parameter: model.vqmodel.decoder.up.4.block.0.conv1.weight
  - Froze policy model parameter: model.vqmodel.decoder.up.4.block.0.conv1.bias
  - Froze policy model parameter: model.vqmodel.decoder.up.4.block.0.norm2.weight
  - Froze policy model parameter: model.vqmodel.decoder.up.4.block.0.norm2.bias
  - Froze policy model parameter: model.vqmodel.decoder.up.4.block.0.conv2.weight
  - Froze policy model parameter: model.vqmodel.decoder.up.4.block.0.conv2.bias
  - Froze policy model parameter: model.vqmodel.decoder.up.4.block.1.norm1.weight
  - Froze policy model parameter: model.vqmodel.decoder.up.4.block.1.norm1.bias
  - Froze policy model parameter: model.vqmodel.decoder.up.4.block.1.conv1.weight
  - Froze policy model parameter: model.vqmodel.decoder.up.4.block.1.conv1.bias
  - Froze policy model parameter: model.vqmodel.decoder.up.4.block.1.norm2.weight
  - Froze policy model parameter: model.vqmodel.decoder.up.4.block.1.norm2.bias
  - Froze policy model parameter: model.vqmodel.decoder.up.4.block.1.conv2.weight
  - Froze policy model parameter: model.vqmodel.decoder.up.4.block.1.conv2.bias
  - Froze policy model parameter: model.vqmodel.decoder.up.4.block.2.norm1.weight
  - Froze policy model parameter: model.vqmodel.decoder.up.4.block.2.norm1.bias
  - Froze policy model parameter: model.vqmodel.decoder.up.4.block.2.conv1.weight
  - Froze policy model parameter: model.vqmodel.decoder.up.4.block.2.conv1.bias
  - Froze policy model parameter: model.vqmodel.decoder.up.4.block.2.norm2.weight
  - Froze policy model parameter: model.vqmodel.decoder.up.4.block.2.norm2.bias
  - Froze policy model parameter: model.vqmodel.decoder.up.4.block.2.conv2.weight
  - Froze policy model parameter: model.vqmodel.decoder.up.4.block.2.conv2.bias
  - Froze policy model parameter: model.vqmodel.decoder.up.4.upsample.conv.weight
  - Froze policy model parameter: model.vqmodel.decoder.up.4.upsample.conv.bias
  - Froze policy model parameter: model.vqmodel.decoder.norm_out.weight
  - Froze policy model parameter: model.vqmodel.decoder.norm_out.bias
  - Froze policy model parameter: model.vqmodel.decoder.conv_out.weight
  - Froze policy model parameter: model.vqmodel.decoder.conv_out.bias
  - Froze policy model parameter: model.vqmodel.quantize.embedding.weight
  - Froze policy model parameter: model.vqmodel.quant_conv.weight
  - Froze policy model parameter: model.vqmodel.quant_conv.bias
  - Froze policy model parameter: model.vqmodel.post_quant_conv.weight
  - Froze policy model parameter: model.vqmodel.post_quant_conv.bias
  - Froze policy model parameter: mlp_head.time_embed.mlp.0.weight
  - Froze policy model parameter: mlp_head.time_embed.mlp.0.bias
  - Froze policy model parameter: mlp_head.time_embed.mlp.2.weight
  - Froze policy model parameter: mlp_head.time_embed.mlp.2.bias
  - Froze policy model parameter: mlp_head.cond_embed.weight
  - Froze policy model parameter: mlp_head.cond_embed.bias
  - Froze policy model parameter: mlp_head.input_proj.weight
  - Froze policy model parameter: mlp_head.input_proj.bias
  - Froze policy model parameter: mlp_head.res_blocks.0.in_ln.weight
  - Froze policy model parameter: mlp_head.res_blocks.0.in_ln.bias
  - Froze policy model parameter: mlp_head.res_blocks.0.mlp.0.weight
  - Froze policy model parameter: mlp_head.res_blocks.0.mlp.0.bias
  - Froze policy model parameter: mlp_head.res_blocks.0.mlp.2.weight
  - Froze policy model parameter: mlp_head.res_blocks.0.mlp.2.bias
  - Froze policy model parameter: mlp_head.res_blocks.0.adaLN_modulation.1.weight
  - Froze policy model parameter: mlp_head.res_blocks.0.adaLN_modulation.1.bias
  - Froze policy model parameter: mlp_head.res_blocks.1.in_ln.weight
  - Froze policy model parameter: mlp_head.res_blocks.1.in_ln.bias
  - Froze policy model parameter: mlp_head.res_blocks.1.mlp.0.weight
  - Froze policy model parameter: mlp_head.res_blocks.1.mlp.0.bias
  - Froze policy model parameter: mlp_head.res_blocks.1.mlp.2.weight
  - Froze policy model parameter: mlp_head.res_blocks.1.mlp.2.bias
  - Froze policy model parameter: mlp_head.res_blocks.1.adaLN_modulation.1.weight
  - Froze policy model parameter: mlp_head.res_blocks.1.adaLN_modulation.1.bias
  - Froze policy model parameter: mlp_head.res_blocks.2.in_ln.weight
  - Froze policy model parameter: mlp_head.res_blocks.2.in_ln.bias
  - Froze policy model parameter: mlp_head.res_blocks.2.mlp.0.weight
  - Froze policy model parameter: mlp_head.res_blocks.2.mlp.0.bias
  - Froze policy model parameter: mlp_head.res_blocks.2.mlp.2.weight
  - Froze policy model parameter: mlp_head.res_blocks.2.mlp.2.bias
  - Froze policy model parameter: mlp_head.res_blocks.2.adaLN_modulation.1.weight
  - Froze policy model parameter: mlp_head.res_blocks.2.adaLN_modulation.1.bias
  - Froze policy model parameter: mlp_head.final_layer.linear.weight
  - Froze policy model parameter: mlp_head.final_layer.linear.bias
  - Froze policy model parameter: mlp_head.final_layer.adaLN_modulation.1.weight
  - Froze policy model parameter: mlp_head.final_layer.adaLN_modulation.1.bias
Model parts frozen.
Loaded 2 reward functions: ['answer_correctness_reward', 'format_reward']
Trainer initialized.
--- [Step 3/3] Starting GRPO training... ---
Loaded 2 reward functions: ['answer_correctness_reward', 'format_reward']
Trainer initialized.
--- [Step 3/3] Starting GRPO training... ---
Loaded 2 reward functions: ['answer_correctness_reward', 'format_reward']
Trainer initialized.
--- [Step 3/3] Starting GRPO training... ---
Loaded 2 reward functions: ['answer_correctness_reward', 'format_reward']
Trainer initialized.
--- [Step 3/3] Starting GRPO training... ---
Loading checkpoint shards: 100%|██████████| 3/3 [00:00<00:00, 26.93it/s]Loading checkpoint shards: 100%|██████████| 3/3 [00:00<00:00, 26.88it/s]
Freezing non-trainable parts of the model...
  - Froze policy model parameter: model.vqmodel.encoder.conv_in.weight
  - Froze policy model parameter: model.vqmodel.encoder.conv_in.bias
  - Froze policy model parameter: model.vqmodel.encoder.down.0.block.0.norm1.weight
  - Froze policy model parameter: model.vqmodel.encoder.down.0.block.0.norm1.bias
  - Froze policy model parameter: model.vqmodel.encoder.down.0.block.0.conv1.weight
  - Froze policy model parameter: model.vqmodel.encoder.down.0.block.0.conv1.bias
  - Froze policy model parameter: model.vqmodel.encoder.down.0.block.0.norm2.weight
  - Froze policy model parameter: model.vqmodel.encoder.down.0.block.0.norm2.bias
  - Froze policy model parameter: model.vqmodel.encoder.down.0.block.0.conv2.weight
  - Froze policy model parameter: model.vqmodel.encoder.down.0.block.0.conv2.bias
  - Froze policy model parameter: model.vqmodel.encoder.down.0.block.1.norm1.weight
  - Froze policy model parameter: model.vqmodel.encoder.down.0.block.1.norm1.bias
  - Froze policy model parameter: model.vqmodel.encoder.down.0.block.1.conv1.weight
  - Froze policy model parameter: model.vqmodel.encoder.down.0.block.1.conv1.bias
  - Froze policy model parameter: model.vqmodel.encoder.down.0.block.1.norm2.weight
  - Froze policy model parameter: model.vqmodel.encoder.down.0.block.1.norm2.bias
  - Froze policy model parameter: model.vqmodel.encoder.down.0.block.1.conv2.weight
  - Froze policy model parameter: model.vqmodel.encoder.down.0.block.1.conv2.bias
  - Froze policy model parameter: model.vqmodel.encoder.down.0.downsample.conv.weight
  - Froze policy model parameter: model.vqmodel.encoder.down.0.downsample.conv.bias
  - Froze policy model parameter: model.vqmodel.encoder.down.1.block.0.norm1.weight
  - Froze policy model parameter: model.vqmodel.encoder.down.1.block.0.norm1.bias
  - Froze policy model parameter: model.vqmodel.encoder.down.1.block.0.conv1.weight
  - Froze policy model parameter: model.vqmodel.encoder.down.1.block.0.conv1.bias
  - Froze policy model parameter: model.vqmodel.encoder.down.1.block.0.norm2.weight
  - Froze policy model parameter: model.vqmodel.encoder.down.1.block.0.norm2.bias
  - Froze policy model parameter: model.vqmodel.encoder.down.1.block.0.conv2.weight
  - Froze policy model parameter: model.vqmodel.encoder.down.1.block.0.conv2.bias
  - Froze policy model parameter: model.vqmodel.encoder.down.1.block.1.norm1.weight
  - Froze policy model parameter: model.vqmodel.encoder.down.1.block.1.norm1.bias
  - Froze policy model parameter: model.vqmodel.encoder.down.1.block.1.conv1.weight
  - Froze policy model parameter: model.vqmodel.encoder.down.1.block.1.conv1.bias
  - Froze policy model parameter: model.vqmodel.encoder.down.1.block.1.norm2.weight
  - Froze policy model parameter: model.vqmodel.encoder.down.1.block.1.norm2.bias
  - Froze policy model parameter: model.vqmodel.encoder.down.1.block.1.conv2.weight
  - Froze policy model parameter: model.vqmodel.encoder.down.1.block.1.conv2.bias
  - Froze policy model parameter: model.vqmodel.encoder.down.1.downsample.conv.weight
  - Froze policy model parameter: model.vqmodel.encoder.down.1.downsample.conv.bias
  - Froze policy model parameter: model.vqmodel.encoder.down.2.block.0.norm1.weight
  - Froze policy model parameter: model.vqmodel.encoder.down.2.block.0.norm1.bias
  - Froze policy model parameter: model.vqmodel.encoder.down.2.block.0.conv1.weight
  - Froze policy model parameter: model.vqmodel.encoder.down.2.block.0.conv1.bias
  - Froze policy model parameter: model.vqmodel.encoder.down.2.block.0.norm2.weight
  - Froze policy model parameter: model.vqmodel.encoder.down.2.block.0.norm2.bias
  - Froze policy model parameter: model.vqmodel.encoder.down.2.block.0.conv2.weight
  - Froze policy model parameter: model.vqmodel.encoder.down.2.block.0.conv2.bias
  - Froze policy model parameter: model.vqmodel.encoder.down.2.block.0.nin_shortcut.weight
  - Froze policy model parameter: model.vqmodel.encoder.down.2.block.0.nin_shortcut.bias
  - Froze policy model parameter: model.vqmodel.encoder.down.2.block.1.norm1.weight
  - Froze policy model parameter: model.vqmodel.encoder.down.2.block.1.norm1.bias
  - Froze policy model parameter: model.vqmodel.encoder.down.2.block.1.conv1.weight
  - Froze policy model parameter: model.vqmodel.encoder.down.2.block.1.conv1.bias
  - Froze policy model parameter: model.vqmodel.encoder.down.2.block.1.norm2.weight
  - Froze policy model parameter: model.vqmodel.encoder.down.2.block.1.norm2.bias
  - Froze policy model parameter: model.vqmodel.encoder.down.2.block.1.conv2.weight
  - Froze policy model parameter: model.vqmodel.encoder.down.2.block.1.conv2.bias
  - Froze policy model parameter: model.vqmodel.encoder.down.2.downsample.conv.weight
  - Froze policy model parameter: model.vqmodel.encoder.down.2.downsample.conv.bias
  - Froze policy model parameter: model.vqmodel.encoder.down.3.block.0.norm1.weight
  - Froze policy model parameter: model.vqmodel.encoder.down.3.block.0.norm1.bias
  - Froze policy model parameter: model.vqmodel.encoder.down.3.block.0.conv1.weight
  - Froze policy model parameter: model.vqmodel.encoder.down.3.block.0.conv1.bias
  - Froze policy model parameter: model.vqmodel.encoder.down.3.block.0.norm2.weight
  - Froze policy model parameter: model.vqmodel.encoder.down.3.block.0.norm2.bias
  - Froze policy model parameter: model.vqmodel.encoder.down.3.block.0.conv2.weight
  - Froze policy model parameter: model.vqmodel.encoder.down.3.block.0.conv2.bias
  - Froze policy model parameter: model.vqmodel.encoder.down.3.block.1.norm1.weight
  - Froze policy model parameter: model.vqmodel.encoder.down.3.block.1.norm1.bias
  - Froze policy model parameter: model.vqmodel.encoder.down.3.block.1.conv1.weight
  - Froze policy model parameter: model.vqmodel.encoder.down.3.block.1.conv1.bias
  - Froze policy model parameter: model.vqmodel.encoder.down.3.block.1.norm2.weight
  - Froze policy model parameter: model.vqmodel.encoder.down.3.block.1.norm2.bias
  - Froze policy model parameter: model.vqmodel.encoder.down.3.block.1.conv2.weight
  - Froze policy model parameter: model.vqmodel.encoder.down.3.block.1.conv2.bias
  - Froze policy model parameter: model.vqmodel.encoder.down.3.downsample.conv.weight
  - Froze policy model parameter: model.vqmodel.encoder.down.3.downsample.conv.bias
  - Froze policy model parameter: model.vqmodel.encoder.down.4.block.0.norm1.weight
  - Froze policy model parameter: model.vqmodel.encoder.down.4.block.0.norm1.bias
  - Froze policy model parameter: model.vqmodel.encoder.down.4.block.0.conv1.weight
  - Froze policy model parameter: model.vqmodel.encoder.down.4.block.0.conv1.bias
  - Froze policy model parameter: model.vqmodel.encoder.down.4.block.0.norm2.weight
  - Froze policy model parameter: model.vqmodel.encoder.down.4.block.0.norm2.bias
  - Froze policy model parameter: model.vqmodel.encoder.down.4.block.0.conv2.weight
  - Froze policy model parameter: model.vqmodel.encoder.down.4.block.0.conv2.bias
  - Froze policy model parameter: model.vqmodel.encoder.down.4.block.0.nin_shortcut.weight
  - Froze policy model parameter: model.vqmodel.encoder.down.4.block.0.nin_shortcut.bias
  - Froze policy model parameter: model.vqmodel.encoder.down.4.block.1.norm1.weight
  - Froze policy model parameter: model.vqmodel.encoder.down.4.block.1.norm1.bias
  - Froze policy model parameter: model.vqmodel.encoder.down.4.block.1.conv1.weight
  - Froze policy model parameter: model.vqmodel.encoder.down.4.block.1.conv1.bias
  - Froze policy model parameter: model.vqmodel.encoder.down.4.block.1.norm2.weight
  - Froze policy model parameter: model.vqmodel.encoder.down.4.block.1.norm2.bias
  - Froze policy model parameter: model.vqmodel.encoder.down.4.block.1.conv2.weight
  - Froze policy model parameter: model.vqmodel.encoder.down.4.block.1.conv2.bias
  - Froze policy model parameter: model.vqmodel.encoder.mid.block_1.norm1.weight
  - Froze policy model parameter: model.vqmodel.encoder.mid.block_1.norm1.bias
  - Froze policy model parameter: model.vqmodel.encoder.mid.block_1.conv1.weight
  - Froze policy model parameter: model.vqmodel.encoder.mid.block_1.conv1.bias
  - Froze policy model parameter: model.vqmodel.encoder.mid.block_1.norm2.weight
  - Froze policy model parameter: model.vqmodel.encoder.mid.block_1.norm2.bias
  - Froze policy model parameter: model.vqmodel.encoder.mid.block_1.conv2.weight
  - Froze policy model parameter: model.vqmodel.encoder.mid.block_1.conv2.bias
  - Froze policy model parameter: model.vqmodel.encoder.mid.attn_1.norm.weight
  - Froze policy model parameter: model.vqmodel.encoder.mid.attn_1.norm.bias
  - Froze policy model parameter: model.vqmodel.encoder.mid.attn_1.q.weight
  - Froze policy model parameter: model.vqmodel.encoder.mid.attn_1.q.bias
  - Froze policy model parameter: model.vqmodel.encoder.mid.attn_1.k.weight
  - Froze policy model parameter: model.vqmodel.encoder.mid.attn_1.k.bias
  - Froze policy model parameter: model.vqmodel.encoder.mid.attn_1.v.weight
  - Froze policy model parameter: model.vqmodel.encoder.mid.attn_1.v.bias
  - Froze policy model parameter: model.vqmodel.encoder.mid.attn_1.proj_out.weight
  - Froze policy model parameter: model.vqmodel.encoder.mid.attn_1.proj_out.bias
  - Froze policy model parameter: model.vqmodel.encoder.mid.block_2.norm1.weight
  - Froze policy model parameter: model.vqmodel.encoder.mid.block_2.norm1.bias
  - Froze policy model parameter: model.vqmodel.encoder.mid.block_2.conv1.weight
  - Froze policy model parameter: model.vqmodel.encoder.mid.block_2.conv1.bias
  - Froze policy model parameter: model.vqmodel.encoder.mid.block_2.norm2.weight
  - Froze policy model parameter: model.vqmodel.encoder.mid.block_2.norm2.bias
  - Froze policy model parameter: model.vqmodel.encoder.mid.block_2.conv2.weight
  - Froze policy model parameter: model.vqmodel.encoder.mid.block_2.conv2.bias
  - Froze policy model parameter: model.vqmodel.encoder.norm_out.weight
  - Froze policy model parameter: model.vqmodel.encoder.norm_out.bias
  - Froze policy model parameter: model.vqmodel.encoder.conv_out.weight
  - Froze policy model parameter: model.vqmodel.encoder.conv_out.bias
  - Froze policy model parameter: model.vqmodel.decoder.conv_in.weight
  - Froze policy model parameter: model.vqmodel.decoder.conv_in.bias
  - Froze policy model parameter: model.vqmodel.decoder.mid.block_1.norm1.weight
  - Froze policy model parameter: model.vqmodel.decoder.mid.block_1.norm1.bias
  - Froze policy model parameter: model.vqmodel.decoder.mid.block_1.conv1.weight
  - Froze policy model parameter: model.vqmodel.decoder.mid.block_1.conv1.bias
  - Froze policy model parameter: model.vqmodel.decoder.mid.block_1.norm2.weight
  - Froze policy model parameter: model.vqmodel.decoder.mid.block_1.norm2.bias
  - Froze policy model parameter: model.vqmodel.decoder.mid.block_1.conv2.weight
  - Froze policy model parameter: model.vqmodel.decoder.mid.block_1.conv2.bias
  - Froze policy model parameter: model.vqmodel.decoder.mid.attn_1.norm.weight
  - Froze policy model parameter: model.vqmodel.decoder.mid.attn_1.norm.bias
  - Froze policy model parameter: model.vqmodel.decoder.mid.attn_1.q.weight
  - Froze policy model parameter: model.vqmodel.decoder.mid.attn_1.q.bias
  - Froze policy model parameter: model.vqmodel.decoder.mid.attn_1.k.weight
  - Froze policy model parameter: model.vqmodel.decoder.mid.attn_1.k.bias
  - Froze policy model parameter: model.vqmodel.decoder.mid.attn_1.v.weight
  - Froze policy model parameter: model.vqmodel.decoder.mid.attn_1.v.bias
  - Froze policy model parameter: model.vqmodel.decoder.mid.attn_1.proj_out.weight
  - Froze policy model parameter: model.vqmodel.decoder.mid.attn_1.proj_out.bias
  - Froze policy model parameter: model.vqmodel.decoder.mid.block_2.norm1.weight
  - Froze policy model parameter: model.vqmodel.decoder.mid.block_2.norm1.bias
  - Froze policy model parameter: model.vqmodel.decoder.mid.block_2.conv1.weight
  - Froze policy model parameter: model.vqmodel.decoder.mid.block_2.conv1.bias
  - Froze policy model parameter: model.vqmodel.decoder.mid.block_2.norm2.weight
  - Froze policy model parameter: model.vqmodel.decoder.mid.block_2.norm2.bias
  - Froze policy model parameter: model.vqmodel.decoder.mid.block_2.conv2.weight
  - Froze policy model parameter: model.vqmodel.decoder.mid.block_2.conv2.bias
  - Froze policy model parameter: model.vqmodel.decoder.up.0.block.0.norm1.weight
  - Froze policy model parameter: model.vqmodel.decoder.up.0.block.0.norm1.bias
  - Froze policy model parameter: model.vqmodel.decoder.up.0.block.0.conv1.weight
  - Froze policy model parameter: model.vqmodel.decoder.up.0.block.0.conv1.bias
  - Froze policy model parameter: model.vqmodel.decoder.up.0.block.0.norm2.weight
  - Froze policy model parameter: model.vqmodel.decoder.up.0.block.0.norm2.bias
  - Froze policy model parameter: model.vqmodel.decoder.up.0.block.0.conv2.weight
  - Froze policy model parameter: model.vqmodel.decoder.up.0.block.0.conv2.bias
  - Froze policy model parameter: model.vqmodel.decoder.up.0.block.1.norm1.weight
  - Froze policy model parameter: model.vqmodel.decoder.up.0.block.1.norm1.bias
  - Froze policy model parameter: model.vqmodel.decoder.up.0.block.1.conv1.weight
  - Froze policy model parameter: model.vqmodel.decoder.up.0.block.1.conv1.bias
  - Froze policy model parameter: model.vqmodel.decoder.up.0.block.1.norm2.weight
  - Froze policy model parameter: model.vqmodel.decoder.up.0.block.1.norm2.bias
  - Froze policy model parameter: model.vqmodel.decoder.up.0.block.1.conv2.weight
  - Froze policy model parameter: model.vqmodel.decoder.up.0.block.1.conv2.bias
  - Froze policy model parameter: model.vqmodel.decoder.up.0.block.2.norm1.weight
  - Froze policy model parameter: model.vqmodel.decoder.up.0.block.2.norm1.bias
  - Froze policy model parameter: model.vqmodel.decoder.up.0.block.2.conv1.weight
  - Froze policy model parameter: model.vqmodel.decoder.up.0.block.2.conv1.bias
  - Froze policy model parameter: model.vqmodel.decoder.up.0.block.2.norm2.weight
  - Froze policy model parameter: model.vqmodel.decoder.up.0.block.2.norm2.bias
  - Froze policy model parameter: model.vqmodel.decoder.up.0.block.2.conv2.weight
  - Froze policy model parameter: model.vqmodel.decoder.up.0.block.2.conv2.bias
  - Froze policy model parameter: model.vqmodel.decoder.up.1.block.0.norm1.weight
  - Froze policy model parameter: model.vqmodel.decoder.up.1.block.0.norm1.bias
  - Froze policy model parameter: model.vqmodel.decoder.up.1.block.0.conv1.weight
  - Froze policy model parameter: model.vqmodel.decoder.up.1.block.0.conv1.bias
  - Froze policy model parameter: model.vqmodel.decoder.up.1.block.0.norm2.weight
  - Froze policy model parameter: model.vqmodel.decoder.up.1.block.0.norm2.bias
  - Froze policy model parameter: model.vqmodel.decoder.up.1.block.0.conv2.weight
  - Froze policy model parameter: model.vqmodel.decoder.up.1.block.0.conv2.bias
  - Froze policy model parameter: model.vqmodel.decoder.up.1.block.0.nin_shortcut.weight
  - Froze policy model parameter: model.vqmodel.decoder.up.1.block.0.nin_shortcut.bias
  - Froze policy model parameter: model.vqmodel.decoder.up.1.block.1.norm1.weight
  - Froze policy model parameter: model.vqmodel.decoder.up.1.block.1.norm1.bias
  - Froze policy model parameter: model.vqmodel.decoder.up.1.block.1.conv1.weight
  - Froze policy model parameter: model.vqmodel.decoder.up.1.block.1.conv1.bias
  - Froze policy model parameter: model.vqmodel.decoder.up.1.block.1.norm2.weight
  - Froze policy model parameter: model.vqmodel.decoder.up.1.block.1.norm2.bias
  - Froze policy model parameter: model.vqmodel.decoder.up.1.block.1.conv2.weight
  - Froze policy model parameter: model.vqmodel.decoder.up.1.block.1.conv2.bias
  - Froze policy model parameter: model.vqmodel.decoder.up.1.block.2.norm1.weight
  - Froze policy model parameter: model.vqmodel.decoder.up.1.block.2.norm1.bias
  - Froze policy model parameter: model.vqmodel.decoder.up.1.block.2.conv1.weight
  - Froze policy model parameter: model.vqmodel.decoder.up.1.block.2.conv1.bias
  - Froze policy model parameter: model.vqmodel.decoder.up.1.block.2.norm2.weight
  - Froze policy model parameter: model.vqmodel.decoder.up.1.block.2.norm2.bias
  - Froze policy model parameter: model.vqmodel.decoder.up.1.block.2.conv2.weight
  - Froze policy model parameter: model.vqmodel.decoder.up.1.block.2.conv2.bias
  - Froze policy model parameter: model.vqmodel.decoder.up.1.upsample.conv.weight
  - Froze policy model parameter: model.vqmodel.decoder.up.1.upsample.conv.bias
  - Froze policy model parameter: model.vqmodel.decoder.up.2.block.0.norm1.weight
  - Froze policy model parameter: model.vqmodel.decoder.up.2.block.0.norm1.bias
  - Froze policy model parameter: model.vqmodel.decoder.up.2.block.0.conv1.weight
  - Froze policy model parameter: model.vqmodel.decoder.up.2.block.0.conv1.bias
  - Froze policy model parameter: model.vqmodel.decoder.up.2.block.0.norm2.weight
  - Froze policy model parameter: model.vqmodel.decoder.up.2.block.0.norm2.bias
  - Froze policy model parameter: model.vqmodel.decoder.up.2.block.0.conv2.weight
  - Froze policy model parameter: model.vqmodel.decoder.up.2.block.0.conv2.bias
  - Froze policy model parameter: model.vqmodel.decoder.up.2.block.1.norm1.weight
  - Froze policy model parameter: model.vqmodel.decoder.up.2.block.1.norm1.bias
  - Froze policy model parameter: model.vqmodel.decoder.up.2.block.1.conv1.weight
  - Froze policy model parameter: model.vqmodel.decoder.up.2.block.1.conv1.bias
  - Froze policy model parameter: model.vqmodel.decoder.up.2.block.1.norm2.weight
  - Froze policy model parameter: model.vqmodel.decoder.up.2.block.1.norm2.bias
  - Froze policy model parameter: model.vqmodel.decoder.up.2.block.1.conv2.weight
  - Froze policy model parameter: model.vqmodel.decoder.up.2.block.1.conv2.bias
  - Froze policy model parameter: model.vqmodel.decoder.up.2.block.2.norm1.weight
  - Froze policy model parameter: model.vqmodel.decoder.up.2.block.2.norm1.bias
  - Froze policy model parameter: model.vqmodel.decoder.up.2.block.2.conv1.weight
  - Froze policy model parameter: model.vqmodel.decoder.up.2.block.2.conv1.bias
  - Froze policy model parameter: model.vqmodel.decoder.up.2.block.2.norm2.weight
  - Froze policy model parameter: model.vqmodel.decoder.up.2.block.2.norm2.bias
  - Froze policy model parameter: model.vqmodel.decoder.up.2.block.2.conv2.weight
  - Froze policy model parameter: model.vqmodel.decoder.up.2.block.2.conv2.bias
  - Froze policy model parameter: model.vqmodel.decoder.up.2.upsample.conv.weight
  - Froze policy model parameter: model.vqmodel.decoder.up.2.upsample.conv.bias
  - Froze policy model parameter: model.vqmodel.decoder.up.3.block.0.norm1.weight
  - Froze policy model parameter: model.vqmodel.decoder.up.3.block.0.norm1.bias
  - Froze policy model parameter: model.vqmodel.decoder.up.3.block.0.conv1.weight
  - Froze policy model parameter: model.vqmodel.decoder.up.3.block.0.conv1.bias
  - Froze policy model parameter: model.vqmodel.decoder.up.3.block.0.norm2.weight
  - Froze policy model parameter: model.vqmodel.decoder.up.3.block.0.norm2.bias
  - Froze policy model parameter: model.vqmodel.decoder.up.3.block.0.conv2.weight
  - Froze policy model parameter: model.vqmodel.decoder.up.3.block.0.conv2.bias
  - Froze policy model parameter: model.vqmodel.decoder.up.3.block.0.nin_shortcut.weight
  - Froze policy model parameter: model.vqmodel.decoder.up.3.block.0.nin_shortcut.bias
  - Froze policy model parameter: model.vqmodel.decoder.up.3.block.1.norm1.weight
  - Froze policy model parameter: model.vqmodel.decoder.up.3.block.1.norm1.bias
  - Froze policy model parameter: model.vqmodel.decoder.up.3.block.1.conv1.weight
  - Froze policy model parameter: model.vqmodel.decoder.up.3.block.1.conv1.bias
  - Froze policy model parameter: model.vqmodel.decoder.up.3.block.1.norm2.weight
  - Froze policy model parameter: model.vqmodel.decoder.up.3.block.1.norm2.bias
  - Froze policy model parameter: model.vqmodel.decoder.up.3.block.1.conv2.weight
  - Froze policy model parameter: model.vqmodel.decoder.up.3.block.1.conv2.bias
  - Froze policy model parameter: model.vqmodel.decoder.up.3.block.2.norm1.weight
  - Froze policy model parameter: model.vqmodel.decoder.up.3.block.2.norm1.bias
  - Froze policy model parameter: model.vqmodel.decoder.up.3.block.2.conv1.weight
  - Froze policy model parameter: model.vqmodel.decoder.up.3.block.2.conv1.bias
  - Froze policy model parameter: model.vqmodel.decoder.up.3.block.2.norm2.weight
  - Froze policy model parameter: model.vqmodel.decoder.up.3.block.2.norm2.bias
  - Froze policy model parameter: model.vqmodel.decoder.up.3.block.2.conv2.weight
  - Froze policy model parameter: model.vqmodel.decoder.up.3.block.2.conv2.bias
  - Froze policy model parameter: model.vqmodel.decoder.up.3.upsample.conv.weight
  - Froze policy model parameter: model.vqmodel.decoder.up.3.upsample.conv.bias
  - Froze policy model parameter: model.vqmodel.decoder.up.4.block.0.norm1.weight
  - Froze policy model parameter: model.vqmodel.decoder.up.4.block.0.norm1.bias
  - Froze policy model parameter: model.vqmodel.decoder.up.4.block.0.conv1.weight
  - Froze policy model parameter: model.vqmodel.decoder.up.4.block.0.conv1.bias
  - Froze policy model parameter: model.vqmodel.decoder.up.4.block.0.norm2.weight
  - Froze policy model parameter: model.vqmodel.decoder.up.4.block.0.norm2.bias
  - Froze policy model parameter: model.vqmodel.decoder.up.4.block.0.conv2.weight
  - Froze policy model parameter: model.vqmodel.decoder.up.4.block.0.conv2.bias
  - Froze policy model parameter: model.vqmodel.decoder.up.4.block.1.norm1.weight
  - Froze policy model parameter: model.vqmodel.decoder.up.4.block.1.norm1.bias
  - Froze policy model parameter: model.vqmodel.decoder.up.4.block.1.conv1.weight
  - Froze policy model parameter: model.vqmodel.decoder.up.4.block.1.conv1.bias
  - Froze policy model parameter: model.vqmodel.decoder.up.4.block.1.norm2.weight
  - Froze policy model parameter: model.vqmodel.decoder.up.4.block.1.norm2.bias
  - Froze policy model parameter: model.vqmodel.decoder.up.4.block.1.conv2.weight
  - Froze policy model parameter: model.vqmodel.decoder.up.4.block.1.conv2.bias
  - Froze policy model parameter: model.vqmodel.decoder.up.4.block.2.norm1.weight
  - Froze policy model parameter: model.vqmodel.decoder.up.4.block.2.norm1.bias
  - Froze policy model parameter: model.vqmodel.decoder.up.4.block.2.conv1.weight
  - Froze policy model parameter: model.vqmodel.decoder.up.4.block.2.conv1.bias
  - Froze policy model parameter: model.vqmodel.decoder.up.4.block.2.norm2.weight
  - Froze policy model parameter: model.vqmodel.decoder.up.4.block.2.norm2.bias
  - Froze policy model parameter: model.vqmodel.decoder.up.4.block.2.conv2.weight
  - Froze policy model parameter: model.vqmodel.decoder.up.4.block.2.conv2.bias
  - Froze policy model parameter: model.vqmodel.decoder.up.4.upsample.conv.weight
  - Froze policy model parameter: model.vqmodel.decoder.up.4.upsample.conv.bias
  - Froze policy model parameter: model.vqmodel.decoder.norm_out.weight
  - Froze policy model parameter: model.vqmodel.decoder.norm_out.bias
  - Froze policy model parameter: model.vqmodel.decoder.conv_out.weight
  - Froze policy model parameter: model.vqmodel.decoder.conv_out.bias
  - Froze policy model parameter: model.vqmodel.quantize.embedding.weight
  - Froze policy model parameter: model.vqmodel.quant_conv.weight
  - Froze policy model parameter: model.vqmodel.quant_conv.bias
  - Froze policy model parameter: model.vqmodel.post_quant_conv.weight
  - Froze policy model parameter: model.vqmodel.post_quant_conv.bias
  - Froze policy model parameter: mlp_head.time_embed.mlp.0.weight
  - Froze policy model parameter: mlp_head.time_embed.mlp.0.bias
  - Froze policy model parameter: mlp_head.time_embed.mlp.2.weight
  - Froze policy model parameter: mlp_head.time_embed.mlp.2.bias
  - Froze policy model parameter: mlp_head.cond_embed.weight
  - Froze policy model parameter: mlp_head.cond_embed.bias
  - Froze policy model parameter: mlp_head.input_proj.weight
  - Froze policy model parameter: mlp_head.input_proj.bias
  - Froze policy model parameter: mlp_head.res_blocks.0.in_ln.weight
  - Froze policy model parameter: mlp_head.res_blocks.0.in_ln.bias
  - Froze policy model parameter: mlp_head.res_blocks.0.mlp.0.weight
  - Froze policy model parameter: mlp_head.res_blocks.0.mlp.0.bias
  - Froze policy model parameter: mlp_head.res_blocks.0.mlp.2.weight
  - Froze policy model parameter: mlp_head.res_blocks.0.mlp.2.bias
  - Froze policy model parameter: mlp_head.res_blocks.0.adaLN_modulation.1.weight
  - Froze policy model parameter: mlp_head.res_blocks.0.adaLN_modulation.1.bias
  - Froze policy model parameter: mlp_head.res_blocks.1.in_ln.weight
  - Froze policy model parameter: mlp_head.res_blocks.1.in_ln.bias
  - Froze policy model parameter: mlp_head.res_blocks.1.mlp.0.weight
  - Froze policy model parameter: mlp_head.res_blocks.1.mlp.0.bias
  - Froze policy model parameter: mlp_head.res_blocks.1.mlp.2.weight
  - Froze policy model parameter: mlp_head.res_blocks.1.mlp.2.bias
  - Froze policy model parameter: mlp_head.res_blocks.1.adaLN_modulation.1.weight
  - Froze policy model parameter: mlp_head.res_blocks.1.adaLN_modulation.1.bias
  - Froze policy model parameter: mlp_head.res_blocks.2.in_ln.weight
  - Froze policy model parameter: mlp_head.res_blocks.2.in_ln.bias
  - Froze policy model parameter: mlp_head.res_blocks.2.mlp.0.weight
  - Froze policy model parameter: mlp_head.res_blocks.2.mlp.0.bias
  - Froze policy model parameter: mlp_head.res_blocks.2.mlp.2.weight
  - Froze policy model parameter: mlp_head.res_blocks.2.mlp.2.bias
  - Froze policy model parameter: mlp_head.res_blocks.2.adaLN_modulation.1.weight
  - Froze policy model parameter: mlp_head.res_blocks.2.adaLN_modulation.1.bias
  - Froze policy model parameter: mlp_head.final_layer.linear.weight
  - Froze policy model parameter: mlp_head.final_layer.linear.bias
  - Froze policy model parameter: mlp_head.final_layer.adaLN_modulation.1.weight
  - Froze policy model parameter: mlp_head.final_layer.adaLN_modulation.1.bias
Model parts frozen.
Loaded 2 reward functions: ['answer_correctness_reward', 'format_reward']
Trainer initialized.
--- [Step 3/3] Starting GRPO training... ---
`torch_dtype` is deprecated! Use `dtype` instead!
`torch_dtype` is deprecated! Use `dtype` instead!
Loading checkpoint shards:   0%|          | 0/3 [00:00<?, ?it/s]Loading checkpoint shards: 100%|██████████| 3/3 [00:00<00:00, 25.55it/s]Loading checkpoint shards: 100%|██████████| 3/3 [00:00<00:00, 25.51it/s]
Freezing non-trainable parts of the model...
  - Froze policy model parameter: model.vqmodel.encoder.conv_in.weight
  - Froze policy model parameter: model.vqmodel.encoder.conv_in.bias
  - Froze policy model parameter: model.vqmodel.encoder.down.0.block.0.norm1.weight
  - Froze policy model parameter: model.vqmodel.encoder.down.0.block.0.norm1.bias
  - Froze policy model parameter: model.vqmodel.encoder.down.0.block.0.conv1.weight
  - Froze policy model parameter: model.vqmodel.encoder.down.0.block.0.conv1.bias
  - Froze policy model parameter: model.vqmodel.encoder.down.0.block.0.norm2.weight
  - Froze policy model parameter: model.vqmodel.encoder.down.0.block.0.norm2.bias
  - Froze policy model parameter: model.vqmodel.encoder.down.0.block.0.conv2.weight
  - Froze policy model parameter: model.vqmodel.encoder.down.0.block.0.conv2.bias
  - Froze policy model parameter: model.vqmodel.encoder.down.0.block.1.norm1.weight
  - Froze policy model parameter: model.vqmodel.encoder.down.0.block.1.norm1.bias
  - Froze policy model parameter: model.vqmodel.encoder.down.0.block.1.conv1.weight
  - Froze policy model parameter: model.vqmodel.encoder.down.0.block.1.conv1.bias
  - Froze policy model parameter: model.vqmodel.encoder.down.0.block.1.norm2.weight
  - Froze policy model parameter: model.vqmodel.encoder.down.0.block.1.norm2.bias
  - Froze policy model parameter: model.vqmodel.encoder.down.0.block.1.conv2.weight
  - Froze policy model parameter: model.vqmodel.encoder.down.0.block.1.conv2.bias
  - Froze policy model parameter: model.vqmodel.encoder.down.0.downsample.conv.weight
  - Froze policy model parameter: model.vqmodel.encoder.down.0.downsample.conv.bias
  - Froze policy model parameter: model.vqmodel.encoder.down.1.block.0.norm1.weight
  - Froze policy model parameter: model.vqmodel.encoder.down.1.block.0.norm1.bias
  - Froze policy model parameter: model.vqmodel.encoder.down.1.block.0.conv1.weight
  - Froze policy model parameter: model.vqmodel.encoder.down.1.block.0.conv1.bias
  - Froze policy model parameter: model.vqmodel.encoder.down.1.block.0.norm2.weight
  - Froze policy model parameter: model.vqmodel.encoder.down.1.block.0.norm2.bias
  - Froze policy model parameter: model.vqmodel.encoder.down.1.block.0.conv2.weight
  - Froze policy model parameter: model.vqmodel.encoder.down.1.block.0.conv2.bias
  - Froze policy model parameter: model.vqmodel.encoder.down.1.block.1.norm1.weight
  - Froze policy model parameter: model.vqmodel.encoder.down.1.block.1.norm1.bias
  - Froze policy model parameter: model.vqmodel.encoder.down.1.block.1.conv1.weight
  - Froze policy model parameter: model.vqmodel.encoder.down.1.block.1.conv1.bias
  - Froze policy model parameter: model.vqmodel.encoder.down.1.block.1.norm2.weight
  - Froze policy model parameter: model.vqmodel.encoder.down.1.block.1.norm2.bias
  - Froze policy model parameter: model.vqmodel.encoder.down.1.block.1.conv2.weight
  - Froze policy model parameter: model.vqmodel.encoder.down.1.block.1.conv2.bias
  - Froze policy model parameter: model.vqmodel.encoder.down.1.downsample.conv.weight
  - Froze policy model parameter: model.vqmodel.encoder.down.1.downsample.conv.bias
  - Froze policy model parameter: model.vqmodel.encoder.down.2.block.0.norm1.weight
  - Froze policy model parameter: model.vqmodel.encoder.down.2.block.0.norm1.bias
  - Froze policy model parameter: model.vqmodel.encoder.down.2.block.0.conv1.weight
  - Froze policy model parameter: model.vqmodel.encoder.down.2.block.0.conv1.bias
  - Froze policy model parameter: model.vqmodel.encoder.down.2.block.0.norm2.weight
  - Froze policy model parameter: model.vqmodel.encoder.down.2.block.0.norm2.bias
  - Froze policy model parameter: model.vqmodel.encoder.down.2.block.0.conv2.weight
  - Froze policy model parameter: model.vqmodel.encoder.down.2.block.0.conv2.bias
  - Froze policy model parameter: model.vqmodel.encoder.down.2.block.0.nin_shortcut.weight
  - Froze policy model parameter: model.vqmodel.encoder.down.2.block.0.nin_shortcut.bias
  - Froze policy model parameter: model.vqmodel.encoder.down.2.block.1.norm1.weight
  - Froze policy model parameter: model.vqmodel.encoder.down.2.block.1.norm1.bias
  - Froze policy model parameter: model.vqmodel.encoder.down.2.block.1.conv1.weight
  - Froze policy model parameter: model.vqmodel.encoder.down.2.block.1.conv1.bias
  - Froze policy model parameter: model.vqmodel.encoder.down.2.block.1.norm2.weight
  - Froze policy model parameter: model.vqmodel.encoder.down.2.block.1.norm2.bias
  - Froze policy model parameter: model.vqmodel.encoder.down.2.block.1.conv2.weight
  - Froze policy model parameter: model.vqmodel.encoder.down.2.block.1.conv2.bias
  - Froze policy model parameter: model.vqmodel.encoder.down.2.downsample.conv.weight
  - Froze policy model parameter: model.vqmodel.encoder.down.2.downsample.conv.bias
  - Froze policy model parameter: model.vqmodel.encoder.down.3.block.0.norm1.weight
  - Froze policy model parameter: model.vqmodel.encoder.down.3.block.0.norm1.bias
  - Froze policy model parameter: model.vqmodel.encoder.down.3.block.0.conv1.weight
  - Froze policy model parameter: model.vqmodel.encoder.down.3.block.0.conv1.bias
  - Froze policy model parameter: model.vqmodel.encoder.down.3.block.0.norm2.weight
  - Froze policy model parameter: model.vqmodel.encoder.down.3.block.0.norm2.bias
  - Froze policy model parameter: model.vqmodel.encoder.down.3.block.0.conv2.weight
  - Froze policy model parameter: model.vqmodel.encoder.down.3.block.0.conv2.bias
  - Froze policy model parameter: model.vqmodel.encoder.down.3.block.1.norm1.weight
  - Froze policy model parameter: model.vqmodel.encoder.down.3.block.1.norm1.bias
  - Froze policy model parameter: model.vqmodel.encoder.down.3.block.1.conv1.weight
  - Froze policy model parameter: model.vqmodel.encoder.down.3.block.1.conv1.bias
  - Froze policy model parameter: model.vqmodel.encoder.down.3.block.1.norm2.weight
  - Froze policy model parameter: model.vqmodel.encoder.down.3.block.1.norm2.bias
  - Froze policy model parameter: model.vqmodel.encoder.down.3.block.1.conv2.weight
  - Froze policy model parameter: model.vqmodel.encoder.down.3.block.1.conv2.bias
  - Froze policy model parameter: model.vqmodel.encoder.down.3.downsample.conv.weight
  - Froze policy model parameter: model.vqmodel.encoder.down.3.downsample.conv.bias
  - Froze policy model parameter: model.vqmodel.encoder.down.4.block.0.norm1.weight
  - Froze policy model parameter: model.vqmodel.encoder.down.4.block.0.norm1.bias
  - Froze policy model parameter: model.vqmodel.encoder.down.4.block.0.conv1.weight
  - Froze policy model parameter: model.vqmodel.encoder.down.4.block.0.conv1.bias
  - Froze policy model parameter: model.vqmodel.encoder.down.4.block.0.norm2.weight
  - Froze policy model parameter: model.vqmodel.encoder.down.4.block.0.norm2.bias
  - Froze policy model parameter: model.vqmodel.encoder.down.4.block.0.conv2.weight
  - Froze policy model parameter: model.vqmodel.encoder.down.4.block.0.conv2.bias
  - Froze policy model parameter: model.vqmodel.encoder.down.4.block.0.nin_shortcut.weight
  - Froze policy model parameter: model.vqmodel.encoder.down.4.block.0.nin_shortcut.bias
  - Froze policy model parameter: model.vqmodel.encoder.down.4.block.1.norm1.weight
  - Froze policy model parameter: model.vqmodel.encoder.down.4.block.1.norm1.bias
  - Froze policy model parameter: model.vqmodel.encoder.down.4.block.1.conv1.weight
  - Froze policy model parameter: model.vqmodel.encoder.down.4.block.1.conv1.bias
  - Froze policy model parameter: model.vqmodel.encoder.down.4.block.1.norm2.weight
  - Froze policy model parameter: model.vqmodel.encoder.down.4.block.1.norm2.bias
  - Froze policy model parameter: model.vqmodel.encoder.down.4.block.1.conv2.weight
  - Froze policy model parameter: model.vqmodel.encoder.down.4.block.1.conv2.bias
  - Froze policy model parameter: model.vqmodel.encoder.mid.block_1.norm1.weight
  - Froze policy model parameter: model.vqmodel.encoder.mid.block_1.norm1.bias
  - Froze policy model parameter: model.vqmodel.encoder.mid.block_1.conv1.weight
  - Froze policy model parameter: model.vqmodel.encoder.mid.block_1.conv1.bias
  - Froze policy model parameter: model.vqmodel.encoder.mid.block_1.norm2.weight
  - Froze policy model parameter: model.vqmodel.encoder.mid.block_1.norm2.bias
  - Froze policy model parameter: model.vqmodel.encoder.mid.block_1.conv2.weight
  - Froze policy model parameter: model.vqmodel.encoder.mid.block_1.conv2.bias
  - Froze policy model parameter: model.vqmodel.encoder.mid.attn_1.norm.weight
  - Froze policy model parameter: model.vqmodel.encoder.mid.attn_1.norm.bias
  - Froze policy model parameter: model.vqmodel.encoder.mid.attn_1.q.weight
  - Froze policy model parameter: model.vqmodel.encoder.mid.attn_1.q.bias
  - Froze policy model parameter: model.vqmodel.encoder.mid.attn_1.k.weight
  - Froze policy model parameter: model.vqmodel.encoder.mid.attn_1.k.bias
  - Froze policy model parameter: model.vqmodel.encoder.mid.attn_1.v.weight
  - Froze policy model parameter: model.vqmodel.encoder.mid.attn_1.v.bias
  - Froze policy model parameter: model.vqmodel.encoder.mid.attn_1.proj_out.weight
  - Froze policy model parameter: model.vqmodel.encoder.mid.attn_1.proj_out.bias
  - Froze policy model parameter: model.vqmodel.encoder.mid.block_2.norm1.weight
  - Froze policy model parameter: model.vqmodel.encoder.mid.block_2.norm1.bias
  - Froze policy model parameter: model.vqmodel.encoder.mid.block_2.conv1.weight
  - Froze policy model parameter: model.vqmodel.encoder.mid.block_2.conv1.bias
  - Froze policy model parameter: model.vqmodel.encoder.mid.block_2.norm2.weight
  - Froze policy model parameter: model.vqmodel.encoder.mid.block_2.norm2.bias
  - Froze policy model parameter: model.vqmodel.encoder.mid.block_2.conv2.weight
  - Froze policy model parameter: model.vqmodel.encoder.mid.block_2.conv2.bias
  - Froze policy model parameter: model.vqmodel.encoder.norm_out.weight
  - Froze policy model parameter: model.vqmodel.encoder.norm_out.bias
  - Froze policy model parameter: model.vqmodel.encoder.conv_out.weight
  - Froze policy model parameter: model.vqmodel.encoder.conv_out.bias
  - Froze policy model parameter: model.vqmodel.decoder.conv_in.weight
  - Froze policy model parameter: model.vqmodel.decoder.conv_in.bias
  - Froze policy model parameter: model.vqmodel.decoder.mid.block_1.norm1.weight
  - Froze policy model parameter: model.vqmodel.decoder.mid.block_1.norm1.bias
  - Froze policy model parameter: model.vqmodel.decoder.mid.block_1.conv1.weight
  - Froze policy model parameter: model.vqmodel.decoder.mid.block_1.conv1.bias
  - Froze policy model parameter: model.vqmodel.decoder.mid.block_1.norm2.weight
  - Froze policy model parameter: model.vqmodel.decoder.mid.block_1.norm2.bias
  - Froze policy model parameter: model.vqmodel.decoder.mid.block_1.conv2.weight
  - Froze policy model parameter: model.vqmodel.decoder.mid.block_1.conv2.bias
  - Froze policy model parameter: model.vqmodel.decoder.mid.attn_1.norm.weight
  - Froze policy model parameter: model.vqmodel.decoder.mid.attn_1.norm.bias
  - Froze policy model parameter: model.vqmodel.decoder.mid.attn_1.q.weight
  - Froze policy model parameter: model.vqmodel.decoder.mid.attn_1.q.bias
  - Froze policy model parameter: model.vqmodel.decoder.mid.attn_1.k.weight
  - Froze policy model parameter: model.vqmodel.decoder.mid.attn_1.k.bias
  - Froze policy model parameter: model.vqmodel.decoder.mid.attn_1.v.weight
  - Froze policy model parameter: model.vqmodel.decoder.mid.attn_1.v.bias
  - Froze policy model parameter: model.vqmodel.decoder.mid.attn_1.proj_out.weight
  - Froze policy model parameter: model.vqmodel.decoder.mid.attn_1.proj_out.bias
  - Froze policy model parameter: model.vqmodel.decoder.mid.block_2.norm1.weight
  - Froze policy model parameter: model.vqmodel.decoder.mid.block_2.norm1.bias
  - Froze policy model parameter: model.vqmodel.decoder.mid.block_2.conv1.weight
  - Froze policy model parameter: model.vqmodel.decoder.mid.block_2.conv1.bias
  - Froze policy model parameter: model.vqmodel.decoder.mid.block_2.norm2.weight
  - Froze policy model parameter: model.vqmodel.decoder.mid.block_2.norm2.bias
  - Froze policy model parameter: model.vqmodel.decoder.mid.block_2.conv2.weight
  - Froze policy model parameter: model.vqmodel.decoder.mid.block_2.conv2.bias
  - Froze policy model parameter: model.vqmodel.decoder.up.0.block.0.norm1.weight
  - Froze policy model parameter: model.vqmodel.decoder.up.0.block.0.norm1.bias
  - Froze policy model parameter: model.vqmodel.decoder.up.0.block.0.conv1.weight
  - Froze policy model parameter: model.vqmodel.decoder.up.0.block.0.conv1.bias
  - Froze policy model parameter: model.vqmodel.decoder.up.0.block.0.norm2.weight
  - Froze policy model parameter: model.vqmodel.decoder.up.0.block.0.norm2.bias
  - Froze policy model parameter: model.vqmodel.decoder.up.0.block.0.conv2.weight
  - Froze policy model parameter: model.vqmodel.decoder.up.0.block.0.conv2.bias
  - Froze policy model parameter: model.vqmodel.decoder.up.0.block.1.norm1.weight
  - Froze policy model parameter: model.vqmodel.decoder.up.0.block.1.norm1.bias
  - Froze policy model parameter: model.vqmodel.decoder.up.0.block.1.conv1.weight
  - Froze policy model parameter: model.vqmodel.decoder.up.0.block.1.conv1.bias
  - Froze policy model parameter: model.vqmodel.decoder.up.0.block.1.norm2.weight
  - Froze policy model parameter: model.vqmodel.decoder.up.0.block.1.norm2.bias
  - Froze policy model parameter: model.vqmodel.decoder.up.0.block.1.conv2.weight
  - Froze policy model parameter: model.vqmodel.decoder.up.0.block.1.conv2.bias
  - Froze policy model parameter: model.vqmodel.decoder.up.0.block.2.norm1.weight
  - Froze policy model parameter: model.vqmodel.decoder.up.0.block.2.norm1.bias
  - Froze policy model parameter: model.vqmodel.decoder.up.0.block.2.conv1.weight
  - Froze policy model parameter: model.vqmodel.decoder.up.0.block.2.conv1.bias
  - Froze policy model parameter: model.vqmodel.decoder.up.0.block.2.norm2.weight
  - Froze policy model parameter: model.vqmodel.decoder.up.0.block.2.norm2.bias
  - Froze policy model parameter: model.vqmodel.decoder.up.0.block.2.conv2.weight
  - Froze policy model parameter: model.vqmodel.decoder.up.0.block.2.conv2.bias
  - Froze policy model parameter: model.vqmodel.decoder.up.1.block.0.norm1.weight
  - Froze policy model parameter: model.vqmodel.decoder.up.1.block.0.norm1.bias
  - Froze policy model parameter: model.vqmodel.decoder.up.1.block.0.conv1.weight
  - Froze policy model parameter: model.vqmodel.decoder.up.1.block.0.conv1.bias
  - Froze policy model parameter: model.vqmodel.decoder.up.1.block.0.norm2.weight
  - Froze policy model parameter: model.vqmodel.decoder.up.1.block.0.norm2.bias
  - Froze policy model parameter: model.vqmodel.decoder.up.1.block.0.conv2.weight
  - Froze policy model parameter: model.vqmodel.decoder.up.1.block.0.conv2.bias
  - Froze policy model parameter: model.vqmodel.decoder.up.1.block.0.nin_shortcut.weight
  - Froze policy model parameter: model.vqmodel.decoder.up.1.block.0.nin_shortcut.bias
  - Froze policy model parameter: model.vqmodel.decoder.up.1.block.1.norm1.weight
  - Froze policy model parameter: model.vqmodel.decoder.up.1.block.1.norm1.bias
  - Froze policy model parameter: model.vqmodel.decoder.up.1.block.1.conv1.weight
  - Froze policy model parameter: model.vqmodel.decoder.up.1.block.1.conv1.bias
  - Froze policy model parameter: model.vqmodel.decoder.up.1.block.1.norm2.weight
  - Froze policy model parameter: model.vqmodel.decoder.up.1.block.1.norm2.bias
  - Froze policy model parameter: model.vqmodel.decoder.up.1.block.1.conv2.weight
  - Froze policy model parameter: model.vqmodel.decoder.up.1.block.1.conv2.bias
  - Froze policy model parameter: model.vqmodel.decoder.up.1.block.2.norm1.weight
  - Froze policy model parameter: model.vqmodel.decoder.up.1.block.2.norm1.bias
  - Froze policy model parameter: model.vqmodel.decoder.up.1.block.2.conv1.weight
  - Froze policy model parameter: model.vqmodel.decoder.up.1.block.2.conv1.bias
  - Froze policy model parameter: model.vqmodel.decoder.up.1.block.2.norm2.weight
  - Froze policy model parameter: model.vqmodel.decoder.up.1.block.2.norm2.bias
  - Froze policy model parameter: model.vqmodel.decoder.up.1.block.2.conv2.weight
  - Froze policy model parameter: model.vqmodel.decoder.up.1.block.2.conv2.bias
  - Froze policy model parameter: model.vqmodel.decoder.up.1.upsample.conv.weight
  - Froze policy model parameter: model.vqmodel.decoder.up.1.upsample.conv.bias
  - Froze policy model parameter: model.vqmodel.decoder.up.2.block.0.norm1.weight
  - Froze policy model parameter: model.vqmodel.decoder.up.2.block.0.norm1.bias
  - Froze policy model parameter: model.vqmodel.decoder.up.2.block.0.conv1.weight
  - Froze policy model parameter: model.vqmodel.decoder.up.2.block.0.conv1.bias
  - Froze policy model parameter: model.vqmodel.decoder.up.2.block.0.norm2.weight
  - Froze policy model parameter: model.vqmodel.decoder.up.2.block.0.norm2.bias
  - Froze policy model parameter: model.vqmodel.decoder.up.2.block.0.conv2.weight
  - Froze policy model parameter: model.vqmodel.decoder.up.2.block.0.conv2.bias
  - Froze policy model parameter: model.vqmodel.decoder.up.2.block.1.norm1.weight
  - Froze policy model parameter: model.vqmodel.decoder.up.2.block.1.norm1.bias
  - Froze policy model parameter: model.vqmodel.decoder.up.2.block.1.conv1.weight
  - Froze policy model parameter: model.vqmodel.decoder.up.2.block.1.conv1.bias
  - Froze policy model parameter: model.vqmodel.decoder.up.2.block.1.norm2.weight
  - Froze policy model parameter: model.vqmodel.decoder.up.2.block.1.norm2.bias
  - Froze policy model parameter: model.vqmodel.decoder.up.2.block.1.conv2.weight
  - Froze policy model parameter: model.vqmodel.decoder.up.2.block.1.conv2.bias
  - Froze policy model parameter: model.vqmodel.decoder.up.2.block.2.norm1.weight
  - Froze policy model parameter: model.vqmodel.decoder.up.2.block.2.norm1.bias
  - Froze policy model parameter: model.vqmodel.decoder.up.2.block.2.conv1.weight
  - Froze policy model parameter: model.vqmodel.decoder.up.2.block.2.conv1.bias
  - Froze policy model parameter: model.vqmodel.decoder.up.2.block.2.norm2.weight
  - Froze policy model parameter: model.vqmodel.decoder.up.2.block.2.norm2.bias
  - Froze policy model parameter: model.vqmodel.decoder.up.2.block.2.conv2.weight
  - Froze policy model parameter: model.vqmodel.decoder.up.2.block.2.conv2.bias
  - Froze policy model parameter: model.vqmodel.decoder.up.2.upsample.conv.weight
  - Froze policy model parameter: model.vqmodel.decoder.up.2.upsample.conv.bias
  - Froze policy model parameter: model.vqmodel.decoder.up.3.block.0.norm1.weight
  - Froze policy model parameter: model.vqmodel.decoder.up.3.block.0.norm1.bias
  - Froze policy model parameter: model.vqmodel.decoder.up.3.block.0.conv1.weight
  - Froze policy model parameter: model.vqmodel.decoder.up.3.block.0.conv1.bias
  - Froze policy model parameter: model.vqmodel.decoder.up.3.block.0.norm2.weight
  - Froze policy model parameter: model.vqmodel.decoder.up.3.block.0.norm2.bias
  - Froze policy model parameter: model.vqmodel.decoder.up.3.block.0.conv2.weight
  - Froze policy model parameter: model.vqmodel.decoder.up.3.block.0.conv2.bias
  - Froze policy model parameter: model.vqmodel.decoder.up.3.block.0.nin_shortcut.weight
  - Froze policy model parameter: model.vqmodel.decoder.up.3.block.0.nin_shortcut.bias
  - Froze policy model parameter: model.vqmodel.decoder.up.3.block.1.norm1.weight
  - Froze policy model parameter: model.vqmodel.decoder.up.3.block.1.norm1.bias
  - Froze policy model parameter: model.vqmodel.decoder.up.3.block.1.conv1.weight
  - Froze policy model parameter: model.vqmodel.decoder.up.3.block.1.conv1.bias
  - Froze policy model parameter: model.vqmodel.decoder.up.3.block.1.norm2.weight
  - Froze policy model parameter: model.vqmodel.decoder.up.3.block.1.norm2.bias
  - Froze policy model parameter: model.vqmodel.decoder.up.3.block.1.conv2.weight
  - Froze policy model parameter: model.vqmodel.decoder.up.3.block.1.conv2.bias
  - Froze policy model parameter: model.vqmodel.decoder.up.3.block.2.norm1.weight
  - Froze policy model parameter: model.vqmodel.decoder.up.3.block.2.norm1.bias
  - Froze policy model parameter: model.vqmodel.decoder.up.3.block.2.conv1.weight
  - Froze policy model parameter: model.vqmodel.decoder.up.3.block.2.conv1.bias
  - Froze policy model parameter: model.vqmodel.decoder.up.3.block.2.norm2.weight
  - Froze policy model parameter: model.vqmodel.decoder.up.3.block.2.norm2.bias
  - Froze policy model parameter: model.vqmodel.decoder.up.3.block.2.conv2.weight
  - Froze policy model parameter: model.vqmodel.decoder.up.3.block.2.conv2.bias
  - Froze policy model parameter: model.vqmodel.decoder.up.3.upsample.conv.weight
  - Froze policy model parameter: model.vqmodel.decoder.up.3.upsample.conv.bias
  - Froze policy model parameter: model.vqmodel.decoder.up.4.block.0.norm1.weight
  - Froze policy model parameter: model.vqmodel.decoder.up.4.block.0.norm1.bias
  - Froze policy model parameter: model.vqmodel.decoder.up.4.block.0.conv1.weight
  - Froze policy model parameter: model.vqmodel.decoder.up.4.block.0.conv1.bias
  - Froze policy model parameter: model.vqmodel.decoder.up.4.block.0.norm2.weight
  - Froze policy model parameter: model.vqmodel.decoder.up.4.block.0.norm2.bias
  - Froze policy model parameter: model.vqmodel.decoder.up.4.block.0.conv2.weight
  - Froze policy model parameter: model.vqmodel.decoder.up.4.block.0.conv2.bias
  - Froze policy model parameter: model.vqmodel.decoder.up.4.block.1.norm1.weight
  - Froze policy model parameter: model.vqmodel.decoder.up.4.block.1.norm1.bias
  - Froze policy model parameter: model.vqmodel.decoder.up.4.block.1.conv1.weight
  - Froze policy model parameter: model.vqmodel.decoder.up.4.block.1.conv1.bias
  - Froze policy model parameter: model.vqmodel.decoder.up.4.block.1.norm2.weight
  - Froze policy model parameter: model.vqmodel.decoder.up.4.block.1.norm2.bias
  - Froze policy model parameter: model.vqmodel.decoder.up.4.block.1.conv2.weight
  - Froze policy model parameter: model.vqmodel.decoder.up.4.block.1.conv2.bias
  - Froze policy model parameter: model.vqmodel.decoder.up.4.block.2.norm1.weight
  - Froze policy model parameter: model.vqmodel.decoder.up.4.block.2.norm1.bias
  - Froze policy model parameter: model.vqmodel.decoder.up.4.block.2.conv1.weight
  - Froze policy model parameter: model.vqmodel.decoder.up.4.block.2.conv1.bias
  - Froze policy model parameter: model.vqmodel.decoder.up.4.block.2.norm2.weight
  - Froze policy model parameter: model.vqmodel.decoder.up.4.block.2.norm2.bias
  - Froze policy model parameter: model.vqmodel.decoder.up.4.block.2.conv2.weight
  - Froze policy model parameter: model.vqmodel.decoder.up.4.block.2.conv2.bias
  - Froze policy model parameter: model.vqmodel.decoder.up.4.upsample.conv.weight
  - Froze policy model parameter: model.vqmodel.decoder.up.4.upsample.conv.bias
  - Froze policy model parameter: model.vqmodel.decoder.norm_out.weight
  - Froze policy model parameter: model.vqmodel.decoder.norm_out.bias
  - Froze policy model parameter: model.vqmodel.decoder.conv_out.weight
  - Froze policy model parameter: model.vqmodel.decoder.conv_out.bias
  - Froze policy model parameter: model.vqmodel.quantize.embedding.weight
  - Froze policy model parameter: model.vqmodel.quant_conv.weight
  - Froze policy model parameter: model.vqmodel.quant_conv.bias
  - Froze policy model parameter: model.vqmodel.post_quant_conv.weight
  - Froze policy model parameter: model.vqmodel.post_quant_conv.bias
  - Froze policy model parameter: mlp_head.time_embed.mlp.0.weight
  - Froze policy model parameter: mlp_head.time_embed.mlp.0.bias
  - Froze policy model parameter: mlp_head.time_embed.mlp.2.weight
  - Froze policy model parameter: mlp_head.time_embed.mlp.2.bias
  - Froze policy model parameter: mlp_head.cond_embed.weight
  - Froze policy model parameter: mlp_head.cond_embed.bias
  - Froze policy model parameter: mlp_head.input_proj.weight
  - Froze policy model parameter: mlp_head.input_proj.bias
  - Froze policy model parameter: mlp_head.res_blocks.0.in_ln.weight
  - Froze policy model parameter: mlp_head.res_blocks.0.in_ln.bias
  - Froze policy model parameter: mlp_head.res_blocks.0.mlp.0.weight
  - Froze policy model parameter: mlp_head.res_blocks.0.mlp.0.bias
  - Froze policy model parameter: mlp_head.res_blocks.0.mlp.2.weight
  - Froze policy model parameter: mlp_head.res_blocks.0.mlp.2.bias
  - Froze policy model parameter: mlp_head.res_blocks.0.adaLN_modulation.1.weight
  - Froze policy model parameter: mlp_head.res_blocks.0.adaLN_modulation.1.bias
  - Froze policy model parameter: mlp_head.res_blocks.1.in_ln.weight
  - Froze policy model parameter: mlp_head.res_blocks.1.in_ln.bias
  - Froze policy model parameter: mlp_head.res_blocks.1.mlp.0.weight
  - Froze policy model parameter: mlp_head.res_blocks.1.mlp.0.bias
  - Froze policy model parameter: mlp_head.res_blocks.1.mlp.2.weight
  - Froze policy model parameter: mlp_head.res_blocks.1.mlp.2.bias
  - Froze policy model parameter: mlp_head.res_blocks.1.adaLN_modulation.1.weight
  - Froze policy model parameter: mlp_head.res_blocks.1.adaLN_modulation.1.bias
  - Froze policy model parameter: mlp_head.res_blocks.2.in_ln.weight
  - Froze policy model parameter: mlp_head.res_blocks.2.in_ln.bias
  - Froze policy model parameter: mlp_head.res_blocks.2.mlp.0.weight
  - Froze policy model parameter: mlp_head.res_blocks.2.mlp.0.bias
  - Froze policy model parameter: mlp_head.res_blocks.2.mlp.2.weight
  - Froze policy model parameter: mlp_head.res_blocks.2.mlp.2.bias
  - Froze policy model parameter: mlp_head.res_blocks.2.adaLN_modulation.1.weight
  - Froze policy model parameter: mlp_head.res_blocks.2.adaLN_modulation.1.bias
  - Froze policy model parameter: mlp_head.final_layer.linear.weight
  - Froze policy model parameter: mlp_head.final_layer.linear.bias
  - Froze policy model parameter: mlp_head.final_layer.adaLN_modulation.1.weight
  - Froze policy model parameter: mlp_head.final_layer.adaLN_modulation.1.bias
Model parts frozen.
Loaded 2 reward functions: ['answer_correctness_reward', 'format_reward']
Trainer initialized.
--- [Step 3/3] Starting GRPO training... ---
[rank7]:W1028 04:24:19.590000 317107 site-packages/torch/utils/cpp_extension.py:2425] TORCH_CUDA_ARCH_LIST is not set, all archs for visible cards are included for compilation. 
[rank7]:W1028 04:24:19.590000 317107 site-packages/torch/utils/cpp_extension.py:2425] If this is not desired, please set os.environ['TORCH_CUDA_ARCH_LIST'] to specific architectures.
[rank5]:W1028 04:24:19.604000 317105 site-packages/torch/utils/cpp_extension.py:2425] TORCH_CUDA_ARCH_LIST is not set, all archs for visible cards are included for compilation. 
[rank5]:W1028 04:24:19.604000 317105 site-packages/torch/utils/cpp_extension.py:2425] If this is not desired, please set os.environ['TORCH_CUDA_ARCH_LIST'] to specific architectures.
[rank0]:W1028 04:24:19.678000 317100 site-packages/torch/utils/cpp_extension.py:2425] TORCH_CUDA_ARCH_LIST is not set, all archs for visible cards are included for compilation. 
[rank0]:W1028 04:24:19.678000 317100 site-packages/torch/utils/cpp_extension.py:2425] If this is not desired, please set os.environ['TORCH_CUDA_ARCH_LIST'] to specific architectures.
[rank4]:W1028 04:24:19.697000 317104 site-packages/torch/utils/cpp_extension.py:2425] TORCH_CUDA_ARCH_LIST is not set, all archs for visible cards are included for compilation. 
[rank4]:W1028 04:24:19.697000 317104 site-packages/torch/utils/cpp_extension.py:2425] If this is not desired, please set os.environ['TORCH_CUDA_ARCH_LIST'] to specific architectures.
[rank6]:W1028 04:24:19.842000 317106 site-packages/torch/utils/cpp_extension.py:2425] TORCH_CUDA_ARCH_LIST is not set, all archs for visible cards are included for compilation. 
[rank6]:W1028 04:24:19.842000 317106 site-packages/torch/utils/cpp_extension.py:2425] If this is not desired, please set os.environ['TORCH_CUDA_ARCH_LIST'] to specific architectures.
[rank1]:W1028 04:24:20.045000 317101 site-packages/torch/utils/cpp_extension.py:2425] TORCH_CUDA_ARCH_LIST is not set, all archs for visible cards are included for compilation. 
[rank1]:W1028 04:24:20.045000 317101 site-packages/torch/utils/cpp_extension.py:2425] If this is not desired, please set os.environ['TORCH_CUDA_ARCH_LIST'] to specific architectures.
[rank2]:W1028 04:24:20.828000 317102 site-packages/torch/utils/cpp_extension.py:2425] TORCH_CUDA_ARCH_LIST is not set, all archs for visible cards are included for compilation. 
[rank2]:W1028 04:24:20.828000 317102 site-packages/torch/utils/cpp_extension.py:2425] If this is not desired, please set os.environ['TORCH_CUDA_ARCH_LIST'] to specific architectures.
multimodal_generation_mode text-only
Setting `pad_token_id` to `eos_token_id`:2 for open-end generation.
multimodal_generation_mode text-only
Setting `pad_token_id` to `eos_token_id`:2 for open-end generation.
multimodal_generation_mode text-only
Setting `pad_token_id` to `eos_token_id`:2 for open-end generation.
multimodal_generation_mode text-only
Setting `pad_token_id` to `eos_token_id`:2 for open-end generation.
multimodal_generation_mode text-only
Setting `pad_token_id` to `eos_token_id`:2 for open-end generation.
multimodal_generation_mode text-only
Setting `pad_token_id` to `eos_token_id`:2 for open-end generation.
multimodal_generation_mode text-only
Setting `pad_token_id` to `eos_token_id`:2 for open-end generation.
multimodal_generation_mode text-only
Setting `pad_token_id` to `eos_token_id`:2 for open-end generation.
multimodal_generation_mode text-only
Setting `pad_token_id` to `eos_token_id`:2 for open-end generation.
wandb: Currently logged in as: xjy110156 (xjy110156-) to https://api.wandb.ai. Use `wandb login --relogin` to force relogin
multimodal_generation_mode text-only
Setting `pad_token_id` to `eos_token_id`:2 for open-end generation.
wandb: creating run
wandb: Tracking run with wandb version 0.22.0
wandb: Run data is saved locally in /data1/oujingfeng/project/twgi/Orthus/train/grpo/wandb/run-20251028_042456-c67by5hh
wandb: Run `wandb offline` to turn off syncing.
wandb: Syncing run orthus-7b-grpo-geneval-v1
wandb: ⭐️ View project at https://wandb.ai/xjy110156-/orthus-grpo-project
wandb: 🚀 View run at https://wandb.ai/xjy110156-/orthus-grpo-project/runs/c67by5hh
multimodal_generation_mode text-only
Setting `pad_token_id` to `eos_token_id`:2 for open-end generation.
wandb: WARNING Serializing object of type dict that is 1922480 bytes
  0%|          | 0/2000 [00:00<?, ?it/s]multimodal_generation_mode text-only
Setting `pad_token_id` to `eos_token_id`:2 for open-end generation.
multimodal_generation_mode text-only
Setting `pad_token_id` to `eos_token_id`:2 for open-end generation.
multimodal_generation_mode text-only
Setting `pad_token_id` to `eos_token_id`:2 for open-end generation.
multimodal_generation_mode text-only
Setting `pad_token_id` to `eos_token_id`:2 for open-end generation.
multimodal_generation_mode text-only
Setting `pad_token_id` to `eos_token_id`:2 for open-end generation.
                                        {'reward/mean': 0.0, 'reward/std': 0.0, 'policy/advantage_mean': 0.0, 'policy/advantage_std': 0.0, 'loss/pg_loss': 0.0, 'loss/kl_div': -0.3997468013389438, 'epoch': 0}
  0%|          | 0/2000 [00:04<?, ?it/s]Could not estimate the number of tokens of the input, floating-point operations will not be computed
Could not estimate the number of tokens of the input, floating-point operations will not be computed
Could not estimate the number of tokens of the input, floating-point operations will not be computed
Could not estimate the number of tokens of the input, floating-point operations will not be computed
Could not estimate the number of tokens of the input, floating-point operations will not be computed
Could not estimate the number of tokens of the input, floating-point operations will not be computed
Could not estimate the number of tokens of the input, floating-point operations will not be computed
multimodal_generation_mode text-only
multimodal_generation_modeSetting `pad_token_id` to `eos_token_id`:2 for open-end generation.
 text-only
Setting `pad_token_id` to `eos_token_id`:2 for open-end generation.
multimodal_generation_mode text-only
Setting `pad_token_id` to `eos_token_id`:2 for open-end generation.
multimodal_generation_mode text-only
multimodal_generation_modeSetting `pad_token_id` to `eos_token_id`:2 for open-end generation.
 text-only
multimodal_generation_mode text-only
Setting `pad_token_id` to `eos_token_id`:2 for open-end generation.
Setting `pad_token_id` to `eos_token_id`:2 for open-end generation.
multimodal_generation_mode text-only
Setting `pad_token_id` to `eos_token_id`:2 for open-end generation.
Could not estimate the number of tokens of the input, floating-point operations will not be computed
multimodal_generation_mode text-only
Setting `pad_token_id` to `eos_token_id`:2 for open-end generation.
multimodal_generation_mode text-only
Setting `pad_token_id` to `eos_token_id`:2 for open-end generation.
multimodal_generation_mode text-only
Setting `pad_token_id` to `eos_token_id`:2 for open-end generation.
multimodal_generation_mode text-only
Setting `pad_token_id` to `eos_token_id`:2 for open-end generation.
multimodal_generation_mode text-only
Setting `pad_token_id` to `eos_token_id`:2 for open-end generation.
multimodal_generation_mode text-only
Setting `pad_token_id` to `eos_token_id`:2 for open-end generation.
multimodal_generation_mode text-only
Setting `pad_token_id` to `eos_token_id`:2 for open-end generation.
                                        {'reward/mean': 0.0, 'reward/std': 0.0, 'policy/advantage_mean': 0.0, 'policy/advantage_std': 0.0, 'loss/pg_loss': 0.0, 'loss/kl_div': -0.6773131443903997, 'epoch': 0}
  0%|          | 0/2000 [00:18<?, ?it/s]multimodal_generation_mode text-only
Setting `pad_token_id` to `eos_token_id`:2 for open-end generation.
multimodal_generation_mode text-only
Setting `pad_token_id` to `eos_token_id`:2 for open-end generation.
  0%|          | 1/2000 [00:52<29:17:58, 52.77s/it]                                                   {'loss': 0.0, 'grad_norm': 0.0, 'learning_rate': 1e-06, 'epoch': 0.15}
  0%|          | 1/2000 [00:52<29:17:58, 52.77s/it]multimodal_generation_mode text-only
multimodal_generation_mode text-only
Setting `pad_token_id` to `eos_token_id`:2 for open-end generation.
Setting `pad_token_id` to `eos_token_id`:2 for open-end generation.
multimodal_generation_mode text-only
multimodal_generation_mode text-only
Setting `pad_token_id` to `eos_token_id`:2 for open-end generation.
multimodal_generation_modemultimodal_generation_mode text-only
 text-only
multimodal_generation_mode text-only
Setting `pad_token_id` to `eos_token_id`:2 for open-end generation.
Setting `pad_token_id` to `eos_token_id`:2 for open-end generation.
Setting `pad_token_id` to `eos_token_id`:2 for open-end generation.
Setting `pad_token_id` to `eos_token_id`:2 for open-end generation.
multimodal_generation_mode text-only
Setting `pad_token_id` to `eos_token_id`:2 for open-end generation.
multimodal_generation_mode text-only
Setting `pad_token_id` to `eos_token_id`:2 for open-end generation.
multimodal_generation_mode text-only
Setting `pad_token_id` to `eos_token_id`:2 for open-end generation.
multimodal_generation_mode text-only
Setting `pad_token_id` to `eos_token_id`:2 for open-end generation.
multimodal_generation_mode text-only
Setting `pad_token_id` to `eos_token_id`:2 for open-end generation.
multimodal_generation_mode text-only
Setting `pad_token_id` to `eos_token_id`:2 for open-end generation.
multimodal_generation_mode text-only
Setting `pad_token_id` to `eos_token_id`:2 for open-end generation.
multimodal_generation_mode text-only
Setting `pad_token_id` to `eos_token_id`:2 for open-end generation.
multimodal_generation_mode text-only
Setting `pad_token_id` to `eos_token_id`:2 for open-end generation.
                                                   {'reward/mean': 0.0, 'reward/std': 0.0, 'policy/advantage_mean': 0.0, 'policy/advantage_std': 0.0, 'loss/pg_loss': 0.0, 'loss/kl_div': -0.4135645779696378, 'epoch': 0.15}
  0%|          | 1/2000 [00:57<29:17:58, 52.77s/it]multimodal_generation_mode text-only
Setting `pad_token_id` to `eos_token_id`:2 for open-end generation.
multimodal_generation_mode text-only
multimodal_generation_mode text-only
Setting `pad_token_id` to `eos_token_id`:2 for open-end generation.
Setting `pad_token_id` to `eos_token_id`:2 for open-end generation.
multimodal_generation_mode text-only
Setting `pad_token_id` to `eos_token_id`:2 for open-end generation.
multimodal_generation_mode text-only
Setting `pad_token_id` to `eos_token_id`:2 for open-end generation.
multimodal_generation_mode text-only
Setting `pad_token_id` to `eos_token_id`:2 for open-end generation.
multimodal_generation_mode text-only
Setting `pad_token_id` to `eos_token_id`:2 for open-end generation.
multimodal_generation_mode text-only
Setting `pad_token_id` to `eos_token_id`:2 for open-end generation.
multimodal_generation_mode text-only
Setting `pad_token_id` to `eos_token_id`:2 for open-end generation.
multimodal_generation_mode text-only
Setting `pad_token_id` to `eos_token_id`:2 for open-end generation.
multimodal_generation_mode text-only
Setting `pad_token_id` to `eos_token_id`:2 for open-end generation.
multimodal_generation_mode text-only
Setting `pad_token_id` to `eos_token_id`:2 for open-end generation.
multimodal_generation_mode text-only
Setting `pad_token_id` to `eos_token_id`:2 for open-end generation.
multimodal_generation_mode text-only
Setting `pad_token_id` to `eos_token_id`:2 for open-end generation.
multimodal_generation_mode text-only
Setting `pad_token_id` to `eos_token_id`:2 for open-end generation.
multimodal_generation_mode text-only
Setting `pad_token_id` to `eos_token_id`:2 for open-end generation.
                                                   {'reward/mean': 0.0, 'reward/std': 0.0, 'policy/advantage_mean': 0.0, 'policy/advantage_std': 0.0, 'loss/pg_loss': 0.0, 'loss/kl_div': -0.16066989997507994, 'epoch': 0.15}
  0%|          | 1/2000 [01:20<29:17:58, 52.77s/it]  0%|          | 2/2000 [01:44<28:47:39, 51.88s/it]                                                   {'loss': 0.0, 'grad_norm': 0.0, 'learning_rate': 9.995e-07, 'epoch': 0.31}
  0%|          | 2/2000 [01:44<28:47:39, 51.88s/it]multimodal_generation_mode text-only
Setting `pad_token_id` to `eos_token_id`:2 for open-end generation.
multimodal_generation_mode text-only
Setting `pad_token_id` to `eos_token_id`:2 for open-end generation.
multimodal_generation_mode text-only
Setting `pad_token_id` to `eos_token_id`:2 for open-end generation.
multimodal_generation_mode text-only
Setting `pad_token_id` to `eos_token_id`:2 for open-end generation.
multimodal_generation_mode text-only
multimodal_generation_mode text-only
multimodal_generation_mode text-only
Setting `pad_token_id` to `eos_token_id`:2 for open-end generation.
Setting `pad_token_id` to `eos_token_id`:2 for open-end generation.
Setting `pad_token_id` to `eos_token_id`:2 for open-end generation.
multimodal_generation_mode text-only
Setting `pad_token_id` to `eos_token_id`:2 for open-end generation.
multimodal_generation_mode text-only
Setting `pad_token_id` to `eos_token_id`:2 for open-end generation.
multimodal_generation_mode text-only
Setting `pad_token_id` to `eos_token_id`:2 for open-end generation.
multimodal_generation_mode text-only
Setting `pad_token_id` to `eos_token_id`:2 for open-end generation.
multimodal_generation_mode text-only
Setting `pad_token_id` to `eos_token_id`:2 for open-end generation.
multimodal_generation_mode text-only
Setting `pad_token_id` to `eos_token_id`:2 for open-end generation.
multimodal_generation_mode text-only
Setting `pad_token_id` to `eos_token_id`:2 for open-end generation.
multimodal_generation_mode text-only
Setting `pad_token_id` to `eos_token_id`:2 for open-end generation.
multimodal_generation_mode text-only
Setting `pad_token_id` to `eos_token_id`:2 for open-end generation.
                                                   {'reward/mean': 0.0, 'reward/std': 0.0, 'policy/advantage_mean': 0.0, 'policy/advantage_std': 0.0, 'loss/pg_loss': 0.0, 'loss/kl_div': -0.17373804114330774, 'epoch': 0.31}
  0%|          | 2/2000 [01:50<28:47:39, 51.88s/it]multimodal_generation_mode text-only
Setting `pad_token_id` to `eos_token_id`:2 for open-end generation.
multimodal_generation_mode text-only
Setting `pad_token_id` to `eos_token_id`:2 for open-end generation.
multimodal_generation_mode text-only
Setting `pad_token_id` to `eos_token_id`:2 for open-end generation.
multimodal_generation_mode text-only
multimodal_generation_mode text-only
Setting `pad_token_id` to `eos_token_id`:2 for open-end generation.
Setting `pad_token_id` to `eos_token_id`:2 for open-end generation.
multimodal_generation_mode text-only
multimodal_generation_mode text-only
Setting `pad_token_id` to `eos_token_id`:2 for open-end generation.
Setting `pad_token_id` to `eos_token_id`:2 for open-end generation.
multimodal_generation_mode text-only
Setting `pad_token_id` to `eos_token_id`:2 for open-end generation.
multimodal_generation_mode text-only
Setting `pad_token_id` to `eos_token_id`:2 for open-end generation.
multimodal_generation_mode text-only
Setting `pad_token_id` to `eos_token_id`:2 for open-end generation.
multimodal_generation_mode text-only
Setting `pad_token_id` to `eos_token_id`:2 for open-end generation.
multimodal_generation_mode text-only
Setting `pad_token_id` to `eos_token_id`:2 for open-end generation.
multimodal_generation_mode text-only
Setting `pad_token_id` to `eos_token_id`:2 for open-end generation.
multimodal_generation_mode text-only
Setting `pad_token_id` to `eos_token_id`:2 for open-end generation.
multimodal_generation_mode text-only
Setting `pad_token_id` to `eos_token_id`:2 for open-end generation.
multimodal_generation_mode text-only
Setting `pad_token_id` to `eos_token_id`:2 for open-end generation.
                                                   {'reward/mean': 0.0, 'reward/std': 0.0, 'policy/advantage_mean': 0.0, 'policy/advantage_std': 0.0, 'loss/pg_loss': 0.0, 'loss/kl_div': -0.32052498393588597, 'epoch': 0.31}
  0%|          | 2/2000 [02:08<28:47:39, 51.88s/it]  0%|          | 3/2000 [02:32<27:51:01, 50.21s/it]                                                   {'loss': 0.0, 'grad_norm': 0.0, 'learning_rate': 9.989999999999999e-07, 'epoch': 0.46}
  0%|          | 3/2000 [02:32<27:51:01, 50.21s/it]multimodal_generation_mode text-only
Setting `pad_token_id` to `eos_token_id`:2 for open-end generation.
multimodal_generation_mode text-only
multimodal_generation_mode text-only
Setting `pad_token_id` to `eos_token_id`:2 for open-end generation.
Setting `pad_token_id` to `eos_token_id`:2 for open-end generation.
multimodal_generation_mode text-only
multimodal_generation_mode text-only
Setting `pad_token_id` to `eos_token_id`:2 for open-end generation.
multimodal_generation_mode text-only
Setting `pad_token_id` to `eos_token_id`:2 for open-end generation.
Setting `pad_token_id` to `eos_token_id`:2 for open-end generation.
multimodal_generation_mode text-only
Setting `pad_token_id` to `eos_token_id`:2 for open-end generation.
multimodal_generation_mode text-only
Setting `pad_token_id` to `eos_token_id`:2 for open-end generation.
multimodal_generation_mode text-only
Setting `pad_token_id` to `eos_token_id`:2 for open-end generation.
multimodal_generation_mode text-only
Setting `pad_token_id` to `eos_token_id`:2 for open-end generation.
multimodal_generation_mode text-only
Setting `pad_token_id` to `eos_token_id`:2 for open-end generation.
multimodal_generation_mode text-only
Setting `pad_token_id` to `eos_token_id`:2 for open-end generation.
multimodal_generation_mode text-only
Setting `pad_token_id` to `eos_token_id`:2 for open-end generation.
multimodal_generation_mode text-only
Setting `pad_token_id` to `eos_token_id`:2 for open-end generation.
multimodal_generation_mode text-only
Setting `pad_token_id` to `eos_token_id`:2 for open-end generation.
multimodal_generation_mode text-only
Setting `pad_token_id` to `eos_token_id`:2 for open-end generation.
                                                   {'reward/mean': 0.0, 'reward/std': 0.0, 'policy/advantage_mean': 0.0, 'policy/advantage_std': 0.0, 'loss/pg_loss': 0.0, 'loss/kl_div': -0.15746122649884156, 'epoch': 0.46}
  0%|          | 3/2000 [02:44<27:51:01, 50.21s/it]multimodal_generation_mode text-only
Setting `pad_token_id` to `eos_token_id`:2 for open-end generation.
multimodal_generation_mode text-only
Setting `pad_token_id` to `eos_token_id`:2 for open-end generation.
multimodal_generation_mode text-only
Setting `pad_token_id` to `eos_token_id`:2 for open-end generation.
multimodal_generation_mode text-only
Setting `pad_token_id` to `eos_token_id`:2 for open-end generation.
multimodal_generation_mode text-only
multimodal_generation_modemultimodal_generation_mode text-only
 text-only
Setting `pad_token_id` to `eos_token_id`:2 for open-end generation.
Setting `pad_token_id` to `eos_token_id`:2 for open-end generation.
Setting `pad_token_id` to `eos_token_id`:2 for open-end generation.
multimodal_generation_mode text-only
Setting `pad_token_id` to `eos_token_id`:2 for open-end generation.
multimodal_generation_mode text-only
Setting `pad_token_id` to `eos_token_id`:2 for open-end generation.
multimodal_generation_mode text-only
Setting `pad_token_id` to `eos_token_id`:2 for open-end generation.
multimodal_generation_mode text-only
Setting `pad_token_id` to `eos_token_id`:2 for open-end generation.
multimodal_generation_mode text-only
Setting `pad_token_id` to `eos_token_id`:2 for open-end generation.
multimodal_generation_mode text-only
Setting `pad_token_id` to `eos_token_id`:2 for open-end generation.
multimodal_generation_mode text-only
Setting `pad_token_id` to `eos_token_id`:2 for open-end generation.
multimodal_generation_mode text-only
Setting `pad_token_id` to `eos_token_id`:2 for open-end generation.
multimodal_generation_mode text-only
Setting `pad_token_id` to `eos_token_id`:2 for open-end generation.
                                                   {'reward/mean': 0.0, 'reward/std': 0.0, 'policy/advantage_mean': 0.0, 'policy/advantage_std': 0.0, 'loss/pg_loss': 0.0, 'loss/kl_div': -0.07793949319304322, 'epoch': 0.46}
  0%|          | 3/2000 [02:56<27:51:01, 50.21s/it]  0%|          | 4/2000 [03:17<26:49:51, 48.39s/it]                                                   {'loss': 0.0, 'grad_norm': 0.0, 'learning_rate': 9.985e-07, 'epoch': 0.62}
  0%|          | 4/2000 [03:17<26:49:51, 48.39s/it]multimodal_generation_mode text-only
Setting `pad_token_id` to `eos_token_id`:2 for open-end generation.
multimodal_generation_mode text-only
Setting `pad_token_id` to `eos_token_id`:2 for open-end generation.
multimodal_generation_modemultimodal_generation_mode  text-onlytext-only

multimodal_generation_mode text-only
multimodal_generation_mode text-only
Setting `pad_token_id` to `eos_token_id`:2 for open-end generation.
Setting `pad_token_id` to `eos_token_id`:2 for open-end generation.
Setting `pad_token_id` to `eos_token_id`:2 for open-end generation.
Setting `pad_token_id` to `eos_token_id`:2 for open-end generation.
multimodal_generation_mode text-only
Setting `pad_token_id` to `eos_token_id`:2 for open-end generation.
multimodal_generation_mode text-only
Setting `pad_token_id` to `eos_token_id`:2 for open-end generation.
multimodal_generation_mode text-only
Setting `pad_token_id` to `eos_token_id`:2 for open-end generation.
multimodal_generation_mode text-only
Setting `pad_token_id` to `eos_token_id`:2 for open-end generation.
multimodal_generation_mode text-only
Setting `pad_token_id` to `eos_token_id`:2 for open-end generation.
multimodal_generation_mode text-only
Setting `pad_token_id` to `eos_token_id`:2 for open-end generation.
multimodal_generation_mode text-only
Setting `pad_token_id` to `eos_token_id`:2 for open-end generation.
multimodal_generation_mode text-only
Setting `pad_token_id` to `eos_token_id`:2 for open-end generation.
                                                   {'reward/mean': 0.0, 'reward/std': 0.0, 'policy/advantage_mean': 0.0, 'policy/advantage_std': 0.0, 'loss/pg_loss': 0.0, 'loss/kl_div': -0.1697702926138173, 'epoch': 0.62}
  0%|          | 4/2000 [03:24<26:49:51, 48.39s/it]multimodal_generation_mode text-only
Setting `pad_token_id` to `eos_token_id`:2 for open-end generation.
multimodal_generation_mode text-only
Setting `pad_token_id` to `eos_token_id`:2 for open-end generation.
multimodal_generation_mode text-only
Setting `pad_token_id` to `eos_token_id`:2 for open-end generation.
multimodal_generation_mode text-only
multimodal_generation_mode text-only
Setting `pad_token_id` to `eos_token_id`:2 for open-end generation.
Setting `pad_token_id` to `eos_token_id`:2 for open-end generation.
multimodal_generation_mode text-only
Setting `pad_token_id` to `eos_token_id`:2 for open-end generation.
multimodal_generation_mode text-only
Setting `pad_token_id` to `eos_token_id`:2 for open-end generation.
multimodal_generation_mode text-only
Setting `pad_token_id` to `eos_token_id`:2 for open-end generation.
multimodal_generation_mode text-only
Setting `pad_token_id` to `eos_token_id`:2 for open-end generation.
multimodal_generation_mode text-only
Setting `pad_token_id` to `eos_token_id`:2 for open-end generation.
multimodal_generation_mode text-only
Setting `pad_token_id` to `eos_token_id`:2 for open-end generation.
multimodal_generation_mode text-only
Setting `pad_token_id` to `eos_token_id`:2 for open-end generation.
multimodal_generation_mode text-only
Setting `pad_token_id` to `eos_token_id`:2 for open-end generation.
multimodal_generation_mode text-only
Setting `pad_token_id` to `eos_token_id`:2 for open-end generation.
multimodal_generation_mode text-only
Setting `pad_token_id` to `eos_token_id`:2 for open-end generation.
multimodal_generation_mode text-only
Setting `pad_token_id` to `eos_token_id`:2 for open-end generation.
multimodal_generation_mode text-only
Setting `pad_token_id` to `eos_token_id`:2 for open-end generation.
multimodal_generation_mode text-only
Setting `pad_token_id` to `eos_token_id`:2 for open-end generation.
                                                   {'reward/mean': 0.0, 'reward/std': 0.0, 'policy/advantage_mean': 0.0, 'policy/advantage_std': 0.0, 'loss/pg_loss': 0.0, 'loss/kl_div': -0.2711728598184632, 'epoch': 0.62}
  0%|          | 4/2000 [03:43<26:49:51, 48.39s/it]  0%|          | 5/2000 [04:12<28:09:59, 50.83s/it]                                                   {'loss': 0.0, 'grad_norm': 0.0, 'learning_rate': 9.98e-07, 'epoch': 0.77}
  0%|          | 5/2000 [04:13<28:09:59, 50.83s/it]multimodal_generation_mode text-only
Setting `pad_token_id` to `eos_token_id`:2 for open-end generation.
multimodal_generation_mode text-only
Setting `pad_token_id` to `eos_token_id`:2 for open-end generation.
multimodal_generation_mode text-only
Setting `pad_token_id` to `eos_token_id`:2 for open-end generation.
multimodal_generation_mode text-only
Setting `pad_token_id` to `eos_token_id`:2 for open-end generation.
multimodal_generation_mode text-only
multimodal_generation_mode text-only
Setting `pad_token_id` to `eos_token_id`:2 for open-end generation.
Setting `pad_token_id` to `eos_token_id`:2 for open-end generation.
multimodal_generation_mode text-only
Setting `pad_token_id` to `eos_token_id`:2 for open-end generation.
multimodal_generation_mode text-only
Setting `pad_token_id` to `eos_token_id`:2 for open-end generation.
multimodal_generation_mode text-only
Setting `pad_token_id` to `eos_token_id`:2 for open-end generation.
multimodal_generation_mode text-only
Setting `pad_token_id` to `eos_token_id`:2 for open-end generation.
multimodal_generation_mode text-only
Setting `pad_token_id` to `eos_token_id`:2 for open-end generation.
multimodal_generation_mode text-only
Setting `pad_token_id` to `eos_token_id`:2 for open-end generation.
multimodal_generation_mode text-only
Setting `pad_token_id` to `eos_token_id`:2 for open-end generation.
multimodal_generation_mode text-only
Setting `pad_token_id` to `eos_token_id`:2 for open-end generation.
multimodal_generation_mode text-only
Setting `pad_token_id` to `eos_token_id`:2 for open-end generation.
multimodal_generation_mode text-only
Setting `pad_token_id` to `eos_token_id`:2 for open-end generation.
                                                   {'reward/mean': 0.0, 'reward/std': 0.0, 'policy/advantage_mean': 0.0, 'policy/advantage_std': 0.0, 'loss/pg_loss': 0.0, 'loss/kl_div': -0.20141067504882812, 'epoch': 0.77}
  0%|          | 5/2000 [04:20<28:09:59, 50.83s/it]multimodal_generation_mode text-only
Setting `pad_token_id` to `eos_token_id`:2 for open-end generation.
multimodal_generation_mode text-only
multimodal_generation_mode text-only
Setting `pad_token_id` to `eos_token_id`:2 for open-end generation.
Setting `pad_token_id` to `eos_token_id`:2 for open-end generation.
multimodal_generation_mode text-only
Setting `pad_token_id` to `eos_token_id`:2 for open-end generation.
multimodal_generation_mode text-only
Setting `pad_token_id` to `eos_token_id`:2 for open-end generation.
multimodal_generation_mode text-only
Setting `pad_token_id` to `eos_token_id`:2 for open-end generation.
multimodal_generation_mode text-only
Setting `pad_token_id` to `eos_token_id`:2 for open-end generation.
multimodal_generation_mode text-only
Setting `pad_token_id` to `eos_token_id`:2 for open-end generation.
multimodal_generation_mode text-only
Setting `pad_token_id` to `eos_token_id`:2 for open-end generation.
multimodal_generation_mode text-only
Setting `pad_token_id` to `eos_token_id`:2 for open-end generation.
multimodal_generation_mode text-only
Setting `pad_token_id` to `eos_token_id`:2 for open-end generation.
multimodal_generation_mode text-only
Setting `pad_token_id` to `eos_token_id`:2 for open-end generation.
multimodal_generation_mode text-only
Setting `pad_token_id` to `eos_token_id`:2 for open-end generation.
multimodal_generation_mode text-only
Setting `pad_token_id` to `eos_token_id`:2 for open-end generation.
multimodal_generation_mode text-only
Setting `pad_token_id` to `eos_token_id`:2 for open-end generation.
                                                   {'reward/mean': 0.0, 'reward/std': 0.0, 'policy/advantage_mean': 0.0, 'policy/advantage_std': 0.0, 'loss/pg_loss': 0.0, 'loss/kl_div': -0.2116443722747093, 'epoch': 0.77}
  0%|          | 5/2000 [04:33<28:09:59, 50.83s/it]multimodal_generation_mode text-only
Setting `pad_token_id` to `eos_token_id`:2 for open-end generation.
  0%|          | 6/2000 [04:59<27:18:17, 49.30s/it]                                                   {'loss': 0.0, 'grad_norm': 0.0, 'learning_rate': 9.975e-07, 'epoch': 0.92}
  0%|          | 6/2000 [04:59<27:18:17, 49.30s/it]multimodal_generation_modemultimodal_generation_mode text-only
 text-only
Setting `pad_token_id` to `eos_token_id`:2 for open-end generation.
Setting `pad_token_id` to `eos_token_id`:2 for open-end generation.
multimodal_generation_mode text-only
multimodal_generation_mode text-only
Setting `pad_token_id` to `eos_token_id`:2 for open-end generation.
Setting `pad_token_id` to `eos_token_id`:2 for open-end generation.
multimodal_generation_mode text-only
Setting `pad_token_id` to `eos_token_id`:2 for open-end generation.
multimodal_generation_mode text-only
Setting `pad_token_id` to `eos_token_id`:2 for open-end generation.
multimodal_generation_mode text-only
Setting `pad_token_id` to `eos_token_id`:2 for open-end generation.
multimodal_generation_mode text-only
Setting `pad_token_id` to `eos_token_id`:2 for open-end generation.
multimodal_generation_mode text-only
Setting `pad_token_id` to `eos_token_id`:2 for open-end generation.
multimodal_generation_mode text-only
Setting `pad_token_id` to `eos_token_id`:2 for open-end generation.
multimodal_generation_mode text-only
Setting `pad_token_id` to `eos_token_id`:2 for open-end generation.
multimodal_generation_mode text-only
Setting `pad_token_id` to `eos_token_id`:2 for open-end generation.
multimodal_generation_mode text-only
Setting `pad_token_id` to `eos_token_id`:2 for open-end generation.
multimodal_generation_mode text-only
Setting `pad_token_id` to `eos_token_id`:2 for open-end generation.
multimodal_generation_mode text-only
Setting `pad_token_id` to `eos_token_id`:2 for open-end generation.
multimodal_generation_mode text-only
Setting `pad_token_id` to `eos_token_id`:2 for open-end generation.
                                                   {'reward/mean': 0.0, 'reward/std': 0.0, 'policy/advantage_mean': 0.0, 'policy/advantage_std': 0.0, 'loss/pg_loss': 0.0, 'loss/kl_div': -0.10354351323876677, 'epoch': 0.92}
  0%|          | 6/2000 [05:05<27:18:17, 49.30s/it]  0%|          | 7/2000 [05:23<22:47:07, 41.16s/it]                                                   {'loss': 0.0, 'grad_norm': 0.0, 'learning_rate': 9.97e-07, 'epoch': 1.0}
  0%|          | 7/2000 [05:23<22:47:07, 41.16s/it]multimodal_generation_mode text-only
Setting `pad_token_id` to `eos_token_id`:2 for open-end generation.
multimodal_generation_mode text-only
Setting `pad_token_id` to `eos_token_id`:2 for open-end generation.
multimodal_generation_mode text-only
Setting `pad_token_id` to `eos_token_id`:2 for open-end generation.
multimodal_generation_mode text-only
Setting `pad_token_id` to `eos_token_id`:2 for open-end generation.
multimodal_generation_mode text-only
Setting `pad_token_id` to `eos_token_id`:2 for open-end generation.
multimodal_generation_mode text-only
Setting `pad_token_id` to `eos_token_id`:2 for open-end generation.
multimodal_generation_mode text-only
multimodal_generation_mode text-only
Setting `pad_token_id` to `eos_token_id`:2 for open-end generation.
Setting `pad_token_id` to `eos_token_id`:2 for open-end generation.
multimodal_generation_mode text-only
Setting `pad_token_id` to `eos_token_id`:2 for open-end generation.
multimodal_generation_mode text-only
Setting `pad_token_id` to `eos_token_id`:2 for open-end generation.
multimodal_generation_mode text-only
Setting `pad_token_id` to `eos_token_id`:2 for open-end generation.
multimodal_generation_mode text-only
Setting `pad_token_id` to `eos_token_id`:2 for open-end generation.
multimodal_generation_mode text-only
Setting `pad_token_id` to `eos_token_id`:2 for open-end generation.
multimodal_generation_mode text-only
Setting `pad_token_id` to `eos_token_id`:2 for open-end generation.
multimodal_generation_mode text-only
Setting `pad_token_id` to `eos_token_id`:2 for open-end generation.
                                                   {'reward/mean': 0.0, 'reward/std': 0.0, 'policy/advantage_mean': 0.0, 'policy/advantage_std': 0.0, 'loss/pg_loss': 0.0, 'loss/kl_div': -0.24904724529811315, 'epoch': 1.0}
  0%|          | 7/2000 [05:28<22:47:07, 41.16s/it]multimodal_generation_mode text-only
Setting `pad_token_id` to `eos_token_id`:2 for open-end generation.
multimodal_generation_mode text-only
Setting `pad_token_id` to `eos_token_id`:2 for open-end generation.
multimodal_generation_mode text-only
Setting `pad_token_id` to `eos_token_id`:2 for open-end generation.
multimodal_generation_mode text-only
Setting `pad_token_id` to `eos_token_id`:2 for open-end generation.
multimodal_generation_mode text-only
Setting `pad_token_id` to `eos_token_id`:2 for open-end generation.
multimodal_generation_mode text-only
Setting `pad_token_id` to `eos_token_id`:2 for open-end generation.
multimodal_generation_mode text-only
Setting `pad_token_id` to `eos_token_id`:2 for open-end generation.
multimodal_generation_mode text-only
Setting `pad_token_id` to `eos_token_id`:2 for open-end generation.
multimodal_generation_mode text-only
Setting `pad_token_id` to `eos_token_id`:2 for open-end generation.
multimodal_generation_mode text-only
Setting `pad_token_id` to `eos_token_id`:2 for open-end generation.
                                                   {'reward/mean': 0.0, 'reward/std': 0.0, 'policy/advantage_mean': 0.0, 'policy/advantage_std': 0.0, 'loss/pg_loss': 0.0, 'loss/kl_div': -0.4027687907218933, 'epoch': 1.0}
  0%|          | 7/2000 [05:40<22:47:07, 41.16s/it]multimodal_generation_mode text-only
Setting `pad_token_id` to `eos_token_id`:2 for open-end generation.
multimodal_generation_mode text-only
Setting `pad_token_id` to `eos_token_id`:2 for open-end generation.
multimodal_generation_mode text-only
Setting `pad_token_id` to `eos_token_id`:2 for open-end generation.
multimodal_generation_mode text-only
Setting `pad_token_id` to `eos_token_id`:2 for open-end generation.
multimodal_generation_mode text-only
Setting `pad_token_id` to `eos_token_id`:2 for open-end generation.
multimodal_generation_mode text-only
Setting `pad_token_id` to `eos_token_id`:2 for open-end generation.
multimodal_generation_mode text-only
Setting `pad_token_id` to `eos_token_id`:2 for open-end generation.
  0%|          | 8/2000 [06:08<23:25:39, 42.34s/it]                                                   {'loss': 0.0, 'grad_norm': 0.0, 'learning_rate': 9.965e-07, 'epoch': 1.15}
  0%|          | 8/2000 [06:08<23:25:39, 42.34s/it]multimodal_generation_mode text-only
Setting `pad_token_id` to `eos_token_id`:2 for open-end generation.
multimodal_generation_mode text-only
multimodal_generation_mode text-only
Setting `pad_token_id` to `eos_token_id`:2 for open-end generation.
Setting `pad_token_id` to `eos_token_id`:2 for open-end generation.
multimodal_generation_mode text-only
Setting `pad_token_id` to `eos_token_id`:2 for open-end generation.
multimodal_generation_mode text-only
Setting `pad_token_id` to `eos_token_id`:2 for open-end generation.
multimodal_generation_mode text-only
Setting `pad_token_id` to `eos_token_id`:2 for open-end generation.
multimodal_generation_mode text-only
multimodal_generation_mode text-only
Setting `pad_token_id` to `eos_token_id`:2 for open-end generation.
Setting `pad_token_id` to `eos_token_id`:2 for open-end generation.
multimodal_generation_mode text-only
Setting `pad_token_id` to `eos_token_id`:2 for open-end generation.
multimodal_generation_mode text-only
Setting `pad_token_id` to `eos_token_id`:2 for open-end generation.
multimodal_generation_mode text-only
Setting `pad_token_id` to `eos_token_id`:2 for open-end generation.
multimodal_generation_mode text-only
Setting `pad_token_id` to `eos_token_id`:2 for open-end generation.
multimodal_generation_mode text-only
Setting `pad_token_id` to `eos_token_id`:2 for open-end generation.
multimodal_generation_mode text-only
Setting `pad_token_id` to `eos_token_id`:2 for open-end generation.
multimodal_generation_mode text-only
Setting `pad_token_id` to `eos_token_id`:2 for open-end generation.
                                                   {'reward/mean': 0.0, 'reward/std': 0.0, 'policy/advantage_mean': 0.0, 'policy/advantage_std': 0.0, 'loss/pg_loss': 0.0, 'loss/kl_div': -0.23164547511509487, 'epoch': 1.15}
  0%|          | 8/2000 [06:14<23:25:39, 42.34s/it]multimodal_generation_mode text-only
Setting `pad_token_id` to `eos_token_id`:2 for open-end generation.
multimodal_generation_mode text-only
Setting `pad_token_id` to `eos_token_id`:2 for open-end generation.
multimodal_generation_mode text-only
Setting `pad_token_id` to `eos_token_id`:2 for open-end generation.
multimodal_generation_mode text-only
Setting `pad_token_id` to `eos_token_id`:2 for open-end generation.
multimodal_generation_mode text-only
Setting `pad_token_id` to `eos_token_id`:2 for open-end generation.
multimodal_generation_mode text-only
Setting `pad_token_id` to `eos_token_id`:2 for open-end generation.
multimodal_generation_mode text-only
Setting `pad_token_id` to `eos_token_id`:2 for open-end generation.
multimodal_generation_mode text-only
Setting `pad_token_id` to `eos_token_id`:2 for open-end generation.
multimodal_generation_mode text-only
Setting `pad_token_id` to `eos_token_id`:2 for open-end generation.
multimodal_generation_mode text-only
Setting `pad_token_id` to `eos_token_id`:2 for open-end generation.
multimodal_generation_mode text-only
Setting `pad_token_id` to `eos_token_id`:2 for open-end generation.
multimodal_generation_mode text-only
Setting `pad_token_id` to `eos_token_id`:2 for open-end generation.
multimodal_generation_mode text-only
Setting `pad_token_id` to `eos_token_id`:2 for open-end generation.
multimodal_generation_mode text-only
Setting `pad_token_id` to `eos_token_id`:2 for open-end generation.
multimodal_generation_mode text-only
Setting `pad_token_id` to `eos_token_id`:2 for open-end generation.
multimodal_generation_mode text-only
Setting `pad_token_id` to `eos_token_id`:2 for open-end generation.
                                                   {'reward/mean': 0.0, 'reward/std': 0.0, 'policy/advantage_mean': 0.0, 'policy/advantage_std': 0.0, 'loss/pg_loss': 0.0, 'loss/kl_div': -0.07329376956872773, 'epoch': 1.15}
  0%|          | 8/2000 [06:33<23:25:39, 42.34s/it]multimodal_generation_mode text-only
Setting `pad_token_id` to `eos_token_id`:2 for open-end generation.
  0%|          | 9/2000 [07:02<25:27:50, 46.04s/it]                                                   {'loss': 0.0, 'grad_norm': 0.0, 'learning_rate': 9.959999999999999e-07, 'epoch': 1.31}
  0%|          | 9/2000 [07:02<25:27:50, 46.04s/it]multimodal_generation_mode text-only
multimodal_generation_mode text-only
Setting `pad_token_id` to `eos_token_id`:2 for open-end generation.
Setting `pad_token_id` to `eos_token_id`:2 for open-end generation.
multimodal_generation_mode text-only
Setting `pad_token_id` to `eos_token_id`:2 for open-end generation.
multimodal_generation_mode text-only
Setting `pad_token_id` to `eos_token_id`:2 for open-end generation.
multimodal_generation_mode text-only
multimodal_generation_mode Setting `pad_token_id` to `eos_token_id`:2 for open-end generation.
text-only
Setting `pad_token_id` to `eos_token_id`:2 for open-end generation.
multimodal_generation_mode text-only
Setting `pad_token_id` to `eos_token_id`:2 for open-end generation.
multimodal_generation_mode text-only
Setting `pad_token_id` to `eos_token_id`:2 for open-end generation.
multimodal_generation_mode text-only
Setting `pad_token_id` to `eos_token_id`:2 for open-end generation.
multimodal_generation_mode text-only
Setting `pad_token_id` to `eos_token_id`:2 for open-end generation.
multimodal_generation_mode text-only
Setting `pad_token_id` to `eos_token_id`:2 for open-end generation.
multimodal_generation_mode text-only
Setting `pad_token_id` to `eos_token_id`:2 for open-end generation.
multimodal_generation_mode text-only
Setting `pad_token_id` to `eos_token_id`:2 for open-end generation.
multimodal_generation_mode text-only
Setting `pad_token_id` to `eos_token_id`:2 for open-end generation.
multimodal_generation_mode text-only
Setting `pad_token_id` to `eos_token_id`:2 for open-end generation.
multimodal_generation_mode text-only
Setting `pad_token_id` to `eos_token_id`:2 for open-end generation.
                                                   {'reward/mean': 0.0, 'reward/std': 0.0, 'policy/advantage_mean': 0.0, 'policy/advantage_std': 0.0, 'loss/pg_loss': 0.0, 'loss/kl_div': -0.22102802771109123, 'epoch': 1.31}
  0%|          | 9/2000 [07:07<25:27:50, 46.04s/it]multimodal_generation_mode text-only
Setting `pad_token_id` to `eos_token_id`:2 for open-end generation.
multimodal_generation_mode text-only
Setting `pad_token_id` to `eos_token_id`:2 for open-end generation.
multimodal_generation_mode text-only
Setting `pad_token_id` to `eos_token_id`:2 for open-end generation.
multimodal_generation_mode text-only
Setting `pad_token_id` to `eos_token_id`:2 for open-end generation.
multimodal_generation_mode text-only
multimodal_generation_mode text-only
multimodal_generation_mode text-only
Setting `pad_token_id` to `eos_token_id`:2 for open-end generation.
Setting `pad_token_id` to `eos_token_id`:2 for open-end generation.
Setting `pad_token_id` to `eos_token_id`:2 for open-end generation.
multimodal_generation_mode text-only
Setting `pad_token_id` to `eos_token_id`:2 for open-end generation.
multimodal_generation_mode text-only
Setting `pad_token_id` to `eos_token_id`:2 for open-end generation.
multimodal_generation_mode text-only
Setting `pad_token_id` to `eos_token_id`:2 for open-end generation.
multimodal_generation_mode text-only
Setting `pad_token_id` to `eos_token_id`:2 for open-end generation.
multimodal_generation_mode text-only
Setting `pad_token_id` to `eos_token_id`:2 for open-end generation.
multimodal_generation_mode text-only
Setting `pad_token_id` to `eos_token_id`:2 for open-end generation.
multimodal_generation_mode text-only
Setting `pad_token_id` to `eos_token_id`:2 for open-end generation.
multimodal_generation_mode text-only
Setting `pad_token_id` to `eos_token_id`:2 for open-end generation.
multimodal_generation_mode text-only
Setting `pad_token_id` to `eos_token_id`:2 for open-end generation.
                                                   {'reward/mean': 0.0, 'reward/std': 0.0, 'policy/advantage_mean': 0.0, 'policy/advantage_std': 0.0, 'loss/pg_loss': 0.0, 'loss/kl_div': -0.15518619227067135, 'epoch': 1.31}
  0%|          | 9/2000 [07:28<25:27:50, 46.04s/it]  0%|          | 10/2000 [07:46<25:06:50, 45.43s/it]                                                    {'loss': 0.0, 'grad_norm': 0.0, 'learning_rate': 9.955e-07, 'epoch': 1.46}
  0%|          | 10/2000 [07:46<25:06:50, 45.43s/it]multimodal_generation_mode text-only
Setting `pad_token_id` to `eos_token_id`:2 for open-end generation.
multimodal_generation_mode text-only
Setting `pad_token_id` to `eos_token_id`:2 for open-end generation.
multimodal_generation_mode text-only
Setting `pad_token_id` to `eos_token_id`:2 for open-end generation.
multimodal_generation_mode text-only
Setting `pad_token_id` to `eos_token_id`:2 for open-end generation.
multimodal_generation_mode text-only
Setting `pad_token_id` to `eos_token_id`:2 for open-end generation.
multimodal_generation_mode text-onlymultimodal_generation_mode text-only

Setting `pad_token_id` to `eos_token_id`:2 for open-end generation.
Setting `pad_token_id` to `eos_token_id`:2 for open-end generation.
multimodal_generation_mode text-only
Setting `pad_token_id` to `eos_token_id`:2 for open-end generation.
multimodal_generation_mode text-only
Setting `pad_token_id` to `eos_token_id`:2 for open-end generation.
multimodal_generation_mode text-only
Setting `pad_token_id` to `eos_token_id`:2 for open-end generation.
multimodal_generation_mode text-only
Setting `pad_token_id` to `eos_token_id`:2 for open-end generation.
multimodal_generation_mode text-only
Setting `pad_token_id` to `eos_token_id`:2 for open-end generation.
multimodal_generation_mode text-only
Setting `pad_token_id` to `eos_token_id`:2 for open-end generation.
multimodal_generation_mode text-only
Setting `pad_token_id` to `eos_token_id`:2 for open-end generation.
                                                    {'reward/mean': 0.0, 'reward/std': 0.0, 'policy/advantage_mean': 0.0, 'policy/advantage_std': 0.0, 'loss/pg_loss': 0.0, 'loss/kl_div': -0.19074285598028273, 'epoch': 1.46}
  0%|          | 10/2000 [07:51<25:06:50, 45.43s/it]multimodal_generation_mode text-only
Setting `pad_token_id` to `eos_token_id`:2 for open-end generation.
multimodal_generation_mode text-only
Setting `pad_token_id` to `eos_token_id`:2 for open-end generation.
multimodal_generation_mode text-only
Setting `pad_token_id` to `eos_token_id`:2 for open-end generation.
multimodal_generation_mode text-only
Setting `pad_token_id` to `eos_token_id`:2 for open-end generation.
multimodal_generation_mode text-only
multimodal_generation_mode text-only
Setting `pad_token_id` to `eos_token_id`:2 for open-end generation.
multimodal_generation_mode text-only
Setting `pad_token_id` to `eos_token_id`:2 for open-end generation.
multimodal_generation_mode text-only
multimodal_generation_modeSetting `pad_token_id` to `eos_token_id`:2 for open-end generation.
 text-only
Setting `pad_token_id` to `eos_token_id`:2 for open-end generation.
Setting `pad_token_id` to `eos_token_id`:2 for open-end generation.
multimodal_generation_mode text-only
Setting `pad_token_id` to `eos_token_id`:2 for open-end generation.
multimodal_generation_mode text-only
Setting `pad_token_id` to `eos_token_id`:2 for open-end generation.
multimodal_generation_mode text-only
Setting `pad_token_id` to `eos_token_id`:2 for open-end generation.
multimodal_generation_mode text-only
Setting `pad_token_id` to `eos_token_id`:2 for open-end generation.
                                                    {'reward/mean': 0.0, 'reward/std': 0.0, 'policy/advantage_mean': 0.0, 'policy/advantage_std': 0.0, 'loss/pg_loss': 0.0, 'loss/kl_div': -0.4982507093897406, 'epoch': 1.46}
  0%|          | 10/2000 [08:14<25:06:50, 45.43s/it]multimodal_generation_mode text-only
Setting `pad_token_id` to `eos_token_id`:2 for open-end generation.
multimodal_generation_mode text-only
Setting `pad_token_id` to `eos_token_id`:2 for open-end generation.
multimodal_generation_mode text-only
Setting `pad_token_id` to `eos_token_id`:2 for open-end generation.
multimodal_generation_mode text-only
Setting `pad_token_id` to `eos_token_id`:2 for open-end generation.
multimodal_generation_mode text-only
Setting `pad_token_id` to `eos_token_id`:2 for open-end generation.
  1%|          | 11/2000 [08:38<26:07:49, 47.30s/it]                                                    {'loss': 0.0, 'grad_norm': 0.0, 'learning_rate': 9.95e-07, 'epoch': 1.62}
  1%|          | 11/2000 [08:38<26:07:49, 47.30s/it]multimodal_generation_mode text-only
Setting `pad_token_id` to `eos_token_id`:2 for open-end generation.
multimodal_generation_mode text-only
Setting `pad_token_id` to `eos_token_id`:2 for open-end generation.
multimodal_generation_mode text-only
multimodal_generation_mode text-only
Setting `pad_token_id` to `eos_token_id`:2 for open-end generation.
Setting `pad_token_id` to `eos_token_id`:2 for open-end generation.
multimodal_generation_mode text-only
Setting `pad_token_id` to `eos_token_id`:2 for open-end generation.
multimodal_generation_mode text-only
multimodal_generation_mode text-only
multimodal_generation_mode text-only
Setting `pad_token_id` to `eos_token_id`:2 for open-end generation.
Setting `pad_token_id` to `eos_token_id`:2 for open-end generation.
Setting `pad_token_id` to `eos_token_id`:2 for open-end generation.
multimodal_generation_mode text-only
Setting `pad_token_id` to `eos_token_id`:2 for open-end generation.
multimodal_generation_mode text-only
Setting `pad_token_id` to `eos_token_id`:2 for open-end generation.
multimodal_generation_mode text-only
Setting `pad_token_id` to `eos_token_id`:2 for open-end generation.
multimodal_generation_mode text-only
Setting `pad_token_id` to `eos_token_id`:2 for open-end generation.
multimodal_generation_mode text-only
Setting `pad_token_id` to `eos_token_id`:2 for open-end generation.
multimodal_generation_mode text-only
Setting `pad_token_id` to `eos_token_id`:2 for open-end generation.
multimodal_generation_mode text-only
Setting `pad_token_id` to `eos_token_id`:2 for open-end generation.
multimodal_generation_mode text-only
Setting `pad_token_id` to `eos_token_id`:2 for open-end generation.
                                                    {'reward/mean': 0.0, 'reward/std': 0.0, 'policy/advantage_mean': 0.0, 'policy/advantage_std': 0.0, 'loss/pg_loss': 0.0, 'loss/kl_div': -0.16569046098358778, 'epoch': 1.62}
  1%|          | 11/2000 [08:45<26:07:49, 47.30s/it]multimodal_generation_mode text-only
Setting `pad_token_id` to `eos_token_id`:2 for open-end generation.
multimodal_generation_modemultimodal_generation_mode text-only
 text-only
Setting `pad_token_id` to `eos_token_id`:2 for open-end generation.
Setting `pad_token_id` to `eos_token_id`:2 for open-end generation.
multimodal_generation_mode text-only
Setting `pad_token_id` to `eos_token_id`:2 for open-end generation.
multimodal_generation_mode text-only
Setting `pad_token_id` to `eos_token_id`:2 for open-end generation.
multimodal_generation_mode text-only
Setting `pad_token_id` to `eos_token_id`:2 for open-end generation.
multimodal_generation_mode text-only
Setting `pad_token_id` to `eos_token_id`:2 for open-end generation.
multimodal_generation_mode text-only
Setting `pad_token_id` to `eos_token_id`:2 for open-end generation.
multimodal_generation_mode text-only
Setting `pad_token_id` to `eos_token_id`:2 for open-end generation.
multimodal_generation_mode text-only
Setting `pad_token_id` to `eos_token_id`:2 for open-end generation.
multimodal_generation_mode text-only
Setting `pad_token_id` to `eos_token_id`:2 for open-end generation.
multimodal_generation_mode text-only
Setting `pad_token_id` to `eos_token_id`:2 for open-end generation.
multimodal_generation_mode text-only
Setting `pad_token_id` to `eos_token_id`:2 for open-end generation.
multimodal_generation_mode text-only
Setting `pad_token_id` to `eos_token_id`:2 for open-end generation.
multimodal_generation_mode text-only
Setting `pad_token_id` to `eos_token_id`:2 for open-end generation.
multimodal_generation_mode text-only
Setting `pad_token_id` to `eos_token_id`:2 for open-end generation.
                                                    {'reward/mean': 0.0, 'reward/std': 0.0, 'policy/advantage_mean': 0.0, 'policy/advantage_std': 0.0, 'loss/pg_loss': 0.0, 'loss/kl_div': -0.291831502512497, 'epoch': 1.62}
  1%|          | 11/2000 [09:07<26:07:49, 47.30s/it]  1%|          | 12/2000 [09:27<26:23:03, 47.78s/it]                                                    {'loss': 0.0, 'grad_norm': 0.0, 'learning_rate': 9.945e-07, 'epoch': 1.77}
  1%|          | 12/2000 [09:27<26:23:03, 47.78s/it]multimodal_generation_mode text-only
Setting `pad_token_id` to `eos_token_id`:2 for open-end generation.
multimodal_generation_mode text-only
Setting `pad_token_id` to `eos_token_id`:2 for open-end generation.
multimodal_generation_mode text-only
Setting `pad_token_id` to `eos_token_id`:2 for open-end generation.
multimodal_generation_mode text-only
Setting `pad_token_id` to `eos_token_id`:2 for open-end generation.
multimodal_generation_mode text-only
Setting `pad_token_id` to `eos_token_id`:2 for open-end generation.
multimodal_generation_mode text-only
Setting `pad_token_id` to `eos_token_id`:2 for open-end generation.
multimodal_generation_mode text-only
Setting `pad_token_id` to `eos_token_id`:2 for open-end generation.
multimodal_generation_mode text-only
Setting `pad_token_id` to `eos_token_id`:2 for open-end generation.
multimodal_generation_mode text-only
Setting `pad_token_id` to `eos_token_id`:2 for open-end generation.
multimodal_generation_mode text-only
Setting `pad_token_id` to `eos_token_id`:2 for open-end generation.
multimodal_generation_mode text-only
Setting `pad_token_id` to `eos_token_id`:2 for open-end generation.
multimodal_generation_mode text-only
Setting `pad_token_id` to `eos_token_id`:2 for open-end generation.
multimodal_generation_mode text-only
Setting `pad_token_id` to `eos_token_id`:2 for open-end generation.
multimodal_generation_mode text-only
Setting `pad_token_id` to `eos_token_id`:2 for open-end generation.
multimodal_generation_mode text-only
Setting `pad_token_id` to `eos_token_id`:2 for open-end generation.
multimodal_generation_mode text-only
Setting `pad_token_id` to `eos_token_id`:2 for open-end generation.
                                                    {'reward/mean': 0.0, 'reward/std': 0.0, 'policy/advantage_mean': 0.0, 'policy/advantage_std': 0.0, 'loss/pg_loss': 0.0, 'loss/kl_div': -0.057784950767939706, 'epoch': 1.77}
  1%|          | 12/2000 [09:39<26:23:03, 47.78s/it]multimodal_generation_mode text-only
Setting `pad_token_id` to `eos_token_id`:2 for open-end generation.
multimodal_generation_mode text-only
Setting `pad_token_id` to `eos_token_id`:2 for open-end generation.
multimodal_generation_mode text-only
Setting `pad_token_id` to `eos_token_id`:2 for open-end generation.
multimodal_generation_mode text-only
Setting `pad_token_id` to `eos_token_id`:2 for open-end generation.
multimodal_generation_mode text-only
Setting `pad_token_id` to `eos_token_id`:2 for open-end generation.
multimodal_generation_mode text-only
Setting `pad_token_id` to `eos_token_id`:2 for open-end generation.
multimodal_generation_mode text-only
Setting `pad_token_id` to `eos_token_id`:2 for open-end generation.
multimodal_generation_mode text-only
Setting `pad_token_id` to `eos_token_id`:2 for open-end generation.
multimodal_generation_mode text-only
Setting `pad_token_id` to `eos_token_id`:2 for open-end generation.
multimodal_generation_mode text-only
Setting `pad_token_id` to `eos_token_id`:2 for open-end generation.
multimodal_generation_mode text-only
Setting `pad_token_id` to `eos_token_id`:2 for open-end generation.
multimodal_generation_mode text-only
Setting `pad_token_id` to `eos_token_id`:2 for open-end generation.
multimodal_generation_mode text-only
Setting `pad_token_id` to `eos_token_id`:2 for open-end generation.
multimodal_generation_mode text-only
Setting `pad_token_id` to `eos_token_id`:2 for open-end generation.
multimodal_generation_mode text-only
Setting `pad_token_id` to `eos_token_id`:2 for open-end generation.
multimodal_generation_mode text-only
Setting `pad_token_id` to `eos_token_id`:2 for open-end generation.
                                                    {'reward/mean': 0.0, 'reward/std': 0.0, 'policy/advantage_mean': 0.0, 'policy/advantage_std': 0.0, 'loss/pg_loss': 0.0, 'loss/kl_div': -0.402885878017183, 'epoch': 1.77}
  1%|          | 12/2000 [09:58<26:23:03, 47.78s/it]  1%|          | 13/2000 [10:18<26:52:43, 48.70s/it]                                                    {'loss': 0.0, 'grad_norm': 0.0, 'learning_rate': 9.94e-07, 'epoch': 1.92}
  1%|          | 13/2000 [10:18<26:52:43, 48.70s/it]multimodal_generation_mode text-only
Setting `pad_token_id` to `eos_token_id`:2 for open-end generation.
multimodal_generation_mode text-only
Setting `pad_token_id` to `eos_token_id`:2 for open-end generation.
multimodal_generation_mode text-only
multimodal_generation_mode text-only
Setting `pad_token_id` to `eos_token_id`:2 for open-end generation.
Setting `pad_token_id` to `eos_token_id`:2 for open-end generation.
multimodal_generation_mode text-only
Setting `pad_token_id` to `eos_token_id`:2 for open-end generation.
multimodal_generation_mode text-only
Setting `pad_token_id` to `eos_token_id`:2 for open-end generation.
multimodal_generation_mode text-only
Setting `pad_token_id` to `eos_token_id`:2 for open-end generation.
multimodal_generation_mode text-only
Setting `pad_token_id` to `eos_token_id`:2 for open-end generation.
multimodal_generation_mode text-only
Setting `pad_token_id` to `eos_token_id`:2 for open-end generation.
multimodal_generation_mode text-only
Setting `pad_token_id` to `eos_token_id`:2 for open-end generation.
multimodal_generation_mode text-only
Setting `pad_token_id` to `eos_token_id`:2 for open-end generation.
multimodal_generation_mode text-only
Setting `pad_token_id` to `eos_token_id`:2 for open-end generation.
multimodal_generation_mode text-only
Setting `pad_token_id` to `eos_token_id`:2 for open-end generation.
multimodal_generation_mode text-only
Setting `pad_token_id` to `eos_token_id`:2 for open-end generation.
multimodal_generation_mode text-only
Setting `pad_token_id` to `eos_token_id`:2 for open-end generation.
                                                    {'reward/mean': 0.0, 'reward/std': 0.0, 'policy/advantage_mean': 0.0, 'policy/advantage_std': 0.0, 'loss/pg_loss': 0.0, 'loss/kl_div': -0.2617604013835414, 'epoch': 1.92}
  1%|          | 13/2000 [10:25<26:52:43, 48.70s/it]multimodal_generation_mode text-only
Setting `pad_token_id` to `eos_token_id`:2 for open-end generation.
  1%|          | 14/2000 [10:47<23:36:30, 42.79s/it]                                                    {'loss': 0.0, 'grad_norm': 0.0, 'learning_rate': 9.935e-07, 'epoch': 2.0}
  1%|          | 14/2000 [10:47<23:36:30, 42.79s/it]multimodal_generation_mode text-only
Setting `pad_token_id` to `eos_token_id`:2 for open-end generation.
multimodal_generation_mode text-only
Setting `pad_token_id` to `eos_token_id`:2 for open-end generation.
multimodal_generation_mode text-only
Setting `pad_token_id` to `eos_token_id`:2 for open-end generation.
multimodal_generation_mode text-only
multimodal_generation_mode text-only
multimodal_generation_mode text-only
Setting `pad_token_id` to `eos_token_id`:2 for open-end generation.
multimodal_generation_mode text-only
Setting `pad_token_id` to `eos_token_id`:2 for open-end generation.
Setting `pad_token_id` to `eos_token_id`:2 for open-end generation.
Setting `pad_token_id` to `eos_token_id`:2 for open-end generation.
multimodal_generation_mode text-only
Setting `pad_token_id` to `eos_token_id`:2 for open-end generation.
multimodal_generation_mode text-only
Setting `pad_token_id` to `eos_token_id`:2 for open-end generation.
multimodal_generation_mode text-only
Setting `pad_token_id` to `eos_token_id`:2 for open-end generation.
multimodal_generation_mode text-only
Setting `pad_token_id` to `eos_token_id`:2 for open-end generation.
multimodal_generation_mode text-only
Setting `pad_token_id` to `eos_token_id`:2 for open-end generation.
multimodal_generation_mode text-only
Setting `pad_token_id` to `eos_token_id`:2 for open-end generation.
multimodal_generation_mode text-only
Setting `pad_token_id` to `eos_token_id`:2 for open-end generation.
multimodal_generation_mode text-only
Setting `pad_token_id` to `eos_token_id`:2 for open-end generation.
                                                    {'reward/mean': 0.0, 'reward/std': 0.0, 'policy/advantage_mean': 0.0, 'policy/advantage_std': 0.0, 'loss/pg_loss': 0.0, 'loss/kl_div': -0.24274485661433293, 'epoch': 2.0}
  1%|          | 14/2000 [10:52<23:36:30, 42.79s/it]multimodal_generation_mode text-only
Setting `pad_token_id` to `eos_token_id`:2 for open-end generation.
multimodal_generation_mode text-only
Setting `pad_token_id` to `eos_token_id`:2 for open-end generation.
multimodal_generation_mode text-only
Setting `pad_token_id` to `eos_token_id`:2 for open-end generation.
multimodal_generation_mode text-only
Setting `pad_token_id` to `eos_token_id`:2 for open-end generation.
multimodal_generation_mode text-only
Setting `pad_token_id` to `eos_token_id`:2 for open-end generation.
multimodal_generation_mode text-only
multimodal_generation_mode text-only
Setting `pad_token_id` to `eos_token_id`:2 for open-end generation.
Setting `pad_token_id` to `eos_token_id`:2 for open-end generation.
multimodal_generation_mode text-only
Setting `pad_token_id` to `eos_token_id`:2 for open-end generation.
multimodal_generation_mode text-only
Setting `pad_token_id` to `eos_token_id`:2 for open-end generation.
multimodal_generation_mode text-only
Setting `pad_token_id` to `eos_token_id`:2 for open-end generation.
multimodal_generation_mode text-only
Setting `pad_token_id` to `eos_token_id`:2 for open-end generation.
multimodal_generation_mode text-only
Setting `pad_token_id` to `eos_token_id`:2 for open-end generation.
multimodal_generation_mode text-only
Setting `pad_token_id` to `eos_token_id`:2 for open-end generation.
multimodal_generation_mode text-only
Setting `pad_token_id` to `eos_token_id`:2 for open-end generation.
multimodal_generation_mode text-only
Setting `pad_token_id` to `eos_token_id`:2 for open-end generation.
multimodal_generation_mode text-only
Setting `pad_token_id` to `eos_token_id`:2 for open-end generation.
multimodal_generation_mode text-only
Setting `pad_token_id` to `eos_token_id`:2 for open-end generation.
                                                    {'reward/mean': 0.0, 'reward/std': 0.0, 'policy/advantage_mean': 0.0, 'policy/advantage_std': 0.0, 'loss/pg_loss': 0.0, 'loss/kl_div': -0.6149706956816883, 'epoch': 2.0}
  1%|          | 14/2000 [11:18<23:36:30, 42.79s/it]  1%|          | 15/2000 [11:37<24:53:39, 45.15s/it]                                                    {'loss': 0.0, 'grad_norm': 0.0, 'learning_rate': 9.929999999999999e-07, 'epoch': 2.15}
  1%|          | 15/2000 [11:37<24:53:39, 45.15s/it]multimodal_generation_mode text-only
Setting `pad_token_id` to `eos_token_id`:2 for open-end generation.
multimodal_generation_mode text-only
multimodal_generation_mode text-only
Setting `pad_token_id` to `eos_token_id`:2 for open-end generation.
Setting `pad_token_id` to `eos_token_id`:2 for open-end generation.
multimodal_generation_mode text-only
Setting `pad_token_id` to `eos_token_id`:2 for open-end generation.
multimodal_generation_mode text-only
Setting `pad_token_id` to `eos_token_id`:2 for open-end generation.
multimodal_generation_mode text-only
Setting `pad_token_id` to `eos_token_id`:2 for open-end generation.
multimodal_generation_mode text-only
Setting `pad_token_id` to `eos_token_id`:2 for open-end generation.
multimodal_generation_mode text-only
Setting `pad_token_id` to `eos_token_id`:2 for open-end generation.
multimodal_generation_mode text-only
Setting `pad_token_id` to `eos_token_id`:2 for open-end generation.
multimodal_generation_mode text-only
Setting `pad_token_id` to `eos_token_id`:2 for open-end generation.
multimodal_generation_mode text-only
Setting `pad_token_id` to `eos_token_id`:2 for open-end generation.
multimodal_generation_mode text-only
Setting `pad_token_id` to `eos_token_id`:2 for open-end generation.
multimodal_generation_mode text-only
Setting `pad_token_id` to `eos_token_id`:2 for open-end generation.
multimodal_generation_mode text-only
Setting `pad_token_id` to `eos_token_id`:2 for open-end generation.
multimodal_generation_mode text-only
Setting `pad_token_id` to `eos_token_id`:2 for open-end generation.
                                                    {'reward/mean': 0.0, 'reward/std': 0.0, 'policy/advantage_mean': 0.0, 'policy/advantage_std': 0.0, 'loss/pg_loss': 0.0, 'loss/kl_div': -0.15947972644459119, 'epoch': 2.15}
  1%|          | 15/2000 [11:44<24:53:39, 45.15s/it]multimodal_generation_mode text-only
Setting `pad_token_id` to `eos_token_id`:2 for open-end generation.
multimodal_generation_mode text-only
Setting `pad_token_id` to `eos_token_id`:2 for open-end generation.
multimodal_generation_mode text-only
Setting `pad_token_id` to `eos_token_id`:2 for open-end generation.
multimodal_generation_mode text-only
Setting `pad_token_id` to `eos_token_id`:2 for open-end generation.
multimodal_generation_mode text-only
multimodal_generation_mode text-only
Setting `pad_token_id` to `eos_token_id`:2 for open-end generation.
Setting `pad_token_id` to `eos_token_id`:2 for open-end generation.
multimodal_generation_mode text-only
multimodal_generation_mode text-only
Setting `pad_token_id` to `eos_token_id`:2 for open-end generation.
Setting `pad_token_id` to `eos_token_id`:2 for open-end generation.
multimodal_generation_mode text-only
Setting `pad_token_id` to `eos_token_id`:2 for open-end generation.
multimodal_generation_mode text-only
Setting `pad_token_id` to `eos_token_id`:2 for open-end generation.
multimodal_generation_mode text-only
Setting `pad_token_id` to `eos_token_id`:2 for open-end generation.
multimodal_generation_mode text-only
Setting `pad_token_id` to `eos_token_id`:2 for open-end generation.
multimodal_generation_mode text-only
Setting `pad_token_id` to `eos_token_id`:2 for open-end generation.
multimodal_generation_mode text-only
Setting `pad_token_id` to `eos_token_id`:2 for open-end generation.
multimodal_generation_mode text-only
Setting `pad_token_id` to `eos_token_id`:2 for open-end generation.
multimodal_generation_mode text-only
Setting `pad_token_id` to `eos_token_id`:2 for open-end generation.
multimodal_generation_mode text-only
Setting `pad_token_id` to `eos_token_id`:2 for open-end generation.
                                                    {'reward/mean': 0.0, 'reward/std': 0.0, 'policy/advantage_mean': 0.0, 'policy/advantage_std': 0.0, 'loss/pg_loss': 0.0, 'loss/kl_div': -0.12294364231888966, 'epoch': 2.15}
  1%|          | 15/2000 [12:10<24:53:39, 45.15s/it]  1%|          | 16/2000 [12:29<26:02:40, 47.26s/it]                                                    {'loss': 0.0, 'grad_norm': 0.0, 'learning_rate': 9.925e-07, 'epoch': 2.31}
  1%|          | 16/2000 [12:29<26:02:40, 47.26s/it]multimodal_generation_mode text-only
Setting `pad_token_id` to `eos_token_id`:2 for open-end generation.
multimodal_generation_mode text-only
Setting `pad_token_id` to `eos_token_id`:2 for open-end generation.
multimodal_generation_mode text-only
Setting `pad_token_id` to `eos_token_id`:2 for open-end generation.
multimodal_generation_mode text-only
Setting `pad_token_id` to `eos_token_id`:2 for open-end generation.
multimodal_generation_mode text-only
Setting `pad_token_id` to `eos_token_id`:2 for open-end generation.
multimodal_generation_mode text-only
Setting `pad_token_id` to `eos_token_id`:2 for open-end generation.
multimodal_generation_mode text-only
Setting `pad_token_id` to `eos_token_id`:2 for open-end generation.
multimodal_generation_mode text-only
Setting `pad_token_id` to `eos_token_id`:2 for open-end generation.
multimodal_generation_mode text-only
Setting `pad_token_id` to `eos_token_id`:2 for open-end generation.
multimodal_generation_mode text-only
Setting `pad_token_id` to `eos_token_id`:2 for open-end generation.
multimodal_generation_mode text-only
Setting `pad_token_id` to `eos_token_id`:2 for open-end generation.
multimodal_generation_mode text-only
Setting `pad_token_id` to `eos_token_id`:2 for open-end generation.
multimodal_generation_mode text-only
Setting `pad_token_id` to `eos_token_id`:2 for open-end generation.
multimodal_generation_mode text-only
Setting `pad_token_id` to `eos_token_id`:2 for open-end generation.
multimodal_generation_mode text-only
Setting `pad_token_id` to `eos_token_id`:2 for open-end generation.
multimodal_generation_mode text-only
Setting `pad_token_id` to `eos_token_id`:2 for open-end generation.
                                                    {'reward/mean': 0.0, 'reward/std': 0.0, 'policy/advantage_mean': 0.0, 'policy/advantage_std': 0.0, 'loss/pg_loss': 0.0, 'loss/kl_div': -0.1543915999563117, 'epoch': 2.31}
  1%|          | 16/2000 [12:40<26:02:40, 47.26s/it]multimodal_generation_mode text-only
Setting `pad_token_id` to `eos_token_id`:2 for open-end generation.
multimodal_generation_mode text-only
Setting `pad_token_id` to `eos_token_id`:2 for open-end generation.
multimodal_generation_mode text-only
Setting `pad_token_id` to `eos_token_id`:2 for open-end generation.
multimodal_generation_mode text-only
Setting `pad_token_id` to `eos_token_id`:2 for open-end generation.
multimodal_generation_mode text-only
Setting `pad_token_id` to `eos_token_id`:2 for open-end generation.
multimodal_generation_mode text-only
Setting `pad_token_id` to `eos_token_id`:2 for open-end generation.
multimodal_generation_mode text-only
Setting `pad_token_id` to `eos_token_id`:2 for open-end generation.
multimodal_generation_mode text-only
Setting `pad_token_id` to `eos_token_id`:2 for open-end generation.
multimodal_generation_mode text-only
Setting `pad_token_id` to `eos_token_id`:2 for open-end generation.
multimodal_generation_mode text-only
Setting `pad_token_id` to `eos_token_id`:2 for open-end generation.
multimodal_generation_mode text-only
Setting `pad_token_id` to `eos_token_id`:2 for open-end generation.
multimodal_generation_mode text-only
Setting `pad_token_id` to `eos_token_id`:2 for open-end generation.
multimodal_generation_mode text-only
Setting `pad_token_id` to `eos_token_id`:2 for open-end generation.
multimodal_generation_mode text-only
Setting `pad_token_id` to `eos_token_id`:2 for open-end generation.
multimodal_generation_mode text-only
Setting `pad_token_id` to `eos_token_id`:2 for open-end generation.
multimodal_generation_mode text-only
Setting `pad_token_id` to `eos_token_id`:2 for open-end generation.
                                                    {'reward/mean': 0.0, 'reward/std': 0.0, 'policy/advantage_mean': 0.0, 'policy/advantage_std': 0.0, 'loss/pg_loss': 0.0, 'loss/kl_div': -0.20458319752486712, 'epoch': 2.31}
  1%|          | 16/2000 [12:56<26:02:40, 47.26s/it]  1%|          | 17/2000 [13:16<25:56:56, 47.11s/it]                                                    {'loss': 0.0, 'grad_norm': 0.0, 'learning_rate': 9.92e-07, 'epoch': 2.46}
  1%|          | 17/2000 [13:16<25:56:56, 47.11s/it]multimodal_generation_mode text-only
Setting `pad_token_id` to `eos_token_id`:2 for open-end generation.
multimodal_generation_mode text-only
multimodal_generation_mode text-only
multimodal_generation_mode text-only
Setting `pad_token_id` to `eos_token_id`:2 for open-end generation.
multimodal_generation_mode text-onlySetting `pad_token_id` to `eos_token_id`:2 for open-end generation.

multimodal_generation_mode text-only
Setting `pad_token_id` to `eos_token_id`:2 for open-end generation.
Setting `pad_token_id` to `eos_token_id`:2 for open-end generation.
multimodal_generation_modeSetting `pad_token_id` to `eos_token_id`:2 for open-end generation.
 text-only
Setting `pad_token_id` to `eos_token_id`:2 for open-end generation.
multimodal_generation_mode text-only
Setting `pad_token_id` to `eos_token_id`:2 for open-end generation.
multimodal_generation_mode text-only
Setting `pad_token_id` to `eos_token_id`:2 for open-end generation.
multimodal_generation_mode text-only
Setting `pad_token_id` to `eos_token_id`:2 for open-end generation.
multimodal_generation_mode text-only
Setting `pad_token_id` to `eos_token_id`:2 for open-end generation.
multimodal_generation_mode text-only
Setting `pad_token_id` to `eos_token_id`:2 for open-end generation.
multimodal_generation_mode text-only
Setting `pad_token_id` to `eos_token_id`:2 for open-end generation.
multimodal_generation_mode text-only
Setting `pad_token_id` to `eos_token_id`:2 for open-end generation.
multimodal_generation_mode text-only
Setting `pad_token_id` to `eos_token_id`:2 for open-end generation.
multimodal_generation_mode text-only
Setting `pad_token_id` to `eos_token_id`:2 for open-end generation.
                                                    {'reward/mean': 0.0, 'reward/std': 0.0, 'policy/advantage_mean': 0.0, 'policy/advantage_std': 0.0, 'loss/pg_loss': 0.0, 'loss/kl_div': -0.07130999020547256, 'epoch': 2.46}
  1%|          | 17/2000 [13:29<25:56:56, 47.11s/it]multimodal_generation_mode text-only
Setting `pad_token_id` to `eos_token_id`:2 for open-end generation.
multimodal_generation_mode text-only
Setting `pad_token_id` to `eos_token_id`:2 for open-end generation.
multimodal_generation_mode text-only
Setting `pad_token_id` to `eos_token_id`:2 for open-end generation.
multimodal_generation_mode text-only
multimodal_generation_mode text-only
multimodal_generation_mode text-only
multimodal_generation_mode text-only
Setting `pad_token_id` to `eos_token_id`:2 for open-end generation.
Setting `pad_token_id` to `eos_token_id`:2 for open-end generation.
Setting `pad_token_id` to `eos_token_id`:2 for open-end generation.
Setting `pad_token_id` to `eos_token_id`:2 for open-end generation.
multimodal_generation_mode text-only
Setting `pad_token_id` to `eos_token_id`:2 for open-end generation.
multimodal_generation_mode text-only
Setting `pad_token_id` to `eos_token_id`:2 for open-end generation.
multimodal_generation_mode text-only
Setting `pad_token_id` to `eos_token_id`:2 for open-end generation.
multimodal_generation_mode text-only
Setting `pad_token_id` to `eos_token_id`:2 for open-end generation.
multimodal_generation_mode text-only
Setting `pad_token_id` to `eos_token_id`:2 for open-end generation.
multimodal_generation_mode text-only
Setting `pad_token_id` to `eos_token_id`:2 for open-end generation.
multimodal_generation_mode text-only
Setting `pad_token_id` to `eos_token_id`:2 for open-end generation.
multimodal_generation_mode text-only
Setting `pad_token_id` to `eos_token_id`:2 for open-end generation.
multimodal_generation_mode text-only
Setting `pad_token_id` to `eos_token_id`:2 for open-end generation.
                                                    {'reward/mean': 0.0, 'reward/std': 0.0, 'policy/advantage_mean': 0.0, 'policy/advantage_std': 0.0, 'loss/pg_loss': 0.0, 'loss/kl_div': -0.6131709843725708, 'epoch': 2.46}
  1%|          | 17/2000 [13:44<25:56:56, 47.11s/it]  1%|          | 18/2000 [14:02<25:42:56, 46.71s/it]                                                    {'loss': 0.0, 'grad_norm': 0.0, 'learning_rate': 9.915e-07, 'epoch': 2.62}
  1%|          | 18/2000 [14:02<25:42:56, 46.71s/it]multimodal_generation_mode text-only
Setting `pad_token_id` to `eos_token_id`:2 for open-end generation.
multimodal_generation_mode text-only
Setting `pad_token_id` to `eos_token_id`:2 for open-end generation.
multimodal_generation_mode text-only
Setting `pad_token_id` to `eos_token_id`:2 for open-end generation.
multimodal_generation_mode text-only
multimodal_generation_mode text-only
multimodal_generation_mode text-only
Setting `pad_token_id` to `eos_token_id`:2 for open-end generation.
Setting `pad_token_id` to `eos_token_id`:2 for open-end generation.
Setting `pad_token_id` to `eos_token_id`:2 for open-end generation.
multimodal_generation_mode text-only
Setting `pad_token_id` to `eos_token_id`:2 for open-end generation.
multimodal_generation_mode text-only
Setting `pad_token_id` to `eos_token_id`:2 for open-end generation.
multimodal_generation_mode text-only
Setting `pad_token_id` to `eos_token_id`:2 for open-end generation.
multimodal_generation_mode text-only
Setting `pad_token_id` to `eos_token_id`:2 for open-end generation.
multimodal_generation_mode text-only
Setting `pad_token_id` to `eos_token_id`:2 for open-end generation.
multimodal_generation_mode text-only
Setting `pad_token_id` to `eos_token_id`:2 for open-end generation.
multimodal_generation_mode text-only
Setting `pad_token_id` to `eos_token_id`:2 for open-end generation.
multimodal_generation_mode text-only
Setting `pad_token_id` to `eos_token_id`:2 for open-end generation.
multimodal_generation_mode text-only
Setting `pad_token_id` to `eos_token_id`:2 for open-end generation.
multimodal_generation_mode text-only
Setting `pad_token_id` to `eos_token_id`:2 for open-end generation.
                                                    {'reward/mean': 0.0, 'reward/std': 0.0, 'policy/advantage_mean': 0.0, 'policy/advantage_std': 0.0, 'loss/pg_loss': 0.0, 'loss/kl_div': -0.5589502984951423, 'epoch': 2.62}
  1%|          | 18/2000 [14:14<25:42:56, 46.71s/it]multimodal_generation_mode text-only
Setting `pad_token_id` to `eos_token_id`:2 for open-end generation.
multimodal_generation_mode text-only
Setting `pad_token_id` to `eos_token_id`:2 for open-end generation.
multimodal_generation_mode text-only
Setting `pad_token_id` to `eos_token_id`:2 for open-end generation.
multimodal_generation_mode text-only
Setting `pad_token_id` to `eos_token_id`:2 for open-end generation.
multimodal_generation_mode text-only
Setting `pad_token_id` to `eos_token_id`:2 for open-end generation.
multimodal_generation_mode text-only
Setting `pad_token_id` to `eos_token_id`:2 for open-end generation.
multimodal_generation_mode text-only
Setting `pad_token_id` to `eos_token_id`:2 for open-end generation.
multimodal_generation_mode text-only
Setting `pad_token_id` to `eos_token_id`:2 for open-end generation.
multimodal_generation_mode text-only
Setting `pad_token_id` to `eos_token_id`:2 for open-end generation.
multimodal_generation_mode text-only
Setting `pad_token_id` to `eos_token_id`:2 for open-end generation.
multimodal_generation_mode text-only
Setting `pad_token_id` to `eos_token_id`:2 for open-end generation.
multimodal_generation_mode text-only
Setting `pad_token_id` to `eos_token_id`:2 for open-end generation.
multimodal_generation_mode text-only
Setting `pad_token_id` to `eos_token_id`:2 for open-end generation.
multimodal_generation_mode text-only
Setting `pad_token_id` to `eos_token_id`:2 for open-end generation.
multimodal_generation_mode text-only
Setting `pad_token_id` to `eos_token_id`:2 for open-end generation.
multimodal_generation_mode text-only
Setting `pad_token_id` to `eos_token_id`:2 for open-end generation.
                                                    {'reward/mean': 0.0, 'reward/std': 0.0, 'policy/advantage_mean': 0.0, 'policy/advantage_std': 0.0, 'loss/pg_loss': 0.0, 'loss/kl_div': -0.4049546017366297, 'epoch': 2.62}
  1%|          | 18/2000 [14:27<25:42:56, 46.71s/it]  1%|          | 19/2000 [14:51<26:03:48, 47.36s/it]                                                    {'loss': 0.0, 'grad_norm': 0.0, 'learning_rate': 9.91e-07, 'epoch': 2.77}
  1%|          | 19/2000 [14:51<26:03:48, 47.36s/it]multimodal_generation_mode text-only
Setting `pad_token_id` to `eos_token_id`:2 for open-end generation.
multimodal_generation_mode text-only
Setting `pad_token_id` to `eos_token_id`:2 for open-end generation.
multimodal_generation_mode text-only
Setting `pad_token_id` to `eos_token_id`:2 for open-end generation.
multimodal_generation_mode text-only
multimodal_generation_mode text-only
Setting `pad_token_id` to `eos_token_id`:2 for open-end generation.
Setting `pad_token_id` to `eos_token_id`:2 for open-end generation.
multimodal_generation_mode text-only
Setting `pad_token_id` to `eos_token_id`:2 for open-end generation.
multimodal_generation_mode text-only
Setting `pad_token_id` to `eos_token_id`:2 for open-end generation.
multimodal_generation_mode text-only
Setting `pad_token_id` to `eos_token_id`:2 for open-end generation.
multimodal_generation_mode text-only
Setting `pad_token_id` to `eos_token_id`:2 for open-end generation.
multimodal_generation_mode text-only
Setting `pad_token_id` to `eos_token_id`:2 for open-end generation.
multimodal_generation_mode text-only
Setting `pad_token_id` to `eos_token_id`:2 for open-end generation.
multimodal_generation_mode text-only
Setting `pad_token_id` to `eos_token_id`:2 for open-end generation.
multimodal_generation_mode text-only
Setting `pad_token_id` to `eos_token_id`:2 for open-end generation.
multimodal_generation_mode text-only
Setting `pad_token_id` to `eos_token_id`:2 for open-end generation.
multimodal_generation_mode text-only
Setting `pad_token_id` to `eos_token_id`:2 for open-end generation.
                                                    {'reward/mean': 0.0, 'reward/std': 0.0, 'policy/advantage_mean': 0.0, 'policy/advantage_std': 0.0, 'loss/pg_loss': 0.0, 'loss/kl_div': -0.16876454739957242, 'epoch': 2.77}
  1%|          | 19/2000 [14:58<26:03:48, 47.36s/it]multimodal_generation_mode text-only
Setting `pad_token_id` to `eos_token_id`:2 for open-end generation.
multimodal_generation_mode text-only
Setting `pad_token_id` to `eos_token_id`:2 for open-end generation.
multimodal_generation_mode text-only
Setting `pad_token_id` to `eos_token_id`:2 for open-end generation.
multimodal_generation_mode text-only
Setting `pad_token_id` to `eos_token_id`:2 for open-end generation.
multimodal_generation_mode text-only
multimodal_generation_mode text-only
multimodal_generation_mode text-only
Setting `pad_token_id` to `eos_token_id`:2 for open-end generation.
Setting `pad_token_id` to `eos_token_id`:2 for open-end generation.
Setting `pad_token_id` to `eos_token_id`:2 for open-end generation.
multimodal_generation_mode text-only
Setting `pad_token_id` to `eos_token_id`:2 for open-end generation.
multimodal_generation_mode text-only
Setting `pad_token_id` to `eos_token_id`:2 for open-end generation.
multimodal_generation_mode text-only
Setting `pad_token_id` to `eos_token_id`:2 for open-end generation.
multimodal_generation_mode text-only
Setting `pad_token_id` to `eos_token_id`:2 for open-end generation.
multimodal_generation_mode text-only
Setting `pad_token_id` to `eos_token_id`:2 for open-end generation.
multimodal_generation_mode text-only
Setting `pad_token_id` to `eos_token_id`:2 for open-end generation.
multimodal_generation_mode text-only
Setting `pad_token_id` to `eos_token_id`:2 for open-end generation.
multimodal_generation_mode text-only
Setting `pad_token_id` to `eos_token_id`:2 for open-end generation.
multimodal_generation_mode text-only
Setting `pad_token_id` to `eos_token_id`:2 for open-end generation.
multimodal_generation_mode text-only
Setting `pad_token_id` to `eos_token_id`:2 for open-end generation.
                                                    {'reward/mean': 0.0, 'reward/std': 0.0, 'policy/advantage_mean': 0.0, 'policy/advantage_std': 0.0, 'loss/pg_loss': 0.0, 'loss/kl_div': -0.17157878670641172, 'epoch': 2.77}
  1%|          | 19/2000 [15:18<26:03:48, 47.36s/it]  1%|          | 20/2000 [15:38<26:04:37, 47.41s/it]                                                    {'loss': 0.0, 'grad_norm': 0.0, 'learning_rate': 9.905e-07, 'epoch': 2.92}
  1%|          | 20/2000 [15:38<26:04:37, 47.41s/it]multimodal_generation_mode text-only
Setting `pad_token_id` to `eos_token_id`:2 for open-end generation.
multimodal_generation_mode text-only
Setting `pad_token_id` to `eos_token_id`:2 for open-end generation.
multimodal_generation_mode text-only
Setting `pad_token_id` to `eos_token_id`:2 for open-end generation.
multimodal_generation_mode text-only
Setting `pad_token_id` to `eos_token_id`:2 for open-end generation.
multimodal_generation_mode text-onlymultimodal_generation_mode
 text-only
Setting `pad_token_id` to `eos_token_id`:2 for open-end generation.
Setting `pad_token_id` to `eos_token_id`:2 for open-end generation.
multimodal_generation_mode text-only
multimodal_generation_modeSetting `pad_token_id` to `eos_token_id`:2 for open-end generation.
 text-only
Setting `pad_token_id` to `eos_token_id`:2 for open-end generation.
multimodal_generation_mode text-only
Setting `pad_token_id` to `eos_token_id`:2 for open-end generation.
multimodal_generation_mode text-only
Setting `pad_token_id` to `eos_token_id`:2 for open-end generation.
multimodal_generation_mode text-only
Setting `pad_token_id` to `eos_token_id`:2 for open-end generation.
multimodal_generation_mode text-only
Setting `pad_token_id` to `eos_token_id`:2 for open-end generation.
multimodal_generation_mode text-only
Setting `pad_token_id` to `eos_token_id`:2 for open-end generation.
multimodal_generation_mode text-only
Setting `pad_token_id` to `eos_token_id`:2 for open-end generation.
multimodal_generation_mode text-only
Setting `pad_token_id` to `eos_token_id`:2 for open-end generation.
multimodal_generation_mode text-only
Setting `pad_token_id` to `eos_token_id`:2 for open-end generation.
                                                    {'reward/mean': 0.0, 'reward/std': 0.0, 'policy/advantage_mean': 0.0, 'policy/advantage_std': 0.0, 'loss/pg_loss': 0.0, 'loss/kl_div': -0.09677266645001935, 'epoch': 2.92}
  1%|          | 20/2000 [15:43<26:04:37, 47.41s/it]  1%|          | 21/2000 [16:05<22:38:35, 41.19s/it]                                                    {'loss': 0.0, 'grad_norm': 0.0, 'learning_rate': 9.9e-07, 'epoch': 3.0}
  1%|          | 21/2000 [16:05<22:38:35, 41.19s/it]multimodal_generation_mode text-only
Setting `pad_token_id` to `eos_token_id`:2 for open-end generation.
multimodal_generation_mode text-only
Setting `pad_token_id` to `eos_token_id`:2 for open-end generation.
multimodal_generation_mode text-only
Setting `pad_token_id` to `eos_token_id`:2 for open-end generation.
multimodal_generation_mode text-only
Setting `pad_token_id` to `eos_token_id`:2 for open-end generation.
multimodal_generation_mode text-only
multimodal_generation_mode text-only
multimodal_generation_mode text-only
multimodal_generation_modeSetting `pad_token_id` to `eos_token_id`:2 for open-end generation.
 text-only
Setting `pad_token_id` to `eos_token_id`:2 for open-end generation.
Setting `pad_token_id` to `eos_token_id`:2 for open-end generation.
Setting `pad_token_id` to `eos_token_id`:2 for open-end generation.
multimodal_generation_mode text-only
Setting `pad_token_id` to `eos_token_id`:2 for open-end generation.
multimodal_generation_mode text-only
Setting `pad_token_id` to `eos_token_id`:2 for open-end generation.
multimodal_generation_mode text-only
Setting `pad_token_id` to `eos_token_id`:2 for open-end generation.
multimodal_generation_mode text-only
Setting `pad_token_id` to `eos_token_id`:2 for open-end generation.
multimodal_generation_mode text-only
Setting `pad_token_id` to `eos_token_id`:2 for open-end generation.
multimodal_generation_mode text-only
Setting `pad_token_id` to `eos_token_id`:2 for open-end generation.
multimodal_generation_mode text-only
Setting `pad_token_id` to `eos_token_id`:2 for open-end generation.
                                                    {'reward/mean': 0.0, 'reward/std': 0.0, 'policy/advantage_mean': 0.0, 'policy/advantage_std': 0.0, 'loss/pg_loss': 0.0, 'loss/kl_div': -0.18042096053019607, 'epoch': 3.0}
  1%|          | 21/2000 [16:13<22:38:35, 41.19s/it]multimodal_generation_mode text-only
Setting `pad_token_id` to `eos_token_id`:2 for open-end generation.
multimodal_generation_mode text-only
Setting `pad_token_id` to `eos_token_id`:2 for open-end generation.
multimodal_generation_mode text-only
multimodal_generation_mode text-only
Setting `pad_token_id` to `eos_token_id`:2 for open-end generation.
Setting `pad_token_id` to `eos_token_id`:2 for open-end generation.
multimodal_generation_mode text-only
Setting `pad_token_id` to `eos_token_id`:2 for open-end generation.
multimodal_generation_mode text-only
Setting `pad_token_id` to `eos_token_id`:2 for open-end generation.
multimodal_generation_mode text-only
Setting `pad_token_id` to `eos_token_id`:2 for open-end generation.
multimodal_generation_mode text-only
Setting `pad_token_id` to `eos_token_id`:2 for open-end generation.
multimodal_generation_mode text-only
Setting `pad_token_id` to `eos_token_id`:2 for open-end generation.
multimodal_generation_mode text-only
Setting `pad_token_id` to `eos_token_id`:2 for open-end generation.
multimodal_generation_mode text-only
Setting `pad_token_id` to `eos_token_id`:2 for open-end generation.
multimodal_generation_mode text-only
Setting `pad_token_id` to `eos_token_id`:2 for open-end generation.
multimodal_generation_mode text-only
Setting `pad_token_id` to `eos_token_id`:2 for open-end generation.
multimodal_generation_mode text-only
Setting `pad_token_id` to `eos_token_id`:2 for open-end generation.
multimodal_generation_mode text-only
Setting `pad_token_id` to `eos_token_id`:2 for open-end generation.
                                                    {'reward/mean': 0.0, 'reward/std': 0.0, 'policy/advantage_mean': 0.0, 'policy/advantage_std': 0.0, 'loss/pg_loss': 0.0, 'loss/kl_div': -0.223236083984375, 'epoch': 3.0}
  1%|          | 21/2000 [16:27<22:38:35, 41.19s/it]multimodal_generation_mode text-only
Setting `pad_token_id` to `eos_token_id`:2 for open-end generation.
multimodal_generation_mode text-only
Setting `pad_token_id` to `eos_token_id`:2 for open-end generation.
  1%|          | 22/2000 [16:56<24:11:50, 44.04s/it]                                                    {'loss': 0.0, 'grad_norm': 0.0, 'learning_rate': 9.895e-07, 'epoch': 3.15}
  1%|          | 22/2000 [16:56<24:11:50, 44.04s/it]multimodal_generation_mode text-only
Setting `pad_token_id` to `eos_token_id`:2 for open-end generation.
multimodal_generation_mode text-only
Setting `pad_token_id` to `eos_token_id`:2 for open-end generation.
multimodal_generation_mode text-only
Setting `pad_token_id` to `eos_token_id`:2 for open-end generation.
multimodal_generation_mode text-only
Setting `pad_token_id` to `eos_token_id`:2 for open-end generation.
multimodal_generation_mode text-only
multimodal_generation_mode text-only
multimodal_generation_mode text-only
Setting `pad_token_id` to `eos_token_id`:2 for open-end generation.
multimodal_generation_mode text-only
Setting `pad_token_id` to `eos_token_id`:2 for open-end generation.
Setting `pad_token_id` to `eos_token_id`:2 for open-end generation.
Setting `pad_token_id` to `eos_token_id`:2 for open-end generation.
multimodal_generation_mode text-only
Setting `pad_token_id` to `eos_token_id`:2 for open-end generation.
multimodal_generation_mode text-only
Setting `pad_token_id` to `eos_token_id`:2 for open-end generation.
multimodal_generation_mode text-only
Setting `pad_token_id` to `eos_token_id`:2 for open-end generation.
multimodal_generation_mode text-only
Setting `pad_token_id` to `eos_token_id`:2 for open-end generation.
multimodal_generation_mode text-only
Setting `pad_token_id` to `eos_token_id`:2 for open-end generation.
multimodal_generation_mode text-only
Setting `pad_token_id` to `eos_token_id`:2 for open-end generation.
multimodal_generation_mode text-only
Setting `pad_token_id` to `eos_token_id`:2 for open-end generation.
                                                    {'reward/mean': 0.0, 'reward/std': 0.0, 'policy/advantage_mean': 0.0, 'policy/advantage_std': 0.0, 'loss/pg_loss': 0.0, 'loss/kl_div': -0.10099180917891246, 'epoch': 3.15}
  1%|          | 22/2000 [17:03<24:11:50, 44.04s/it]multimodal_generation_mode text-only
Setting `pad_token_id` to `eos_token_id`:2 for open-end generation.
multimodal_generation_mode text-only
Setting `pad_token_id` to `eos_token_id`:2 for open-end generation.
multimodal_generation_mode text-only
Setting `pad_token_id` to `eos_token_id`:2 for open-end generation.
multimodal_generation_mode text-only
Setting `pad_token_id` to `eos_token_id`:2 for open-end generation.
multimodal_generation_mode text-only
Setting `pad_token_id` to `eos_token_id`:2 for open-end generation.
multimodal_generation_mode text-only
multimodal_generation_mode text-only
Setting `pad_token_id` to `eos_token_id`:2 for open-end generation.
Setting `pad_token_id` to `eos_token_id`:2 for open-end generation.
multimodal_generation_mode text-only
Setting `pad_token_id` to `eos_token_id`:2 for open-end generation.
multimodal_generation_mode text-only
Setting `pad_token_id` to `eos_token_id`:2 for open-end generation.
multimodal_generation_mode text-only
Setting `pad_token_id` to `eos_token_id`:2 for open-end generation.
multimodal_generation_mode text-only
Setting `pad_token_id` to `eos_token_id`:2 for open-end generation.
multimodal_generation_mode text-only
Setting `pad_token_id` to `eos_token_id`:2 for open-end generation.
multimodal_generation_mode text-only
Setting `pad_token_id` to `eos_token_id`:2 for open-end generation.
multimodal_generation_mode text-only
Setting `pad_token_id` to `eos_token_id`:2 for open-end generation.
multimodal_generation_mode text-only
Setting `pad_token_id` to `eos_token_id`:2 for open-end generation.
multimodal_generation_mode text-only
Setting `pad_token_id` to `eos_token_id`:2 for open-end generation.
                                                    {'reward/mean': 0.0, 'reward/std': 0.0, 'policy/advantage_mean': 0.0, 'policy/advantage_std': 0.0, 'loss/pg_loss': 0.0, 'loss/kl_div': -0.12148058324828184, 'epoch': 3.15}
  1%|          | 22/2000 [17:26<24:11:50, 44.04s/it]multimodal_generation_mode text-only
Setting `pad_token_id` to `eos_token_id`:2 for open-end generation.
  1%|          | 23/2000 [17:49<25:43:45, 46.85s/it]                                                    {'loss': 0.0, 'grad_norm': 0.0, 'learning_rate': 9.89e-07, 'epoch': 3.31}
  1%|          | 23/2000 [17:49<25:43:45, 46.85s/it]multimodal_generation_mode text-only
Setting `pad_token_id` to `eos_token_id`:2 for open-end generation.
multimodal_generation_mode text-only
Setting `pad_token_id` to `eos_token_id`:2 for open-end generation.
multimodal_generation_mode text-only
Setting `pad_token_id` to `eos_token_id`:2 for open-end generation.
multimodal_generation_mode text-only
Setting `pad_token_id` to `eos_token_id`:2 for open-end generation.
multimodal_generation_mode text-only
Setting `pad_token_id` to `eos_token_id`:2 for open-end generation.
multimodal_generation_mode text-only
Setting `pad_token_id` to `eos_token_id`:2 for open-end generation.
multimodal_generation_mode text-only
multimodal_generation_mode text-only
Setting `pad_token_id` to `eos_token_id`:2 for open-end generation.
Setting `pad_token_id` to `eos_token_id`:2 for open-end generation.
multimodal_generation_mode text-only
Setting `pad_token_id` to `eos_token_id`:2 for open-end generation.
multimodal_generation_mode text-only
Setting `pad_token_id` to `eos_token_id`:2 for open-end generation.
multimodal_generation_mode text-only
Setting `pad_token_id` to `eos_token_id`:2 for open-end generation.
multimodal_generation_mode text-only
Setting `pad_token_id` to `eos_token_id`:2 for open-end generation.
multimodal_generation_mode text-only
Setting `pad_token_id` to `eos_token_id`:2 for open-end generation.
multimodal_generation_mode text-only
Setting `pad_token_id` to `eos_token_id`:2 for open-end generation.
multimodal_generation_mode text-only
Setting `pad_token_id` to `eos_token_id`:2 for open-end generation.
                                                    {'reward/mean': 0.0, 'reward/std': 0.0, 'policy/advantage_mean': 0.0, 'policy/advantage_std': 0.0, 'loss/pg_loss': 0.0, 'loss/kl_div': -0.16299734010801212, 'epoch': 3.31}
  1%|          | 23/2000 [17:56<25:43:45, 46.85s/it]multimodal_generation_mode text-only
Setting `pad_token_id` to `eos_token_id`:2 for open-end generation.
multimodal_generation_mode text-only
Setting `pad_token_id` to `eos_token_id`:2 for open-end generation.
multimodal_generation_mode text-only
Setting `pad_token_id` to `eos_token_id`:2 for open-end generation.
multimodal_generation_mode text-only
Setting `pad_token_id` to `eos_token_id`:2 for open-end generation.
multimodal_generation_mode text-only
Setting `pad_token_id` to `eos_token_id`:2 for open-end generation.
multimodal_generation_mode text-only
Setting `pad_token_id` to `eos_token_id`:2 for open-end generation.
multimodal_generation_mode text-only
Setting `pad_token_id` to `eos_token_id`:2 for open-end generation.
multimodal_generation_mode text-only
Setting `pad_token_id` to `eos_token_id`:2 for open-end generation.
multimodal_generation_mode text-only
Setting `pad_token_id` to `eos_token_id`:2 for open-end generation.
multimodal_generation_mode text-only
Setting `pad_token_id` to `eos_token_id`:2 for open-end generation.
multimodal_generation_mode text-only
Setting `pad_token_id` to `eos_token_id`:2 for open-end generation.
multimodal_generation_mode text-only
Setting `pad_token_id` to `eos_token_id`:2 for open-end generation.
multimodal_generation_mode text-only
Setting `pad_token_id` to `eos_token_id`:2 for open-end generation.
multimodal_generation_mode text-only
Setting `pad_token_id` to `eos_token_id`:2 for open-end generation.
multimodal_generation_mode text-only
Setting `pad_token_id` to `eos_token_id`:2 for open-end generation.
multimodal_generation_mode text-only
Setting `pad_token_id` to `eos_token_id`:2 for open-end generation.
multimodal_generation_mode text-only
Setting `pad_token_id` to `eos_token_id`:2 for open-end generation.
                                                    {'reward/mean': 0.0, 'reward/std': 0.0, 'policy/advantage_mean': 0.0, 'policy/advantage_std': 0.0, 'loss/pg_loss': 0.0, 'loss/kl_div': -0.17744183802342678, 'epoch': 3.31}
  1%|          | 23/2000 [18:13<25:43:45, 46.85s/it]  1%|          | 24/2000 [18:37<25:49:27, 47.05s/it]                                                    {'loss': 0.0, 'grad_norm': 0.0, 'learning_rate': 9.885e-07, 'epoch': 3.46}
  1%|          | 24/2000 [18:37<25:49:27, 47.05s/it]multimodal_generation_mode text-only
Setting `pad_token_id` to `eos_token_id`:2 for open-end generation.
multimodal_generation_mode text-only
Setting `pad_token_id` to `eos_token_id`:2 for open-end generation.
multimodal_generation_mode text-only
Setting `pad_token_id` to `eos_token_id`:2 for open-end generation.
multimodal_generation_mode text-only
Setting `pad_token_id` to `eos_token_id`:2 for open-end generation.
multimodal_generation_mode text-only
Setting `pad_token_id` to `eos_token_id`:2 for open-end generation.
multimodal_generation_mode text-only
Setting `pad_token_id` to `eos_token_id`:2 for open-end generation.
multimodal_generation_mode text-only
Setting `pad_token_id` to `eos_token_id`:2 for open-end generation.
multimodal_generation_mode text-only
Setting `pad_token_id` to `eos_token_id`:2 for open-end generation.
multimodal_generation_mode text-only
Setting `pad_token_id` to `eos_token_id`:2 for open-end generation.
multimodal_generation_mode text-only
Setting `pad_token_id` to `eos_token_id`:2 for open-end generation.
multimodal_generation_mode text-only
Setting `pad_token_id` to `eos_token_id`:2 for open-end generation.
                                                    {'reward/mean': 0.0, 'reward/std': 0.0, 'policy/advantage_mean': 0.0, 'policy/advantage_std': 0.0, 'loss/pg_loss': 0.0, 'loss/kl_div': -0.3909213781356812, 'epoch': 3.46}
  1%|          | 24/2000 [18:39<25:49:27, 47.05s/it]multimodal_generation_mode text-only
Setting `pad_token_id` to `eos_token_id`:2 for open-end generation.
multimodal_generation_mode text-only
Setting `pad_token_id` to `eos_token_id`:2 for open-end generation.
multimodal_generation_mode text-only
Setting `pad_token_id` to `eos_token_id`:2 for open-end generation.
multimodal_generation_mode text-only
Setting `pad_token_id` to `eos_token_id`:2 for open-end generation.
multimodal_generation_mode text-only
Setting `pad_token_id` to `eos_token_id`:2 for open-end generation.
multimodal_generation_mode text-only
Setting `pad_token_id` to `eos_token_id`:2 for open-end generation.
multimodal_generation_mode text-only
Setting `pad_token_id` to `eos_token_id`:2 for open-end generation.
multimodal_generation_mode text-only
Setting `pad_token_id` to `eos_token_id`:2 for open-end generation.
multimodal_generation_mode text-only
multimodal_generation_mode text-only
Setting `pad_token_id` to `eos_token_id`:2 for open-end generation.
Setting `pad_token_id` to `eos_token_id`:2 for open-end generation.
multimodal_generation_mode text-only
Setting `pad_token_id` to `eos_token_id`:2 for open-end generation.
multimodal_generation_mode text-only
Setting `pad_token_id` to `eos_token_id`:2 for open-end generation.
multimodal_generation_mode text-only
Setting `pad_token_id` to `eos_token_id`:2 for open-end generation.
multimodal_generation_mode text-only
Setting `pad_token_id` to `eos_token_id`:2 for open-end generation.
multimodal_generation_mode text-only
Setting `pad_token_id` to `eos_token_id`:2 for open-end generation.
multimodal_generation_mode text-only
Setting `pad_token_id` to `eos_token_id`:2 for open-end generation.
multimodal_generation_mode text-only
Setting `pad_token_id` to `eos_token_id`:2 for open-end generation.
multimodal_generation_mode text-only
Setting `pad_token_id` to `eos_token_id`:2 for open-end generation.
multimodal_generation_mode text-only
Setting `pad_token_id` to `eos_token_id`:2 for open-end generation.
multimodal_generation_mode text-only
Setting `pad_token_id` to `eos_token_id`:2 for open-end generation.
multimodal_generation_mode text-only
Setting `pad_token_id` to `eos_token_id`:2 for open-end generation.
                                                    {'reward/mean': 0.0, 'reward/std': 0.0, 'policy/advantage_mean': 0.0, 'policy/advantage_std': 0.0, 'loss/pg_loss': 0.0, 'loss/kl_div': -0.11685933709488135, 'epoch': 3.46}
  1%|          | 24/2000 [19:09<25:49:27, 47.05s/it]  1%|▏         | 25/2000 [19:28<26:34:57, 48.45s/it]                                                    {'loss': 0.0, 'grad_norm': 0.0, 'learning_rate': 9.88e-07, 'epoch': 3.62}
  1%|▏         | 25/2000 [19:28<26:34:57, 48.45s/it]multimodal_generation_mode text-only
Setting `pad_token_id` to `eos_token_id`:2 for open-end generation.
multimodal_generation_mode text-only
Setting `pad_token_id` to `eos_token_id`:2 for open-end generation.
multimodal_generation_mode text-only
Setting `pad_token_id` to `eos_token_id`:2 for open-end generation.
multimodal_generation_mode text-only
Setting `pad_token_id` to `eos_token_id`:2 for open-end generation.
multimodal_generation_mode text-only
Setting `pad_token_id` to `eos_token_id`:2 for open-end generation.
multimodal_generation_mode text-only
Setting `pad_token_id` to `eos_token_id`:2 for open-end generation.
multimodal_generation_mode text-only
Setting `pad_token_id` to `eos_token_id`:2 for open-end generation.
multimodal_generation_mode text-only
Setting `pad_token_id` to `eos_token_id`:2 for open-end generation.
multimodal_generation_mode text-only
Setting `pad_token_id` to `eos_token_id`:2 for open-end generation.
multimodal_generation_mode text-only
Setting `pad_token_id` to `eos_token_id`:2 for open-end generation.
multimodal_generation_mode text-only
Setting `pad_token_id` to `eos_token_id`:2 for open-end generation.
multimodal_generation_mode text-only
Setting `pad_token_id` to `eos_token_id`:2 for open-end generation.
multimodal_generation_mode text-only
Setting `pad_token_id` to `eos_token_id`:2 for open-end generation.
multimodal_generation_mode text-only
Setting `pad_token_id` to `eos_token_id`:2 for open-end generation.
multimodal_generation_mode text-only
Setting `pad_token_id` to `eos_token_id`:2 for open-end generation.
multimodal_generation_mode text-only
Setting `pad_token_id` to `eos_token_id`:2 for open-end generation.
                                                    {'reward/mean': 0.0, 'reward/std': 0.0, 'policy/advantage_mean': 0.0, 'policy/advantage_std': 0.0, 'loss/pg_loss': 0.0, 'loss/kl_div': -0.23206728154962714, 'epoch': 3.62}
  1%|▏         | 25/2000 [19:34<26:34:57, 48.45s/it]multimodal_generation_mode text-only
Setting `pad_token_id` to `eos_token_id`:2 for open-end generation.
multimodal_generation_mode text-only
Setting `pad_token_id` to `eos_token_id`:2 for open-end generation.
multimodal_generation_mode text-only
Setting `pad_token_id` to `eos_token_id`:2 for open-end generation.
multimodal_generation_mode text-only
multimodal_generation_mode text-only
Setting `pad_token_id` to `eos_token_id`:2 for open-end generation.
Setting `pad_token_id` to `eos_token_id`:2 for open-end generation.
multimodal_generation_mode text-only
Setting `pad_token_id` to `eos_token_id`:2 for open-end generation.
multimodal_generation_mode text-only
Setting `pad_token_id` to `eos_token_id`:2 for open-end generation.
multimodal_generation_mode text-only
Setting `pad_token_id` to `eos_token_id`:2 for open-end generation.
multimodal_generation_mode text-only
Setting `pad_token_id` to `eos_token_id`:2 for open-end generation.
multimodal_generation_mode text-only
Setting `pad_token_id` to `eos_token_id`:2 for open-end generation.
multimodal_generation_mode text-only
Setting `pad_token_id` to `eos_token_id`:2 for open-end generation.
multimodal_generation_mode text-only
Setting `pad_token_id` to `eos_token_id`:2 for open-end generation.
multimodal_generation_mode text-only
Setting `pad_token_id` to `eos_token_id`:2 for open-end generation.
multimodal_generation_mode text-only
Setting `pad_token_id` to `eos_token_id`:2 for open-end generation.
multimodal_generation_mode text-only
Setting `pad_token_id` to `eos_token_id`:2 for open-end generation.
multimodal_generation_mode text-only
Setting `pad_token_id` to `eos_token_id`:2 for open-end generation.
                                                    {'reward/mean': 0.0, 'reward/std': 0.0, 'policy/advantage_mean': 0.0, 'policy/advantage_std': 0.0, 'loss/pg_loss': 0.0, 'loss/kl_div': -0.10585684063790858, 'epoch': 3.62}
  1%|▏         | 25/2000 [19:55<26:34:57, 48.45s/it]  1%|▏         | 26/2000 [20:13<25:57:43, 47.35s/it]                                                    {'loss': 0.0, 'grad_norm': 0.0, 'learning_rate': 9.875e-07, 'epoch': 3.77}
  1%|▏         | 26/2000 [20:13<25:57:43, 47.35s/it]multimodal_generation_mode text-only
Setting `pad_token_id` to `eos_token_id`:2 for open-end generation.
multimodal_generation_mode text-only
Setting `pad_token_id` to `eos_token_id`:2 for open-end generation.
multimodal_generation_mode text-only
Setting `pad_token_id` to `eos_token_id`:2 for open-end generation.
multimodal_generation_mode text-only
Setting `pad_token_id` to `eos_token_id`:2 for open-end generation.
multimodal_generation_mode text-only
Setting `pad_token_id` to `eos_token_id`:2 for open-end generation.
multimodal_generation_mode text-only
multimodal_generation_modeSetting `pad_token_id` to `eos_token_id`:2 for open-end generation.
 text-only
Setting `pad_token_id` to `eos_token_id`:2 for open-end generation.
multimodal_generation_mode text-only
Setting `pad_token_id` to `eos_token_id`:2 for open-end generation.
multimodal_generation_mode text-only
Setting `pad_token_id` to `eos_token_id`:2 for open-end generation.
multimodal_generation_mode text-only
Setting `pad_token_id` to `eos_token_id`:2 for open-end generation.
multimodal_generation_mode text-only
Setting `pad_token_id` to `eos_token_id`:2 for open-end generation.
multimodal_generation_mode text-only
Setting `pad_token_id` to `eos_token_id`:2 for open-end generation.
multimodal_generation_mode text-only
Setting `pad_token_id` to `eos_token_id`:2 for open-end generation.
multimodal_generation_mode text-only
Setting `pad_token_id` to `eos_token_id`:2 for open-end generation.
multimodal_generation_mode text-only
Setting `pad_token_id` to `eos_token_id`:2 for open-end generation.
multimodal_generation_mode text-only
Setting `pad_token_id` to `eos_token_id`:2 for open-end generation.
                                                    {'reward/mean': 0.0, 'reward/std': 0.0, 'policy/advantage_mean': 0.0, 'policy/advantage_std': 0.0, 'loss/pg_loss': 0.0, 'loss/kl_div': -0.1843109020608009, 'epoch': 3.77}
  1%|▏         | 26/2000 [20:25<25:57:43, 47.35s/it]multimodal_generation_mode text-only
Setting `pad_token_id` to `eos_token_id`:2 for open-end generation.
multimodal_generation_mode text-only
Setting `pad_token_id` to `eos_token_id`:2 for open-end generation.
multimodal_generation_mode text-only
multimodal_generation_mode text-only
Setting `pad_token_id` to `eos_token_id`:2 for open-end generation.
Setting `pad_token_id` to `eos_token_id`:2 for open-end generation.
multimodal_generation_mode text-only
Setting `pad_token_id` to `eos_token_id`:2 for open-end generation.
multimodal_generation_mode text-only
Setting `pad_token_id` to `eos_token_id`:2 for open-end generation.
multimodal_generation_mode text-only
Setting `pad_token_id` to `eos_token_id`:2 for open-end generation.
multimodal_generation_mode text-only
Setting `pad_token_id` to `eos_token_id`:2 for open-end generation.
multimodal_generation_mode text-only
Setting `pad_token_id` to `eos_token_id`:2 for open-end generation.
multimodal_generation_mode text-only
Setting `pad_token_id` to `eos_token_id`:2 for open-end generation.
multimodal_generation_mode text-only
Setting `pad_token_id` to `eos_token_id`:2 for open-end generation.
multimodal_generation_mode text-only
Setting `pad_token_id` to `eos_token_id`:2 for open-end generation.
multimodal_generation_mode text-only
Setting `pad_token_id` to `eos_token_id`:2 for open-end generation.
multimodal_generation_mode text-only
Setting `pad_token_id` to `eos_token_id`:2 for open-end generation.
multimodal_generation_mode text-only
Setting `pad_token_id` to `eos_token_id`:2 for open-end generation.
                                                    {'reward/mean': 0.0, 'reward/std': 0.0, 'policy/advantage_mean': 0.0, 'policy/advantage_std': 0.0, 'loss/pg_loss': 0.0, 'loss/kl_div': -0.1391763687133789, 'epoch': 3.77}
  1%|▏         | 26/2000 [20:38<25:57:43, 47.35s/it]multimodal_generation_mode text-only
Setting `pad_token_id` to `eos_token_id`:2 for open-end generation.
  1%|▏         | 27/2000 [21:04<26:30:54, 48.38s/it]                                                    {'loss': 0.0, 'grad_norm': 0.0, 'learning_rate': 9.87e-07, 'epoch': 3.92}
  1%|▏         | 27/2000 [21:04<26:30:54, 48.38s/it]multimodal_generation_mode text-only
Setting `pad_token_id` to `eos_token_id`:2 for open-end generation.
multimodal_generation_mode text-only
Setting `pad_token_id` to `eos_token_id`:2 for open-end generation.
multimodal_generation_mode text-only
Setting `pad_token_id` to `eos_token_id`:2 for open-end generation.
multimodal_generation_mode text-only
Setting `pad_token_id` to `eos_token_id`:2 for open-end generation.
multimodal_generation_mode text-only
Setting `pad_token_id` to `eos_token_id`:2 for open-end generation.
multimodal_generation_mode text-only
Setting `pad_token_id` to `eos_token_id`:2 for open-end generation.
multimodal_generation_mode text-only
Setting `pad_token_id` to `eos_token_id`:2 for open-end generation.
multimodal_generation_mode text-only
Setting `pad_token_id` to `eos_token_id`:2 for open-end generation.
multimodal_generation_mode text-only
Setting `pad_token_id` to `eos_token_id`:2 for open-end generation.
multimodal_generation_mode text-only
Setting `pad_token_id` to `eos_token_id`:2 for open-end generation.
multimodal_generation_mode text-only
Setting `pad_token_id` to `eos_token_id`:2 for open-end generation.
multimodal_generation_mode text-only
Setting `pad_token_id` to `eos_token_id`:2 for open-end generation.
multimodal_generation_mode text-only
Setting `pad_token_id` to `eos_token_id`:2 for open-end generation.
multimodal_generation_mode text-only
Setting `pad_token_id` to `eos_token_id`:2 for open-end generation.
multimodal_generation_mode text-only
Setting `pad_token_id` to `eos_token_id`:2 for open-end generation.
multimodal_generation_mode text-only
Setting `pad_token_id` to `eos_token_id`:2 for open-end generation.
                                                    {'reward/mean': 0.0, 'reward/std': 0.0, 'policy/advantage_mean': 0.0, 'policy/advantage_std': 0.0, 'loss/pg_loss': 0.0, 'loss/kl_div': -0.5309087313138522, 'epoch': 3.92}
  1%|▏         | 27/2000 [21:11<26:30:54, 48.38s/it]  1%|▏         | 28/2000 [21:30<22:54:12, 41.81s/it]                                                    {'loss': 0.0, 'grad_norm': 0.0, 'learning_rate': 9.865e-07, 'epoch': 4.0}
  1%|▏         | 28/2000 [21:30<22:54:12, 41.81s/it]multimodal_generation_mode text-only
Setting `pad_token_id` to `eos_token_id`:2 for open-end generation.
multimodal_generation_mode text-only
multimodal_generation_mode text-only
Setting `pad_token_id` to `eos_token_id`:2 for open-end generation.
Setting `pad_token_id` to `eos_token_id`:2 for open-end generation.
multimodal_generation_mode text-only
Setting `pad_token_id` to `eos_token_id`:2 for open-end generation.
multimodal_generation_mode text-only
Setting `pad_token_id` to `eos_token_id`:2 for open-end generation.
multimodal_generation_mode text-only
Setting `pad_token_id` to `eos_token_id`:2 for open-end generation.
multimodal_generation_mode text-only
Setting `pad_token_id` to `eos_token_id`:2 for open-end generation.
multimodal_generation_mode text-only
Setting `pad_token_id` to `eos_token_id`:2 for open-end generation.
multimodal_generation_mode text-only
Setting `pad_token_id` to `eos_token_id`:2 for open-end generation.
multimodal_generation_mode text-only
Setting `pad_token_id` to `eos_token_id`:2 for open-end generation.
multimodal_generation_mode text-only
Setting `pad_token_id` to `eos_token_id`:2 for open-end generation.
multimodal_generation_mode text-only
Setting `pad_token_id` to `eos_token_id`:2 for open-end generation.
multimodal_generation_mode text-only
Setting `pad_token_id` to `eos_token_id`:2 for open-end generation.
multimodal_generation_mode text-only
Setting `pad_token_id` to `eos_token_id`:2 for open-end generation.
multimodal_generation_mode text-only
Setting `pad_token_id` to `eos_token_id`:2 for open-end generation.
multimodal_generation_mode text-only
Setting `pad_token_id` to `eos_token_id`:2 for open-end generation.
                                                    {'reward/mean': 0.0, 'reward/std': 0.0, 'policy/advantage_mean': 0.0, 'policy/advantage_std': 0.0, 'loss/pg_loss': 0.0, 'loss/kl_div': -0.3559634980701265, 'epoch': 4.0}
  1%|▏         | 28/2000 [21:45<22:54:12, 41.81s/it]multimodal_generation_mode text-only
Setting `pad_token_id` to `eos_token_id`:2 for open-end generation.
multimodal_generation_mode text-only
multimodal_generation_mode text-only
Setting `pad_token_id` to `eos_token_id`:2 for open-end generation.
multimodal_generation_mode text-only
Setting `pad_token_id` to `eos_token_id`:2 for open-end generation.
Setting `pad_token_id` to `eos_token_id`:2 for open-end generation.
multimodal_generation_mode text-only
Setting `pad_token_id` to `eos_token_id`:2 for open-end generation.
multimodal_generation_mode text-only
Setting `pad_token_id` to `eos_token_id`:2 for open-end generation.
multimodal_generation_mode text-only
Setting `pad_token_id` to `eos_token_id`:2 for open-end generation.
multimodal_generation_mode text-only
Setting `pad_token_id` to `eos_token_id`:2 for open-end generation.
multimodal_generation_mode text-only
Setting `pad_token_id` to `eos_token_id`:2 for open-end generation.
multimodal_generation_mode text-only
Setting `pad_token_id` to `eos_token_id`:2 for open-end generation.
multimodal_generation_mode text-only
Setting `pad_token_id` to `eos_token_id`:2 for open-end generation.
multimodal_generation_mode text-only
Setting `pad_token_id` to `eos_token_id`:2 for open-end generation.
multimodal_generation_mode text-only
Setting `pad_token_id` to `eos_token_id`:2 for open-end generation.
multimodal_generation_mode text-only
Setting `pad_token_id` to `eos_token_id`:2 for open-end generation.
                                                    {'reward/mean': 0.0, 'reward/std': 0.0, 'policy/advantage_mean': 0.0, 'policy/advantage_std': 0.0, 'loss/pg_loss': 0.0, 'loss/kl_div': -0.19870331173851377, 'epoch': 4.0}
  1%|▏         | 28/2000 [21:57<22:54:12, 41.81s/it]multimodal_generation_mode text-only
Setting `pad_token_id` to `eos_token_id`:2 for open-end generation.
multimodal_generation_mode text-only
Setting `pad_token_id` to `eos_token_id`:2 for open-end generation.
  1%|▏         | 29/2000 [22:24<24:46:48, 45.26s/it]                                                    {'loss': 0.0, 'grad_norm': 0.0, 'learning_rate': 9.86e-07, 'epoch': 4.15}
  1%|▏         | 29/2000 [22:24<24:46:48, 45.26s/it]multimodal_generation_mode text-only
Setting `pad_token_id` to `eos_token_id`:2 for open-end generation.
multimodal_generation_mode text-only
Setting `pad_token_id` to `eos_token_id`:2 for open-end generation.
multimodal_generation_mode text-only
Setting `pad_token_id` to `eos_token_id`:2 for open-end generation.
multimodal_generation_mode text-only
Setting `pad_token_id` to `eos_token_id`:2 for open-end generation.
multimodal_generation_mode text-only
multimodal_generation_mode text-only
multimodal_generation_mode Setting `pad_token_id` to `eos_token_id`:2 for open-end generation.
text-only
Setting `pad_token_id` to `eos_token_id`:2 for open-end generation.
multimodal_generation_mode text-only
Setting `pad_token_id` to `eos_token_id`:2 for open-end generation.
Setting `pad_token_id` to `eos_token_id`:2 for open-end generation.
multimodal_generation_mode text-only
Setting `pad_token_id` to `eos_token_id`:2 for open-end generation.
multimodal_generation_mode text-only
Setting `pad_token_id` to `eos_token_id`:2 for open-end generation.
multimodal_generation_mode text-only
multimodal_generation_mode text-only
Setting `pad_token_id` to `eos_token_id`:2 for open-end generation.
Setting `pad_token_id` to `eos_token_id`:2 for open-end generation.
multimodal_generation_mode text-only
Setting `pad_token_id` to `eos_token_id`:2 for open-end generation.
multimodal_generation_mode text-only
Setting `pad_token_id` to `eos_token_id`:2 for open-end generation.
multimodal_generation_mode text-only
Setting `pad_token_id` to `eos_token_id`:2 for open-end generation.
                                                    {'reward/mean': 0.0, 'reward/std': 0.0, 'policy/advantage_mean': 0.0, 'policy/advantage_std': 0.0, 'loss/pg_loss': 0.0, 'loss/kl_div': -0.11776848913918078, 'epoch': 4.15}
  1%|▏         | 29/2000 [22:29<24:46:48, 45.26s/it]multimodal_generation_mode text-only
Setting `pad_token_id` to `eos_token_id`:2 for open-end generation.
multimodal_generation_mode text-only
Setting `pad_token_id` to `eos_token_id`:2 for open-end generation.
multimodal_generation_mode text-only
Setting `pad_token_id` to `eos_token_id`:2 for open-end generation.
multimodal_generation_mode text-only
Setting `pad_token_id` to `eos_token_id`:2 for open-end generation.
multimodal_generation_mode text-only
Setting `pad_token_id` to `eos_token_id`:2 for open-end generation.
multimodal_generation_mode text-only
multimodal_generation_mode text-only
Setting `pad_token_id` to `eos_token_id`:2 for open-end generation.
Setting `pad_token_id` to `eos_token_id`:2 for open-end generation.
multimodal_generation_mode text-only
Setting `pad_token_id` to `eos_token_id`:2 for open-end generation.
multimodal_generation_mode text-only
Setting `pad_token_id` to `eos_token_id`:2 for open-end generation.
multimodal_generation_mode text-only
Setting `pad_token_id` to `eos_token_id`:2 for open-end generation.
multimodal_generation_mode text-only
Setting `pad_token_id` to `eos_token_id`:2 for open-end generation.
multimodal_generation_mode text-only
Setting `pad_token_id` to `eos_token_id`:2 for open-end generation.
multimodal_generation_mode text-only
Setting `pad_token_id` to `eos_token_id`:2 for open-end generation.
multimodal_generation_mode text-only
Setting `pad_token_id` to `eos_token_id`:2 for open-end generation.
multimodal_generation_mode text-only
Setting `pad_token_id` to `eos_token_id`:2 for open-end generation.
multimodal_generation_mode text-only
Setting `pad_token_id` to `eos_token_id`:2 for open-end generation.
multimodal_generation_mode text-only
Setting `pad_token_id` to `eos_token_id`:2 for open-end generation.
                                                    {'reward/mean': 0.0, 'reward/std': 0.0, 'policy/advantage_mean': 0.0, 'policy/advantage_std': 0.0, 'loss/pg_loss': 0.0, 'loss/kl_div': -0.25100152757432725, 'epoch': 4.15}
  1%|▏         | 29/2000 [22:47<24:46:48, 45.26s/it]  2%|▏         | 30/2000 [23:09<24:47:36, 45.31s/it]                                                    {'loss': 0.0, 'grad_norm': 0.0, 'learning_rate': 9.855e-07, 'epoch': 4.31}
  2%|▏         | 30/2000 [23:09<24:47:36, 45.31s/it]multimodal_generation_mode text-only
Setting `pad_token_id` to `eos_token_id`:2 for open-end generation.
multimodal_generation_mode text-only
multimodal_generation_mode text-only
Setting `pad_token_id` to `eos_token_id`:2 for open-end generation.
Setting `pad_token_id` to `eos_token_id`:2 for open-end generation.
multimodal_generation_mode text-only
Setting `pad_token_id` to `eos_token_id`:2 for open-end generation.
multimodal_generation_mode text-only
Setting `pad_token_id` to `eos_token_id`:2 for open-end generation.
multimodal_generation_mode text-only
multimodal_generation_mode text-only
Setting `pad_token_id` to `eos_token_id`:2 for open-end generation.
Setting `pad_token_id` to `eos_token_id`:2 for open-end generation.
multimodal_generation_mode text-only
Setting `pad_token_id` to `eos_token_id`:2 for open-end generation.
multimodal_generation_mode text-only
Setting `pad_token_id` to `eos_token_id`:2 for open-end generation.
multimodal_generation_mode text-only
Setting `pad_token_id` to `eos_token_id`:2 for open-end generation.
multimodal_generation_mode text-only
Setting `pad_token_id` to `eos_token_id`:2 for open-end generation.
multimodal_generation_mode text-only
Setting `pad_token_id` to `eos_token_id`:2 for open-end generation.
multimodal_generation_mode text-only
Setting `pad_token_id` to `eos_token_id`:2 for open-end generation.
multimodal_generation_mode text-only
Setting `pad_token_id` to `eos_token_id`:2 for open-end generation.
multimodal_generation_mode text-only
Setting `pad_token_id` to `eos_token_id`:2 for open-end generation.
                                                    {'reward/mean': 0.0, 'reward/std': 0.0, 'policy/advantage_mean': 0.0, 'policy/advantage_std': 0.0, 'loss/pg_loss': 0.0, 'loss/kl_div': -0.2523463391882228, 'epoch': 4.31}
  2%|▏         | 30/2000 [23:14<24:47:36, 45.31s/it]multimodal_generation_mode text-only
Setting `pad_token_id` to `eos_token_id`:2 for open-end generation.
multimodal_generation_mode text-only
Setting `pad_token_id` to `eos_token_id`:2 for open-end generation.
multimodal_generation_mode text-only
multimodal_generation_mode text-only
Setting `pad_token_id` to `eos_token_id`:2 for open-end generation.
Setting `pad_token_id` to `eos_token_id`:2 for open-end generation.
multimodal_generation_mode text-only
Setting `pad_token_id` to `eos_token_id`:2 for open-end generation.
multimodal_generation_mode text-only
Setting `pad_token_id` to `eos_token_id`:2 for open-end generation.
multimodal_generation_mode text-only
Setting `pad_token_id` to `eos_token_id`:2 for open-end generation.
multimodal_generation_mode text-only
Setting `pad_token_id` to `eos_token_id`:2 for open-end generation.
multimodal_generation_mode text-only
Setting `pad_token_id` to `eos_token_id`:2 for open-end generation.
multimodal_generation_mode text-only
Setting `pad_token_id` to `eos_token_id`:2 for open-end generation.
multimodal_generation_mode text-only
Setting `pad_token_id` to `eos_token_id`:2 for open-end generation.
multimodal_generation_mode text-only
Setting `pad_token_id` to `eos_token_id`:2 for open-end generation.
multimodal_generation_mode text-only
Setting `pad_token_id` to `eos_token_id`:2 for open-end generation.
multimodal_generation_mode text-only
Setting `pad_token_id` to `eos_token_id`:2 for open-end generation.
multimodal_generation_mode text-only
Setting `pad_token_id` to `eos_token_id`:2 for open-end generation.
multimodal_generation_mode text-only
Setting `pad_token_id` to `eos_token_id`:2 for open-end generation.
multimodal_generation_mode text-only
Setting `pad_token_id` to `eos_token_id`:2 for open-end generation.
                                                    {'reward/mean': 0.0, 'reward/std': 0.0, 'policy/advantage_mean': 0.0, 'policy/advantage_std': 0.0, 'loss/pg_loss': 0.0, 'loss/kl_div': -0.24536392654197803, 'epoch': 4.31}
  2%|▏         | 30/2000 [23:34<24:47:36, 45.31s/it]  2%|▏         | 31/2000 [23:55<24:52:45, 45.49s/it]                                                    {'loss': 0.0, 'grad_norm': 0.0, 'learning_rate': 9.849999999999999e-07, 'epoch': 4.46}
  2%|▏         | 31/2000 [23:55<24:52:45, 45.49s/it]multimodal_generation_mode text-only
Setting `pad_token_id` to `eos_token_id`:2 for open-end generation.
multimodal_generation_mode text-only
Setting `pad_token_id` to `eos_token_id`:2 for open-end generation.
multimodal_generation_mode text-only
Setting `pad_token_id` to `eos_token_id`:2 for open-end generation.
multimodal_generation_mode text-only
Setting `pad_token_id` to `eos_token_id`:2 for open-end generation.
multimodal_generation_mode text-only
Setting `pad_token_id` to `eos_token_id`:2 for open-end generation.
multimodal_generation_mode text-only
multimodal_generation_mode text-only
multimodal_generation_mode text-only
Setting `pad_token_id` to `eos_token_id`:2 for open-end generation.
Setting `pad_token_id` to `eos_token_id`:2 for open-end generation.
Setting `pad_token_id` to `eos_token_id`:2 for open-end generation.
multimodal_generation_mode text-only
Setting `pad_token_id` to `eos_token_id`:2 for open-end generation.
multimodal_generation_mode text-only
Setting `pad_token_id` to `eos_token_id`:2 for open-end generation.
multimodal_generation_mode text-only
Setting `pad_token_id` to `eos_token_id`:2 for open-end generation.
                                                    {'reward/mean': 0.0, 'reward/std': 0.0, 'policy/advantage_mean': 0.0, 'policy/advantage_std': 0.0, 'loss/pg_loss': 0.0, 'loss/kl_div': -0.524891117640904, 'epoch': 4.46}
  2%|▏         | 31/2000 [23:57<24:52:45, 45.49s/it]multimodal_generation_mode text-only
Setting `pad_token_id` to `eos_token_id`:2 for open-end generation.
multimodal_generation_mode text-only
Setting `pad_token_id` to `eos_token_id`:2 for open-end generation.
multimodal_generation_mode text-only
Setting `pad_token_id` to `eos_token_id`:2 for open-end generation.
multimodal_generation_mode text-only
Setting `pad_token_id` to `eos_token_id`:2 for open-end generation.
multimodal_generation_mode text-only
Setting `pad_token_id` to `eos_token_id`:2 for open-end generation.
multimodal_generation_mode text-only
Setting `pad_token_id` to `eos_token_id`:2 for open-end generation.
multimodal_generation_mode text-only
Setting `pad_token_id` to `eos_token_id`:2 for open-end generation.
multimodal_generation_mode text-only
multimodal_generation_mode text-only
Setting `pad_token_id` to `eos_token_id`:2 for open-end generation.
Setting `pad_token_id` to `eos_token_id`:2 for open-end generation.
multimodal_generation_modemultimodal_generation_mode text-only 
text-only
Setting `pad_token_id` to `eos_token_id`:2 for open-end generation.
Setting `pad_token_id` to `eos_token_id`:2 for open-end generation.
multimodal_generation_mode text-only
Setting `pad_token_id` to `eos_token_id`:2 for open-end generation.
multimodal_generation_mode text-only
Setting `pad_token_id` to `eos_token_id`:2 for open-end generation.
multimodal_generation_mode text-only
Setting `pad_token_id` to `eos_token_id`:2 for open-end generation.
multimodal_generation_mode text-only
Setting `pad_token_id` to `eos_token_id`:2 for open-end generation.
multimodal_generation_mode text-only
Setting `pad_token_id` to `eos_token_id`:2 for open-end generation.
multimodal_generation_mode text-only
Setting `pad_token_id` to `eos_token_id`:2 for open-end generation.
multimodal_generation_mode text-only
Setting `pad_token_id` to `eos_token_id`:2 for open-end generation.
multimodal_generation_mode text-only
Setting `pad_token_id` to `eos_token_id`:2 for open-end generation.
multimodal_generation_mode text-only
Setting `pad_token_id` to `eos_token_id`:2 for open-end generation.
multimodal_generation_mode text-only
Setting `pad_token_id` to `eos_token_id`:2 for open-end generation.
                                                    {'reward/mean': 0.0, 'reward/std': 0.0, 'policy/advantage_mean': 0.0, 'policy/advantage_std': 0.0, 'loss/pg_loss': 0.0, 'loss/kl_div': -0.19656223946429313, 'epoch': 4.46}
  2%|▏         | 31/2000 [24:19<24:52:45, 45.49s/it]  2%|▏         | 32/2000 [24:41<24:58:13, 45.68s/it]                                                    {'loss': 0.0, 'grad_norm': 0.0, 'learning_rate': 9.845e-07, 'epoch': 4.62}
  2%|▏         | 32/2000 [24:41<24:58:13, 45.68s/it]multimodal_generation_mode text-only
Setting `pad_token_id` to `eos_token_id`:2 for open-end generation.
multimodal_generation_mode text-only
Setting `pad_token_id` to `eos_token_id`:2 for open-end generation.
multimodal_generation_mode text-only
multimodal_generation_mode text-only
Setting `pad_token_id` to `eos_token_id`:2 for open-end generation.
Setting `pad_token_id` to `eos_token_id`:2 for open-end generation.
multimodal_generation_mode text-only
Setting `pad_token_id` to `eos_token_id`:2 for open-end generation.
multimodal_generation_mode text-only
Setting `pad_token_id` to `eos_token_id`:2 for open-end generation.
multimodal_generation_mode text-only
multimodal_generation_mode text-only
Setting `pad_token_id` to `eos_token_id`:2 for open-end generation.
Setting `pad_token_id` to `eos_token_id`:2 for open-end generation.
multimodal_generation_mode text-only
Setting `pad_token_id` to `eos_token_id`:2 for open-end generation.
multimodal_generation_mode text-only
Setting `pad_token_id` to `eos_token_id`:2 for open-end generation.
                                                    {'reward/mean': 0.0, 'reward/std': 0.0, 'policy/advantage_mean': 0.0, 'policy/advantage_std': 0.0, 'loss/pg_loss': 0.0, 'loss/kl_div': -0.45173232409418845, 'epoch': 4.62}
  2%|▏         | 32/2000 [24:44<24:58:13, 45.68s/it]multimodal_generation_mode text-only
Setting `pad_token_id` to `eos_token_id`:2 for open-end generation.
multimodal_generation_mode text-only
Setting `pad_token_id` to `eos_token_id`:2 for open-end generation.
multimodal_generation_mode text-only
Setting `pad_token_id` to `eos_token_id`:2 for open-end generation.
multimodal_generation_mode text-only
Setting `pad_token_id` to `eos_token_id`:2 for open-end generation.
multimodal_generation_mode text-only
Setting `pad_token_id` to `eos_token_id`:2 for open-end generation.
multimodal_generation_mode text-only
Setting `pad_token_id` to `eos_token_id`:2 for open-end generation.
multimodal_generation_mode text-only
Setting `pad_token_id` to `eos_token_id`:2 for open-end generation.
multimodal_generation_mode text-only
multimodal_generation_mode text-only
Setting `pad_token_id` to `eos_token_id`:2 for open-end generation.
Setting `pad_token_id` to `eos_token_id`:2 for open-end generation.
multimodal_generation_mode text-only
Setting `pad_token_id` to `eos_token_id`:2 for open-end generation.
multimodal_generation_mode text-only
multimodal_generation_mode text-only
multimodal_generation_mode text-only
Setting `pad_token_id` to `eos_token_id`:2 for open-end generation.
Setting `pad_token_id` to `eos_token_id`:2 for open-end generation.
Setting `pad_token_id` to `eos_token_id`:2 for open-end generation.
multimodal_generation_mode text-only
Setting `pad_token_id` to `eos_token_id`:2 for open-end generation.
multimodal_generation_mode text-only
Setting `pad_token_id` to `eos_token_id`:2 for open-end generation.
multimodal_generation_mode text-only
Setting `pad_token_id` to `eos_token_id`:2 for open-end generation.
multimodal_generation_mode text-only
Setting `pad_token_id` to `eos_token_id`:2 for open-end generation.
multimodal_generation_mode text-only
Setting `pad_token_id` to `eos_token_id`:2 for open-end generation.
multimodal_generation_mode text-only
Setting `pad_token_id` to `eos_token_id`:2 for open-end generation.
multimodal_generation_mode text-only
Setting `pad_token_id` to `eos_token_id`:2 for open-end generation.
multimodal_generation_mode text-only
Setting `pad_token_id` to `eos_token_id`:2 for open-end generation.
multimodal_generation_mode text-only
Setting `pad_token_id` to `eos_token_id`:2 for open-end generation.
                                                    {'reward/mean': 0.0, 'reward/std': 0.0, 'policy/advantage_mean': 0.0, 'policy/advantage_std': 0.0, 'loss/pg_loss': 0.0, 'loss/kl_div': -0.33945933497229286, 'epoch': 4.62}
  2%|▏         | 32/2000 [25:04<24:58:13, 45.68s/it]  2%|▏         | 33/2000 [25:22<24:10:28, 44.24s/it]                                                    {'loss': 0.0, 'grad_norm': 0.0, 'learning_rate': 9.84e-07, 'epoch': 4.77}
  2%|▏         | 33/2000 [25:22<24:10:28, 44.24s/it]multimodal_generation_mode text-only
Setting `pad_token_id` to `eos_token_id`:2 for open-end generation.
multimodal_generation_mode text-only
Setting `pad_token_id` to `eos_token_id`:2 for open-end generation.
multimodal_generation_mode text-only
Setting `pad_token_id` to `eos_token_id`:2 for open-end generation.
multimodal_generation_mode text-only
Setting `pad_token_id` to `eos_token_id`:2 for open-end generation.
multimodal_generation_mode text-only
multimodal_generation_mode text-only
Setting `pad_token_id` to `eos_token_id`:2 for open-end generation.
Setting `pad_token_id` to `eos_token_id`:2 for open-end generation.
multimodal_generation_mode text-only
Setting `pad_token_id` to `eos_token_id`:2 for open-end generation.
multimodal_generation_mode text-only
Setting `pad_token_id` to `eos_token_id`:2 for open-end generation.
multimodal_generation_mode text-only
Setting `pad_token_id` to `eos_token_id`:2 for open-end generation.
multimodal_generation_mode text-only
Setting `pad_token_id` to `eos_token_id`:2 for open-end generation.
multimodal_generation_mode text-only
Setting `pad_token_id` to `eos_token_id`:2 for open-end generation.
multimodal_generation_mode text-only
Setting `pad_token_id` to `eos_token_id`:2 for open-end generation.
multimodal_generation_mode text-only
Setting `pad_token_id` to `eos_token_id`:2 for open-end generation.
multimodal_generation_mode text-only
Setting `pad_token_id` to `eos_token_id`:2 for open-end generation.
multimodal_generation_mode text-only
Setting `pad_token_id` to `eos_token_id`:2 for open-end generation.
multimodal_generation_mode text-only
Setting `pad_token_id` to `eos_token_id`:2 for open-end generation.
                                                    {'reward/mean': 0.0, 'reward/std': 0.0, 'policy/advantage_mean': 0.0, 'policy/advantage_std': 0.0, 'loss/pg_loss': 0.0, 'loss/kl_div': -0.17400197188059488, 'epoch': 4.77}
  2%|▏         | 33/2000 [25:29<24:10:28, 44.24s/it]multimodal_generation_mode text-only
Setting `pad_token_id` to `eos_token_id`:2 for open-end generation.
multimodal_generation_mode text-only
multimodal_generation_mode text-only
Setting `pad_token_id` to `eos_token_id`:2 for open-end generation.
Setting `pad_token_id` to `eos_token_id`:2 for open-end generation.
multimodal_generation_mode text-only
Setting `pad_token_id` to `eos_token_id`:2 for open-end generation.
multimodal_generation_mode text-only
Setting `pad_token_id` to `eos_token_id`:2 for open-end generation.
multimodal_generation_mode text-only
multimodal_generation_mode text-only
Setting `pad_token_id` to `eos_token_id`:2 for open-end generation.
Setting `pad_token_id` to `eos_token_id`:2 for open-end generation.
multimodal_generation_mode text-only
Setting `pad_token_id` to `eos_token_id`:2 for open-end generation.
multimodal_generation_mode text-only
Setting `pad_token_id` to `eos_token_id`:2 for open-end generation.
multimodal_generation_mode text-only
Setting `pad_token_id` to `eos_token_id`:2 for open-end generation.
multimodal_generation_mode text-only
Setting `pad_token_id` to `eos_token_id`:2 for open-end generation.
multimodal_generation_mode text-only
Setting `pad_token_id` to `eos_token_id`:2 for open-end generation.
multimodal_generation_mode text-only
Setting `pad_token_id` to `eos_token_id`:2 for open-end generation.
multimodal_generation_mode text-only
Setting `pad_token_id` to `eos_token_id`:2 for open-end generation.
multimodal_generation_mode text-only
Setting `pad_token_id` to `eos_token_id`:2 for open-end generation.
multimodal_generation_mode text-only
Setting `pad_token_id` to `eos_token_id`:2 for open-end generation.
                                                    {'reward/mean': 0.0, 'reward/std': 0.0, 'policy/advantage_mean': 0.0, 'policy/advantage_std': 0.0, 'loss/pg_loss': 0.0, 'loss/kl_div': -0.34629638473708907, 'epoch': 4.77}
  2%|▏         | 33/2000 [25:44<24:10:28, 44.24s/it]  2%|▏         | 34/2000 [26:09<24:38:13, 45.11s/it]                                                    {'loss': 0.0, 'grad_norm': 0.0, 'learning_rate': 9.835e-07, 'epoch': 4.92}
  2%|▏         | 34/2000 [26:09<24:38:13, 45.11s/it]multimodal_generation_mode text-only
Setting `pad_token_id` to `eos_token_id`:2 for open-end generation.
multimodal_generation_mode text-only
Setting `pad_token_id` to `eos_token_id`:2 for open-end generation.
multimodal_generation_mode text-only
multimodal_generation_mode text-only
Setting `pad_token_id` to `eos_token_id`:2 for open-end generation.
Setting `pad_token_id` to `eos_token_id`:2 for open-end generation.
multimodal_generation_mode text-only
multimodal_generation_mode text-only
multimodal_generation_mode text-only
Setting `pad_token_id` to `eos_token_id`:2 for open-end generation.
Setting `pad_token_id` to `eos_token_id`:2 for open-end generation.
Setting `pad_token_id` to `eos_token_id`:2 for open-end generation.
multimodal_generation_mode text-only
Setting `pad_token_id` to `eos_token_id`:2 for open-end generation.
multimodal_generation_mode text-only
Setting `pad_token_id` to `eos_token_id`:2 for open-end generation.
multimodal_generation_mode text-only
Setting `pad_token_id` to `eos_token_id`:2 for open-end generation.
multimodal_generation_mode text-only
Setting `pad_token_id` to `eos_token_id`:2 for open-end generation.
multimodal_generation_mode text-only
Setting `pad_token_id` to `eos_token_id`:2 for open-end generation.
multimodal_generation_mode text-only
Setting `pad_token_id` to `eos_token_id`:2 for open-end generation.
multimodal_generation_mode text-only
Setting `pad_token_id` to `eos_token_id`:2 for open-end generation.
multimodal_generation_mode text-only
Setting `pad_token_id` to `eos_token_id`:2 for open-end generation.
                                                    {'reward/mean': 0.0, 'reward/std': 0.0, 'policy/advantage_mean': 0.0, 'policy/advantage_std': 0.0, 'loss/pg_loss': 0.0, 'loss/kl_div': -0.22727768348925043, 'epoch': 4.92}
  2%|▏         | 34/2000 [26:14<24:38:13, 45.11s/it]multimodal_generation_mode text-only
Setting `pad_token_id` to `eos_token_id`:2 for open-end generation.
  2%|▏         | 35/2000 [26:36<21:39:14, 39.67s/it]                                                    {'loss': 0.0, 'grad_norm': 0.0, 'learning_rate': 9.83e-07, 'epoch': 5.0}
  2%|▏         | 35/2000 [26:36<21:39:14, 39.67s/it]multimodal_generation_mode text-only
Setting `pad_token_id` to `eos_token_id`:2 for open-end generation.
multimodal_generation_mode text-only
Setting `pad_token_id` to `eos_token_id`:2 for open-end generation.
multimodal_generation_mode text-only
Setting `pad_token_id` to `eos_token_id`:2 for open-end generation.
multimodal_generation_mode text-only
Setting `pad_token_id` to `eos_token_id`:2 for open-end generation.
multimodal_generation_mode text-only
multimodal_generation_mode text-only
multimodal_generation_mode text-only
Setting `pad_token_id` to `eos_token_id`:2 for open-end generation.
Setting `pad_token_id` to `eos_token_id`:2 for open-end generation.
Setting `pad_token_id` to `eos_token_id`:2 for open-end generation.
multimodal_generation_mode text-only
Setting `pad_token_id` to `eos_token_id`:2 for open-end generation.
multimodal_generation_mode text-only
multimodal_generation_mode text-only
Setting `pad_token_id` to `eos_token_id`:2 for open-end generation.
Setting `pad_token_id` to `eos_token_id`:2 for open-end generation.
multimodal_generation_mode text-only
Setting `pad_token_id` to `eos_token_id`:2 for open-end generation.
multimodal_generation_mode text-only
Setting `pad_token_id` to `eos_token_id`:2 for open-end generation.
multimodal_generation_mode text-only
Setting `pad_token_id` to `eos_token_id`:2 for open-end generation.
multimodal_generation_mode text-only
Setting `pad_token_id` to `eos_token_id`:2 for open-end generation.
multimodal_generation_mode text-only
Setting `pad_token_id` to `eos_token_id`:2 for open-end generation.
multimodal_generation_mode text-only
Setting `pad_token_id` to `eos_token_id`:2 for open-end generation.
                                                    {'reward/mean': 0.0, 'reward/std': 0.0, 'policy/advantage_mean': 0.0, 'policy/advantage_std': 0.0, 'loss/pg_loss': 0.0, 'loss/kl_div': -0.06194286494867347, 'epoch': 5.0}
  2%|▏         | 35/2000 [26:46<21:39:14, 39.67s/it]multimodal_generation_mode text-only
Setting `pad_token_id` to `eos_token_id`:2 for open-end generation.
multimodal_generation_mode text-only
Setting `pad_token_id` to `eos_token_id`:2 for open-end generation.
multimodal_generation_mode multimodal_generation_modetext-only
 text-only
Setting `pad_token_id` to `eos_token_id`:2 for open-end generation.
Setting `pad_token_id` to `eos_token_id`:2 for open-end generation.
multimodal_generation_mode text-only
Setting `pad_token_id` to `eos_token_id`:2 for open-end generation.
multimodal_generation_mode text-only
Setting `pad_token_id` to `eos_token_id`:2 for open-end generation.
multimodal_generation_mode text-only
Setting `pad_token_id` to `eos_token_id`:2 for open-end generation.
multimodal_generation_mode text-only
Setting `pad_token_id` to `eos_token_id`:2 for open-end generation.
multimodal_generation_mode text-only
Setting `pad_token_id` to `eos_token_id`:2 for open-end generation.
multimodal_generation_mode text-only
Setting `pad_token_id` to `eos_token_id`:2 for open-end generation.
multimodal_generation_mode text-only
Setting `pad_token_id` to `eos_token_id`:2 for open-end generation.
multimodal_generation_mode text-only
Setting `pad_token_id` to `eos_token_id`:2 for open-end generation.
multimodal_generation_mode text-only
Setting `pad_token_id` to `eos_token_id`:2 for open-end generation.
multimodal_generation_mode text-only
Setting `pad_token_id` to `eos_token_id`:2 for open-end generation.
multimodal_generation_mode text-only
Setting `pad_token_id` to `eos_token_id`:2 for open-end generation.
multimodal_generation_mode text-only
Setting `pad_token_id` to `eos_token_id`:2 for open-end generation.
                                                    {'reward/mean': 0.0, 'reward/std': 0.0, 'policy/advantage_mean': 0.0, 'policy/advantage_std': 0.0, 'loss/pg_loss': 0.0, 'loss/kl_div': -0.09225811129030974, 'epoch': 5.0}
  2%|▏         | 35/2000 [26:55<21:39:14, 39.67s/it]  2%|▏         | 36/2000 [27:23<22:49:55, 41.85s/it]                                                    {'loss': 0.0, 'grad_norm': 0.0, 'learning_rate': 9.825e-07, 'epoch': 5.15}
  2%|▏         | 36/2000 [27:23<22:49:55, 41.85s/it]multimodal_generation_mode text-only
Setting `pad_token_id` to `eos_token_id`:2 for open-end generation.
multimodal_generation_modemultimodal_generation_mode text-only
 text-only
Setting `pad_token_id` to `eos_token_id`:2 for open-end generation.
Setting `pad_token_id` to `eos_token_id`:2 for open-end generation.
multimodal_generation_modemultimodal_generation_mode text-only
 text-only
Setting `pad_token_id` to `eos_token_id`:2 for open-end generation.
multimodal_generation_mode text-only
Setting `pad_token_id` to `eos_token_id`:2 for open-end generation.
Setting `pad_token_id` to `eos_token_id`:2 for open-end generation.
multimodal_generation_mode text-only
Setting `pad_token_id` to `eos_token_id`:2 for open-end generation.
multimodal_generation_mode text-only
Setting `pad_token_id` to `eos_token_id`:2 for open-end generation.
multimodal_generation_mode text-only
Setting `pad_token_id` to `eos_token_id`:2 for open-end generation.
multimodal_generation_mode text-only
Setting `pad_token_id` to `eos_token_id`:2 for open-end generation.
multimodal_generation_mode text-only
Setting `pad_token_id` to `eos_token_id`:2 for open-end generation.
multimodal_generation_mode text-only
Setting `pad_token_id` to `eos_token_id`:2 for open-end generation.
multimodal_generation_mode text-only
Setting `pad_token_id` to `eos_token_id`:2 for open-end generation.
multimodal_generation_mode text-only
Setting `pad_token_id` to `eos_token_id`:2 for open-end generation.
multimodal_generation_mode text-only
Setting `pad_token_id` to `eos_token_id`:2 for open-end generation.
multimodal_generation_mode text-only
Setting `pad_token_id` to `eos_token_id`:2 for open-end generation.
                                                    {'reward/mean': 0.0, 'reward/std': 0.0, 'policy/advantage_mean': 0.0, 'policy/advantage_std': 0.0, 'loss/pg_loss': 0.0, 'loss/kl_div': -0.1854387124379476, 'epoch': 5.15}
  2%|▏         | 36/2000 [27:30<22:49:55, 41.85s/it]multimodal_generation_mode text-only
Setting `pad_token_id` to `eos_token_id`:2 for open-end generation.
multimodal_generation_mode text-only
Setting `pad_token_id` to `eos_token_id`:2 for open-end generation.
multimodal_generation_mode text-only
Setting `pad_token_id` to `eos_token_id`:2 for open-end generation.
multimodal_generation_mode text-only
Setting `pad_token_id` to `eos_token_id`:2 for open-end generation.
multimodal_generation_mode text-only
Setting `pad_token_id` to `eos_token_id`:2 for open-end generation.
multimodal_generation_mode text-only
Setting `pad_token_id` to `eos_token_id`:2 for open-end generation.
multimodal_generation_mode text-only
Setting `pad_token_id` to `eos_token_id`:2 for open-end generation.
multimodal_generation_mode text-only
Setting `pad_token_id` to `eos_token_id`:2 for open-end generation.
multimodal_generation_mode text-only
Setting `pad_token_id` to `eos_token_id`:2 for open-end generation.
multimodal_generation_mode text-only
Setting `pad_token_id` to `eos_token_id`:2 for open-end generation.
multimodal_generation_mode text-only
Setting `pad_token_id` to `eos_token_id`:2 for open-end generation.
multimodal_generation_mode text-only
Setting `pad_token_id` to `eos_token_id`:2 for open-end generation.
multimodal_generation_mode text-only
Setting `pad_token_id` to `eos_token_id`:2 for open-end generation.
multimodal_generation_mode text-only
Setting `pad_token_id` to `eos_token_id`:2 for open-end generation.
multimodal_generation_mode text-only
Setting `pad_token_id` to `eos_token_id`:2 for open-end generation.
multimodal_generation_mode text-only
Setting `pad_token_id` to `eos_token_id`:2 for open-end generation.
                                                    {'reward/mean': 0.0, 'reward/std': 0.0, 'policy/advantage_mean': 0.0, 'policy/advantage_std': 0.0, 'loss/pg_loss': 0.0, 'loss/kl_div': -0.10920214898807486, 'epoch': 5.15}
  2%|▏         | 36/2000 [27:44<22:49:55, 41.85s/it]  2%|▏         | 37/2000 [28:04<22:42:48, 41.66s/it]                                                    {'loss': 0.0, 'grad_norm': 0.0, 'learning_rate': 9.819999999999999e-07, 'epoch': 5.31}
  2%|▏         | 37/2000 [28:04<22:42:48, 41.66s/it]multimodal_generation_mode text-only
Setting `pad_token_id` to `eos_token_id`:2 for open-end generation.
multimodal_generation_mode text-only
Setting `pad_token_id` to `eos_token_id`:2 for open-end generation.
multimodal_generation_mode text-only
Setting `pad_token_id` to `eos_token_id`:2 for open-end generation.
multimodal_generation_mode text-only
Setting `pad_token_id` to `eos_token_id`:2 for open-end generation.
multimodal_generation_mode text-onlymultimodal_generation_mode
 text-only
Setting `pad_token_id` to `eos_token_id`:2 for open-end generation.
Setting `pad_token_id` to `eos_token_id`:2 for open-end generation.
multimodal_generation_mode text-only
Setting `pad_token_id` to `eos_token_id`:2 for open-end generation.
multimodal_generation_mode text-only
Setting `pad_token_id` to `eos_token_id`:2 for open-end generation.
multimodal_generation_mode text-only
Setting `pad_token_id` to `eos_token_id`:2 for open-end generation.
multimodal_generation_mode text-only
Setting `pad_token_id` to `eos_token_id`:2 for open-end generation.
multimodal_generation_mode text-only
Setting `pad_token_id` to `eos_token_id`:2 for open-end generation.
multimodal_generation_mode text-only
Setting `pad_token_id` to `eos_token_id`:2 for open-end generation.
multimodal_generation_mode text-only
Setting `pad_token_id` to `eos_token_id`:2 for open-end generation.
multimodal_generation_mode text-only
Setting `pad_token_id` to `eos_token_id`:2 for open-end generation.
multimodal_generation_mode text-only
Setting `pad_token_id` to `eos_token_id`:2 for open-end generation.
multimodal_generation_mode text-only
Setting `pad_token_id` to `eos_token_id`:2 for open-end generation.
                                                    {'reward/mean': 0.0, 'reward/std': 0.0, 'policy/advantage_mean': 0.0, 'policy/advantage_std': 0.0, 'loss/pg_loss': 0.0, 'loss/kl_div': -0.07680235682307063, 'epoch': 5.31}
  2%|▏         | 37/2000 [28:11<22:42:48, 41.66s/it]multimodal_generation_mode text-only
Setting `pad_token_id` to `eos_token_id`:2 for open-end generation.
multimodal_generation_mode text-only
Setting `pad_token_id` to `eos_token_id`:2 for open-end generation.
multimodal_generation_mode text-only
Setting `pad_token_id` to `eos_token_id`:2 for open-end generation.
multimodal_generation_mode text-only
Setting `pad_token_id` to `eos_token_id`:2 for open-end generation.
multimodal_generation_mode text-only
Setting `pad_token_id` to `eos_token_id`:2 for open-end generation.
multimodal_generation_mode text-only
Setting `pad_token_id` to `eos_token_id`:2 for open-end generation.
multimodal_generation_mode text-only
Setting `pad_token_id` to `eos_token_id`:2 for open-end generation.
multimodal_generation_mode text-only
Setting `pad_token_id` to `eos_token_id`:2 for open-end generation.
multimodal_generation_mode text-only
Setting `pad_token_id` to `eos_token_id`:2 for open-end generation.
multimodal_generation_mode text-only
Setting `pad_token_id` to `eos_token_id`:2 for open-end generation.
multimodal_generation_mode text-only
Setting `pad_token_id` to `eos_token_id`:2 for open-end generation.
multimodal_generation_mode text-only
Setting `pad_token_id` to `eos_token_id`:2 for open-end generation.
multimodal_generation_mode text-only
Setting `pad_token_id` to `eos_token_id`:2 for open-end generation.
multimodal_generation_mode text-only
Setting `pad_token_id` to `eos_token_id`:2 for open-end generation.
multimodal_generation_mode text-only
Setting `pad_token_id` to `eos_token_id`:2 for open-end generation.
                                                    {'reward/mean': 0.0, 'reward/std': 0.0, 'policy/advantage_mean': 0.0, 'policy/advantage_std': 0.0, 'loss/pg_loss': 0.0, 'loss/kl_div': -0.14869747295246258, 'epoch': 5.31}
  2%|▏         | 37/2000 [28:25<22:42:48, 41.66s/it]multimodal_generation_mode text-only
Setting `pad_token_id` to `eos_token_id`:2 for open-end generation.
  2%|▏         | 38/2000 [28:47<22:52:42, 41.98s/it]                                                    {'loss': 0.0, 'grad_norm': 0.0, 'learning_rate': 9.815e-07, 'epoch': 5.46}
  2%|▏         | 38/2000 [28:47<22:52:42, 41.98s/it]multimodal_generation_mode text-only
Setting `pad_token_id` to `eos_token_id`:2 for open-end generation.
multimodal_generation_mode text-only
Setting `pad_token_id` to `eos_token_id`:2 for open-end generation.
multimodal_generation_mode text-only
Setting `pad_token_id` to `eos_token_id`:2 for open-end generation.
multimodal_generation_mode text-only
Setting `pad_token_id` to `eos_token_id`:2 for open-end generation.
multimodal_generation_mode text-only
Setting `pad_token_id` to `eos_token_id`:2 for open-end generation.
multimodal_generation_mode text-only
Setting `pad_token_id` to `eos_token_id`:2 for open-end generation.
multimodal_generation_mode text-only
multimodal_generation_mode text-only
Setting `pad_token_id` to `eos_token_id`:2 for open-end generation.
Setting `pad_token_id` to `eos_token_id`:2 for open-end generation.
multimodal_generation_mode text-only
Setting `pad_token_id` to `eos_token_id`:2 for open-end generation.
multimodal_generation_mode text-only
Setting `pad_token_id` to `eos_token_id`:2 for open-end generation.
multimodal_generation_mode text-only
Setting `pad_token_id` to `eos_token_id`:2 for open-end generation.
multimodal_generation_mode text-only
Setting `pad_token_id` to `eos_token_id`:2 for open-end generation.
multimodal_generation_mode text-only
Setting `pad_token_id` to `eos_token_id`:2 for open-end generation.
                                                    {'reward/mean': 0.0, 'reward/std': 0.0, 'policy/advantage_mean': 0.0, 'policy/advantage_std': 0.0, 'loss/pg_loss': 0.0, 'loss/kl_div': -0.37543477850445245, 'epoch': 5.46}
  2%|▏         | 38/2000 [28:50<22:52:42, 41.98s/it]multimodal_generation_mode text-only
Setting `pad_token_id` to `eos_token_id`:2 for open-end generation.
multimodal_generation_mode text-only
Setting `pad_token_id` to `eos_token_id`:2 for open-end generation.
multimodal_generation_mode text-only
Setting `pad_token_id` to `eos_token_id`:2 for open-end generation.
multimodal_generation_mode text-only
Setting `pad_token_id` to `eos_token_id`:2 for open-end generation.
multimodal_generation_mode text-only
multimodal_generation_mode text-only
Setting `pad_token_id` to `eos_token_id`:2 for open-end generation.
Setting `pad_token_id` to `eos_token_id`:2 for open-end generation.
multimodal_generation_mode text-only
Setting `pad_token_id` to `eos_token_id`:2 for open-end generation.
multimodal_generation_mode text-only
Setting `pad_token_id` to `eos_token_id`:2 for open-end generation.
multimodal_generation_mode text-only
Setting `pad_token_id` to `eos_token_id`:2 for open-end generation.
multimodal_generation_mode text-only
Setting `pad_token_id` to `eos_token_id`:2 for open-end generation.
multimodal_generation_mode text-only
Setting `pad_token_id` to `eos_token_id`:2 for open-end generation.
multimodal_generation_mode text-only
Setting `pad_token_id` to `eos_token_id`:2 for open-end generation.
multimodal_generation_mode text-only
Setting `pad_token_id` to `eos_token_id`:2 for open-end generation.
multimodal_generation_mode text-only
Setting `pad_token_id` to `eos_token_id`:2 for open-end generation.
multimodal_generation_mode text-only
Setting `pad_token_id` to `eos_token_id`:2 for open-end generation.
multimodal_generation_mode text-only
Setting `pad_token_id` to `eos_token_id`:2 for open-end generation.
                                                    {'reward/mean': 0.0, 'reward/std': 0.0, 'policy/advantage_mean': 0.0, 'policy/advantage_std': 0.0, 'loss/pg_loss': 0.0, 'loss/kl_div': -0.2943330694127966, 'epoch': 5.46}
  2%|▏         | 38/2000 [29:09<22:52:42, 41.98s/it]multimodal_generation_mode text-only
Setting `pad_token_id` to `eos_token_id`:2 for open-end generation.
multimodal_generation_mode text-only
Setting `pad_token_id` to `eos_token_id`:2 for open-end generation.
multimodal_generation_mode text-only
Setting `pad_token_id` to `eos_token_id`:2 for open-end generation.
  2%|▏         | 39/2000 [29:36<23:59:42, 44.05s/it]                                                    {'loss': 0.0, 'grad_norm': 0.0, 'learning_rate': 9.81e-07, 'epoch': 5.62}
  2%|▏         | 39/2000 [29:36<23:59:42, 44.05s/it]multimodal_generation_mode text-only
Setting `pad_token_id` to `eos_token_id`:2 for open-end generation.
multimodal_generation_mode text-only
Setting `pad_token_id` to `eos_token_id`:2 for open-end generation.
multimodal_generation_mode text-only
Setting `pad_token_id` to `eos_token_id`:2 for open-end generation.
multimodal_generation_modemultimodal_generation_mode text-only 
text-only
Setting `pad_token_id` to `eos_token_id`:2 for open-end generation.
Setting `pad_token_id` to `eos_token_id`:2 for open-end generation.
multimodal_generation_mode text-only
Setting `pad_token_id` to `eos_token_id`:2 for open-end generation.
multimodal_generation_mode text-only
Setting `pad_token_id` to `eos_token_id`:2 for open-end generation.
multimodal_generation_mode text-only
Setting `pad_token_id` to `eos_token_id`:2 for open-end generation.
multimodal_generation_mode text-only
Setting `pad_token_id` to `eos_token_id`:2 for open-end generation.
multimodal_generation_mode text-only
Setting `pad_token_id` to `eos_token_id`:2 for open-end generation.
multimodal_generation_mode text-only
Setting `pad_token_id` to `eos_token_id`:2 for open-end generation.
multimodal_generation_mode text-only
Setting `pad_token_id` to `eos_token_id`:2 for open-end generation.
multimodal_generation_mode text-only
Setting `pad_token_id` to `eos_token_id`:2 for open-end generation.
multimodal_generation_mode text-only
Setting `pad_token_id` to `eos_token_id`:2 for open-end generation.
multimodal_generation_mode text-only
Setting `pad_token_id` to `eos_token_id`:2 for open-end generation.
                                                    {'reward/mean': 0.0, 'reward/std': 0.0, 'policy/advantage_mean': 0.0, 'policy/advantage_std': 0.0, 'loss/pg_loss': 0.0, 'loss/kl_div': -0.16944762934809146, 'epoch': 5.62}
  2%|▏         | 39/2000 [29:43<23:59:42, 44.05s/it]multimodal_generation_mode text-only
Setting `pad_token_id` to `eos_token_id`:2 for open-end generation.
multimodal_generation_mode text-only
Setting `pad_token_id` to `eos_token_id`:2 for open-end generation.
multimodal_generation_mode text-only
Setting `pad_token_id` to `eos_token_id`:2 for open-end generation.
multimodal_generation_mode text-only
multimodal_generation_mode text-only
Setting `pad_token_id` to `eos_token_id`:2 for open-end generation.
Setting `pad_token_id` to `eos_token_id`:2 for open-end generation.
multimodal_generation_mode text-only
Setting `pad_token_id` to `eos_token_id`:2 for open-end generation.
multimodal_generation_mode text-only
Setting `pad_token_id` to `eos_token_id`:2 for open-end generation.
multimodal_generation_mode text-only
Setting `pad_token_id` to `eos_token_id`:2 for open-end generation.
multimodal_generation_mode text-only
Setting `pad_token_id` to `eos_token_id`:2 for open-end generation.
multimodal_generation_mode text-only
Setting `pad_token_id` to `eos_token_id`:2 for open-end generation.
multimodal_generation_mode text-only
Setting `pad_token_id` to `eos_token_id`:2 for open-end generation.
multimodal_generation_mode text-only
Setting `pad_token_id` to `eos_token_id`:2 for open-end generation.
multimodal_generation_mode text-only
Setting `pad_token_id` to `eos_token_id`:2 for open-end generation.
multimodal_generation_mode text-only
Setting `pad_token_id` to `eos_token_id`:2 for open-end generation.
multimodal_generation_mode text-only
Setting `pad_token_id` to `eos_token_id`:2 for open-end generation.
multimodal_generation_mode text-only
Setting `pad_token_id` to `eos_token_id`:2 for open-end generation.
                                                    {'reward/mean': 0.0, 'reward/std': 0.0, 'policy/advantage_mean': 0.0, 'policy/advantage_std': 0.0, 'loss/pg_loss': 0.0, 'loss/kl_div': -0.21853480529785158, 'epoch': 5.62}
  2%|▏         | 39/2000 [30:02<23:59:42, 44.05s/it]multimodal_generation_mode text-only
Setting `pad_token_id` to `eos_token_id`:2 for open-end generation.
  2%|▏         | 40/2000 [30:31<25:45:28, 47.31s/it]                                                    {'loss': 0.0, 'grad_norm': 0.0, 'learning_rate': 9.805e-07, 'epoch': 5.77}
  2%|▏         | 40/2000 [30:31<25:45:28, 47.31s/it]multimodal_generation_mode text-only
multimodal_generation_mode text-only
multimodal_generation_mode text-only
multimodal_generation_modeSetting `pad_token_id` to `eos_token_id`:2 for open-end generation.
 text-only
Setting `pad_token_id` to `eos_token_id`:2 for open-end generation.
Setting `pad_token_id` to `eos_token_id`:2 for open-end generation.
Setting `pad_token_id` to `eos_token_id`:2 for open-end generation.
multimodal_generation_mode text-only
Setting `pad_token_id` to `eos_token_id`:2 for open-end generation.
multimodal_generation_mode text-only
Setting `pad_token_id` to `eos_token_id`:2 for open-end generation.
multimodal_generation_mode text-only
Setting `pad_token_id` to `eos_token_id`:2 for open-end generation.
multimodal_generation_mode text-only
Setting `pad_token_id` to `eos_token_id`:2 for open-end generation.
multimodal_generation_mode text-only
Setting `pad_token_id` to `eos_token_id`:2 for open-end generation.
multimodal_generation_mode text-only
Setting `pad_token_id` to `eos_token_id`:2 for open-end generation.
multimodal_generation_mode text-only
Setting `pad_token_id` to `eos_token_id`:2 for open-end generation.
multimodal_generation_mode text-only
Setting `pad_token_id` to `eos_token_id`:2 for open-end generation.
multimodal_generation_mode text-only
Setting `pad_token_id` to `eos_token_id`:2 for open-end generation.
multimodal_generation_mode text-only
Setting `pad_token_id` to `eos_token_id`:2 for open-end generation.
multimodal_generation_mode text-only
Setting `pad_token_id` to `eos_token_id`:2 for open-end generation.
multimodal_generation_mode text-only
Setting `pad_token_id` to `eos_token_id`:2 for open-end generation.
                                                    {'reward/mean': 0.0, 'reward/std': 0.0, 'policy/advantage_mean': 0.0, 'policy/advantage_std': 0.0, 'loss/pg_loss': 0.0, 'loss/kl_div': -0.27336636920307955, 'epoch': 5.77}
  2%|▏         | 40/2000 [30:39<25:45:28, 47.31s/it]multimodal_generation_mode text-only
Setting `pad_token_id` to `eos_token_id`:2 for open-end generation.
multimodal_generation_mode text-only
Setting `pad_token_id` to `eos_token_id`:2 for open-end generation.
multimodal_generation_mode text-only
Setting `pad_token_id` to `eos_token_id`:2 for open-end generation.
multimodal_generation_mode text-only
Setting `pad_token_id` to `eos_token_id`:2 for open-end generation.
multimodal_generation_mode text-only
Setting `pad_token_id` to `eos_token_id`:2 for open-end generation.
multimodal_generation_mode text-only
Setting `pad_token_id` to `eos_token_id`:2 for open-end generation.
multimodal_generation_mode text-only
Setting `pad_token_id` to `eos_token_id`:2 for open-end generation.
multimodal_generation_mode text-only
Setting `pad_token_id` to `eos_token_id`:2 for open-end generation.
multimodal_generation_mode text-only
Setting `pad_token_id` to `eos_token_id`:2 for open-end generation.
multimodal_generation_mode text-only
Setting `pad_token_id` to `eos_token_id`:2 for open-end generation.
multimodal_generation_mode text-only
Setting `pad_token_id` to `eos_token_id`:2 for open-end generation.
multimodal_generation_mode text-only
Setting `pad_token_id` to `eos_token_id`:2 for open-end generation.
multimodal_generation_mode text-only
Setting `pad_token_id` to `eos_token_id`:2 for open-end generation.
multimodal_generation_mode text-only
Setting `pad_token_id` to `eos_token_id`:2 for open-end generation.
                                                    {'reward/mean': 0.0, 'reward/std': 0.0, 'policy/advantage_mean': 0.0, 'policy/advantage_std': 0.0, 'loss/pg_loss': 0.0, 'loss/kl_div': -0.21625391642252603, 'epoch': 5.77}
  2%|▏         | 40/2000 [30:54<25:45:28, 47.31s/it]multimodal_generation_mode text-only
Setting `pad_token_id` to `eos_token_id`:2 for open-end generation.
multimodal_generation_mode text-only
Setting `pad_token_id` to `eos_token_id`:2 for open-end generation.
  2%|▏         | 41/2000 [31:21<26:16:22, 48.28s/it]                                                    {'loss': 0.0, 'grad_norm': 0.0, 'learning_rate': 9.8e-07, 'epoch': 5.92}
  2%|▏         | 41/2000 [31:21<26:16:22, 48.28s/it]multimodal_generation_mode text-only
multimodal_generation_mode text-only
Setting `pad_token_id` to `eos_token_id`:2 for open-end generation.
Setting `pad_token_id` to `eos_token_id`:2 for open-end generation.
multimodal_generation_mode text-only
Setting `pad_token_id` to `eos_token_id`:2 for open-end generation.
multimodal_generation_mode text-only
multimodal_generation_mode text-only
Setting `pad_token_id` to `eos_token_id`:2 for open-end generation.
Setting `pad_token_id` to `eos_token_id`:2 for open-end generation.
multimodal_generation_mode text-only
Setting `pad_token_id` to `eos_token_id`:2 for open-end generation.
multimodal_generation_mode text-only
Setting `pad_token_id` to `eos_token_id`:2 for open-end generation.
multimodal_generation_mode text-only
Setting `pad_token_id` to `eos_token_id`:2 for open-end generation.
multimodal_generation_mode text-only
Setting `pad_token_id` to `eos_token_id`:2 for open-end generation.
multimodal_generation_mode text-only
Setting `pad_token_id` to `eos_token_id`:2 for open-end generation.
multimodal_generation_mode text-only
Setting `pad_token_id` to `eos_token_id`:2 for open-end generation.
multimodal_generation_mode text-only
Setting `pad_token_id` to `eos_token_id`:2 for open-end generation.
                                                    {'reward/mean': 0.0, 'reward/std': 0.0, 'policy/advantage_mean': 0.0, 'policy/advantage_std': 0.0, 'loss/pg_loss': 0.0, 'loss/kl_div': -1.7342324507863898, 'epoch': 5.92}
  2%|▏         | 41/2000 [31:25<26:16:22, 48.28s/it]multimodal_generation_mode text-only
Setting `pad_token_id` to `eos_token_id`:2 for open-end generation.
multimodal_generation_mode text-only
Setting `pad_token_id` to `eos_token_id`:2 for open-end generation.
multimodal_generation_mode text-only
Setting `pad_token_id` to `eos_token_id`:2 for open-end generation.
multimodal_generation_mode text-only
Setting `pad_token_id` to `eos_token_id`:2 for open-end generation.
  2%|▏         | 42/2000 [31:48<22:38:34, 41.63s/it]                                                    {'loss': 0.0, 'grad_norm': 0.0, 'learning_rate': 9.795e-07, 'epoch': 6.0}
  2%|▏         | 42/2000 [31:48<22:38:34, 41.63s/it]multimodal_generation_mode text-only
Setting `pad_token_id` to `eos_token_id`:2 for open-end generation.
multimodal_generation_mode text-only
multimodal_generation_mode text-only
Setting `pad_token_id` to `eos_token_id`:2 for open-end generation.
Setting `pad_token_id` to `eos_token_id`:2 for open-end generation.
multimodal_generation_mode text-only
Setting `pad_token_id` to `eos_token_id`:2 for open-end generation.
multimodal_generation_mode text-only
Setting `pad_token_id` to `eos_token_id`:2 for open-end generation.
multimodal_generation_mode text-only
multimodal_generation_mode text-only
Setting `pad_token_id` to `eos_token_id`:2 for open-end generation.
multimodal_generation_mode text-only
Setting `pad_token_id` to `eos_token_id`:2 for open-end generation.
Setting `pad_token_id` to `eos_token_id`:2 for open-end generation.
multimodal_generation_mode text-only
Setting `pad_token_id` to `eos_token_id`:2 for open-end generation.
multimodal_generation_mode text-only
multimodal_generation_mode text-only
Setting `pad_token_id` to `eos_token_id`:2 for open-end generation.
Setting `pad_token_id` to `eos_token_id`:2 for open-end generation.
multimodal_generation_mode text-only
Setting `pad_token_id` to `eos_token_id`:2 for open-end generation.
multimodal_generation_mode text-only
Setting `pad_token_id` to `eos_token_id`:2 for open-end generation.
multimodal_generation_mode text-only
Setting `pad_token_id` to `eos_token_id`:2 for open-end generation.
multimodal_generation_mode text-only
Setting `pad_token_id` to `eos_token_id`:2 for open-end generation.
multimodal_generation_mode text-only
Setting `pad_token_id` to `eos_token_id`:2 for open-end generation.
                                                    {'reward/mean': 0.0, 'reward/std': 0.0, 'policy/advantage_mean': 0.0, 'policy/advantage_std': 0.0, 'loss/pg_loss': 0.0, 'loss/kl_div': -0.23955899383385143, 'epoch': 6.0}
  2%|▏         | 42/2000 [31:55<22:38:34, 41.63s/it]multimodal_generation_mode text-only
Setting `pad_token_id` to `eos_token_id`:2 for open-end generation.
multimodal_generation_mode text-only
Setting `pad_token_id` to `eos_token_id`:2 for open-end generation.
multimodal_generation_mode text-only
Setting `pad_token_id` to `eos_token_id`:2 for open-end generation.
multimodal_generation_mode text-only
multimodal_generation_mode text-only
Setting `pad_token_id` to `eos_token_id`:2 for open-end generation.
Setting `pad_token_id` to `eos_token_id`:2 for open-end generation.
multimodal_generation_mode text-only
Setting `pad_token_id` to `eos_token_id`:2 for open-end generation.
multimodal_generation_mode text-only
Setting `pad_token_id` to `eos_token_id`:2 for open-end generation.
multimodal_generation_mode text-only
Setting `pad_token_id` to `eos_token_id`:2 for open-end generation.
multimodal_generation_mode text-only
Setting `pad_token_id` to `eos_token_id`:2 for open-end generation.
multimodal_generation_mode text-only
Setting `pad_token_id` to `eos_token_id`:2 for open-end generation.
multimodal_generation_mode text-only
Setting `pad_token_id` to `eos_token_id`:2 for open-end generation.
multimodal_generation_mode text-only
Setting `pad_token_id` to `eos_token_id`:2 for open-end generation.
multimodal_generation_mode text-only
Setting `pad_token_id` to `eos_token_id`:2 for open-end generation.
multimodal_generation_mode text-only
Setting `pad_token_id` to `eos_token_id`:2 for open-end generation.
multimodal_generation_mode text-only
Setting `pad_token_id` to `eos_token_id`:2 for open-end generation.
                                                    {'reward/mean': 0.0, 'reward/std': 0.0, 'policy/advantage_mean': 0.0, 'policy/advantage_std': 0.0, 'loss/pg_loss': 0.0, 'loss/kl_div': -0.08546669252457158, 'epoch': 6.0}
  2%|▏         | 42/2000 [32:06<22:38:34, 41.63s/it]multimodal_generation_mode text-only
Setting `pad_token_id` to `eos_token_id`:2 for open-end generation.
  2%|▏         | 43/2000 [32:31<22:56:27, 42.20s/it]                                                    {'loss': 0.0, 'grad_norm': 0.0, 'learning_rate': 9.789999999999999e-07, 'epoch': 6.15}
  2%|▏         | 43/2000 [32:31<22:56:27, 42.20s/it]multimodal_generation_mode text-only
Setting `pad_token_id` to `eos_token_id`:2 for open-end generation.
multimodal_generation_mode text-only
multimodal_generation_mode text-only
Setting `pad_token_id` to `eos_token_id`:2 for open-end generation.
multimodal_generation_mode text-only
Setting `pad_token_id` to `eos_token_id`:2 for open-end generation.
Setting `pad_token_id` to `eos_token_id`:2 for open-end generation.
multimodal_generation_mode text-only
Setting `pad_token_id` to `eos_token_id`:2 for open-end generation.
multimodal_generation_mode text-only
Setting `pad_token_id` to `eos_token_id`:2 for open-end generation.
multimodal_generation_mode text-only
multimodal_generation_mode text-only
Setting `pad_token_id` to `eos_token_id`:2 for open-end generation.
Setting `pad_token_id` to `eos_token_id`:2 for open-end generation.
multimodal_generation_mode text-only
Setting `pad_token_id` to `eos_token_id`:2 for open-end generation.
multimodal_generation_mode text-only
Setting `pad_token_id` to `eos_token_id`:2 for open-end generation.
multimodal_generation_mode text-only
Setting `pad_token_id` to `eos_token_id`:2 for open-end generation.
multimodal_generation_mode text-only
Setting `pad_token_id` to `eos_token_id`:2 for open-end generation.
multimodal_generation_mode text-only
Setting `pad_token_id` to `eos_token_id`:2 for open-end generation.
multimodal_generation_mode text-only
Setting `pad_token_id` to `eos_token_id`:2 for open-end generation.
multimodal_generation_mode text-only
Setting `pad_token_id` to `eos_token_id`:2 for open-end generation.
multimodal_generation_mode text-only
Setting `pad_token_id` to `eos_token_id`:2 for open-end generation.
                                                    {'reward/mean': 0.0, 'reward/std': 0.0, 'policy/advantage_mean': 0.0, 'policy/advantage_std': 0.0, 'loss/pg_loss': 0.0, 'loss/kl_div': -1.0190682076119089, 'epoch': 6.15}
  2%|▏         | 43/2000 [32:38<22:56:27, 42.20s/it]multimodal_generation_mode text-only
Setting `pad_token_id` to `eos_token_id`:2 for open-end generation.
multimodal_generation_mode text-only
Setting `pad_token_id` to `eos_token_id`:2 for open-end generation.
multimodal_generation_mode text-only
Setting `pad_token_id` to `eos_token_id`:2 for open-end generation.
multimodal_generation_mode text-only
Setting `pad_token_id` to `eos_token_id`:2 for open-end generation.
multimodal_generation_mode text-only
Setting `pad_token_id` to `eos_token_id`:2 for open-end generation.
multimodal_generation_mode text-only
Setting `pad_token_id` to `eos_token_id`:2 for open-end generation.
multimodal_generation_mode text-only
Setting `pad_token_id` to `eos_token_id`:2 for open-end generation.
multimodal_generation_mode text-only
Setting `pad_token_id` to `eos_token_id`:2 for open-end generation.
multimodal_generation_mode text-only
Setting `pad_token_id` to `eos_token_id`:2 for open-end generation.
multimodal_generation_mode text-only
Setting `pad_token_id` to `eos_token_id`:2 for open-end generation.
multimodal_generation_mode text-only
Setting `pad_token_id` to `eos_token_id`:2 for open-end generation.
multimodal_generation_mode text-only
Setting `pad_token_id` to `eos_token_id`:2 for open-end generation.
multimodal_generation_mode text-only
Setting `pad_token_id` to `eos_token_id`:2 for open-end generation.
multimodal_generation_mode text-only
Setting `pad_token_id` to `eos_token_id`:2 for open-end generation.
multimodal_generation_mode text-only
Setting `pad_token_id` to `eos_token_id`:2 for open-end generation.
multimodal_generation_mode text-only
Setting `pad_token_id` to `eos_token_id`:2 for open-end generation.
                                                    {'reward/mean': 0.0, 'reward/std': 0.0, 'policy/advantage_mean': 0.0, 'policy/advantage_std': 0.0, 'loss/pg_loss': 0.0, 'loss/kl_div': -0.17814523047143285, 'epoch': 6.15}
  2%|▏         | 43/2000 [32:57<22:56:27, 42.20s/it]  2%|▏         | 44/2000 [33:15<23:15:01, 42.79s/it]                                                    {'loss': 0.0, 'grad_norm': 0.0, 'learning_rate': 9.785e-07, 'epoch': 6.31}
  2%|▏         | 44/2000 [33:15<23:15:01, 42.79s/it]multimodal_generation_mode text-only
Setting `pad_token_id` to `eos_token_id`:2 for open-end generation.
multimodal_generation_mode text-only
Setting `pad_token_id` to `eos_token_id`:2 for open-end generation.
multimodal_generation_mode text-only
Setting `pad_token_id` to `eos_token_id`:2 for open-end generation.
multimodal_generation_mode text-only
multimodal_generation_mode text-only
Setting `pad_token_id` to `eos_token_id`:2 for open-end generation.
Setting `pad_token_id` to `eos_token_id`:2 for open-end generation.
multimodal_generation_mode text-only
Setting `pad_token_id` to `eos_token_id`:2 for open-end generation.
multimodal_generation_mode text-only
Setting `pad_token_id` to `eos_token_id`:2 for open-end generation.
multimodal_generation_mode text-only
Setting `pad_token_id` to `eos_token_id`:2 for open-end generation.
multimodal_generation_mode text-only
Setting `pad_token_id` to `eos_token_id`:2 for open-end generation.
multimodal_generation_mode text-only
Setting `pad_token_id` to `eos_token_id`:2 for open-end generation.
multimodal_generation_mode text-only
Setting `pad_token_id` to `eos_token_id`:2 for open-end generation.
multimodal_generation_mode text-only
Setting `pad_token_id` to `eos_token_id`:2 for open-end generation.
multimodal_generation_mode text-only
Setting `pad_token_id` to `eos_token_id`:2 for open-end generation.
multimodal_generation_mode text-only
Setting `pad_token_id` to `eos_token_id`:2 for open-end generation.
multimodal_generation_mode text-only
Setting `pad_token_id` to `eos_token_id`:2 for open-end generation.
multimodal_generation_mode text-only
Setting `pad_token_id` to `eos_token_id`:2 for open-end generation.
                                                    {'reward/mean': 0.0, 'reward/std': 0.0, 'policy/advantage_mean': 0.0, 'policy/advantage_std': 0.0, 'loss/pg_loss': 0.0, 'loss/kl_div': -0.1617097654542723, 'epoch': 6.31}
  2%|▏         | 44/2000 [33:26<23:15:01, 42.79s/it]multimodal_generation_mode text-only
Setting `pad_token_id` to `eos_token_id`:2 for open-end generation.
multimodal_generation_mode text-only
Setting `pad_token_id` to `eos_token_id`:2 for open-end generation.
multimodal_generation_mode text-only
Setting `pad_token_id` to `eos_token_id`:2 for open-end generation.
multimodal_generation_mode text-only
multimodal_generation_modeSetting `pad_token_id` to `eos_token_id`:2 for open-end generation.
 text-only
Setting `pad_token_id` to `eos_token_id`:2 for open-end generation.
multimodal_generation_mode text-only
multimodal_generation_mode text-only
Setting `pad_token_id` to `eos_token_id`:2 for open-end generation.
Setting `pad_token_id` to `eos_token_id`:2 for open-end generation.
multimodal_generation_mode text-only
Setting `pad_token_id` to `eos_token_id`:2 for open-end generation.
multimodal_generation_mode text-only
Setting `pad_token_id` to `eos_token_id`:2 for open-end generation.
multimodal_generation_mode text-only
Setting `pad_token_id` to `eos_token_id`:2 for open-end generation.
multimodal_generation_mode text-only
Setting `pad_token_id` to `eos_token_id`:2 for open-end generation.
multimodal_generation_mode text-only
Setting `pad_token_id` to `eos_token_id`:2 for open-end generation.
multimodal_generation_mode text-only
Setting `pad_token_id` to `eos_token_id`:2 for open-end generation.
multimodal_generation_mode text-only
Setting `pad_token_id` to `eos_token_id`:2 for open-end generation.
multimodal_generation_mode text-only
Setting `pad_token_id` to `eos_token_id`:2 for open-end generation.
multimodal_generation_mode text-only
Setting `pad_token_id` to `eos_token_id`:2 for open-end generation.
                                                    {'reward/mean': 0.0, 'reward/std': 0.0, 'policy/advantage_mean': 0.0, 'policy/advantage_std': 0.0, 'loss/pg_loss': 0.0, 'loss/kl_div': -0.20662992786986664, 'epoch': 6.31}
  2%|▏         | 44/2000 [33:41<23:15:01, 42.79s/it]  2%|▏         | 45/2000 [34:00<23:34:52, 43.42s/it]                                                    {'loss': 0.0, 'grad_norm': 0.0, 'learning_rate': 9.78e-07, 'epoch': 6.46}
  2%|▏         | 45/2000 [34:00<23:34:52, 43.42s/it]multimodal_generation_mode text-only
Setting `pad_token_id` to `eos_token_id`:2 for open-end generation.
multimodal_generation_mode text-only
multimodal_generation_mode text-only
Setting `pad_token_id` to `eos_token_id`:2 for open-end generation.
multimodal_generation_mode text-only
Setting `pad_token_id` to `eos_token_id`:2 for open-end generation.
Setting `pad_token_id` to `eos_token_id`:2 for open-end generation.
multimodal_generation_mode text-only
multimodal_generation_mode text-onlySetting `pad_token_id` to `eos_token_id`:2 for open-end generation.

Setting `pad_token_id` to `eos_token_id`:2 for open-end generation.
multimodal_generation_mode text-only
Setting `pad_token_id` to `eos_token_id`:2 for open-end generation.
multimodal_generation_mode text-only
Setting `pad_token_id` to `eos_token_id`:2 for open-end generation.
multimodal_generation_mode text-only
Setting `pad_token_id` to `eos_token_id`:2 for open-end generation.
multimodal_generation_mode text-only
Setting `pad_token_id` to `eos_token_id`:2 for open-end generation.
multimodal_generation_mode text-only
Setting `pad_token_id` to `eos_token_id`:2 for open-end generation.
multimodal_generation_mode text-only
Setting `pad_token_id` to `eos_token_id`:2 for open-end generation.
multimodal_generation_mode text-only
Setting `pad_token_id` to `eos_token_id`:2 for open-end generation.
multimodal_generation_mode text-only
Setting `pad_token_id` to `eos_token_id`:2 for open-end generation.
multimodal_generation_mode text-only
Setting `pad_token_id` to `eos_token_id`:2 for open-end generation.
multimodal_generation_mode text-only
Setting `pad_token_id` to `eos_token_id`:2 for open-end generation.
                                                    {'reward/mean': 0.0, 'reward/std': 0.0, 'policy/advantage_mean': 0.0, 'policy/advantage_std': 0.0, 'loss/pg_loss': 0.0, 'loss/kl_div': -0.10307501704315018, 'epoch': 6.46}
  2%|▏         | 45/2000 [34:07<23:34:52, 43.42s/it]multimodal_generation_mode text-only
Setting `pad_token_id` to `eos_token_id`:2 for open-end generation.
multimodal_generation_mode text-only
Setting `pad_token_id` to `eos_token_id`:2 for open-end generation.
multimodal_generation_mode text-only
Setting `pad_token_id` to `eos_token_id`:2 for open-end generation.
multimodal_generation_mode text-only
Setting `pad_token_id` to `eos_token_id`:2 for open-end generation.
multimodal_generation_mode text-only
multimodal_generation_mode text-only
Setting `pad_token_id` to `eos_token_id`:2 for open-end generation.
multimodal_generation_mode text-only
Setting `pad_token_id` to `eos_token_id`:2 for open-end generation.
Setting `pad_token_id` to `eos_token_id`:2 for open-end generation.
multimodal_generation_mode text-only
Setting `pad_token_id` to `eos_token_id`:2 for open-end generation.
multimodal_generation_mode text-only
Setting `pad_token_id` to `eos_token_id`:2 for open-end generation.
multimodal_generation_mode text-only
Setting `pad_token_id` to `eos_token_id`:2 for open-end generation.
multimodal_generation_mode text-only
Setting `pad_token_id` to `eos_token_id`:2 for open-end generation.
multimodal_generation_mode text-only
Setting `pad_token_id` to `eos_token_id`:2 for open-end generation.
multimodal_generation_mode text-only
Setting `pad_token_id` to `eos_token_id`:2 for open-end generation.
multimodal_generation_mode text-only
Setting `pad_token_id` to `eos_token_id`:2 for open-end generation.
                                                    {'reward/mean': 0.0, 'reward/std': 0.0, 'policy/advantage_mean': 0.0, 'policy/advantage_std': 0.0, 'loss/pg_loss': 0.0, 'loss/kl_div': -0.21008585812000746, 'epoch': 6.46}
  2%|▏         | 45/2000 [34:21<23:34:52, 43.42s/it]multimodal_generation_mode text-only
Setting `pad_token_id` to `eos_token_id`:2 for open-end generation.
multimodal_generation_mode text-only
Setting `pad_token_id` to `eos_token_id`:2 for open-end generation.
  2%|▏         | 46/2000 [34:44<23:39:48, 43.60s/it]                                                    {'loss': 0.0, 'grad_norm': 0.0, 'learning_rate': 9.775e-07, 'epoch': 6.62}
  2%|▏         | 46/2000 [34:44<23:39:48, 43.60s/it]multimodal_generation_mode text-only
Setting `pad_token_id` to `eos_token_id`:2 for open-end generation.
multimodal_generation_mode text-only
multimodal_generation_mode text-only
Setting `pad_token_id` to `eos_token_id`:2 for open-end generation.
Setting `pad_token_id` to `eos_token_id`:2 for open-end generation.
multimodal_generation_mode text-only
Setting `pad_token_id` to `eos_token_id`:2 for open-end generation.
multimodal_generation_mode text-only
Setting `pad_token_id` to `eos_token_id`:2 for open-end generation.
multimodal_generation_mode text-only
Setting `pad_token_id` to `eos_token_id`:2 for open-end generation.
multimodal_generation_mode text-only
Setting `pad_token_id` to `eos_token_id`:2 for open-end generation.
multimodal_generation_mode text-only
Setting `pad_token_id` to `eos_token_id`:2 for open-end generation.
multimodal_generation_mode text-only
Setting `pad_token_id` to `eos_token_id`:2 for open-end generation.
multimodal_generation_mode text-only
Setting `pad_token_id` to `eos_token_id`:2 for open-end generation.
multimodal_generation_mode text-only
Setting `pad_token_id` to `eos_token_id`:2 for open-end generation.
multimodal_generation_mode text-only
Setting `pad_token_id` to `eos_token_id`:2 for open-end generation.
multimodal_generation_mode text-only
Setting `pad_token_id` to `eos_token_id`:2 for open-end generation.
multimodal_generation_mode text-only
Setting `pad_token_id` to `eos_token_id`:2 for open-end generation.
                                                    {'reward/mean': 0.0, 'reward/std': 0.0, 'policy/advantage_mean': 0.0, 'policy/advantage_std': 0.0, 'loss/pg_loss': 0.0, 'loss/kl_div': -0.160707579068611, 'epoch': 6.62}
  2%|▏         | 46/2000 [34:50<23:39:48, 43.60s/it]multimodal_generation_mode text-only
Setting `pad_token_id` to `eos_token_id`:2 for open-end generation.
multimodal_generation_mode text-only
Setting `pad_token_id` to `eos_token_id`:2 for open-end generation.
multimodal_generation_mode text-only
Setting `pad_token_id` to `eos_token_id`:2 for open-end generation.
multimodal_generation_mode text-only
Setting `pad_token_id` to `eos_token_id`:2 for open-end generation.
multimodal_generation_mode text-only
Setting `pad_token_id` to `eos_token_id`:2 for open-end generation.
multimodal_generation_mode text-only
Setting `pad_token_id` to `eos_token_id`:2 for open-end generation.
multimodal_generation_mode text-only
Setting `pad_token_id` to `eos_token_id`:2 for open-end generation.
multimodal_generation_mode text-only
Setting `pad_token_id` to `eos_token_id`:2 for open-end generation.
multimodal_generation_mode text-only
Setting `pad_token_id` to `eos_token_id`:2 for open-end generation.
multimodal_generation_mode text-only
Setting `pad_token_id` to `eos_token_id`:2 for open-end generation.
multimodal_generation_mode text-only
Setting `pad_token_id` to `eos_token_id`:2 for open-end generation.
multimodal_generation_mode text-only
Setting `pad_token_id` to `eos_token_id`:2 for open-end generation.
multimodal_generation_mode text-only
Setting `pad_token_id` to `eos_token_id`:2 for open-end generation.
multimodal_generation_mode text-only
Setting `pad_token_id` to `eos_token_id`:2 for open-end generation.
multimodal_generation_mode text-only
Setting `pad_token_id` to `eos_token_id`:2 for open-end generation.
multimodal_generation_mode text-only
Setting `pad_token_id` to `eos_token_id`:2 for open-end generation.
multimodal_generation_mode text-only
Setting `pad_token_id` to `eos_token_id`:2 for open-end generation.
multimodal_generation_mode text-only
Setting `pad_token_id` to `eos_token_id`:2 for open-end generation.
                                                    {'reward/mean': 0.0, 'reward/std': 0.0, 'policy/advantage_mean': 0.0, 'policy/advantage_std': 0.0, 'loss/pg_loss': 0.0, 'loss/kl_div': -0.0815635938902159, 'epoch': 6.62}
  2%|▏         | 46/2000 [35:08<23:39:48, 43.60s/it]  2%|▏         | 47/2000 [35:26<23:18:08, 42.95s/it]                                                    {'loss': 0.0, 'grad_norm': 0.0, 'learning_rate': 9.77e-07, 'epoch': 6.77}
  2%|▏         | 47/2000 [35:26<23:18:08, 42.95s/it]multimodal_generation_mode text-only
multimodal_generation_mode text-only
Setting `pad_token_id` to `eos_token_id`:2 for open-end generation.
multimodal_generation_mode text-only
Setting `pad_token_id` to `eos_token_id`:2 for open-end generation.
Setting `pad_token_id` to `eos_token_id`:2 for open-end generation.
multimodal_generation_mode text-only
Setting `pad_token_id` to `eos_token_id`:2 for open-end generation.
multimodal_generation_mode text-only
Setting `pad_token_id` to `eos_token_id`:2 for open-end generation.
multimodal_generation_mode text-only
Setting `pad_token_id` to `eos_token_id`:2 for open-end generation.
multimodal_generation_mode text-only
Setting `pad_token_id` to `eos_token_id`:2 for open-end generation.
multimodal_generation_mode text-only
Setting `pad_token_id` to `eos_token_id`:2 for open-end generation.
multimodal_generation_mode text-only
Setting `pad_token_id` to `eos_token_id`:2 for open-end generation.
multimodal_generation_mode text-only
Setting `pad_token_id` to `eos_token_id`:2 for open-end generation.
multimodal_generation_mode text-only
Setting `pad_token_id` to `eos_token_id`:2 for open-end generation.
multimodal_generation_mode text-only
Setting `pad_token_id` to `eos_token_id`:2 for open-end generation.
multimodal_generation_mode text-only
Setting `pad_token_id` to `eos_token_id`:2 for open-end generation.
multimodal_generation_mode text-only
Setting `pad_token_id` to `eos_token_id`:2 for open-end generation.
multimodal_generation_mode text-only
Setting `pad_token_id` to `eos_token_id`:2 for open-end generation.
multimodal_generation_mode text-only
Setting `pad_token_id` to `eos_token_id`:2 for open-end generation.
                                                    {'reward/mean': 0.0, 'reward/std': 0.0, 'policy/advantage_mean': 0.0, 'policy/advantage_std': 0.0, 'loss/pg_loss': 0.0, 'loss/kl_div': -0.2501814979374608, 'epoch': 6.77}
  2%|▏         | 47/2000 [35:36<23:18:08, 42.95s/it]multimodal_generation_mode text-only
Setting `pad_token_id` to `eos_token_id`:2 for open-end generation.
multimodal_generation_mode text-only
Setting `pad_token_id` to `eos_token_id`:2 for open-end generation.
multimodal_generation_mode text-only
Setting `pad_token_id` to `eos_token_id`:2 for open-end generation.
multimodal_generation_mode text-only
Setting `pad_token_id` to `eos_token_id`:2 for open-end generation.
multimodal_generation_mode text-only
Setting `pad_token_id` to `eos_token_id`:2 for open-end generation.
multimodal_generation_mode text-only
Setting `pad_token_id` to `eos_token_id`:2 for open-end generation.
multimodal_generation_mode text-only
Setting `pad_token_id` to `eos_token_id`:2 for open-end generation.
multimodal_generation_mode text-only
Setting `pad_token_id` to `eos_token_id`:2 for open-end generation.
multimodal_generation_mode text-only
Setting `pad_token_id` to `eos_token_id`:2 for open-end generation.
multimodal_generation_mode text-only
Setting `pad_token_id` to `eos_token_id`:2 for open-end generation.
multimodal_generation_mode text-only
Setting `pad_token_id` to `eos_token_id`:2 for open-end generation.
multimodal_generation_mode text-only
Setting `pad_token_id` to `eos_token_id`:2 for open-end generation.
multimodal_generation_mode text-only
Setting `pad_token_id` to `eos_token_id`:2 for open-end generation.
multimodal_generation_mode text-only
Setting `pad_token_id` to `eos_token_id`:2 for open-end generation.
multimodal_generation_mode text-only
Setting `pad_token_id` to `eos_token_id`:2 for open-end generation.
multimodal_generation_mode text-only
Setting `pad_token_id` to `eos_token_id`:2 for open-end generation.
                                                    {'reward/mean': 0.0, 'reward/std': 0.0, 'policy/advantage_mean': 0.0, 'policy/advantage_std': 0.0, 'loss/pg_loss': 0.0, 'loss/kl_div': -0.30801216057971514, 'epoch': 6.77}
  2%|▏         | 47/2000 [35:47<23:18:08, 42.95s/it]  2%|▏         | 48/2000 [36:08<23:09:32, 42.71s/it]                                                    {'loss': 0.0, 'grad_norm': 0.0, 'learning_rate': 9.765e-07, 'epoch': 6.92}
  2%|▏         | 48/2000 [36:08<23:09:32, 42.71s/it]multimodal_generation_mode text-only
Setting `pad_token_id` to `eos_token_id`:2 for open-end generation.
multimodal_generation_mode text-only
Setting `pad_token_id` to `eos_token_id`:2 for open-end generation.
multimodal_generation_mode text-only
multimodal_generation_mode text-only
Setting `pad_token_id` to `eos_token_id`:2 for open-end generation.
multimodal_generation_mode text-only
Setting `pad_token_id` to `eos_token_id`:2 for open-end generation.
Setting `pad_token_id` to `eos_token_id`:2 for open-end generation.
multimodal_generation_mode text-only
Setting `pad_token_id` to `eos_token_id`:2 for open-end generation.
multimodal_generation_mode text-only
multimodal_generation_mode text-only
Setting `pad_token_id` to `eos_token_id`:2 for open-end generation.
Setting `pad_token_id` to `eos_token_id`:2 for open-end generation.
multimodal_generation_mode text-only
Setting `pad_token_id` to `eos_token_id`:2 for open-end generation.
multimodal_generation_mode text-only
Setting `pad_token_id` to `eos_token_id`:2 for open-end generation.
multimodal_generation_mode text-only
Setting `pad_token_id` to `eos_token_id`:2 for open-end generation.
multimodal_generation_mode text-only
Setting `pad_token_id` to `eos_token_id`:2 for open-end generation.
multimodal_generation_mode text-only
Setting `pad_token_id` to `eos_token_id`:2 for open-end generation.
multimodal_generation_mode text-only
Setting `pad_token_id` to `eos_token_id`:2 for open-end generation.
multimodal_generation_mode text-only
Setting `pad_token_id` to `eos_token_id`:2 for open-end generation.
                                                    {'reward/mean': 0.0, 'reward/std': 0.0, 'policy/advantage_mean': 0.0, 'policy/advantage_std': 0.0, 'loss/pg_loss': 0.0, 'loss/kl_div': -0.2553777521306818, 'epoch': 6.92}
  2%|▏         | 48/2000 [36:12<23:09:32, 42.71s/it]multimodal_generation_mode text-only
Setting `pad_token_id` to `eos_token_id`:2 for open-end generation.
  2%|▏         | 49/2000 [36:38<21:07:27, 38.98s/it]                                                    {'loss': 0.0, 'grad_norm': 0.0, 'learning_rate': 9.759999999999998e-07, 'epoch': 7.0}
  2%|▏         | 49/2000 [36:38<21:07:27, 38.98s/it]multimodal_generation_mode text-only
Setting `pad_token_id` to `eos_token_id`:2 for open-end generation.
multimodal_generation_mode text-only
Setting `pad_token_id` to `eos_token_id`:2 for open-end generation.
multimodal_generation_mode text-only
Setting `pad_token_id` to `eos_token_id`:2 for open-end generation.
multimodal_generation_mode text-only
multimodal_generation_mode text-only
Setting `pad_token_id` to `eos_token_id`:2 for open-end generation.
multimodal_generation_modeSetting `pad_token_id` to `eos_token_id`:2 for open-end generation.
 text-only
Setting `pad_token_id` to `eos_token_id`:2 for open-end generation.
multimodal_generation_mode text-only
Setting `pad_token_id` to `eos_token_id`:2 for open-end generation.
multimodal_generation_mode text-only
Setting `pad_token_id` to `eos_token_id`:2 for open-end generation.
multimodal_generation_mode text-only
Setting `pad_token_id` to `eos_token_id`:2 for open-end generation.
multimodal_generation_mode text-only
Setting `pad_token_id` to `eos_token_id`:2 for open-end generation.
multimodal_generation_mode text-only
Setting `pad_token_id` to `eos_token_id`:2 for open-end generation.
multimodal_generation_mode text-only
Setting `pad_token_id` to `eos_token_id`:2 for open-end generation.
multimodal_generation_mode text-only
Setting `pad_token_id` to `eos_token_id`:2 for open-end generation.
multimodal_generation_mode text-only
Setting `pad_token_id` to `eos_token_id`:2 for open-end generation.
multimodal_generation_mode text-only
Setting `pad_token_id` to `eos_token_id`:2 for open-end generation.
multimodal_generation_mode text-only
Setting `pad_token_id` to `eos_token_id`:2 for open-end generation.
                                                    {'reward/mean': 0.0, 'reward/std': 0.0, 'policy/advantage_mean': 0.0, 'policy/advantage_std': 0.0, 'loss/pg_loss': 0.0, 'loss/kl_div': -0.1583919390826158, 'epoch': 7.0}
  2%|▏         | 49/2000 [36:44<21:07:27, 38.98s/it]multimodal_generation_mode text-only
Setting `pad_token_id` to `eos_token_id`:2 for open-end generation.
multimodal_generation_mode text-only
Setting `pad_token_id` to `eos_token_id`:2 for open-end generation.
multimodal_generation_mode text-only
Setting `pad_token_id` to `eos_token_id`:2 for open-end generation.
multimodal_generation_mode text-only
Setting `pad_token_id` to `eos_token_id`:2 for open-end generation.
multimodal_generation_mode text-only
Setting `pad_token_id` to `eos_token_id`:2 for open-end generation.
multimodal_generation_mode text-only
Setting `pad_token_id` to `eos_token_id`:2 for open-end generation.
multimodal_generation_mode text-only
Setting `pad_token_id` to `eos_token_id`:2 for open-end generation.
multimodal_generation_mode text-only
Setting `pad_token_id` to `eos_token_id`:2 for open-end generation.
multimodal_generation_mode text-only
Setting `pad_token_id` to `eos_token_id`:2 for open-end generation.
multimodal_generation_mode text-only
Setting `pad_token_id` to `eos_token_id`:2 for open-end generation.
multimodal_generation_mode text-only
Setting `pad_token_id` to `eos_token_id`:2 for open-end generation.
multimodal_generation_mode text-only
Setting `pad_token_id` to `eos_token_id`:2 for open-end generation.
multimodal_generation_mode text-only
Setting `pad_token_id` to `eos_token_id`:2 for open-end generation.
multimodal_generation_mode text-only
Setting `pad_token_id` to `eos_token_id`:2 for open-end generation.
                                                    {'reward/mean': 0.0, 'reward/std': 0.0, 'policy/advantage_mean': 0.0, 'policy/advantage_std': 0.0, 'loss/pg_loss': 0.0, 'loss/kl_div': -0.5809478759765625, 'epoch': 7.0}
  2%|▏         | 49/2000 [37:01<21:07:27, 38.98s/it]multimodal_generation_mode text-only
Setting `pad_token_id` to `eos_token_id`:2 for open-end generation.
multimodal_generation_mode text-only
Setting `pad_token_id` to `eos_token_id`:2 for open-end generation.
  2%|▎         | 50/2000 [37:23<22:00:43, 40.64s/it]                                                    {'loss': 0.0, 'grad_norm': 0.0, 'learning_rate': 9.755e-07, 'epoch': 7.15}
  2%|▎         | 50/2000 [37:23<22:00:43, 40.64s/it]multimodal_generation_mode text-only
Setting `pad_token_id` to `eos_token_id`:2 for open-end generation.
multimodal_generation_modemultimodal_generation_mode  text-onlytext-only

Setting `pad_token_id` to `eos_token_id`:2 for open-end generation.
Setting `pad_token_id` to `eos_token_id`:2 for open-end generation.
multimodal_generation_mode text-only
multimodal_generation_modemultimodal_generation_mode text-only
 text-only
Setting `pad_token_id` to `eos_token_id`:2 for open-end generation.
Setting `pad_token_id` to `eos_token_id`:2 for open-end generation.
Setting `pad_token_id` to `eos_token_id`:2 for open-end generation.
multimodal_generation_mode text-only
Setting `pad_token_id` to `eos_token_id`:2 for open-end generation.
multimodal_generation_mode text-only
Setting `pad_token_id` to `eos_token_id`:2 for open-end generation.
multimodal_generation_mode text-only
Setting `pad_token_id` to `eos_token_id`:2 for open-end generation.
multimodal_generation_mode text-only
Setting `pad_token_id` to `eos_token_id`:2 for open-end generation.
multimodal_generation_mode text-only
Setting `pad_token_id` to `eos_token_id`:2 for open-end generation.
multimodal_generation_mode text-only
Setting `pad_token_id` to `eos_token_id`:2 for open-end generation.
multimodal_generation_mode text-only
Setting `pad_token_id` to `eos_token_id`:2 for open-end generation.
multimodal_generation_mode text-only
Setting `pad_token_id` to `eos_token_id`:2 for open-end generation.
multimodal_generation_mode text-only
Setting `pad_token_id` to `eos_token_id`:2 for open-end generation.
multimodal_generation_mode text-only
Setting `pad_token_id` to `eos_token_id`:2 for open-end generation.
                                                    {'reward/mean': 0.0, 'reward/std': 0.0, 'policy/advantage_mean': 0.0, 'policy/advantage_std': 0.0, 'loss/pg_loss': 0.0, 'loss/kl_div': -2.4235161286712033, 'epoch': 7.15}
  2%|▎         | 50/2000 [37:35<22:00:43, 40.64s/it]multimodal_generation_mode text-only
multimodal_generation_mode text-only
Setting `pad_token_id` to `eos_token_id`:2 for open-end generation.
Setting `pad_token_id` to `eos_token_id`:2 for open-end generation.
multimodal_generation_mode text-only
Setting `pad_token_id` to `eos_token_id`:2 for open-end generation.
multimodal_generation_mode text-only
Setting `pad_token_id` to `eos_token_id`:2 for open-end generation.
multimodal_generation_mode text-only
Setting `pad_token_id` to `eos_token_id`:2 for open-end generation.
multimodal_generation_mode text-only
multimodal_generation_mode text-only
Setting `pad_token_id` to `eos_token_id`:2 for open-end generation.
Setting `pad_token_id` to `eos_token_id`:2 for open-end generation.
multimodal_generation_mode text-only
Setting `pad_token_id` to `eos_token_id`:2 for open-end generation.
multimodal_generation_mode text-only
Setting `pad_token_id` to `eos_token_id`:2 for open-end generation.
multimodal_generation_mode text-only
Setting `pad_token_id` to `eos_token_id`:2 for open-end generation.
multimodal_generation_mode text-only
Setting `pad_token_id` to `eos_token_id`:2 for open-end generation.
multimodal_generation_mode text-only
Setting `pad_token_id` to `eos_token_id`:2 for open-end generation.
                                                    {'reward/mean': 0.0, 'reward/std': 0.0, 'policy/advantage_mean': 0.0, 'policy/advantage_std': 0.0, 'loss/pg_loss': 0.0, 'loss/kl_div': -0.20940629641215006, 'epoch': 7.15}
  2%|▎         | 50/2000 [37:45<22:00:43, 40.64s/it]multimodal_generation_mode text-only
Setting `pad_token_id` to `eos_token_id`:2 for open-end generation.
multimodal_generation_mode text-only
Setting `pad_token_id` to `eos_token_id`:2 for open-end generation.
multimodal_generation_mode text-only
Setting `pad_token_id` to `eos_token_id`:2 for open-end generation.
multimodal_generation_mode text-only
Setting `pad_token_id` to `eos_token_id`:2 for open-end generation.
  3%|▎         | 51/2000 [38:12<23:29:09, 43.38s/it]                                                    {'loss': 0.0, 'grad_norm': 0.0, 'learning_rate': 9.75e-07, 'epoch': 7.31}
  3%|▎         | 51/2000 [38:12<23:29:09, 43.38s/it]multimodal_generation_modemultimodal_generation_mode text-only
 text-only
multimodal_generation_mode text-only
Setting `pad_token_id` to `eos_token_id`:2 for open-end generation.
Setting `pad_token_id` to `eos_token_id`:2 for open-end generation.
Setting `pad_token_id` to `eos_token_id`:2 for open-end generation.
multimodal_generation_mode text-only
Setting `pad_token_id` to `eos_token_id`:2 for open-end generation.
multimodal_generation_mode text-only
Setting `pad_token_id` to `eos_token_id`:2 for open-end generation.
multimodal_generation_mode text-only
Setting `pad_token_id` to `eos_token_id`:2 for open-end generation.
multimodal_generation_mode text-only
Setting `pad_token_id` to `eos_token_id`:2 for open-end generation.
multimodal_generation_mode text-only
Setting `pad_token_id` to `eos_token_id`:2 for open-end generation.
multimodal_generation_mode text-only
Setting `pad_token_id` to `eos_token_id`:2 for open-end generation.
multimodal_generation_mode text-only
Setting `pad_token_id` to `eos_token_id`:2 for open-end generation.
multimodal_generation_mode text-only
Setting `pad_token_id` to `eos_token_id`:2 for open-end generation.
multimodal_generation_mode text-only
Setting `pad_token_id` to `eos_token_id`:2 for open-end generation.
multimodal_generation_mode text-only
Setting `pad_token_id` to `eos_token_id`:2 for open-end generation.
multimodal_generation_mode text-only
Setting `pad_token_id` to `eos_token_id`:2 for open-end generation.
multimodal_generation_mode text-only
Setting `pad_token_id` to `eos_token_id`:2 for open-end generation.
                                                    {'reward/mean': 0.0, 'reward/std': 0.0, 'policy/advantage_mean': 0.0, 'policy/advantage_std': 0.0, 'loss/pg_loss': 0.0, 'loss/kl_div': -0.20308351516723633, 'epoch': 7.31}
  3%|▎         | 51/2000 [38:16<23:29:09, 43.38s/it]multimodal_generation_mode text-only
Setting `pad_token_id` to `eos_token_id`:2 for open-end generation.
multimodal_generation_modemultimodal_generation_mode  text-onlytext-only

Setting `pad_token_id` to `eos_token_id`:2 for open-end generation.
multimodal_generation_modeSetting `pad_token_id` to `eos_token_id`:2 for open-end generation.
 text-only
multimodal_generation_mode text-only
Setting `pad_token_id` to `eos_token_id`:2 for open-end generation.
Setting `pad_token_id` to `eos_token_id`:2 for open-end generation.
multimodal_generation_mode text-only
Setting `pad_token_id` to `eos_token_id`:2 for open-end generation.
multimodal_generation_mode text-only
Setting `pad_token_id` to `eos_token_id`:2 for open-end generation.
multimodal_generation_mode text-only
Setting `pad_token_id` to `eos_token_id`:2 for open-end generation.
multimodal_generation_mode text-only
Setting `pad_token_id` to `eos_token_id`:2 for open-end generation.
multimodal_generation_mode text-only
Setting `pad_token_id` to `eos_token_id`:2 for open-end generation.
multimodal_generation_mode text-only
Setting `pad_token_id` to `eos_token_id`:2 for open-end generation.
multimodal_generation_mode text-only
Setting `pad_token_id` to `eos_token_id`:2 for open-end generation.
multimodal_generation_mode text-only
Setting `pad_token_id` to `eos_token_id`:2 for open-end generation.
multimodal_generation_mode text-only
Setting `pad_token_id` to `eos_token_id`:2 for open-end generation.
multimodal_generation_mode text-only
Setting `pad_token_id` to `eos_token_id`:2 for open-end generation.
multimodal_generation_mode text-only
Setting `pad_token_id` to `eos_token_id`:2 for open-end generation.
                                                    {'reward/mean': 0.0, 'reward/std': 0.0, 'policy/advantage_mean': 0.0, 'policy/advantage_std': 0.0, 'loss/pg_loss': 0.0, 'loss/kl_div': -0.12951435654927668, 'epoch': 7.31}
  3%|▎         | 51/2000 [38:40<23:29:09, 43.38s/it]multimodal_generation_mode text-only
Setting `pad_token_id` to `eos_token_id`:2 for open-end generation.
  3%|▎         | 52/2000 [39:04<24:46:11, 45.78s/it]                                                    {'loss': 0.0, 'grad_norm': 0.0, 'learning_rate': 9.745e-07, 'epoch': 7.46}
  3%|▎         | 52/2000 [39:04<24:46:11, 45.78s/it]multimodal_generation_mode text-only
multimodal_generation_mode text-only
Setting `pad_token_id` to `eos_token_id`:2 for open-end generation.
Setting `pad_token_id` to `eos_token_id`:2 for open-end generation.
multimodal_generation_mode text-only
multimodal_generation_mode text-only
Setting `pad_token_id` to `eos_token_id`:2 for open-end generation.
multimodal_generation_mode text-only
Setting `pad_token_id` to `eos_token_id`:2 for open-end generation.
Setting `pad_token_id` to `eos_token_id`:2 for open-end generation.
multimodal_generation_mode text-only
Setting `pad_token_id` to `eos_token_id`:2 for open-end generation.
multimodal_generation_mode text-only
Setting `pad_token_id` to `eos_token_id`:2 for open-end generation.
multimodal_generation_mode text-only
Setting `pad_token_id` to `eos_token_id`:2 for open-end generation.
multimodal_generation_mode text-only
Setting `pad_token_id` to `eos_token_id`:2 for open-end generation.
multimodal_generation_mode text-only
Setting `pad_token_id` to `eos_token_id`:2 for open-end generation.
multimodal_generation_mode text-only
Setting `pad_token_id` to `eos_token_id`:2 for open-end generation.
multimodal_generation_mode text-only
Setting `pad_token_id` to `eos_token_id`:2 for open-end generation.
multimodal_generation_mode text-only
Setting `pad_token_id` to `eos_token_id`:2 for open-end generation.
multimodal_generation_mode text-only
Setting `pad_token_id` to `eos_token_id`:2 for open-end generation.
multimodal_generation_mode text-only
Setting `pad_token_id` to `eos_token_id`:2 for open-end generation.
                                                    {'reward/mean': 0.0, 'reward/std': 0.0, 'policy/advantage_mean': 0.0, 'policy/advantage_std': 0.0, 'loss/pg_loss': 0.0, 'loss/kl_div': -0.6136480260778356, 'epoch': 7.46}
  3%|▎         | 52/2000 [39:10<24:46:11, 45.78s/it]multimodal_generation_mode text-only
Setting `pad_token_id` to `eos_token_id`:2 for open-end generation.
multimodal_generation_mode text-only
Setting `pad_token_id` to `eos_token_id`:2 for open-end generation.
multimodal_generation_mode text-only
Setting `pad_token_id` to `eos_token_id`:2 for open-end generation.
multimodal_generation_mode text-only
Setting `pad_token_id` to `eos_token_id`:2 for open-end generation.
multimodal_generation_mode text-only
Setting `pad_token_id` to `eos_token_id`:2 for open-end generation.
multimodal_generation_mode text-only
Setting `pad_token_id` to `eos_token_id`:2 for open-end generation.
multimodal_generation_mode text-only
Setting `pad_token_id` to `eos_token_id`:2 for open-end generation.
multimodal_generation_mode text-only
Setting `pad_token_id` to `eos_token_id`:2 for open-end generation.
multimodal_generation_mode text-only
Setting `pad_token_id` to `eos_token_id`:2 for open-end generation.
multimodal_generation_mode text-only
Setting `pad_token_id` to `eos_token_id`:2 for open-end generation.
multimodal_generation_mode text-only
Setting `pad_token_id` to `eos_token_id`:2 for open-end generation.
multimodal_generation_mode text-only
Setting `pad_token_id` to `eos_token_id`:2 for open-end generation.
multimodal_generation_mode text-only
Setting `pad_token_id` to `eos_token_id`:2 for open-end generation.
multimodal_generation_mode text-only
Setting `pad_token_id` to `eos_token_id`:2 for open-end generation.
multimodal_generation_mode text-only
Setting `pad_token_id` to `eos_token_id`:2 for open-end generation.
multimodal_generation_mode text-only
Setting `pad_token_id` to `eos_token_id`:2 for open-end generation.
                                                    {'reward/mean': 0.0, 'reward/std': 0.0, 'policy/advantage_mean': 0.0, 'policy/advantage_std': 0.0, 'loss/pg_loss': 0.0, 'loss/kl_div': -0.22813913822174073, 'epoch': 7.46}
  3%|▎         | 52/2000 [39:28<24:46:11, 45.78s/it]multimodal_generation_mode text-only
Setting `pad_token_id` to `eos_token_id`:2 for open-end generation.
  3%|▎         | 53/2000 [39:50<24:48:23, 45.87s/it]                                                    {'loss': 0.0, 'grad_norm': 0.0, 'learning_rate': 9.74e-07, 'epoch': 7.62}
  3%|▎         | 53/2000 [39:50<24:48:23, 45.87s/it]multimodal_generation_mode text-only
Setting `pad_token_id` to `eos_token_id`:2 for open-end generation.
multimodal_generation_mode text-only
Setting `pad_token_id` to `eos_token_id`:2 for open-end generation.
multimodal_generation_mode text-only
multimodal_generation_mode text-only
Setting `pad_token_id` to `eos_token_id`:2 for open-end generation.
Setting `pad_token_id` to `eos_token_id`:2 for open-end generation.
multimodal_generation_mode text-only
Setting `pad_token_id` to `eos_token_id`:2 for open-end generation.
multimodal_generation_mode text-only
Setting `pad_token_id` to `eos_token_id`:2 for open-end generation.
multimodal_generation_mode text-only
Setting `pad_token_id` to `eos_token_id`:2 for open-end generation.
multimodal_generation_mode text-only
Setting `pad_token_id` to `eos_token_id`:2 for open-end generation.
multimodal_generation_mode text-only
Setting `pad_token_id` to `eos_token_id`:2 for open-end generation.
multimodal_generation_mode text-only
Setting `pad_token_id` to `eos_token_id`:2 for open-end generation.
multimodal_generation_mode text-only
Setting `pad_token_id` to `eos_token_id`:2 for open-end generation.
multimodal_generation_mode text-only
Setting `pad_token_id` to `eos_token_id`:2 for open-end generation.
multimodal_generation_mode text-only
Setting `pad_token_id` to `eos_token_id`:2 for open-end generation.
multimodal_generation_mode text-only
Setting `pad_token_id` to `eos_token_id`:2 for open-end generation.
multimodal_generation_mode text-only
Setting `pad_token_id` to `eos_token_id`:2 for open-end generation.
multimodal_generation_mode text-only
Setting `pad_token_id` to `eos_token_id`:2 for open-end generation.
                                                    {'reward/mean': 0.0, 'reward/std': 0.0, 'policy/advantage_mean': 0.0, 'policy/advantage_std': 0.0, 'loss/pg_loss': 0.0, 'loss/kl_div': -0.41126787716939567, 'epoch': 7.62}
  3%|▎         | 53/2000 [39:58<24:48:23, 45.87s/it]multimodal_generation_mode text-only
Setting `pad_token_id` to `eos_token_id`:2 for open-end generation.
multimodal_generation_mode text-only
Setting `pad_token_id` to `eos_token_id`:2 for open-end generation.
multimodal_generation_mode text-only
Setting `pad_token_id` to `eos_token_id`:2 for open-end generation.
multimodal_generation_modemultimodal_generation_mode text-only
 text-only
multimodal_generation_mode text-only
Setting `pad_token_id` to `eos_token_id`:2 for open-end generation.
Setting `pad_token_id` to `eos_token_id`:2 for open-end generation.
Setting `pad_token_id` to `eos_token_id`:2 for open-end generation.
multimodal_generation_mode text-only
Setting `pad_token_id` to `eos_token_id`:2 for open-end generation.
multimodal_generation_mode text-only
Setting `pad_token_id` to `eos_token_id`:2 for open-end generation.
multimodal_generation_mode text-only
Setting `pad_token_id` to `eos_token_id`:2 for open-end generation.
multimodal_generation_mode text-only
Setting `pad_token_id` to `eos_token_id`:2 for open-end generation.
multimodal_generation_mode text-only
Setting `pad_token_id` to `eos_token_id`:2 for open-end generation.
multimodal_generation_mode text-only
Setting `pad_token_id` to `eos_token_id`:2 for open-end generation.
multimodal_generation_mode text-only
Setting `pad_token_id` to `eos_token_id`:2 for open-end generation.
multimodal_generation_mode text-only
Setting `pad_token_id` to `eos_token_id`:2 for open-end generation.
multimodal_generation_mode text-only
Setting `pad_token_id` to `eos_token_id`:2 for open-end generation.
multimodal_generation_mode text-only
Setting `pad_token_id` to `eos_token_id`:2 for open-end generation.
                                                    {'reward/mean': 0.0, 'reward/std': 0.0, 'policy/advantage_mean': 0.0, 'policy/advantage_std': 0.0, 'loss/pg_loss': 0.0, 'loss/kl_div': -0.2391045093536377, 'epoch': 7.62}
  3%|▎         | 53/2000 [40:10<24:48:23, 45.87s/it]  3%|▎         | 54/2000 [40:30<23:56:53, 44.30s/it]                                                    {'loss': 0.0, 'grad_norm': 0.0, 'learning_rate': 9.735e-07, 'epoch': 7.77}
  3%|▎         | 54/2000 [40:30<23:56:53, 44.30s/it]multimodal_generation_mode text-only
Setting `pad_token_id` to `eos_token_id`:2 for open-end generation.
multimodal_generation_mode text-only
multimodal_generation_mode text-only
multimodal_generation_mode text-only
Setting `pad_token_id` to `eos_token_id`:2 for open-end generation.
Setting `pad_token_id` to `eos_token_id`:2 for open-end generation.
Setting `pad_token_id` to `eos_token_id`:2 for open-end generation.
multimodal_generation_mode text-only
Setting `pad_token_id` to `eos_token_id`:2 for open-end generation.
multimodal_generation_mode text-only
Setting `pad_token_id` to `eos_token_id`:2 for open-end generation.
multimodal_generation_mode text-only
Setting `pad_token_id` to `eos_token_id`:2 for open-end generation.
multimodal_generation_mode text-only
Setting `pad_token_id` to `eos_token_id`:2 for open-end generation.
multimodal_generation_mode text-only
Setting `pad_token_id` to `eos_token_id`:2 for open-end generation.
multimodal_generation_mode text-only
Setting `pad_token_id` to `eos_token_id`:2 for open-end generation.
multimodal_generation_mode text-only
Setting `pad_token_id` to `eos_token_id`:2 for open-end generation.
multimodal_generation_mode text-only
Setting `pad_token_id` to `eos_token_id`:2 for open-end generation.
multimodal_generation_mode text-only
Setting `pad_token_id` to `eos_token_id`:2 for open-end generation.
multimodal_generation_mode text-only
Setting `pad_token_id` to `eos_token_id`:2 for open-end generation.
multimodal_generation_mode text-only
Setting `pad_token_id` to `eos_token_id`:2 for open-end generation.
multimodal_generation_mode text-only
Setting `pad_token_id` to `eos_token_id`:2 for open-end generation.
                                                    {'reward/mean': 0.0, 'reward/std': 0.0, 'policy/advantage_mean': 0.0, 'policy/advantage_std': 0.0, 'loss/pg_loss': 0.0, 'loss/kl_div': -0.17781801426664312, 'epoch': 7.77}
  3%|▎         | 54/2000 [40:34<23:56:53, 44.30s/it]multimodal_generation_mode text-only
Setting `pad_token_id` to `eos_token_id`:2 for open-end generation.
multimodal_generation_mode text-only
multimodal_generation_mode text-only
multimodal_generation_mode Setting `pad_token_id` to `eos_token_id`:2 for open-end generation.
text-only
Setting `pad_token_id` to `eos_token_id`:2 for open-end generation.
Setting `pad_token_id` to `eos_token_id`:2 for open-end generation.
multimodal_generation_mode text-only
Setting `pad_token_id` to `eos_token_id`:2 for open-end generation.
multimodal_generation_mode text-only
Setting `pad_token_id` to `eos_token_id`:2 for open-end generation.
multimodal_generation_mode text-only
Setting `pad_token_id` to `eos_token_id`:2 for open-end generation.
multimodal_generation_mode text-only
Setting `pad_token_id` to `eos_token_id`:2 for open-end generation.
multimodal_generation_mode text-only
Setting `pad_token_id` to `eos_token_id`:2 for open-end generation.
multimodal_generation_mode text-only
Setting `pad_token_id` to `eos_token_id`:2 for open-end generation.
multimodal_generation_mode text-only
Setting `pad_token_id` to `eos_token_id`:2 for open-end generation.
multimodal_generation_mode text-only
Setting `pad_token_id` to `eos_token_id`:2 for open-end generation.
multimodal_generation_mode text-only
Setting `pad_token_id` to `eos_token_id`:2 for open-end generation.
multimodal_generation_mode text-only
Setting `pad_token_id` to `eos_token_id`:2 for open-end generation.
multimodal_generation_mode text-only
Setting `pad_token_id` to `eos_token_id`:2 for open-end generation.
multimodal_generation_mode text-only
Setting `pad_token_id` to `eos_token_id`:2 for open-end generation.
                                                    {'reward/mean': 0.0, 'reward/std': 0.0, 'policy/advantage_mean': 0.0, 'policy/advantage_std': 0.0, 'loss/pg_loss': 0.0, 'loss/kl_div': -0.06854714393615723, 'epoch': 7.77}
  3%|▎         | 54/2000 [40:52<23:56:53, 44.30s/it]  3%|▎         | 55/2000 [41:13<23:37:48, 43.74s/it]                                                    {'loss': 0.0, 'grad_norm': 0.0, 'learning_rate': 9.729999999999998e-07, 'epoch': 7.92}
  3%|▎         | 55/2000 [41:13<23:37:48, 43.74s/it]multimodal_generation_mode text-only
Setting `pad_token_id` to `eos_token_id`:2 for open-end generation.
multimodal_generation_mode text-only
Setting `pad_token_id` to `eos_token_id`:2 for open-end generation.
multimodal_generation_modemultimodal_generation_mode text-only 
text-only
multimodal_generation_mode text-only
Setting `pad_token_id` to `eos_token_id`:2 for open-end generation.
Setting `pad_token_id` to `eos_token_id`:2 for open-end generation.
Setting `pad_token_id` to `eos_token_id`:2 for open-end generation.
multimodal_generation_mode text-only
Setting `pad_token_id` to `eos_token_id`:2 for open-end generation.
multimodal_generation_mode text-only
Setting `pad_token_id` to `eos_token_id`:2 for open-end generation.
multimodal_generation_mode text-only
Setting `pad_token_id` to `eos_token_id`:2 for open-end generation.
multimodal_generation_mode text-only
Setting `pad_token_id` to `eos_token_id`:2 for open-end generation.
multimodal_generation_mode text-only
Setting `pad_token_id` to `eos_token_id`:2 for open-end generation.
multimodal_generation_mode text-only
Setting `pad_token_id` to `eos_token_id`:2 for open-end generation.
multimodal_generation_mode text-only
Setting `pad_token_id` to `eos_token_id`:2 for open-end generation.
multimodal_generation_mode text-only
Setting `pad_token_id` to `eos_token_id`:2 for open-end generation.
multimodal_generation_mode text-only
Setting `pad_token_id` to `eos_token_id`:2 for open-end generation.
multimodal_generation_mode text-only
Setting `pad_token_id` to `eos_token_id`:2 for open-end generation.
multimodal_generation_mode text-only
Setting `pad_token_id` to `eos_token_id`:2 for open-end generation.
                                                    {'reward/mean': 0.0, 'reward/std': 0.0, 'policy/advantage_mean': 0.0, 'policy/advantage_std': 0.0, 'loss/pg_loss': 0.0, 'loss/kl_div': -0.38109812159447154, 'epoch': 7.92}
  3%|▎         | 55/2000 [41:19<23:37:48, 43.74s/it]  3%|▎         | 56/2000 [41:36<20:16:27, 37.55s/it]                                                    {'loss': 0.0, 'grad_norm': 0.0, 'learning_rate': 9.725e-07, 'epoch': 8.0}
  3%|▎         | 56/2000 [41:36<20:16:27, 37.55s/it]multimodal_generation_mode text-only
Setting `pad_token_id` to `eos_token_id`:2 for open-end generation.
multimodal_generation_mode text-only
multimodal_generation_mode text-only
multimodal_generation_mode text-only
multimodal_generation_mode text-only
Setting `pad_token_id` to `eos_token_id`:2 for open-end generation.
Setting `pad_token_id` to `eos_token_id`:2 for open-end generation.
Setting `pad_token_id` to `eos_token_id`:2 for open-end generation.
Setting `pad_token_id` to `eos_token_id`:2 for open-end generation.
multimodal_generation_mode text-only
Setting `pad_token_id` to `eos_token_id`:2 for open-end generation.
multimodal_generation_mode text-only
Setting `pad_token_id` to `eos_token_id`:2 for open-end generation.
multimodal_generation_mode text-only
Setting `pad_token_id` to `eos_token_id`:2 for open-end generation.
multimodal_generation_mode text-only
Setting `pad_token_id` to `eos_token_id`:2 for open-end generation.
multimodal_generation_mode text-only
Setting `pad_token_id` to `eos_token_id`:2 for open-end generation.
multimodal_generation_mode text-only
Setting `pad_token_id` to `eos_token_id`:2 for open-end generation.
multimodal_generation_mode text-only
Setting `pad_token_id` to `eos_token_id`:2 for open-end generation.
multimodal_generation_mode text-only
Setting `pad_token_id` to `eos_token_id`:2 for open-end generation.
multimodal_generation_mode text-only
Setting `pad_token_id` to `eos_token_id`:2 for open-end generation.
multimodal_generation_mode text-only
Setting `pad_token_id` to `eos_token_id`:2 for open-end generation.
multimodal_generation_mode text-only
Setting `pad_token_id` to `eos_token_id`:2 for open-end generation.
                                                    {'reward/mean': 0.0, 'reward/std': 0.0, 'policy/advantage_mean': 0.0, 'policy/advantage_std': 0.0, 'loss/pg_loss': 0.0, 'loss/kl_div': -0.4164153897032446, 'epoch': 8.0}
  3%|▎         | 56/2000 [41:42<20:16:27, 37.55s/it]multimodal_generation_mode text-only
multimodal_generation_mode text-only
Setting `pad_token_id` to `eos_token_id`:2 for open-end generation.
Setting `pad_token_id` to `eos_token_id`:2 for open-end generation.
multimodal_generation_mode text-only
Setting `pad_token_id` to `eos_token_id`:2 for open-end generation.
multimodal_generation_mode text-only
Setting `pad_token_id` to `eos_token_id`:2 for open-end generation.
multimodal_generation_mode text-only
multimodal_generation_mode text-only
Setting `pad_token_id` to `eos_token_id`:2 for open-end generation.
Setting `pad_token_id` to `eos_token_id`:2 for open-end generation.
multimodal_generation_mode text-only
Setting `pad_token_id` to `eos_token_id`:2 for open-end generation.
multimodal_generation_mode text-only
Setting `pad_token_id` to `eos_token_id`:2 for open-end generation.
multimodal_generation_mode text-only
Setting `pad_token_id` to `eos_token_id`:2 for open-end generation.
multimodal_generation_mode text-only
Setting `pad_token_id` to `eos_token_id`:2 for open-end generation.
multimodal_generation_mode text-only
Setting `pad_token_id` to `eos_token_id`:2 for open-end generation.
multimodal_generation_mode text-only
Setting `pad_token_id` to `eos_token_id`:2 for open-end generation.
multimodal_generation_mode text-only
Setting `pad_token_id` to `eos_token_id`:2 for open-end generation.
multimodal_generation_mode text-only
Setting `pad_token_id` to `eos_token_id`:2 for open-end generation.
multimodal_generation_mode text-only
Setting `pad_token_id` to `eos_token_id`:2 for open-end generation.
                                                    {'reward/mean': 0.0, 'reward/std': 0.0, 'policy/advantage_mean': 0.0, 'policy/advantage_std': 0.0, 'loss/pg_loss': 0.0, 'loss/kl_div': -0.1377367655436198, 'epoch': 8.0}
  3%|▎         | 56/2000 [41:57<20:16:27, 37.55s/it]multimodal_generation_mode text-only
Setting `pad_token_id` to `eos_token_id`:2 for open-end generation.
  3%|▎         | 57/2000 [42:21<21:28:52, 39.80s/it]                                                    {'loss': 0.0, 'grad_norm': 0.0, 'learning_rate': 9.72e-07, 'epoch': 8.15}
  3%|▎         | 57/2000 [42:21<21:28:52, 39.80s/it]multimodal_generation_mode text-only
Setting `pad_token_id` to `eos_token_id`:2 for open-end generation.
multimodal_generation_mode text-only
multimodal_generation_mode text-only
multimodal_generation_mode text-only
multimodal_generation_mode text-only
Setting `pad_token_id` to `eos_token_id`:2 for open-end generation.
Setting `pad_token_id` to `eos_token_id`:2 for open-end generation.
Setting `pad_token_id` to `eos_token_id`:2 for open-end generation.
Setting `pad_token_id` to `eos_token_id`:2 for open-end generation.
multimodal_generation_mode text-only
Setting `pad_token_id` to `eos_token_id`:2 for open-end generation.
multimodal_generation_mode text-only
Setting `pad_token_id` to `eos_token_id`:2 for open-end generation.
multimodal_generation_mode text-only
Setting `pad_token_id` to `eos_token_id`:2 for open-end generation.
multimodal_generation_mode text-only
Setting `pad_token_id` to `eos_token_id`:2 for open-end generation.
multimodal_generation_mode text-only
Setting `pad_token_id` to `eos_token_id`:2 for open-end generation.
multimodal_generation_mode text-only
Setting `pad_token_id` to `eos_token_id`:2 for open-end generation.
                                                    {'reward/mean': 0.0, 'reward/std': 0.0, 'policy/advantage_mean': 0.0, 'policy/advantage_std': 0.0, 'loss/pg_loss': 0.0, 'loss/kl_div': -0.7151682427588929, 'epoch': 8.15}
  3%|▎         | 57/2000 [42:23<21:28:52, 39.80s/it]multimodal_generation_mode text-only
Setting `pad_token_id` to `eos_token_id`:2 for open-end generation.
multimodal_generation_mode text-only
Setting `pad_token_id` to `eos_token_id`:2 for open-end generation.
multimodal_generation_mode text-only
Setting `pad_token_id` to `eos_token_id`:2 for open-end generation.
multimodal_generation_mode text-only
Setting `pad_token_id` to `eos_token_id`:2 for open-end generation.
multimodal_generation_mode text-only
Setting `pad_token_id` to `eos_token_id`:2 for open-end generation.
multimodal_generation_mode text-only
Setting `pad_token_id` to `eos_token_id`:2 for open-end generation.
multimodal_generation_mode text-only
multimodal_generation_mode text-only
Setting `pad_token_id` to `eos_token_id`:2 for open-end generation.
Setting `pad_token_id` to `eos_token_id`:2 for open-end generation.
multimodal_generation_mode text-only
Setting `pad_token_id` to `eos_token_id`:2 for open-end generation.
multimodal_generation_mode text-only
Setting `pad_token_id` to `eos_token_id`:2 for open-end generation.
multimodal_generation_mode text-only
Setting `pad_token_id` to `eos_token_id`:2 for open-end generation.
multimodal_generation_mode text-only
Setting `pad_token_id` to `eos_token_id`:2 for open-end generation.
multimodal_generation_mode text-only
Setting `pad_token_id` to `eos_token_id`:2 for open-end generation.
multimodal_generation_mode text-only
Setting `pad_token_id` to `eos_token_id`:2 for open-end generation.
multimodal_generation_mode text-only
Setting `pad_token_id` to `eos_token_id`:2 for open-end generation.
multimodal_generation_mode text-only
Setting `pad_token_id` to `eos_token_id`:2 for open-end generation.
multimodal_generation_mode text-only
Setting `pad_token_id` to `eos_token_id`:2 for open-end generation.
multimodal_generation_mode text-only
Setting `pad_token_id` to `eos_token_id`:2 for open-end generation.
multimodal_generation_mode text-only
Setting `pad_token_id` to `eos_token_id`:2 for open-end generation.
multimodal_generation_mode text-only
Setting `pad_token_id` to `eos_token_id`:2 for open-end generation.
                                                    {'reward/mean': 0.0, 'reward/std': 0.0, 'policy/advantage_mean': 0.0, 'policy/advantage_std': 0.0, 'loss/pg_loss': 0.0, 'loss/kl_div': -0.1287108407893651, 'epoch': 8.15}
  3%|▎         | 57/2000 [42:40<21:28:52, 39.80s/it]multimodal_generation_mode text-only
Setting `pad_token_id` to `eos_token_id`:2 for open-end generation.
  3%|▎         | 58/2000 [43:05<22:10:03, 41.09s/it]                                                    {'loss': 0.0, 'grad_norm': 0.0, 'learning_rate': 9.715e-07, 'epoch': 8.31}
  3%|▎         | 58/2000 [43:05<22:10:03, 41.09s/it]multimodal_generation_mode text-only
Setting `pad_token_id` to `eos_token_id`:2 for open-end generation.
multimodal_generation_mode text-only
Setting `pad_token_id` to `eos_token_id`:2 for open-end generation.
multimodal_generation_mode text-only
Setting `pad_token_id` to `eos_token_id`:2 for open-end generation.
multimodal_generation_mode text-only
Setting `pad_token_id` to `eos_token_id`:2 for open-end generation.
multimodal_generation_mode text-only
Setting `pad_token_id` to `eos_token_id`:2 for open-end generation.
multimodal_generation_mode text-only
Setting `pad_token_id` to `eos_token_id`:2 for open-end generation.
multimodal_generation_mode text-only
Setting `pad_token_id` to `eos_token_id`:2 for open-end generation.
multimodal_generation_mode text-only
Setting `pad_token_id` to `eos_token_id`:2 for open-end generation.
multimodal_generation_mode text-only
Setting `pad_token_id` to `eos_token_id`:2 for open-end generation.
multimodal_generation_mode text-only
Setting `pad_token_id` to `eos_token_id`:2 for open-end generation.
multimodal_generation_mode text-only
Setting `pad_token_id` to `eos_token_id`:2 for open-end generation.
multimodal_generation_mode text-only
Setting `pad_token_id` to `eos_token_id`:2 for open-end generation.
multimodal_generation_mode text-only
Setting `pad_token_id` to `eos_token_id`:2 for open-end generation.
multimodal_generation_mode text-only
Setting `pad_token_id` to `eos_token_id`:2 for open-end generation.
multimodal_generation_mode text-only
Setting `pad_token_id` to `eos_token_id`:2 for open-end generation.
multimodal_generation_mode text-only
Setting `pad_token_id` to `eos_token_id`:2 for open-end generation.
                                                    {'reward/mean': 0.0, 'reward/std': 0.0, 'policy/advantage_mean': 0.0, 'policy/advantage_std': 0.0, 'loss/pg_loss': 0.0, 'loss/kl_div': -0.28149325052897134, 'epoch': 8.31}
  3%|▎         | 58/2000 [43:09<22:10:03, 41.09s/it]multimodal_generation_mode text-only
multimodal_generation_mode text-only
Setting `pad_token_id` to `eos_token_id`:2 for open-end generation.
Setting `pad_token_id` to `eos_token_id`:2 for open-end generation.
multimodal_generation_mode text-only
Setting `pad_token_id` to `eos_token_id`:2 for open-end generation.
multimodal_generation_mode text-only
Setting `pad_token_id` to `eos_token_id`:2 for open-end generation.
multimodal_generation_mode text-only
multimodal_generation_mode text-only
Setting `pad_token_id` to `eos_token_id`:2 for open-end generation.
Setting `pad_token_id` to `eos_token_id`:2 for open-end generation.
multimodal_generation_mode text-only
Setting `pad_token_id` to `eos_token_id`:2 for open-end generation.
multimodal_generation_mode text-only
Setting `pad_token_id` to `eos_token_id`:2 for open-end generation.
multimodal_generation_mode text-only
Setting `pad_token_id` to `eos_token_id`:2 for open-end generation.
multimodal_generation_mode text-only
Setting `pad_token_id` to `eos_token_id`:2 for open-end generation.
multimodal_generation_mode text-only
Setting `pad_token_id` to `eos_token_id`:2 for open-end generation.
multimodal_generation_mode text-only
Setting `pad_token_id` to `eos_token_id`:2 for open-end generation.
multimodal_generation_mode text-only
Setting `pad_token_id` to `eos_token_id`:2 for open-end generation.
multimodal_generation_mode text-only
Setting `pad_token_id` to `eos_token_id`:2 for open-end generation.
multimodal_generation_mode text-only
Setting `pad_token_id` to `eos_token_id`:2 for open-end generation.
multimodal_generation_mode text-only
Setting `pad_token_id` to `eos_token_id`:2 for open-end generation.
                                                    {'reward/mean': 0.0, 'reward/std': 0.0, 'policy/advantage_mean': 0.0, 'policy/advantage_std': 0.0, 'loss/pg_loss': 0.0, 'loss/kl_div': -0.15615832680150082, 'epoch': 8.31}
  3%|▎         | 58/2000 [43:27<22:10:03, 41.09s/it]  3%|▎         | 59/2000 [43:47<22:15:35, 41.29s/it]                                                    {'loss': 0.0, 'grad_norm': 0.0, 'learning_rate': 9.709999999999999e-07, 'epoch': 8.46}
  3%|▎         | 59/2000 [43:47<22:15:35, 41.29s/it]multimodal_generation_mode text-only
Setting `pad_token_id` to `eos_token_id`:2 for open-end generation.
multimodal_generation_mode text-only
Setting `pad_token_id` to `eos_token_id`:2 for open-end generation.
multimodal_generation_mode text-only
multimodal_generation_mode text-only
Setting `pad_token_id` to `eos_token_id`:2 for open-end generation.
multimodal_generation_mode text-only
Setting `pad_token_id` to `eos_token_id`:2 for open-end generation.
Setting `pad_token_id` to `eos_token_id`:2 for open-end generation.
multimodal_generation_mode text-only
Setting `pad_token_id` to `eos_token_id`:2 for open-end generation.
multimodal_generation_mode text-only
Setting `pad_token_id` to `eos_token_id`:2 for open-end generation.
multimodal_generation_mode text-only
Setting `pad_token_id` to `eos_token_id`:2 for open-end generation.
multimodal_generation_mode text-only
Setting `pad_token_id` to `eos_token_id`:2 for open-end generation.
multimodal_generation_mode text-only
Setting `pad_token_id` to `eos_token_id`:2 for open-end generation.
multimodal_generation_mode text-only
Setting `pad_token_id` to `eos_token_id`:2 for open-end generation.
multimodal_generation_mode text-only
Setting `pad_token_id` to `eos_token_id`:2 for open-end generation.
multimodal_generation_mode text-only
Setting `pad_token_id` to `eos_token_id`:2 for open-end generation.
multimodal_generation_mode text-only
Setting `pad_token_id` to `eos_token_id`:2 for open-end generation.
multimodal_generation_mode text-only
Setting `pad_token_id` to `eos_token_id`:2 for open-end generation.
                                                    {'reward/mean': 0.0, 'reward/std': 0.0, 'policy/advantage_mean': 0.0, 'policy/advantage_std': 0.0, 'loss/pg_loss': 0.0, 'loss/kl_div': -0.2788065229143415, 'epoch': 8.46}
  3%|▎         | 59/2000 [43:51<22:15:35, 41.29s/it]multimodal_generation_mode text-only
Setting `pad_token_id` to `eos_token_id`:2 for open-end generation.
multimodal_generation_mode text-only
Setting `pad_token_id` to `eos_token_id`:2 for open-end generation.
multimodal_generation_mode text-only
Setting `pad_token_id` to `eos_token_id`:2 for open-end generation.
multimodal_generation_mode text-only
multimodal_generation_mode text-only
multimodal_generation_mode text-only
Setting `pad_token_id` to `eos_token_id`:2 for open-end generation.
Setting `pad_token_id` to `eos_token_id`:2 for open-end generation.
Setting `pad_token_id` to `eos_token_id`:2 for open-end generation.
multimodal_generation_mode text-only
Setting `pad_token_id` to `eos_token_id`:2 for open-end generation.
multimodal_generation_mode text-only
Setting `pad_token_id` to `eos_token_id`:2 for open-end generation.
multimodal_generation_mode text-only
Setting `pad_token_id` to `eos_token_id`:2 for open-end generation.
multimodal_generation_mode text-only
Setting `pad_token_id` to `eos_token_id`:2 for open-end generation.
multimodal_generation_mode text-only
Setting `pad_token_id` to `eos_token_id`:2 for open-end generation.
multimodal_generation_mode text-only
Setting `pad_token_id` to `eos_token_id`:2 for open-end generation.
multimodal_generation_mode text-only
Setting `pad_token_id` to `eos_token_id`:2 for open-end generation.
multimodal_generation_mode text-only
Setting `pad_token_id` to `eos_token_id`:2 for open-end generation.
multimodal_generation_mode text-only
Setting `pad_token_id` to `eos_token_id`:2 for open-end generation.
multimodal_generation_mode text-only
Setting `pad_token_id` to `eos_token_id`:2 for open-end generation.
multimodal_generation_mode text-only
Setting `pad_token_id` to `eos_token_id`:2 for open-end generation.
                                                    {'reward/mean': 0.0, 'reward/std': 0.0, 'policy/advantage_mean': 0.0, 'policy/advantage_std': 0.0, 'loss/pg_loss': 0.0, 'loss/kl_div': -0.27016428590730857, 'epoch': 8.46}
  3%|▎         | 59/2000 [44:07<22:15:35, 41.29s/it]  3%|▎         | 60/2000 [44:35<23:17:40, 43.23s/it]                                                    {'loss': 0.0, 'grad_norm': 0.0, 'learning_rate': 9.705e-07, 'epoch': 8.62}
  3%|▎         | 60/2000 [44:35<23:17:40, 43.23s/it]multimodal_generation_mode text-only
Setting `pad_token_id` to `eos_token_id`:2 for open-end generation.
multimodal_generation_mode text-only
multimodal_generation_mode text-only
multimodal_generation_mode text-only
Setting `pad_token_id` to `eos_token_id`:2 for open-end generation.
Setting `pad_token_id` to `eos_token_id`:2 for open-end generation.
Setting `pad_token_id` to `eos_token_id`:2 for open-end generation.
multimodal_generation_mode text-only
Setting `pad_token_id` to `eos_token_id`:2 for open-end generation.
multimodal_generation_mode text-only
Setting `pad_token_id` to `eos_token_id`:2 for open-end generation.
multimodal_generation_mode text-only
Setting `pad_token_id` to `eos_token_id`:2 for open-end generation.
multimodal_generation_mode text-only
Setting `pad_token_id` to `eos_token_id`:2 for open-end generation.
multimodal_generation_mode text-only
Setting `pad_token_id` to `eos_token_id`:2 for open-end generation.
multimodal_generation_mode text-only
Setting `pad_token_id` to `eos_token_id`:2 for open-end generation.
multimodal_generation_mode text-only
Setting `pad_token_id` to `eos_token_id`:2 for open-end generation.
multimodal_generation_mode text-only
Setting `pad_token_id` to `eos_token_id`:2 for open-end generation.
multimodal_generation_mode text-only
Setting `pad_token_id` to `eos_token_id`:2 for open-end generation.
multimodal_generation_mode text-only
Setting `pad_token_id` to `eos_token_id`:2 for open-end generation.
multimodal_generation_mode text-only
Setting `pad_token_id` to `eos_token_id`:2 for open-end generation.
                                                    {'reward/mean': 0.0, 'reward/std': 0.0, 'policy/advantage_mean': 0.0, 'policy/advantage_std': 0.0, 'loss/pg_loss': 0.0, 'loss/kl_div': -0.20726062511575633, 'epoch': 8.62}
  3%|▎         | 60/2000 [44:39<23:17:40, 43.23s/it]multimodal_generation_mode text-only
Setting `pad_token_id` to `eos_token_id`:2 for open-end generation.
multimodal_generation_mode text-only
multimodal_generation_mode text-only
Setting `pad_token_id` to `eos_token_id`:2 for open-end generation.
Setting `pad_token_id` to `eos_token_id`:2 for open-end generation.
multimodal_generation_mode text-only
Setting `pad_token_id` to `eos_token_id`:2 for open-end generation.
multimodal_generation_mode text-only
Setting `pad_token_id` to `eos_token_id`:2 for open-end generation.
multimodal_generation_mode text-only
multimodal_generation_mode text-only
Setting `pad_token_id` to `eos_token_id`:2 for open-end generation.
Setting `pad_token_id` to `eos_token_id`:2 for open-end generation.
multimodal_generation_mode text-only
Setting `pad_token_id` to `eos_token_id`:2 for open-end generation.
multimodal_generation_mode text-only
Setting `pad_token_id` to `eos_token_id`:2 for open-end generation.
multimodal_generation_mode text-only
Setting `pad_token_id` to `eos_token_id`:2 for open-end generation.
multimodal_generation_mode text-only
Setting `pad_token_id` to `eos_token_id`:2 for open-end generation.
multimodal_generation_mode text-only
Setting `pad_token_id` to `eos_token_id`:2 for open-end generation.
multimodal_generation_mode text-only
Setting `pad_token_id` to `eos_token_id`:2 for open-end generation.
multimodal_generation_mode text-only
Setting `pad_token_id` to `eos_token_id`:2 for open-end generation.
multimodal_generation_mode text-only
Setting `pad_token_id` to `eos_token_id`:2 for open-end generation.
multimodal_generation_mode text-only
Setting `pad_token_id` to `eos_token_id`:2 for open-end generation.
multimodal_generation_mode text-only
Setting `pad_token_id` to `eos_token_id`:2 for open-end generation.
                                                    {'reward/mean': 0.0, 'reward/std': 0.0, 'policy/advantage_mean': 0.0, 'policy/advantage_std': 0.0, 'loss/pg_loss': 0.0, 'loss/kl_div': -0.17039696829659598, 'epoch': 8.62}
  3%|▎         | 60/2000 [45:03<23:17:40, 43.23s/it]  3%|▎         | 61/2000 [45:22<23:54:48, 44.40s/it]                                                    {'loss': 0.0, 'grad_norm': 0.0, 'learning_rate': 9.7e-07, 'epoch': 8.77}
  3%|▎         | 61/2000 [45:22<23:54:48, 44.40s/it]multimodal_generation_mode text-only
Setting `pad_token_id` to `eos_token_id`:2 for open-end generation.
multimodal_generation_mode text-only
multimodal_generation_mode text-only
Setting `pad_token_id` to `eos_token_id`:2 for open-end generation.
Setting `pad_token_id` to `eos_token_id`:2 for open-end generation.
multimodal_generation_mode text-only
Setting `pad_token_id` to `eos_token_id`:2 for open-end generation.
multimodal_generation_mode text-only
Setting `pad_token_id` to `eos_token_id`:2 for open-end generation.
multimodal_generation_mode text-only
Setting `pad_token_id` to `eos_token_id`:2 for open-end generation.
multimodal_generation_mode text-only
Setting `pad_token_id` to `eos_token_id`:2 for open-end generation.
multimodal_generation_mode text-only
Setting `pad_token_id` to `eos_token_id`:2 for open-end generation.
multimodal_generation_mode text-only
Setting `pad_token_id` to `eos_token_id`:2 for open-end generation.
multimodal_generation_mode text-only
Setting `pad_token_id` to `eos_token_id`:2 for open-end generation.
multimodal_generation_mode text-only
Setting `pad_token_id` to `eos_token_id`:2 for open-end generation.
multimodal_generation_mode text-only
Setting `pad_token_id` to `eos_token_id`:2 for open-end generation.
multimodal_generation_mode text-only
Setting `pad_token_id` to `eos_token_id`:2 for open-end generation.
multimodal_generation_mode text-only
Setting `pad_token_id` to `eos_token_id`:2 for open-end generation.
multimodal_generation_mode text-only
Setting `pad_token_id` to `eos_token_id`:2 for open-end generation.
multimodal_generation_mode text-only
Setting `pad_token_id` to `eos_token_id`:2 for open-end generation.
                                                    {'reward/mean': 0.0, 'reward/std': 0.0, 'policy/advantage_mean': 0.0, 'policy/advantage_std': 0.0, 'loss/pg_loss': 0.0, 'loss/kl_div': -2.574387507652169, 'epoch': 8.77}
  3%|▎         | 61/2000 [45:32<23:54:48, 44.40s/it]multimodal_generation_mode text-only
Setting `pad_token_id` to `eos_token_id`:2 for open-end generation.
multimodal_generation_mode text-only
Setting `pad_token_id` to `eos_token_id`:2 for open-end generation.
multimodal_generation_mode text-only
multimodal_generation_mode text-only
Setting `pad_token_id` to `eos_token_id`:2 for open-end generation.
Setting `pad_token_id` to `eos_token_id`:2 for open-end generation.
multimodal_generation_mode text-only
Setting `pad_token_id` to `eos_token_id`:2 for open-end generation.
multimodal_generation_mode text-only
Setting `pad_token_id` to `eos_token_id`:2 for open-end generation.
multimodal_generation_mode text-only
Setting `pad_token_id` to `eos_token_id`:2 for open-end generation.
multimodal_generation_mode text-only
Setting `pad_token_id` to `eos_token_id`:2 for open-end generation.
multimodal_generation_mode text-only
Setting `pad_token_id` to `eos_token_id`:2 for open-end generation.
multimodal_generation_mode text-only
Setting `pad_token_id` to `eos_token_id`:2 for open-end generation.
multimodal_generation_mode text-only
Setting `pad_token_id` to `eos_token_id`:2 for open-end generation.
multimodal_generation_mode text-only
Setting `pad_token_id` to `eos_token_id`:2 for open-end generation.
multimodal_generation_mode text-only
Setting `pad_token_id` to `eos_token_id`:2 for open-end generation.
multimodal_generation_mode text-only
Setting `pad_token_id` to `eos_token_id`:2 for open-end generation.
multimodal_generation_mode text-only
Setting `pad_token_id` to `eos_token_id`:2 for open-end generation.
multimodal_generation_mode text-only
Setting `pad_token_id` to `eos_token_id`:2 for open-end generation.
                                                    {'reward/mean': 0.0, 'reward/std': 0.0, 'policy/advantage_mean': 0.0, 'policy/advantage_std': 0.0, 'loss/pg_loss': 0.0, 'loss/kl_div': -0.581379447396346, 'epoch': 8.77}
  3%|▎         | 61/2000 [45:44<23:54:48, 44.40s/it]  3%|▎         | 62/2000 [46:11<24:38:34, 45.78s/it]                                                    {'loss': 0.0, 'grad_norm': 0.0, 'learning_rate': 9.695e-07, 'epoch': 8.92}
  3%|▎         | 62/2000 [46:11<24:38:34, 45.78s/it]multimodal_generation_mode text-only
Setting `pad_token_id` to `eos_token_id`:2 for open-end generation.
multimodal_generation_mode text-only
Setting `pad_token_id` to `eos_token_id`:2 for open-end generation.
multimodal_generation_mode text-only
Setting `pad_token_id` to `eos_token_id`:2 for open-end generation.
multimodal_generation_mode text-only
Setting `pad_token_id` to `eos_token_id`:2 for open-end generation.
multimodal_generation_mode text-only
Setting `pad_token_id` to `eos_token_id`:2 for open-end generation.
multimodal_generation_mode text-only
Setting `pad_token_id` to `eos_token_id`:2 for open-end generation.
multimodal_generation_mode text-only
Setting `pad_token_id` to `eos_token_id`:2 for open-end generation.
multimodal_generation_mode text-only
Setting `pad_token_id` to `eos_token_id`:2 for open-end generation.
multimodal_generation_mode text-only
Setting `pad_token_id` to `eos_token_id`:2 for open-end generation.
multimodal_generation_mode text-only
Setting `pad_token_id` to `eos_token_id`:2 for open-end generation.
multimodal_generation_mode text-only
Setting `pad_token_id` to `eos_token_id`:2 for open-end generation.
multimodal_generation_mode text-only
Setting `pad_token_id` to `eos_token_id`:2 for open-end generation.
multimodal_generation_mode text-only
Setting `pad_token_id` to `eos_token_id`:2 for open-end generation.
multimodal_generation_mode text-only
Setting `pad_token_id` to `eos_token_id`:2 for open-end generation.
multimodal_generation_mode text-only
Setting `pad_token_id` to `eos_token_id`:2 for open-end generation.
multimodal_generation_mode text-only
Setting `pad_token_id` to `eos_token_id`:2 for open-end generation.
                                                    {'reward/mean': 0.0, 'reward/std': 0.0, 'policy/advantage_mean': 0.0, 'policy/advantage_std': 0.0, 'loss/pg_loss': 0.0, 'loss/kl_div': -0.3652869022253788, 'epoch': 8.92}
  3%|▎         | 62/2000 [46:28<24:38:34, 45.78s/it]  3%|▎         | 63/2000 [46:46<22:57:26, 42.67s/it]                                                    {'loss': 0.0, 'grad_norm': 0.0, 'learning_rate': 9.69e-07, 'epoch': 9.0}
  3%|▎         | 63/2000 [46:46<22:57:26, 42.67s/it]multimodal_generation_mode text-only
Setting `pad_token_id` to `eos_token_id`:2 for open-end generation.
multimodal_generation_mode text-only
multimodal_generation_mode text-only
multimodal_generation_mode text-only
Setting `pad_token_id` to `eos_token_id`:2 for open-end generation.
Setting `pad_token_id` to `eos_token_id`:2 for open-end generation.
Setting `pad_token_id` to `eos_token_id`:2 for open-end generation.
multimodal_generation_mode text-only
multimodal_generation_mode text-only
Setting `pad_token_id` to `eos_token_id`:2 for open-end generation.
Setting `pad_token_id` to `eos_token_id`:2 for open-end generation.
multimodal_generation_mode text-only
Setting `pad_token_id` to `eos_token_id`:2 for open-end generation.
multimodal_generation_mode text-only
Setting `pad_token_id` to `eos_token_id`:2 for open-end generation.
multimodal_generation_mode text-only
Setting `pad_token_id` to `eos_token_id`:2 for open-end generation.
multimodal_generation_mode text-only
Setting `pad_token_id` to `eos_token_id`:2 for open-end generation.
multimodal_generation_mode text-only
Setting `pad_token_id` to `eos_token_id`:2 for open-end generation.
multimodal_generation_mode text-only
Setting `pad_token_id` to `eos_token_id`:2 for open-end generation.
multimodal_generation_mode text-only
Setting `pad_token_id` to `eos_token_id`:2 for open-end generation.
multimodal_generation_mode text-only
Setting `pad_token_id` to `eos_token_id`:2 for open-end generation.
multimodal_generation_mode text-only
Setting `pad_token_id` to `eos_token_id`:2 for open-end generation.
multimodal_generation_mode text-only
Setting `pad_token_id` to `eos_token_id`:2 for open-end generation.
                                                    {'reward/mean': 0.0, 'reward/std': 0.0, 'policy/advantage_mean': 0.0, 'policy/advantage_std': 0.0, 'loss/pg_loss': 0.0, 'loss/kl_div': -0.09586244656894748, 'epoch': 9.0}
  3%|▎         | 63/2000 [46:53<22:57:26, 42.67s/it]multimodal_generation_mode text-only
multimodal_generation_mode text-only
Setting `pad_token_id` to `eos_token_id`:2 for open-end generation.
Setting `pad_token_id` to `eos_token_id`:2 for open-end generation.
multimodal_generation_modemultimodal_generation_mode  text-onlytext-only

Setting `pad_token_id` to `eos_token_id`:2 for open-end generation.
Setting `pad_token_id` to `eos_token_id`:2 for open-end generation.
multimodal_generation_mode text-only
Setting `pad_token_id` to `eos_token_id`:2 for open-end generation.
multimodal_generation_mode text-only
Setting `pad_token_id` to `eos_token_id`:2 for open-end generation.
multimodal_generation_mode text-only
Setting `pad_token_id` to `eos_token_id`:2 for open-end generation.
multimodal_generation_mode text-only
Setting `pad_token_id` to `eos_token_id`:2 for open-end generation.
multimodal_generation_mode text-only
Setting `pad_token_id` to `eos_token_id`:2 for open-end generation.
multimodal_generation_mode text-only
Setting `pad_token_id` to `eos_token_id`:2 for open-end generation.
multimodal_generation_mode text-only
Setting `pad_token_id` to `eos_token_id`:2 for open-end generation.
multimodal_generation_mode text-only
Setting `pad_token_id` to `eos_token_id`:2 for open-end generation.
multimodal_generation_mode text-only
Setting `pad_token_id` to `eos_token_id`:2 for open-end generation.
multimodal_generation_mode text-only
Setting `pad_token_id` to `eos_token_id`:2 for open-end generation.
multimodal_generation_mode text-only
Setting `pad_token_id` to `eos_token_id`:2 for open-end generation.
multimodal_generation_mode text-only
Setting `pad_token_id` to `eos_token_id`:2 for open-end generation.
                                                    {'reward/mean': 0.0, 'reward/std': 0.0, 'policy/advantage_mean': 0.0, 'policy/advantage_std': 0.0, 'loss/pg_loss': 0.0, 'loss/kl_div': -0.1079837120383795, 'epoch': 9.0}
  3%|▎         | 63/2000 [47:06<22:57:26, 42.67s/it]  3%|▎         | 64/2000 [47:26<22:25:32, 41.70s/it]                                                    {'loss': 0.0, 'grad_norm': 0.0, 'learning_rate': 9.685e-07, 'epoch': 9.15}
  3%|▎         | 64/2000 [47:26<22:25:32, 41.70s/it]multimodal_generation_mode text-only
Setting `pad_token_id` to `eos_token_id`:2 for open-end generation.
multimodal_generation_mode text-only
Setting `pad_token_id` to `eos_token_id`:2 for open-end generation.
multimodal_generation_mode text-only
multimodal_generation_mode text-only
Setting `pad_token_id` to `eos_token_id`:2 for open-end generation.
Setting `pad_token_id` to `eos_token_id`:2 for open-end generation.
multimodal_generation_mode text-only
Setting `pad_token_id` to `eos_token_id`:2 for open-end generation.
multimodal_generation_mode text-only
Setting `pad_token_id` to `eos_token_id`:2 for open-end generation.
multimodal_generation_mode text-only
Setting `pad_token_id` to `eos_token_id`:2 for open-end generation.
multimodal_generation_mode text-only
Setting `pad_token_id` to `eos_token_id`:2 for open-end generation.
multimodal_generation_mode text-only
Setting `pad_token_id` to `eos_token_id`:2 for open-end generation.
multimodal_generation_mode text-only
Setting `pad_token_id` to `eos_token_id`:2 for open-end generation.
multimodal_generation_mode text-only
Setting `pad_token_id` to `eos_token_id`:2 for open-end generation.
multimodal_generation_mode text-only
Setting `pad_token_id` to `eos_token_id`:2 for open-end generation.
multimodal_generation_mode text-only
Setting `pad_token_id` to `eos_token_id`:2 for open-end generation.
multimodal_generation_mode text-only
Setting `pad_token_id` to `eos_token_id`:2 for open-end generation.
multimodal_generation_mode text-only
Setting `pad_token_id` to `eos_token_id`:2 for open-end generation.
multimodal_generation_mode text-only
Setting `pad_token_id` to `eos_token_id`:2 for open-end generation.
                                                    {'reward/mean': 0.0, 'reward/std': 0.0, 'policy/advantage_mean': 0.0, 'policy/advantage_std': 0.0, 'loss/pg_loss': 0.0, 'loss/kl_div': -0.2976418163465417, 'epoch': 9.15}
  3%|▎         | 64/2000 [47:29<22:25:32, 41.70s/it]multimodal_generation_mode text-only
Setting `pad_token_id` to `eos_token_id`:2 for open-end generation.
multimodal_generation_mode text-only
Setting `pad_token_id` to `eos_token_id`:2 for open-end generation.
multimodal_generation_mode text-only
Setting `pad_token_id` to `eos_token_id`:2 for open-end generation.
multimodal_generation_mode text-only
Setting `pad_token_id` to `eos_token_id`:2 for open-end generation.
multimodal_generation_mode text-only
Setting `pad_token_id` to `eos_token_id`:2 for open-end generation.
multimodal_generation_mode text-only
Setting `pad_token_id` to `eos_token_id`:2 for open-end generation.
multimodal_generation_mode text-only
Setting `pad_token_id` to `eos_token_id`:2 for open-end generation.
multimodal_generation_mode text-only
Setting `pad_token_id` to `eos_token_id`:2 for open-end generation.
multimodal_generation_mode text-only
Setting `pad_token_id` to `eos_token_id`:2 for open-end generation.
multimodal_generation_mode text-only
Setting `pad_token_id` to `eos_token_id`:2 for open-end generation.
multimodal_generation_mode text-only
Setting `pad_token_id` to `eos_token_id`:2 for open-end generation.
                                                    {'reward/mean': 0.0, 'reward/std': 0.0, 'policy/advantage_mean': 0.0, 'policy/advantage_std': 0.0, 'loss/pg_loss': 0.0, 'loss/kl_div': -0.2018867649444162, 'epoch': 9.15}
  3%|▎         | 64/2000 [47:45<22:25:32, 41.70s/it]multimodal_generation_mode text-only
Setting `pad_token_id` to `eos_token_id`:2 for open-end generation.
multimodal_generation_mode text-only
Setting `pad_token_id` to `eos_token_id`:2 for open-end generation.
multimodal_generation_mode text-only
Setting `pad_token_id` to `eos_token_id`:2 for open-end generation.
multimodal_generation_mode text-only
Setting `pad_token_id` to `eos_token_id`:2 for open-end generation.
multimodal_generation_mode text-only
Setting `pad_token_id` to `eos_token_id`:2 for open-end generation.
W1028 05:13:00.003000 316887 site-packages/torch/distributed/elastic/multiprocessing/api.py:900] Sending process 317100 closing signal SIGTERM
W1028 05:13:00.005000 316887 site-packages/torch/distributed/elastic/multiprocessing/api.py:900] Sending process 317102 closing signal SIGTERM
W1028 05:13:00.005000 316887 site-packages/torch/distributed/elastic/multiprocessing/api.py:900] Sending process 317103 closing signal SIGTERM
W1028 05:13:00.006000 316887 site-packages/torch/distributed/elastic/multiprocessing/api.py:900] Sending process 317104 closing signal SIGTERM
W1028 05:13:00.006000 316887 site-packages/torch/distributed/elastic/multiprocessing/api.py:900] Sending process 317105 closing signal SIGTERM
W1028 05:13:00.006000 316887 site-packages/torch/distributed/elastic/multiprocessing/api.py:900] Sending process 317106 closing signal SIGTERM
W1028 05:13:00.007000 316887 site-packages/torch/distributed/elastic/multiprocessing/api.py:900] Sending process 317107 closing signal SIGTERM
E1028 05:13:02.577000 316887 site-packages/torch/distributed/elastic/multiprocessing/api.py:874] failed (exitcode: -9) local_rank: 1 (pid: 317101) of binary: /data1/conda/envs/orthus/bin/python3.11
Traceback (most recent call last):
  File "/data1/conda/envs/orthus/bin/accelerate", line 7, in <module>
    sys.exit(main())
             ^^^^^^
  File "/data1/conda/envs/orthus/lib/python3.11/site-packages/accelerate/commands/accelerate_cli.py", line 50, in main
    args.func(args)
  File "/data1/conda/envs/orthus/lib/python3.11/site-packages/accelerate/commands/launch.py", line 1220, in launch_command
    deepspeed_launcher(args)
  File "/data1/conda/envs/orthus/lib/python3.11/site-packages/accelerate/commands/launch.py", line 906, in deepspeed_launcher
    distrib_run.run(args)
  File "/data1/conda/envs/orthus/lib/python3.11/site-packages/torch/distributed/run.py", line 892, in run
    elastic_launch(
  File "/data1/conda/envs/orthus/lib/python3.11/site-packages/torch/distributed/launcher/api.py", line 143, in __call__
    return launch_agent(self._config, self._entrypoint, list(args))
           ^^^^^^^^^^^^^^^^^^^^^^^^^^^^^^^^^^^^^^^^^^^^^^^^^^^^^^^^
  File "/data1/conda/envs/orthus/lib/python3.11/site-packages/torch/distributed/launcher/api.py", line 277, in launch_agent
    raise ChildFailedError(
torch.distributed.elastic.multiprocessing.errors.ChildFailedError: 
============================================================
/data1/oujingfeng/project/twgi/Orthus/train/grpo/grpo_orthus.py FAILED
------------------------------------------------------------
Failures:
  <NO_OTHER_FAILURES>
------------------------------------------------------------
Root Cause (first observed failure):
[0]:
  time      : 2025-10-28_05:13:00
  host      : server
  rank      : 1 (local_rank: 1)
  exitcode  : -9 (pid: 317101)
  error_file: <N/A>
  traceback : Signal 9 (SIGKILL) received by PID 317101
============================================================
