[INFO] Launch command: accelerate launch --config_file /data1/oujingfeng/project/twgi/Orthus/accelerate_config_stage3_offload.yaml --num_processes 8 /data1/oujingfeng/project/twgi/Orthus/train/grpo/grpo_orthus.py --model_name_or_path /data1/oujingfeng/project/twgi/checkpoints/mydatasets/orthus-7b-sft-base-sample4000b100e100l1e-5weight-F --output_dir /data1/oujingfeng/project/twgi/checkpoints/grpo/orthus-7b-grpo-geneval-v1 --run_name orthus-7b-grpo-geneval-v1 --dataset_name /data1/oujingfeng/project/twgi/datasets/mydatasets/dataset/data_modified.json --image_base_dir /data1/oujingfeng/project/twgi/datasets/mydatasets/dataset/data --bf16 True --torch_dtype bfloat16 --attn_implementation flash_attention_2 --gradient_checkpointing True --max_prompt_length 1400 --max_completion_length 2500 --per_device_train_batch_size 1 --gradient_accumulation_steps 2 --learning_rate 1e-6 --max_steps 1000 --logging_steps 1 --save_steps 500 --temperature 1.0 --num_generations 2 --generation_batch_size 16 --beta 0 --optim adamw_torch --interleave_generation True --reward_funcs answer_correctness format --reward_smooth True --kl_reweight True --update_ref False --entropy_reward True --use_peft True --lora_r 16 --lora_alpha 32 --lora_dropout 0.05 --lora_task_type CAUSAL_LM --lora_target_modules q_proj,k_proj,v_proj,o_proj
/data1/conda/envs/orthus/lib/python3.11/site-packages/torch/cuda/__init__.py:63: FutureWarning: The pynvml package is deprecated. Please install nvidia-ml-py instead. If you did not install pynvml directly, please report this to the maintainers of the package that installed pynvml for you.
  import pynvml  # type: ignore[import]
W1103 19:13:45.470000 2225177 site-packages/torch/distributed/run.py:774] 
W1103 19:13:45.470000 2225177 site-packages/torch/distributed/run.py:774] *****************************************
W1103 19:13:45.470000 2225177 site-packages/torch/distributed/run.py:774] Setting OMP_NUM_THREADS environment variable for each process to be 1 in default, to avoid your system being overloaded, please further tune the variable for optimal performance in your application as needed. 
W1103 19:13:45.470000 2225177 site-packages/torch/distributed/run.py:774] *****************************************
/data1/conda/envs/orthus/lib/python3.11/site-packages/torch/cuda/__init__.py:63: FutureWarning: The pynvml package is deprecated. Please install nvidia-ml-py instead. If you did not install pynvml directly, please report this to the maintainers of the package that installed pynvml for you.
  import pynvml  # type: ignore[import]
/data1/conda/envs/orthus/lib/python3.11/site-packages/torch/cuda/__init__.py:63: FutureWarning: The pynvml package is deprecated. Please install nvidia-ml-py instead. If you did not install pynvml directly, please report this to the maintainers of the package that installed pynvml for you.
  import pynvml  # type: ignore[import]
/data1/conda/envs/orthus/lib/python3.11/site-packages/torch/cuda/__init__.py:63: FutureWarning: The pynvml package is deprecated. Please install nvidia-ml-py instead. If you did not install pynvml directly, please report this to the maintainers of the package that installed pynvml for you.
  import pynvml  # type: ignore[import]
/data1/conda/envs/orthus/lib/python3.11/site-packages/torch/cuda/__init__.py:63: FutureWarning: The pynvml package is deprecated. Please install nvidia-ml-py instead. If you did not install pynvml directly, please report this to the maintainers of the package that installed pynvml for you.
  import pynvml  # type: ignore[import]
/data1/conda/envs/orthus/lib/python3.11/site-packages/torch/cuda/__init__.py:63: FutureWarning: The pynvml package is deprecated. Please install nvidia-ml-py instead. If you did not install pynvml directly, please report this to the maintainers of the package that installed pynvml for you.
  import pynvml  # type: ignore[import]
/data1/conda/envs/orthus/lib/python3.11/site-packages/torch/cuda/__init__.py:63: FutureWarning: The pynvml package is deprecated. Please install nvidia-ml-py instead. If you did not install pynvml directly, please report this to the maintainers of the package that installed pynvml for you.
  import pynvml  # type: ignore[import]
/data1/conda/envs/orthus/lib/python3.11/site-packages/torch/cuda/__init__.py:63: FutureWarning: The pynvml package is deprecated. Please install nvidia-ml-py instead. If you did not install pynvml directly, please report this to the maintainers of the package that installed pynvml for you.
  import pynvml  # type: ignore[import]
/data1/conda/envs/orthus/lib/python3.11/site-packages/torch/cuda/__init__.py:63: FutureWarning: The pynvml package is deprecated. Please install nvidia-ml-py instead. If you did not install pynvml directly, please report this to the maintainers of the package that installed pynvml for you.
  import pynvml  # type: ignore[import]
NCCL version 2.27.3+cuda12.9
/data1/conda/envs/orthus/lib/python3.11/site-packages/trl/trainer/model_config.py:194: FutureWarning: `torch_dtype` is deprecated and will be removed in version 0.27.0, please use `dtype` instead.
  warnings.warn(
Random seed set to 42
--- [Step 1/3] Loading dataset... ---
/data1/conda/envs/orthus/lib/python3.11/site-packages/trl/trainer/model_config.py:194: FutureWarning: `torch_dtype` is deprecated and will be removed in version 0.27.0, please use `dtype` instead.
  warnings.warn(
Random seed set to 42
--- [Step 1/3] Loading dataset... ---
/data1/conda/envs/orthus/lib/python3.11/site-packages/trl/trainer/model_config.py:194: FutureWarning: `torch_dtype` is deprecated and will be removed in version 0.27.0, please use `dtype` instead.
  warnings.warn(
/data1/conda/envs/orthus/lib/python3.11/site-packages/trl/trainer/model_config.py:194: FutureWarning: `torch_dtype` is deprecated and will be removed in version 0.27.0, please use `dtype` instead.
  warnings.warn(
Random seed set to 42
--- [Step 1/3] Loading dataset... ---
Random seed set to 42
--- [Step 1/3] Loading dataset... ---
/data1/conda/envs/orthus/lib/python3.11/site-packages/trl/trainer/model_config.py:194: FutureWarning: `torch_dtype` is deprecated and will be removed in version 0.27.0, please use `dtype` instead.
  warnings.warn(
Random seed set to 42
--- [Step 1/3] Loading dataset... ---
/data1/conda/envs/orthus/lib/python3.11/site-packages/trl/trainer/model_config.py:194: FutureWarning: `torch_dtype` is deprecated and will be removed in version 0.27.0, please use `dtype` instead.
  warnings.warn(
Random seed set to 42
--- [Step 1/3] Loading dataset... ---
/data1/conda/envs/orthus/lib/python3.11/site-packages/trl/trainer/model_config.py:194: FutureWarning: `torch_dtype` is deprecated and will be removed in version 0.27.0, please use `dtype` instead.
  warnings.warn(
Random seed set to 42
--- [Step 1/3] Loading dataset... ---
/data1/conda/envs/orthus/lib/python3.11/site-packages/trl/trainer/model_config.py:194: FutureWarning: `torch_dtype` is deprecated and will be removed in version 0.27.0, please use `dtype` instead.
  warnings.warn(
Random seed set to 42
--- [Step 1/3] Loading dataset... ---
Dataset '/data1/oujingfeng/project/twgi/datasets/mydatasets/dataset/data_modified.json' loaded successfully with 5000 samples.
Dataset formatted.
Enabled reward functions: ['answer_correctness', 'format']
--- [Step 2/3] Initializing OrthusGRPOTrainer... ---
--- OrthusGRPOTrainer Initializing ---
Dataset '/data1/oujingfeng/project/twgi/datasets/mydatasets/dataset/data_modified.json' loaded successfully with 5000 samples.
Dataset formatted.
Enabled reward functions: ['answer_correctness', 'format']
--- [Step 2/3] Initializing OrthusGRPOTrainer... ---
--- OrthusGRPOTrainer Initializing ---
Dataset '/data1/oujingfeng/project/twgi/datasets/mydatasets/dataset/data_modified.json' loaded successfully with 5000 samples.
Dataset formatted.
Enabled reward functions: ['answer_correctness', 'format']
--- [Step 2/3] Initializing OrthusGRPOTrainer... ---
--- OrthusGRPOTrainer Initializing ---
Dataset '/data1/oujingfeng/project/twgi/datasets/mydatasets/dataset/data_modified.json' loaded successfully with 5000 samples.
Dataset formatted.
Enabled reward functions: ['answer_correctness', 'format']
--- [Step 2/3] Initializing OrthusGRPOTrainer... ---
--- OrthusGRPOTrainer Initializing ---
Dataset '/data1/oujingfeng/project/twgi/datasets/mydatasets/dataset/data_modified.json' loaded successfully with 5000 samples.
Dataset formatted.
Enabled reward functions: ['answer_correctness', 'format']
--- [Step 2/3] Initializing OrthusGRPOTrainer... ---
--- OrthusGRPOTrainer Initializing ---
Dataset '/data1/oujingfeng/project/twgi/datasets/mydatasets/dataset/data_modified.json' loaded successfully with 5000 samples.
Dataset formatted.
Enabled reward functions: ['answer_correctness', 'format']
--- [Step 2/3] Initializing OrthusGRPOTrainer... ---
--- OrthusGRPOTrainer Initializing ---
Dataset '/data1/oujingfeng/project/twgi/datasets/mydatasets/dataset/data_modified.json' loaded successfully with 5000 samples.
Dataset '/data1/oujingfeng/project/twgi/datasets/mydatasets/dataset/data_modified.json' loaded successfully with 5000 samples.
Dataset formatted.
Enabled reward functions: ['answer_correctness', 'format']
--- [Step 2/3] Initializing OrthusGRPOTrainer... ---
--- OrthusGRPOTrainer Initializing ---
Dataset formatted.
Enabled reward functions: ['answer_correctness', 'format']
--- [Step 2/3] Initializing OrthusGRPOTrainer... ---
--- OrthusGRPOTrainer Initializing ---
`torch_dtype` is deprecated! Use `dtype` instead!
`torch_dtype` is deprecated! Use `dtype` instead!
`torch_dtype` is deprecated! Use `dtype` instead!
`torch_dtype` is deprecated! Use `dtype` instead!
`torch_dtype` is deprecated! Use `dtype` instead!
`torch_dtype` is deprecated! Use `dtype` instead!
`torch_dtype` is deprecated! Use `dtype` instead!
`torch_dtype` is deprecated! Use `dtype` instead!
Loading checkpoint shards:   0%|          | 0/3 [00:00<?, ?it/s]`torch_dtype` is deprecated! Use `dtype` instead!
Loading checkpoint shards:   0%|          | 0/3 [00:00<?, ?it/s]`torch_dtype` is deprecated! Use `dtype` instead!
Loading checkpoint shards:   0%|          | 0/3 [00:00<?, ?it/s]Loading checkpoint shards:   0%|          | 0/3 [00:00<?, ?it/s]`torch_dtype` is deprecated! Use `dtype` instead!
`torch_dtype` is deprecated! Use `dtype` instead!
Loading checkpoint shards: 100%|██████████| 3/3 [00:00<00:00, 25.88it/s]Loading checkpoint shards: 100%|██████████| 3/3 [00:00<00:00, 25.84it/s]
Applying LoRA adapters ...
LoRA target modules: {'v_proj', 'q_proj', 'o_proj', 'k_proj'}
Loading checkpoint shards:   0%|          | 0/3 [00:00<?, ?it/s]Loading checkpoint shards: 100%|██████████| 3/3 [00:00<00:00, 25.61it/s]Loading checkpoint shards: 100%|██████████| 3/3 [00:00<00:00, 25.56it/s]
Applying LoRA adapters ...
LoRA target modules: {'q_proj', 'v_proj', 'k_proj', 'o_proj'}
Loading checkpoint shards:   0%|          | 0/3 [00:00<?, ?it/s]Loading checkpoint shards: 100%|██████████| 3/3 [00:00<00:00, 25.87it/s]Loading checkpoint shards: 100%|██████████| 3/3 [00:00<00:00, 25.84it/s]
Applying LoRA adapters ...
LoRA target modules: {'k_proj', 'v_proj', 'o_proj', 'q_proj'}
Loading checkpoint shards: 100%|██████████| 3/3 [00:00<00:00, 25.93it/s]Loading checkpoint shards: 100%|██████████| 3/3 [00:00<00:00, 25.90it/s]
Applying LoRA adapters ...
LoRA target modules: {'v_proj', 'o_proj', 'k_proj', 'q_proj'}
Loading checkpoint shards: 100%|██████████| 3/3 [00:00<00:00, 26.22it/s]Loading checkpoint shards: 100%|██████████| 3/3 [00:00<00:00, 26.17it/s]
Applying LoRA adapters ...
LoRA target modules: {'k_proj', 'o_proj', 'v_proj', 'q_proj'}
Loading checkpoint shards: 100%|██████████| 3/3 [00:00<00:00, 26.10it/s]Loading checkpoint shards: 100%|██████████| 3/3 [00:00<00:00, 26.06it/s]
Applying LoRA adapters ...
LoRA target modules: {'v_proj', 'k_proj', 'o_proj', 'q_proj'}
`torch_dtype` is deprecated! Use `dtype` instead!
`torch_dtype` is deprecated! Use `dtype` instead!
LoRA 已启用：trainable params=16777216 / total params=7151239811
Enabling policy gradient checkpointing (use_reentrant=False).
Diffusion MLP gradient checkpointing disabled.
Freezing non-trainable parts of the model...
  - Froze policy model parameter: base_model.model.model.vqmodel.encoder.conv_in.weight
  - Froze policy model parameter: base_model.model.model.vqmodel.encoder.conv_in.bias
  - Froze policy model parameter: base_model.model.model.vqmodel.encoder.down.0.block.0.norm1.weight
  - Froze policy model parameter: base_model.model.model.vqmodel.encoder.down.0.block.0.norm1.bias
  - Froze policy model parameter: base_model.model.model.vqmodel.encoder.down.0.block.0.conv1.weight
  - Froze policy model parameter: base_model.model.model.vqmodel.encoder.down.0.block.0.conv1.bias
  - Froze policy model parameter: base_model.model.model.vqmodel.encoder.down.0.block.0.norm2.weight
  - Froze policy model parameter: base_model.model.model.vqmodel.encoder.down.0.block.0.norm2.bias
  - Froze policy model parameter: base_model.model.model.vqmodel.encoder.down.0.block.0.conv2.weight
  - Froze policy model parameter: base_model.model.model.vqmodel.encoder.down.0.block.0.conv2.bias
  - Froze policy model parameter: base_model.model.model.vqmodel.encoder.down.0.block.1.norm1.weight
  - Froze policy model parameter: base_model.model.model.vqmodel.encoder.down.0.block.1.norm1.bias
  - Froze policy model parameter: base_model.model.model.vqmodel.encoder.down.0.block.1.conv1.weight
  - Froze policy model parameter: base_model.model.model.vqmodel.encoder.down.0.block.1.conv1.bias
  - Froze policy model parameter: base_model.model.model.vqmodel.encoder.down.0.block.1.norm2.weight
  - Froze policy model parameter: base_model.model.model.vqmodel.encoder.down.0.block.1.norm2.bias
  - Froze policy model parameter: base_model.model.model.vqmodel.encoder.down.0.block.1.conv2.weight
  - Froze policy model parameter: base_model.model.model.vqmodel.encoder.down.0.block.1.conv2.bias
  - Froze policy model parameter: base_model.model.model.vqmodel.encoder.down.0.downsample.conv.weight
  - Froze policy model parameter: base_model.model.model.vqmodel.encoder.down.0.downsample.conv.bias
  - Froze policy model parameter: base_model.model.model.vqmodel.encoder.down.1.block.0.norm1.weight
  - Froze policy model parameter: base_model.model.model.vqmodel.encoder.down.1.block.0.norm1.bias
  - Froze policy model parameter: base_model.model.model.vqmodel.encoder.down.1.block.0.conv1.weight
  - Froze policy model parameter: base_model.model.model.vqmodel.encoder.down.1.block.0.conv1.bias
  - Froze policy model parameter: base_model.model.model.vqmodel.encoder.down.1.block.0.norm2.weight
  - Froze policy model parameter: base_model.model.model.vqmodel.encoder.down.1.block.0.norm2.bias
  - Froze policy model parameter: base_model.model.model.vqmodel.encoder.down.1.block.0.conv2.weight
  - Froze policy model parameter: base_model.model.model.vqmodel.encoder.down.1.block.0.conv2.bias
  - Froze policy model parameter: base_model.model.model.vqmodel.encoder.down.1.block.1.norm1.weight
  - Froze policy model parameter: base_model.model.model.vqmodel.encoder.down.1.block.1.norm1.bias
  - Froze policy model parameter: base_model.model.model.vqmodel.encoder.down.1.block.1.conv1.weight
  - Froze policy model parameter: base_model.model.model.vqmodel.encoder.down.1.block.1.conv1.bias
  - Froze policy model parameter: base_model.model.model.vqmodel.encoder.down.1.block.1.norm2.weight
  - Froze policy model parameter: base_model.model.model.vqmodel.encoder.down.1.block.1.norm2.bias
  - Froze policy model parameter: base_model.model.model.vqmodel.encoder.down.1.block.1.conv2.weight
  - Froze policy model parameter: base_model.model.model.vqmodel.encoder.down.1.block.1.conv2.bias
  - Froze policy model parameter: base_model.model.model.vqmodel.encoder.down.1.downsample.conv.weight
  - Froze policy model parameter: base_model.model.model.vqmodel.encoder.down.1.downsample.conv.bias
  - Froze policy model parameter: base_model.model.model.vqmodel.encoder.down.2.block.0.norm1.weight
  - Froze policy model parameter: base_model.model.model.vqmodel.encoder.down.2.block.0.norm1.bias
  - Froze policy model parameter: base_model.model.model.vqmodel.encoder.down.2.block.0.conv1.weight
  - Froze policy model parameter: base_model.model.model.vqmodel.encoder.down.2.block.0.conv1.bias
  - Froze policy model parameter: base_model.model.model.vqmodel.encoder.down.2.block.0.norm2.weight
  - Froze policy model parameter: base_model.model.model.vqmodel.encoder.down.2.block.0.norm2.bias
  - Froze policy model parameter: base_model.model.model.vqmodel.encoder.down.2.block.0.conv2.weight
  - Froze policy model parameter: base_model.model.model.vqmodel.encoder.down.2.block.0.conv2.bias
  - Froze policy model parameter: base_model.model.model.vqmodel.encoder.down.2.block.0.nin_shortcut.weight
  - Froze policy model parameter: base_model.model.model.vqmodel.encoder.down.2.block.0.nin_shortcut.bias
  - Froze policy model parameter: base_model.model.model.vqmodel.encoder.down.2.block.1.norm1.weight
  - Froze policy model parameter: base_model.model.model.vqmodel.encoder.down.2.block.1.norm1.bias
  - Froze policy model parameter: base_model.model.model.vqmodel.encoder.down.2.block.1.conv1.weight
  - Froze policy model parameter: base_model.model.model.vqmodel.encoder.down.2.block.1.conv1.bias
  - Froze policy model parameter: base_model.model.model.vqmodel.encoder.down.2.block.1.norm2.weight
  - Froze policy model parameter: base_model.model.model.vqmodel.encoder.down.2.block.1.norm2.bias
  - Froze policy model parameter: base_model.model.model.vqmodel.encoder.down.2.block.1.conv2.weight
  - Froze policy model parameter: base_model.model.model.vqmodel.encoder.down.2.block.1.conv2.bias
  - Froze policy model parameter: base_model.model.model.vqmodel.encoder.down.2.downsample.conv.weight
  - Froze policy model parameter: base_model.model.model.vqmodel.encoder.down.2.downsample.conv.bias
  - Froze policy model parameter: base_model.model.model.vqmodel.encoder.down.3.block.0.norm1.weight
  - Froze policy model parameter: base_model.model.model.vqmodel.encoder.down.3.block.0.norm1.bias
  - Froze policy model parameter: base_model.model.model.vqmodel.encoder.down.3.block.0.conv1.weight
  - Froze policy model parameter: base_model.model.model.vqmodel.encoder.down.3.block.0.conv1.bias
  - Froze policy model parameter: base_model.model.model.vqmodel.encoder.down.3.block.0.norm2.weight
  - Froze policy model parameter: base_model.model.model.vqmodel.encoder.down.3.block.0.norm2.bias
  - Froze policy model parameter: base_model.model.model.vqmodel.encoder.down.3.block.0.conv2.weight
  - Froze policy model parameter: base_model.model.model.vqmodel.encoder.down.3.block.0.conv2.bias
  - Froze policy model parameter: base_model.model.model.vqmodel.encoder.down.3.block.1.norm1.weight
  - Froze policy model parameter: base_model.model.model.vqmodel.encoder.down.3.block.1.norm1.bias
  - Froze policy model parameter: base_model.model.model.vqmodel.encoder.down.3.block.1.conv1.weight
  - Froze policy model parameter: base_model.model.model.vqmodel.encoder.down.3.block.1.conv1.bias
  - Froze policy model parameter: base_model.model.model.vqmodel.encoder.down.3.block.1.norm2.weight
  - Froze policy model parameter: base_model.model.model.vqmodel.encoder.down.3.block.1.norm2.bias
  - Froze policy model parameter: base_model.model.model.vqmodel.encoder.down.3.block.1.conv2.weight
  - Froze policy model parameter: base_model.model.model.vqmodel.encoder.down.3.block.1.conv2.bias
  - Froze policy model parameter: base_model.model.model.vqmodel.encoder.down.3.downsample.conv.weight
  - Froze policy model parameter: base_model.model.model.vqmodel.encoder.down.3.downsample.conv.bias
  - Froze policy model parameter: base_model.model.model.vqmodel.encoder.down.4.block.0.norm1.weight
  - Froze policy model parameter: base_model.model.model.vqmodel.encoder.down.4.block.0.norm1.bias
  - Froze policy model parameter: base_model.model.model.vqmodel.encoder.down.4.block.0.conv1.weight
  - Froze policy model parameter: base_model.model.model.vqmodel.encoder.down.4.block.0.conv1.bias
  - Froze policy model parameter: base_model.model.model.vqmodel.encoder.down.4.block.0.norm2.weight
  - Froze policy model parameter: base_model.model.model.vqmodel.encoder.down.4.block.0.norm2.bias
  - Froze policy model parameter: base_model.model.model.vqmodel.encoder.down.4.block.0.conv2.weight
  - Froze policy model parameter: base_model.model.model.vqmodel.encoder.down.4.block.0.conv2.bias
  - Froze policy model parameter: base_model.model.model.vqmodel.encoder.down.4.block.0.nin_shortcut.weight
  - Froze policy model parameter: base_model.model.model.vqmodel.encoder.down.4.block.0.nin_shortcut.bias
  - Froze policy model parameter: base_model.model.model.vqmodel.encoder.down.4.block.1.norm1.weight
  - Froze policy model parameter: base_model.model.model.vqmodel.encoder.down.4.block.1.norm1.bias
  - Froze policy model parameter: base_model.model.model.vqmodel.encoder.down.4.block.1.conv1.weight
  - Froze policy model parameter: base_model.model.model.vqmodel.encoder.down.4.block.1.conv1.bias
  - Froze policy model parameter: base_model.model.model.vqmodel.encoder.down.4.block.1.norm2.weight
  - Froze policy model parameter: base_model.model.model.vqmodel.encoder.down.4.block.1.norm2.bias
  - Froze policy model parameter: base_model.model.model.vqmodel.encoder.down.4.block.1.conv2.weight
  - Froze policy model parameter: base_model.model.model.vqmodel.encoder.down.4.block.1.conv2.bias
  - Froze policy model parameter: base_model.model.model.vqmodel.encoder.mid.block_1.norm1.weight
  - Froze policy model parameter: base_model.model.model.vqmodel.encoder.mid.block_1.norm1.bias
  - Froze policy model parameter: base_model.model.model.vqmodel.encoder.mid.block_1.conv1.weight
  - Froze policy model parameter: base_model.model.model.vqmodel.encoder.mid.block_1.conv1.bias
  - Froze policy model parameter: base_model.model.model.vqmodel.encoder.mid.block_1.norm2.weight
  - Froze policy model parameter: base_model.model.model.vqmodel.encoder.mid.block_1.norm2.bias
  - Froze policy model parameter: base_model.model.model.vqmodel.encoder.mid.block_1.conv2.weight
  - Froze policy model parameter: base_model.model.model.vqmodel.encoder.mid.block_1.conv2.bias
  - Froze policy model parameter: base_model.model.model.vqmodel.encoder.mid.attn_1.norm.weight
  - Froze policy model parameter: base_model.model.model.vqmodel.encoder.mid.attn_1.norm.bias
  - Froze policy model parameter: base_model.model.model.vqmodel.encoder.mid.attn_1.q.weight
  - Froze policy model parameter: base_model.model.model.vqmodel.encoder.mid.attn_1.q.bias
  - Froze policy model parameter: base_model.model.model.vqmodel.encoder.mid.attn_1.k.weight
  - Froze policy model parameter: base_model.model.model.vqmodel.encoder.mid.attn_1.k.bias
  - Froze policy model parameter: base_model.model.model.vqmodel.encoder.mid.attn_1.v.weight
  - Froze policy model parameter: base_model.model.model.vqmodel.encoder.mid.attn_1.v.bias
  - Froze policy model parameter: base_model.model.model.vqmodel.encoder.mid.attn_1.proj_out.weight
  - Froze policy model parameter: base_model.model.model.vqmodel.encoder.mid.attn_1.proj_out.bias
  - Froze policy model parameter: base_model.model.model.vqmodel.encoder.mid.block_2.norm1.weight
  - Froze policy model parameter: base_model.model.model.vqmodel.encoder.mid.block_2.norm1.bias
  - Froze policy model parameter: base_model.model.model.vqmodel.encoder.mid.block_2.conv1.weight
  - Froze policy model parameter: base_model.model.model.vqmodel.encoder.mid.block_2.conv1.bias
  - Froze policy model parameter: base_model.model.model.vqmodel.encoder.mid.block_2.norm2.weight
  - Froze policy model parameter: base_model.model.model.vqmodel.encoder.mid.block_2.norm2.bias
  - Froze policy model parameter: base_model.model.model.vqmodel.encoder.mid.block_2.conv2.weight
  - Froze policy model parameter: base_model.model.model.vqmodel.encoder.mid.block_2.conv2.bias
  - Froze policy model parameter: base_model.model.model.vqmodel.encoder.norm_out.weight
  - Froze policy model parameter: base_model.model.model.vqmodel.encoder.norm_out.bias
  - Froze policy model parameter: base_model.model.model.vqmodel.encoder.conv_out.weight
  - Froze policy model parameter: base_model.model.model.vqmodel.encoder.conv_out.bias
  - Froze policy model parameter: base_model.model.model.vqmodel.decoder.conv_in.weight
  - Froze policy model parameter: base_model.model.model.vqmodel.decoder.conv_in.bias
  - Froze policy model parameter: base_model.model.model.vqmodel.decoder.mid.block_1.norm1.weight
  - Froze policy model parameter: base_model.model.model.vqmodel.decoder.mid.block_1.norm1.bias
  - Froze policy model parameter: base_model.model.model.vqmodel.decoder.mid.block_1.conv1.weight
  - Froze policy model parameter: base_model.model.model.vqmodel.decoder.mid.block_1.conv1.bias
  - Froze policy model parameter: base_model.model.model.vqmodel.decoder.mid.block_1.norm2.weight
  - Froze policy model parameter: base_model.model.model.vqmodel.decoder.mid.block_1.norm2.bias
  - Froze policy model parameter: base_model.model.model.vqmodel.decoder.mid.block_1.conv2.weight
  - Froze policy model parameter: base_model.model.model.vqmodel.decoder.mid.block_1.conv2.bias
  - Froze policy model parameter: base_model.model.model.vqmodel.decoder.mid.attn_1.norm.weight
  - Froze policy model parameter: base_model.model.model.vqmodel.decoder.mid.attn_1.norm.bias
  - Froze policy model parameter: base_model.model.model.vqmodel.decoder.mid.attn_1.q.weight
  - Froze policy model parameter: base_model.model.model.vqmodel.decoder.mid.attn_1.q.bias
  - Froze policy model parameter: base_model.model.model.vqmodel.decoder.mid.attn_1.k.weight
  - Froze policy model parameter: base_model.model.model.vqmodel.decoder.mid.attn_1.k.bias
  - Froze policy model parameter: base_model.model.model.vqmodel.decoder.mid.attn_1.v.weight
  - Froze policy model parameter: base_model.model.model.vqmodel.decoder.mid.attn_1.v.bias
  - Froze policy model parameter: base_model.model.model.vqmodel.decoder.mid.attn_1.proj_out.weight
  - Froze policy model parameter: base_model.model.model.vqmodel.decoder.mid.attn_1.proj_out.bias
  - Froze policy model parameter: base_model.model.model.vqmodel.decoder.mid.block_2.norm1.weight
  - Froze policy model parameter: base_model.model.model.vqmodel.decoder.mid.block_2.norm1.bias
  - Froze policy model parameter: base_model.model.model.vqmodel.decoder.mid.block_2.conv1.weight
  - Froze policy model parameter: base_model.model.model.vqmodel.decoder.mid.block_2.conv1.bias
  - Froze policy model parameter: base_model.model.model.vqmodel.decoder.mid.block_2.norm2.weight
  - Froze policy model parameter: base_model.model.model.vqmodel.decoder.mid.block_2.norm2.bias
  - Froze policy model parameter: base_model.model.model.vqmodel.decoder.mid.block_2.conv2.weight
  - Froze policy model parameter: base_model.model.model.vqmodel.decoder.mid.block_2.conv2.bias
  - Froze policy model parameter: base_model.model.model.vqmodel.decoder.up.0.block.0.norm1.weight
  - Froze policy model parameter: base_model.model.model.vqmodel.decoder.up.0.block.0.norm1.bias
  - Froze policy model parameter: base_model.model.model.vqmodel.decoder.up.0.block.0.conv1.weight
  - Froze policy model parameter: base_model.model.model.vqmodel.decoder.up.0.block.0.conv1.bias
  - Froze policy model parameter: base_model.model.model.vqmodel.decoder.up.0.block.0.norm2.weight
  - Froze policy model parameter: base_model.model.model.vqmodel.decoder.up.0.block.0.norm2.bias
  - Froze policy model parameter: base_model.model.model.vqmodel.decoder.up.0.block.0.conv2.weight
  - Froze policy model parameter: base_model.model.model.vqmodel.decoder.up.0.block.0.conv2.bias
  - Froze policy model parameter: base_model.model.model.vqmodel.decoder.up.0.block.1.norm1.weight
  - Froze policy model parameter: base_model.model.model.vqmodel.decoder.up.0.block.1.norm1.bias
  - Froze policy model parameter: base_model.model.model.vqmodel.decoder.up.0.block.1.conv1.weight
  - Froze policy model parameter: base_model.model.model.vqmodel.decoder.up.0.block.1.conv1.bias
  - Froze policy model parameter: base_model.model.model.vqmodel.decoder.up.0.block.1.norm2.weight
  - Froze policy model parameter: base_model.model.model.vqmodel.decoder.up.0.block.1.norm2.bias
  - Froze policy model parameter: base_model.model.model.vqmodel.decoder.up.0.block.1.conv2.weight
  - Froze policy model parameter: base_model.model.model.vqmodel.decoder.up.0.block.1.conv2.bias
  - Froze policy model parameter: base_model.model.model.vqmodel.decoder.up.0.block.2.norm1.weight
  - Froze policy model parameter: base_model.model.model.vqmodel.decoder.up.0.block.2.norm1.bias
  - Froze policy model parameter: base_model.model.model.vqmodel.decoder.up.0.block.2.conv1.weight
  - Froze policy model parameter: base_model.model.model.vqmodel.decoder.up.0.block.2.conv1.bias
  - Froze policy model parameter: base_model.model.model.vqmodel.decoder.up.0.block.2.norm2.weight
  - Froze policy model parameter: base_model.model.model.vqmodel.decoder.up.0.block.2.norm2.bias
  - Froze policy model parameter: base_model.model.model.vqmodel.decoder.up.0.block.2.conv2.weight
  - Froze policy model parameter: base_model.model.model.vqmodel.decoder.up.0.block.2.conv2.bias
  - Froze policy model parameter: base_model.model.model.vqmodel.decoder.up.1.block.0.norm1.weight
  - Froze policy model parameter: base_model.model.model.vqmodel.decoder.up.1.block.0.norm1.bias
  - Froze policy model parameter: base_model.model.model.vqmodel.decoder.up.1.block.0.conv1.weight
  - Froze policy model parameter: base_model.model.model.vqmodel.decoder.up.1.block.0.conv1.bias
  - Froze policy model parameter: base_model.model.model.vqmodel.decoder.up.1.block.0.norm2.weight
  - Froze policy model parameter: base_model.model.model.vqmodel.decoder.up.1.block.0.norm2.bias
  - Froze policy model parameter: base_model.model.model.vqmodel.decoder.up.1.block.0.conv2.weight
  - Froze policy model parameter: base_model.model.model.vqmodel.decoder.up.1.block.0.conv2.bias
  - Froze policy model parameter: base_model.model.model.vqmodel.decoder.up.1.block.0.nin_shortcut.weight
  - Froze policy model parameter: base_model.model.model.vqmodel.decoder.up.1.block.0.nin_shortcut.bias
  - Froze policy model parameter: base_model.model.model.vqmodel.decoder.up.1.block.1.norm1.weight
  - Froze policy model parameter: base_model.model.model.vqmodel.decoder.up.1.block.1.norm1.bias
  - Froze policy model parameter: base_model.model.model.vqmodel.decoder.up.1.block.1.conv1.weight
  - Froze policy model parameter: base_model.model.model.vqmodel.decoder.up.1.block.1.conv1.bias
  - Froze policy model parameter: base_model.model.model.vqmodel.decoder.up.1.block.1.norm2.weight
  - Froze policy model parameter: base_model.model.model.vqmodel.decoder.up.1.block.1.norm2.bias
  - Froze policy model parameter: base_model.model.model.vqmodel.decoder.up.1.block.1.conv2.weight
  - Froze policy model parameter: base_model.model.model.vqmodel.decoder.up.1.block.1.conv2.bias
  - Froze policy model parameter: base_model.model.model.vqmodel.decoder.up.1.block.2.norm1.weight
  - Froze policy model parameter: base_model.model.model.vqmodel.decoder.up.1.block.2.norm1.bias
  - Froze policy model parameter: base_model.model.model.vqmodel.decoder.up.1.block.2.conv1.weight
  - Froze policy model parameter: base_model.model.model.vqmodel.decoder.up.1.block.2.conv1.bias
  - Froze policy model parameter: base_model.model.model.vqmodel.decoder.up.1.block.2.norm2.weight
  - Froze policy model parameter: base_model.model.model.vqmodel.decoder.up.1.block.2.norm2.bias
  - Froze policy model parameter: base_model.model.model.vqmodel.decoder.up.1.block.2.conv2.weight
  - Froze policy model parameter: base_model.model.model.vqmodel.decoder.up.1.block.2.conv2.bias
  - Froze policy model parameter: base_model.model.model.vqmodel.decoder.up.1.upsample.conv.weight
  - Froze policy model parameter: base_model.model.model.vqmodel.decoder.up.1.upsample.conv.bias
  - Froze policy model parameter: base_model.model.model.vqmodel.decoder.up.2.block.0.norm1.weight
  - Froze policy model parameter: base_model.model.model.vqmodel.decoder.up.2.block.0.norm1.bias
  - Froze policy model parameter: base_model.model.model.vqmodel.decoder.up.2.block.0.conv1.weight
  - Froze policy model parameter: base_model.model.model.vqmodel.decoder.up.2.block.0.conv1.bias
  - Froze policy model parameter: base_model.model.model.vqmodel.decoder.up.2.block.0.norm2.weight
  - Froze policy model parameter: base_model.model.model.vqmodel.decoder.up.2.block.0.norm2.bias
  - Froze policy model parameter: base_model.model.model.vqmodel.decoder.up.2.block.0.conv2.weight
  - Froze policy model parameter: base_model.model.model.vqmodel.decoder.up.2.block.0.conv2.bias
  - Froze policy model parameter: base_model.model.model.vqmodel.decoder.up.2.block.1.norm1.weight
  - Froze policy model parameter: base_model.model.model.vqmodel.decoder.up.2.block.1.norm1.bias
  - Froze policy model parameter: base_model.model.model.vqmodel.decoder.up.2.block.1.conv1.weight
  - Froze policy model parameter: base_model.model.model.vqmodel.decoder.up.2.block.1.conv1.bias
  - Froze policy model parameter: base_model.model.model.vqmodel.decoder.up.2.block.1.norm2.weight
  - Froze policy model parameter: base_model.model.model.vqmodel.decoder.up.2.block.1.norm2.bias
  - Froze policy model parameter: base_model.model.model.vqmodel.decoder.up.2.block.1.conv2.weight
  - Froze policy model parameter: base_model.model.model.vqmodel.decoder.up.2.block.1.conv2.bias
  - Froze policy model parameter: base_model.model.model.vqmodel.decoder.up.2.block.2.norm1.weight
  - Froze policy model parameter: base_model.model.model.vqmodel.decoder.up.2.block.2.norm1.bias
  - Froze policy model parameter: base_model.model.model.vqmodel.decoder.up.2.block.2.conv1.weight
  - Froze policy model parameter: base_model.model.model.vqmodel.decoder.up.2.block.2.conv1.bias
  - Froze policy model parameter: base_model.model.model.vqmodel.decoder.up.2.block.2.norm2.weight
  - Froze policy model parameter: base_model.model.model.vqmodel.decoder.up.2.block.2.norm2.bias
  - Froze policy model parameter: base_model.model.model.vqmodel.decoder.up.2.block.2.conv2.weight
  - Froze policy model parameter: base_model.model.model.vqmodel.decoder.up.2.block.2.conv2.bias
  - Froze policy model parameter: base_model.model.model.vqmodel.decoder.up.2.upsample.conv.weight
  - Froze policy model parameter: base_model.model.model.vqmodel.decoder.up.2.upsample.conv.bias
  - Froze policy model parameter: base_model.model.model.vqmodel.decoder.up.3.block.0.norm1.weight
  - Froze policy model parameter: base_model.model.model.vqmodel.decoder.up.3.block.0.norm1.bias
  - Froze policy model parameter: base_model.model.model.vqmodel.decoder.up.3.block.0.conv1.weight
  - Froze policy model parameter: base_model.model.model.vqmodel.decoder.up.3.block.0.conv1.bias
  - Froze policy model parameter: base_model.model.model.vqmodel.decoder.up.3.block.0.norm2.weight
  - Froze policy model parameter: base_model.model.model.vqmodel.decoder.up.3.block.0.norm2.bias
  - Froze policy model parameter: base_model.model.model.vqmodel.decoder.up.3.block.0.conv2.weight
  - Froze policy model parameter: base_model.model.model.vqmodel.decoder.up.3.block.0.conv2.bias
  - Froze policy model parameter: base_model.model.model.vqmodel.decoder.up.3.block.0.nin_shortcut.weight
  - Froze policy model parameter: base_model.model.model.vqmodel.decoder.up.3.block.0.nin_shortcut.bias
  - Froze policy model parameter: base_model.model.model.vqmodel.decoder.up.3.block.1.norm1.weight
  - Froze policy model parameter: base_model.model.model.vqmodel.decoder.up.3.block.1.norm1.bias
  - Froze policy model parameter: base_model.model.model.vqmodel.decoder.up.3.block.1.conv1.weight
  - Froze policy model parameter: base_model.model.model.vqmodel.decoder.up.3.block.1.conv1.bias
  - Froze policy model parameter: base_model.model.model.vqmodel.decoder.up.3.block.1.norm2.weight
  - Froze policy model parameter: base_model.model.model.vqmodel.decoder.up.3.block.1.norm2.bias
  - Froze policy model parameter: base_model.model.model.vqmodel.decoder.up.3.block.1.conv2.weight
  - Froze policy model parameter: base_model.model.model.vqmodel.decoder.up.3.block.1.conv2.bias
  - Froze policy model parameter: base_model.model.model.vqmodel.decoder.up.3.block.2.norm1.weight
  - Froze policy model parameter: base_model.model.model.vqmodel.decoder.up.3.block.2.norm1.bias
  - Froze policy model parameter: base_model.model.model.vqmodel.decoder.up.3.block.2.conv1.weight
  - Froze policy model parameter: base_model.model.model.vqmodel.decoder.up.3.block.2.conv1.bias
  - Froze policy model parameter: base_model.model.model.vqmodel.decoder.up.3.block.2.norm2.weight
  - Froze policy model parameter: base_model.model.model.vqmodel.decoder.up.3.block.2.norm2.bias
  - Froze policy model parameter: base_model.model.model.vqmodel.decoder.up.3.block.2.conv2.weight
  - Froze policy model parameter: base_model.model.model.vqmodel.decoder.up.3.block.2.conv2.bias
  - Froze policy model parameter: base_model.model.model.vqmodel.decoder.up.3.upsample.conv.weight
  - Froze policy model parameter: base_model.model.model.vqmodel.decoder.up.3.upsample.conv.bias
  - Froze policy model parameter: base_model.model.model.vqmodel.decoder.up.4.block.0.norm1.weight
  - Froze policy model parameter: base_model.model.model.vqmodel.decoder.up.4.block.0.norm1.bias
  - Froze policy model parameter: base_model.model.model.vqmodel.decoder.up.4.block.0.conv1.weight
  - Froze policy model parameter: base_model.model.model.vqmodel.decoder.up.4.block.0.conv1.bias
  - Froze policy model parameter: base_model.model.model.vqmodel.decoder.up.4.block.0.norm2.weight
  - Froze policy model parameter: base_model.model.model.vqmodel.decoder.up.4.block.0.norm2.bias
  - Froze policy model parameter: base_model.model.model.vqmodel.decoder.up.4.block.0.conv2.weight
  - Froze policy model parameter: base_model.model.model.vqmodel.decoder.up.4.block.0.conv2.bias
  - Froze policy model parameter: base_model.model.model.vqmodel.decoder.up.4.block.1.norm1.weight
  - Froze policy model parameter: base_model.model.model.vqmodel.decoder.up.4.block.1.norm1.bias
  - Froze policy model parameter: base_model.model.model.vqmodel.decoder.up.4.block.1.conv1.weight
  - Froze policy model parameter: base_model.model.model.vqmodel.decoder.up.4.block.1.conv1.bias
  - Froze policy model parameter: base_model.model.model.vqmodel.decoder.up.4.block.1.norm2.weight
  - Froze policy model parameter: base_model.model.model.vqmodel.decoder.up.4.block.1.norm2.bias
  - Froze policy model parameter: base_model.model.model.vqmodel.decoder.up.4.block.1.conv2.weight
  - Froze policy model parameter: base_model.model.model.vqmodel.decoder.up.4.block.1.conv2.bias
  - Froze policy model parameter: base_model.model.model.vqmodel.decoder.up.4.block.2.norm1.weight
  - Froze policy model parameter: base_model.model.model.vqmodel.decoder.up.4.block.2.norm1.bias
  - Froze policy model parameter: base_model.model.model.vqmodel.decoder.up.4.block.2.conv1.weight
  - Froze policy model parameter: base_model.model.model.vqmodel.decoder.up.4.block.2.conv1.bias
  - Froze policy model parameter: base_model.model.model.vqmodel.decoder.up.4.block.2.norm2.weight
  - Froze policy model parameter: base_model.model.model.vqmodel.decoder.up.4.block.2.norm2.bias
  - Froze policy model parameter: base_model.model.model.vqmodel.decoder.up.4.block.2.conv2.weight
  - Froze policy model parameter: base_model.model.model.vqmodel.decoder.up.4.block.2.conv2.bias
  - Froze policy model parameter: base_model.model.model.vqmodel.decoder.up.4.upsample.conv.weight
  - Froze policy model parameter: base_model.model.model.vqmodel.decoder.up.4.upsample.conv.bias
  - Froze policy model parameter: base_model.model.model.vqmodel.decoder.norm_out.weight
  - Froze policy model parameter: base_model.model.model.vqmodel.decoder.norm_out.bias
  - Froze policy model parameter: base_model.model.model.vqmodel.decoder.conv_out.weight
  - Froze policy model parameter: base_model.model.model.vqmodel.decoder.conv_out.bias
  - Froze policy model parameter: base_model.model.model.vqmodel.quantize.embedding.weight
  - Froze policy model parameter: base_model.model.model.vqmodel.quant_conv.weight
  - Froze policy model parameter: base_model.model.model.vqmodel.quant_conv.bias
  - Froze policy model parameter: base_model.model.model.vqmodel.post_quant_conv.weight
  - Froze policy model parameter: base_model.model.model.vqmodel.post_quant_conv.bias
  - Froze policy model parameter: base_model.model.mlp_head.time_embed.mlp.0.weight
  - Froze policy model parameter: base_model.model.mlp_head.time_embed.mlp.0.bias
  - Froze policy model parameter: base_model.model.mlp_head.time_embed.mlp.2.weight
  - Froze policy model parameter: base_model.model.mlp_head.time_embed.mlp.2.bias
  - Froze policy model parameter: base_model.model.mlp_head.cond_embed.weight
  - Froze policy model parameter: base_model.model.mlp_head.cond_embed.bias
  - Froze policy model parameter: base_model.model.mlp_head.input_proj.weight
  - Froze policy model parameter: base_model.model.mlp_head.input_proj.bias
  - Froze policy model parameter: base_model.model.mlp_head.res_blocks.0.in_ln.weight
  - Froze policy model parameter: base_model.model.mlp_head.res_blocks.0.in_ln.bias
  - Froze policy model parameter: base_model.model.mlp_head.res_blocks.0.mlp.0.weight
  - Froze policy model parameter: base_model.model.mlp_head.res_blocks.0.mlp.0.bias
  - Froze policy model parameter: base_model.model.mlp_head.res_blocks.0.mlp.2.weight
  - Froze policy model parameter: base_model.model.mlp_head.res_blocks.0.mlp.2.bias
  - Froze policy model parameter: base_model.model.mlp_head.res_blocks.0.adaLN_modulation.1.weight
  - Froze policy model parameter: base_model.model.mlp_head.res_blocks.0.adaLN_modulation.1.bias
  - Froze policy model parameter: base_model.model.mlp_head.res_blocks.1.in_ln.weight
  - Froze policy model parameter: base_model.model.mlp_head.res_blocks.1.in_ln.bias
  - Froze policy model parameter: base_model.model.mlp_head.res_blocks.1.mlp.0.weight
  - Froze policy model parameter: base_model.model.mlp_head.res_blocks.1.mlp.0.bias
  - Froze policy model parameter: base_model.model.mlp_head.res_blocks.1.mlp.2.weight
  - Froze policy model parameter: base_model.model.mlp_head.res_blocks.1.mlp.2.bias
  - Froze policy model parameter: base_model.model.mlp_head.res_blocks.1.adaLN_modulation.1.weight
  - Froze policy model parameter: base_model.model.mlp_head.res_blocks.1.adaLN_modulation.1.bias
  - Froze policy model parameter: base_model.model.mlp_head.res_blocks.2.in_ln.weight
  - Froze policy model parameter: base_model.model.mlp_head.res_blocks.2.in_ln.bias
  - Froze policy model parameter: base_model.model.mlp_head.res_blocks.2.mlp.0.weight
  - Froze policy model parameter: base_model.model.mlp_head.res_blocks.2.mlp.0.bias
  - Froze policy model parameter: base_model.model.mlp_head.res_blocks.2.mlp.2.weight
  - Froze policy model parameter: base_model.model.mlp_head.res_blocks.2.mlp.2.bias
  - Froze policy model parameter: base_model.model.mlp_head.res_blocks.2.adaLN_modulation.1.weight
  - Froze policy model parameter: base_model.model.mlp_head.res_blocks.2.adaLN_modulation.1.bias
  - Froze policy model parameter: base_model.model.mlp_head.final_layer.linear.weight
  - Froze policy model parameter: base_model.model.mlp_head.final_layer.linear.bias
  - Froze policy model parameter: base_model.model.mlp_head.final_layer.adaLN_modulation.1.weight
  - Froze policy model parameter: base_model.model.mlp_head.final_layer.adaLN_modulation.1.bias
Model parts frozen.
Loaded 2 reward functions: ['answer_correctness_reward', 'format_reward']
Trainer initialized.
--- [Step 3/3] Starting GRPO training... ---
LoRA 已启用：trainable params=16777216 / total params=7151239811
Enabling policy gradient checkpointing (use_reentrant=False).
Diffusion MLP gradient checkpointing disabled.
Freezing non-trainable parts of the model...
  - Froze policy model parameter: base_model.model.model.vqmodel.encoder.conv_in.weight
  - Froze policy model parameter: base_model.model.model.vqmodel.encoder.conv_in.bias
  - Froze policy model parameter: base_model.model.model.vqmodel.encoder.down.0.block.0.norm1.weight
  - Froze policy model parameter: base_model.model.model.vqmodel.encoder.down.0.block.0.norm1.bias
  - Froze policy model parameter: base_model.model.model.vqmodel.encoder.down.0.block.0.conv1.weight
  - Froze policy model parameter: base_model.model.model.vqmodel.encoder.down.0.block.0.conv1.bias
  - Froze policy model parameter: base_model.model.model.vqmodel.encoder.down.0.block.0.norm2.weight
  - Froze policy model parameter: base_model.model.model.vqmodel.encoder.down.0.block.0.norm2.bias
  - Froze policy model parameter: base_model.model.model.vqmodel.encoder.down.0.block.0.conv2.weight
  - Froze policy model parameter: base_model.model.model.vqmodel.encoder.down.0.block.0.conv2.bias
  - Froze policy model parameter: base_model.model.model.vqmodel.encoder.down.0.block.1.norm1.weight
  - Froze policy model parameter: base_model.model.model.vqmodel.encoder.down.0.block.1.norm1.bias
  - Froze policy model parameter: base_model.model.model.vqmodel.encoder.down.0.block.1.conv1.weight
  - Froze policy model parameter: base_model.model.model.vqmodel.encoder.down.0.block.1.conv1.bias
  - Froze policy model parameter: base_model.model.model.vqmodel.encoder.down.0.block.1.norm2.weight
  - Froze policy model parameter: base_model.model.model.vqmodel.encoder.down.0.block.1.norm2.bias
  - Froze policy model parameter: base_model.model.model.vqmodel.encoder.down.0.block.1.conv2.weight
  - Froze policy model parameter: base_model.model.model.vqmodel.encoder.down.0.block.1.conv2.bias
  - Froze policy model parameter: base_model.model.model.vqmodel.encoder.down.0.downsample.conv.weight
  - Froze policy model parameter: base_model.model.model.vqmodel.encoder.down.0.downsample.conv.bias
  - Froze policy model parameter: base_model.model.model.vqmodel.encoder.down.1.block.0.norm1.weight
  - Froze policy model parameter: base_model.model.model.vqmodel.encoder.down.1.block.0.norm1.bias
  - Froze policy model parameter: base_model.model.model.vqmodel.encoder.down.1.block.0.conv1.weight
  - Froze policy model parameter: base_model.model.model.vqmodel.encoder.down.1.block.0.conv1.bias
  - Froze policy model parameter: base_model.model.model.vqmodel.encoder.down.1.block.0.norm2.weight
  - Froze policy model parameter: base_model.model.model.vqmodel.encoder.down.1.block.0.norm2.bias
  - Froze policy model parameter: base_model.model.model.vqmodel.encoder.down.1.block.0.conv2.weight
  - Froze policy model parameter: base_model.model.model.vqmodel.encoder.down.1.block.0.conv2.bias
  - Froze policy model parameter: base_model.model.model.vqmodel.encoder.down.1.block.1.norm1.weight
  - Froze policy model parameter: base_model.model.model.vqmodel.encoder.down.1.block.1.norm1.bias
  - Froze policy model parameter: base_model.model.model.vqmodel.encoder.down.1.block.1.conv1.weight
  - Froze policy model parameter: base_model.model.model.vqmodel.encoder.down.1.block.1.conv1.bias
  - Froze policy model parameter: base_model.model.model.vqmodel.encoder.down.1.block.1.norm2.weight
  - Froze policy model parameter: base_model.model.model.vqmodel.encoder.down.1.block.1.norm2.bias
  - Froze policy model parameter: base_model.model.model.vqmodel.encoder.down.1.block.1.conv2.weight
  - Froze policy model parameter: base_model.model.model.vqmodel.encoder.down.1.block.1.conv2.bias
  - Froze policy model parameter: base_model.model.model.vqmodel.encoder.down.1.downsample.conv.weight
  - Froze policy model parameter: base_model.model.model.vqmodel.encoder.down.1.downsample.conv.bias
  - Froze policy model parameter: base_model.model.model.vqmodel.encoder.down.2.block.0.norm1.weight
  - Froze policy model parameter: base_model.model.model.vqmodel.encoder.down.2.block.0.norm1.bias
  - Froze policy model parameter: base_model.model.model.vqmodel.encoder.down.2.block.0.conv1.weight
  - Froze policy model parameter: base_model.model.model.vqmodel.encoder.down.2.block.0.conv1.bias
  - Froze policy model parameter: base_model.model.model.vqmodel.encoder.down.2.block.0.norm2.weight
  - Froze policy model parameter: base_model.model.model.vqmodel.encoder.down.2.block.0.norm2.bias
  - Froze policy model parameter: base_model.model.model.vqmodel.encoder.down.2.block.0.conv2.weight
  - Froze policy model parameter: base_model.model.model.vqmodel.encoder.down.2.block.0.conv2.bias
  - Froze policy model parameter: base_model.model.model.vqmodel.encoder.down.2.block.0.nin_shortcut.weight
  - Froze policy model parameter: base_model.model.model.vqmodel.encoder.down.2.block.0.nin_shortcut.bias
  - Froze policy model parameter: base_model.model.model.vqmodel.encoder.down.2.block.1.norm1.weight
  - Froze policy model parameter: base_model.model.model.vqmodel.encoder.down.2.block.1.norm1.bias
  - Froze policy model parameter: base_model.model.model.vqmodel.encoder.down.2.block.1.conv1.weight
  - Froze policy model parameter: base_model.model.model.vqmodel.encoder.down.2.block.1.conv1.bias
  - Froze policy model parameter: base_model.model.model.vqmodel.encoder.down.2.block.1.norm2.weight
  - Froze policy model parameter: base_model.model.model.vqmodel.encoder.down.2.block.1.norm2.bias
  - Froze policy model parameter: base_model.model.model.vqmodel.encoder.down.2.block.1.conv2.weight
  - Froze policy model parameter: base_model.model.model.vqmodel.encoder.down.2.block.1.conv2.bias
  - Froze policy model parameter: base_model.model.model.vqmodel.encoder.down.2.downsample.conv.weight
  - Froze policy model parameter: base_model.model.model.vqmodel.encoder.down.2.downsample.conv.bias
  - Froze policy model parameter: base_model.model.model.vqmodel.encoder.down.3.block.0.norm1.weight
  - Froze policy model parameter: base_model.model.model.vqmodel.encoder.down.3.block.0.norm1.bias
  - Froze policy model parameter: base_model.model.model.vqmodel.encoder.down.3.block.0.conv1.weight
  - Froze policy model parameter: base_model.model.model.vqmodel.encoder.down.3.block.0.conv1.bias
  - Froze policy model parameter: base_model.model.model.vqmodel.encoder.down.3.block.0.norm2.weight
  - Froze policy model parameter: base_model.model.model.vqmodel.encoder.down.3.block.0.norm2.bias
  - Froze policy model parameter: base_model.model.model.vqmodel.encoder.down.3.block.0.conv2.weight
  - Froze policy model parameter: base_model.model.model.vqmodel.encoder.down.3.block.0.conv2.bias
  - Froze policy model parameter: base_model.model.model.vqmodel.encoder.down.3.block.1.norm1.weight
  - Froze policy model parameter: base_model.model.model.vqmodel.encoder.down.3.block.1.norm1.bias
  - Froze policy model parameter: base_model.model.model.vqmodel.encoder.down.3.block.1.conv1.weight
  - Froze policy model parameter: base_model.model.model.vqmodel.encoder.down.3.block.1.conv1.bias
  - Froze policy model parameter: base_model.model.model.vqmodel.encoder.down.3.block.1.norm2.weight
  - Froze policy model parameter: base_model.model.model.vqmodel.encoder.down.3.block.1.norm2.bias
  - Froze policy model parameter: base_model.model.model.vqmodel.encoder.down.3.block.1.conv2.weight
  - Froze policy model parameter: base_model.model.model.vqmodel.encoder.down.3.block.1.conv2.bias
  - Froze policy model parameter: base_model.model.model.vqmodel.encoder.down.3.downsample.conv.weight
  - Froze policy model parameter: base_model.model.model.vqmodel.encoder.down.3.downsample.conv.bias
  - Froze policy model parameter: base_model.model.model.vqmodel.encoder.down.4.block.0.norm1.weight
  - Froze policy model parameter: base_model.model.model.vqmodel.encoder.down.4.block.0.norm1.bias
  - Froze policy model parameter: base_model.model.model.vqmodel.encoder.down.4.block.0.conv1.weight
  - Froze policy model parameter: base_model.model.model.vqmodel.encoder.down.4.block.0.conv1.bias
  - Froze policy model parameter: base_model.model.model.vqmodel.encoder.down.4.block.0.norm2.weight
  - Froze policy model parameter: base_model.model.model.vqmodel.encoder.down.4.block.0.norm2.bias
  - Froze policy model parameter: base_model.model.model.vqmodel.encoder.down.4.block.0.conv2.weight
  - Froze policy model parameter: base_model.model.model.vqmodel.encoder.down.4.block.0.conv2.bias
  - Froze policy model parameter: base_model.model.model.vqmodel.encoder.down.4.block.0.nin_shortcut.weight
  - Froze policy model parameter: base_model.model.model.vqmodel.encoder.down.4.block.0.nin_shortcut.bias
  - Froze policy model parameter: base_model.model.model.vqmodel.encoder.down.4.block.1.norm1.weight
  - Froze policy model parameter: base_model.model.model.vqmodel.encoder.down.4.block.1.norm1.bias
  - Froze policy model parameter: base_model.model.model.vqmodel.encoder.down.4.block.1.conv1.weight
  - Froze policy model parameter: base_model.model.model.vqmodel.encoder.down.4.block.1.conv1.bias
  - Froze policy model parameter: base_model.model.model.vqmodel.encoder.down.4.block.1.norm2.weight
  - Froze policy model parameter: base_model.model.model.vqmodel.encoder.down.4.block.1.norm2.bias
  - Froze policy model parameter: base_model.model.model.vqmodel.encoder.down.4.block.1.conv2.weight
  - Froze policy model parameter: base_model.model.model.vqmodel.encoder.down.4.block.1.conv2.bias
  - Froze policy model parameter: base_model.model.model.vqmodel.encoder.mid.block_1.norm1.weight
  - Froze policy model parameter: base_model.model.model.vqmodel.encoder.mid.block_1.norm1.bias
  - Froze policy model parameter: base_model.model.model.vqmodel.encoder.mid.block_1.conv1.weight
  - Froze policy model parameter: base_model.model.model.vqmodel.encoder.mid.block_1.conv1.bias
  - Froze policy model parameter: base_model.model.model.vqmodel.encoder.mid.block_1.norm2.weight
  - Froze policy model parameter: base_model.model.model.vqmodel.encoder.mid.block_1.norm2.bias
  - Froze policy model parameter: base_model.model.model.vqmodel.encoder.mid.block_1.conv2.weight
  - Froze policy model parameter: base_model.model.model.vqmodel.encoder.mid.block_1.conv2.bias
  - Froze policy model parameter: base_model.model.model.vqmodel.encoder.mid.attn_1.norm.weight
  - Froze policy model parameter: base_model.model.model.vqmodel.encoder.mid.attn_1.norm.bias
  - Froze policy model parameter: base_model.model.model.vqmodel.encoder.mid.attn_1.q.weight
  - Froze policy model parameter: base_model.model.model.vqmodel.encoder.mid.attn_1.q.bias
  - Froze policy model parameter: base_model.model.model.vqmodel.encoder.mid.attn_1.k.weight
  - Froze policy model parameter: base_model.model.model.vqmodel.encoder.mid.attn_1.k.bias
  - Froze policy model parameter: base_model.model.model.vqmodel.encoder.mid.attn_1.v.weight
  - Froze policy model parameter: base_model.model.model.vqmodel.encoder.mid.attn_1.v.bias
  - Froze policy model parameter: base_model.model.model.vqmodel.encoder.mid.attn_1.proj_out.weight
  - Froze policy model parameter: base_model.model.model.vqmodel.encoder.mid.attn_1.proj_out.bias
  - Froze policy model parameter: base_model.model.model.vqmodel.encoder.mid.block_2.norm1.weight
  - Froze policy model parameter: base_model.model.model.vqmodel.encoder.mid.block_2.norm1.bias
  - Froze policy model parameter: base_model.model.model.vqmodel.encoder.mid.block_2.conv1.weight
  - Froze policy model parameter: base_model.model.model.vqmodel.encoder.mid.block_2.conv1.bias
  - Froze policy model parameter: base_model.model.model.vqmodel.encoder.mid.block_2.norm2.weight
  - Froze policy model parameter: base_model.model.model.vqmodel.encoder.mid.block_2.norm2.bias
  - Froze policy model parameter: base_model.model.model.vqmodel.encoder.mid.block_2.conv2.weight
  - Froze policy model parameter: base_model.model.model.vqmodel.encoder.mid.block_2.conv2.bias
  - Froze policy model parameter: base_model.model.model.vqmodel.encoder.norm_out.weight
  - Froze policy model parameter: base_model.model.model.vqmodel.encoder.norm_out.bias
  - Froze policy model parameter: base_model.model.model.vqmodel.encoder.conv_out.weight
  - Froze policy model parameter: base_model.model.model.vqmodel.encoder.conv_out.bias
  - Froze policy model parameter: base_model.model.model.vqmodel.decoder.conv_in.weight
  - Froze policy model parameter: base_model.model.model.vqmodel.decoder.conv_in.bias
  - Froze policy model parameter: base_model.model.model.vqmodel.decoder.mid.block_1.norm1.weight
  - Froze policy model parameter: base_model.model.model.vqmodel.decoder.mid.block_1.norm1.bias
  - Froze policy model parameter: base_model.model.model.vqmodel.decoder.mid.block_1.conv1.weight
  - Froze policy model parameter: base_model.model.model.vqmodel.decoder.mid.block_1.conv1.bias
  - Froze policy model parameter: base_model.model.model.vqmodel.decoder.mid.block_1.norm2.weight
  - Froze policy model parameter: base_model.model.model.vqmodel.decoder.mid.block_1.norm2.bias
  - Froze policy model parameter: base_model.model.model.vqmodel.decoder.mid.block_1.conv2.weight
  - Froze policy model parameter: base_model.model.model.vqmodel.decoder.mid.block_1.conv2.bias
  - Froze policy model parameter: base_model.model.model.vqmodel.decoder.mid.attn_1.norm.weight
  - Froze policy model parameter: base_model.model.model.vqmodel.decoder.mid.attn_1.norm.bias
  - Froze policy model parameter: base_model.model.model.vqmodel.decoder.mid.attn_1.q.weight
  - Froze policy model parameter: base_model.model.model.vqmodel.decoder.mid.attn_1.q.bias
  - Froze policy model parameter: base_model.model.model.vqmodel.decoder.mid.attn_1.k.weight
  - Froze policy model parameter: base_model.model.model.vqmodel.decoder.mid.attn_1.k.bias
  - Froze policy model parameter: base_model.model.model.vqmodel.decoder.mid.attn_1.v.weight
  - Froze policy model parameter: base_model.model.model.vqmodel.decoder.mid.attn_1.v.bias
  - Froze policy model parameter: base_model.model.model.vqmodel.decoder.mid.attn_1.proj_out.weight
  - Froze policy model parameter: base_model.model.model.vqmodel.decoder.mid.attn_1.proj_out.bias
  - Froze policy model parameter: base_model.model.model.vqmodel.decoder.mid.block_2.norm1.weight
  - Froze policy model parameter: base_model.model.model.vqmodel.decoder.mid.block_2.norm1.bias
  - Froze policy model parameter: base_model.model.model.vqmodel.decoder.mid.block_2.conv1.weight
  - Froze policy model parameter: base_model.model.model.vqmodel.decoder.mid.block_2.conv1.bias
  - Froze policy model parameter: base_model.model.model.vqmodel.decoder.mid.block_2.norm2.weight
  - Froze policy model parameter: base_model.model.model.vqmodel.decoder.mid.block_2.norm2.bias
  - Froze policy model parameter: base_model.model.model.vqmodel.decoder.mid.block_2.conv2.weight
  - Froze policy model parameter: base_model.model.model.vqmodel.decoder.mid.block_2.conv2.bias
  - Froze policy model parameter: base_model.model.model.vqmodel.decoder.up.0.block.0.norm1.weight
  - Froze policy model parameter: base_model.model.model.vqmodel.decoder.up.0.block.0.norm1.bias
  - Froze policy model parameter: base_model.model.model.vqmodel.decoder.up.0.block.0.conv1.weight
  - Froze policy model parameter: base_model.model.model.vqmodel.decoder.up.0.block.0.conv1.bias
  - Froze policy model parameter: base_model.model.model.vqmodel.decoder.up.0.block.0.norm2.weight
  - Froze policy model parameter: base_model.model.model.vqmodel.decoder.up.0.block.0.norm2.bias
  - Froze policy model parameter: base_model.model.model.vqmodel.decoder.up.0.block.0.conv2.weight
  - Froze policy model parameter: base_model.model.model.vqmodel.decoder.up.0.block.0.conv2.bias
  - Froze policy model parameter: base_model.model.model.vqmodel.decoder.up.0.block.1.norm1.weight
  - Froze policy model parameter: base_model.model.model.vqmodel.decoder.up.0.block.1.norm1.bias
  - Froze policy model parameter: base_model.model.model.vqmodel.decoder.up.0.block.1.conv1.weight
  - Froze policy model parameter: base_model.model.model.vqmodel.decoder.up.0.block.1.conv1.bias
  - Froze policy model parameter: base_model.model.model.vqmodel.decoder.up.0.block.1.norm2.weight
  - Froze policy model parameter: base_model.model.model.vqmodel.decoder.up.0.block.1.norm2.bias
  - Froze policy model parameter: base_model.model.model.vqmodel.decoder.up.0.block.1.conv2.weight
  - Froze policy model parameter: base_model.model.model.vqmodel.decoder.up.0.block.1.conv2.bias
  - Froze policy model parameter: base_model.model.model.vqmodel.decoder.up.0.block.2.norm1.weight
  - Froze policy model parameter: base_model.model.model.vqmodel.decoder.up.0.block.2.norm1.bias
  - Froze policy model parameter: base_model.model.model.vqmodel.decoder.up.0.block.2.conv1.weight
  - Froze policy model parameter: base_model.model.model.vqmodel.decoder.up.0.block.2.conv1.bias
  - Froze policy model parameter: base_model.model.model.vqmodel.decoder.up.0.block.2.norm2.weight
  - Froze policy model parameter: base_model.model.model.vqmodel.decoder.up.0.block.2.norm2.bias
  - Froze policy model parameter: base_model.model.model.vqmodel.decoder.up.0.block.2.conv2.weight
  - Froze policy model parameter: base_model.model.model.vqmodel.decoder.up.0.block.2.conv2.bias
  - Froze policy model parameter: base_model.model.model.vqmodel.decoder.up.1.block.0.norm1.weight
  - Froze policy model parameter: base_model.model.model.vqmodel.decoder.up.1.block.0.norm1.bias
  - Froze policy model parameter: base_model.model.model.vqmodel.decoder.up.1.block.0.conv1.weight
  - Froze policy model parameter: base_model.model.model.vqmodel.decoder.up.1.block.0.conv1.bias
  - Froze policy model parameter: base_model.model.model.vqmodel.decoder.up.1.block.0.norm2.weight
  - Froze policy model parameter: base_model.model.model.vqmodel.decoder.up.1.block.0.norm2.bias
  - Froze policy model parameter: base_model.model.model.vqmodel.decoder.up.1.block.0.conv2.weight
  - Froze policy model parameter: base_model.model.model.vqmodel.decoder.up.1.block.0.conv2.bias
  - Froze policy model parameter: base_model.model.model.vqmodel.decoder.up.1.block.0.nin_shortcut.weight
  - Froze policy model parameter: base_model.model.model.vqmodel.decoder.up.1.block.0.nin_shortcut.bias
  - Froze policy model parameter: base_model.model.model.vqmodel.decoder.up.1.block.1.norm1.weight
  - Froze policy model parameter: base_model.model.model.vqmodel.decoder.up.1.block.1.norm1.bias
  - Froze policy model parameter: base_model.model.model.vqmodel.decoder.up.1.block.1.conv1.weight
  - Froze policy model parameter: base_model.model.model.vqmodel.decoder.up.1.block.1.conv1.bias
  - Froze policy model parameter: base_model.model.model.vqmodel.decoder.up.1.block.1.norm2.weight
  - Froze policy model parameter: base_model.model.model.vqmodel.decoder.up.1.block.1.norm2.bias
  - Froze policy model parameter: base_model.model.model.vqmodel.decoder.up.1.block.1.conv2.weight
  - Froze policy model parameter: base_model.model.model.vqmodel.decoder.up.1.block.1.conv2.bias
  - Froze policy model parameter: base_model.model.model.vqmodel.decoder.up.1.block.2.norm1.weight
  - Froze policy model parameter: base_model.model.model.vqmodel.decoder.up.1.block.2.norm1.bias
  - Froze policy model parameter: base_model.model.model.vqmodel.decoder.up.1.block.2.conv1.weight
  - Froze policy model parameter: base_model.model.model.vqmodel.decoder.up.1.block.2.conv1.bias
  - Froze policy model parameter: base_model.model.model.vqmodel.decoder.up.1.block.2.norm2.weight
  - Froze policy model parameter: base_model.model.model.vqmodel.decoder.up.1.block.2.norm2.bias
  - Froze policy model parameter: base_model.model.model.vqmodel.decoder.up.1.block.2.conv2.weight
  - Froze policy model parameter: base_model.model.model.vqmodel.decoder.up.1.block.2.conv2.bias
  - Froze policy model parameter: base_model.model.model.vqmodel.decoder.up.1.upsample.conv.weight
  - Froze policy model parameter: base_model.model.model.vqmodel.decoder.up.1.upsample.conv.bias
  - Froze policy model parameter: base_model.model.model.vqmodel.decoder.up.2.block.0.norm1.weight
  - Froze policy model parameter: base_model.model.model.vqmodel.decoder.up.2.block.0.norm1.bias
  - Froze policy model parameter: base_model.model.model.vqmodel.decoder.up.2.block.0.conv1.weight
  - Froze policy model parameter: base_model.model.model.vqmodel.decoder.up.2.block.0.conv1.bias
  - Froze policy model parameter: base_model.model.model.vqmodel.decoder.up.2.block.0.norm2.weight
  - Froze policy model parameter: base_model.model.model.vqmodel.decoder.up.2.block.0.norm2.bias
  - Froze policy model parameter: base_model.model.model.vqmodel.decoder.up.2.block.0.conv2.weight
  - Froze policy model parameter: base_model.model.model.vqmodel.decoder.up.2.block.0.conv2.bias
  - Froze policy model parameter: base_model.model.model.vqmodel.decoder.up.2.block.1.norm1.weight
  - Froze policy model parameter: base_model.model.model.vqmodel.decoder.up.2.block.1.norm1.bias
  - Froze policy model parameter: base_model.model.model.vqmodel.decoder.up.2.block.1.conv1.weight
  - Froze policy model parameter: base_model.model.model.vqmodel.decoder.up.2.block.1.conv1.bias
  - Froze policy model parameter: base_model.model.model.vqmodel.decoder.up.2.block.1.norm2.weight
  - Froze policy model parameter: base_model.model.model.vqmodel.decoder.up.2.block.1.norm2.bias
  - Froze policy model parameter: base_model.model.model.vqmodel.decoder.up.2.block.1.conv2.weight
  - Froze policy model parameter: base_model.model.model.vqmodel.decoder.up.2.block.1.conv2.bias
  - Froze policy model parameter: base_model.model.model.vqmodel.decoder.up.2.block.2.norm1.weight
  - Froze policy model parameter: base_model.model.model.vqmodel.decoder.up.2.block.2.norm1.bias
  - Froze policy model parameter: base_model.model.model.vqmodel.decoder.up.2.block.2.conv1.weight
  - Froze policy model parameter: base_model.model.model.vqmodel.decoder.up.2.block.2.conv1.bias
  - Froze policy model parameter: base_model.model.model.vqmodel.decoder.up.2.block.2.norm2.weight
  - Froze policy model parameter: base_model.model.model.vqmodel.decoder.up.2.block.2.norm2.bias
  - Froze policy model parameter: base_model.model.model.vqmodel.decoder.up.2.block.2.conv2.weight
  - Froze policy model parameter: base_model.model.model.vqmodel.decoder.up.2.block.2.conv2.bias
  - Froze policy model parameter: base_model.model.model.vqmodel.decoder.up.2.upsample.conv.weight
  - Froze policy model parameter: base_model.model.model.vqmodel.decoder.up.2.upsample.conv.bias
  - Froze policy model parameter: base_model.model.model.vqmodel.decoder.up.3.block.0.norm1.weight
  - Froze policy model parameter: base_model.model.model.vqmodel.decoder.up.3.block.0.norm1.bias
  - Froze policy model parameter: base_model.model.model.vqmodel.decoder.up.3.block.0.conv1.weight
  - Froze policy model parameter: base_model.model.model.vqmodel.decoder.up.3.block.0.conv1.bias
  - Froze policy model parameter: base_model.model.model.vqmodel.decoder.up.3.block.0.norm2.weight
  - Froze policy model parameter: base_model.model.model.vqmodel.decoder.up.3.block.0.norm2.bias
  - Froze policy model parameter: base_model.model.model.vqmodel.decoder.up.3.block.0.conv2.weight
  - Froze policy model parameter: base_model.model.model.vqmodel.decoder.up.3.block.0.conv2.bias
  - Froze policy model parameter: base_model.model.model.vqmodel.decoder.up.3.block.0.nin_shortcut.weight
  - Froze policy model parameter: base_model.model.model.vqmodel.decoder.up.3.block.0.nin_shortcut.bias
  - Froze policy model parameter: base_model.model.model.vqmodel.decoder.up.3.block.1.norm1.weight
  - Froze policy model parameter: base_model.model.model.vqmodel.decoder.up.3.block.1.norm1.bias
  - Froze policy model parameter: base_model.model.model.vqmodel.decoder.up.3.block.1.conv1.weight
  - Froze policy model parameter: base_model.model.model.vqmodel.decoder.up.3.block.1.conv1.bias
  - Froze policy model parameter: base_model.model.model.vqmodel.decoder.up.3.block.1.norm2.weight
  - Froze policy model parameter: base_model.model.model.vqmodel.decoder.up.3.block.1.norm2.bias
  - Froze policy model parameter: base_model.model.model.vqmodel.decoder.up.3.block.1.conv2.weight
  - Froze policy model parameter: base_model.model.model.vqmodel.decoder.up.3.block.1.conv2.bias
  - Froze policy model parameter: base_model.model.model.vqmodel.decoder.up.3.block.2.norm1.weight
  - Froze policy model parameter: base_model.model.model.vqmodel.decoder.up.3.block.2.norm1.bias
  - Froze policy model parameter: base_model.model.model.vqmodel.decoder.up.3.block.2.conv1.weight
  - Froze policy model parameter: base_model.model.model.vqmodel.decoder.up.3.block.2.conv1.bias
  - Froze policy model parameter: base_model.model.model.vqmodel.decoder.up.3.block.2.norm2.weight
  - Froze policy model parameter: base_model.model.model.vqmodel.decoder.up.3.block.2.norm2.bias
  - Froze policy model parameter: base_model.model.model.vqmodel.decoder.up.3.block.2.conv2.weight
  - Froze policy model parameter: base_model.model.model.vqmodel.decoder.up.3.block.2.conv2.bias
  - Froze policy model parameter: base_model.model.model.vqmodel.decoder.up.3.upsample.conv.weight
  - Froze policy model parameter: base_model.model.model.vqmodel.decoder.up.3.upsample.conv.bias
  - Froze policy model parameter: base_model.model.model.vqmodel.decoder.up.4.block.0.norm1.weight
  - Froze policy model parameter: base_model.model.model.vqmodel.decoder.up.4.block.0.norm1.bias
  - Froze policy model parameter: base_model.model.model.vqmodel.decoder.up.4.block.0.conv1.weight
  - Froze policy model parameter: base_model.model.model.vqmodel.decoder.up.4.block.0.conv1.bias
  - Froze policy model parameter: base_model.model.model.vqmodel.decoder.up.4.block.0.norm2.weight
  - Froze policy model parameter: base_model.model.model.vqmodel.decoder.up.4.block.0.norm2.bias
  - Froze policy model parameter: base_model.model.model.vqmodel.decoder.up.4.block.0.conv2.weight
  - Froze policy model parameter: base_model.model.model.vqmodel.decoder.up.4.block.0.conv2.bias
  - Froze policy model parameter: base_model.model.model.vqmodel.decoder.up.4.block.1.norm1.weight
  - Froze policy model parameter: base_model.model.model.vqmodel.decoder.up.4.block.1.norm1.bias
  - Froze policy model parameter: base_model.model.model.vqmodel.decoder.up.4.block.1.conv1.weight
  - Froze policy model parameter: base_model.model.model.vqmodel.decoder.up.4.block.1.conv1.bias
  - Froze policy model parameter: base_model.model.model.vqmodel.decoder.up.4.block.1.norm2.weight
  - Froze policy model parameter: base_model.model.model.vqmodel.decoder.up.4.block.1.norm2.bias
  - Froze policy model parameter: base_model.model.model.vqmodel.decoder.up.4.block.1.conv2.weight
  - Froze policy model parameter: base_model.model.model.vqmodel.decoder.up.4.block.1.conv2.bias
  - Froze policy model parameter: base_model.model.model.vqmodel.decoder.up.4.block.2.norm1.weight
  - Froze policy model parameter: base_model.model.model.vqmodel.decoder.up.4.block.2.norm1.bias
  - Froze policy model parameter: base_model.model.model.vqmodel.decoder.up.4.block.2.conv1.weight
  - Froze policy model parameter: base_model.model.model.vqmodel.decoder.up.4.block.2.conv1.bias
  - Froze policy model parameter: base_model.model.model.vqmodel.decoder.up.4.block.2.norm2.weight
  - Froze policy model parameter: base_model.model.model.vqmodel.decoder.up.4.block.2.norm2.bias
  - Froze policy model parameter: base_model.model.model.vqmodel.decoder.up.4.block.2.conv2.weight
  - Froze policy model parameter: base_model.model.model.vqmodel.decoder.up.4.block.2.conv2.bias
  - Froze policy model parameter: base_model.model.model.vqmodel.decoder.up.4.upsample.conv.weight
  - Froze policy model parameter: base_model.model.model.vqmodel.decoder.up.4.upsample.conv.bias
  - Froze policy model parameter: base_model.model.model.vqmodel.decoder.norm_out.weight
  - Froze policy model parameter: base_model.model.model.vqmodel.decoder.norm_out.bias
  - Froze policy model parameter: base_model.model.model.vqmodel.decoder.conv_out.weight
  - Froze policy model parameter: base_model.model.model.vqmodel.decoder.conv_out.bias
  - Froze policy model parameter: base_model.model.model.vqmodel.quantize.embedding.weight
  - Froze policy model parameter: base_model.model.model.vqmodel.quant_conv.weight
  - Froze policy model parameter: base_model.model.model.vqmodel.quant_conv.bias
  - Froze policy model parameter: base_model.model.model.vqmodel.post_quant_conv.weight
  - Froze policy model parameter: base_model.model.model.vqmodel.post_quant_conv.bias
  - Froze policy model parameter: base_model.model.mlp_head.time_embed.mlp.0.weight
  - Froze policy model parameter: base_model.model.mlp_head.time_embed.mlp.0.bias
  - Froze policy model parameter: base_model.model.mlp_head.time_embed.mlp.2.weight
  - Froze policy model parameter: base_model.model.mlp_head.time_embed.mlp.2.bias
  - Froze policy model parameter: base_model.model.mlp_head.cond_embed.weight
  - Froze policy model parameter: base_model.model.mlp_head.cond_embed.bias
  - Froze policy model parameter: base_model.model.mlp_head.input_proj.weight
  - Froze policy model parameter: base_model.model.mlp_head.input_proj.bias
  - Froze policy model parameter: base_model.model.mlp_head.res_blocks.0.in_ln.weight
  - Froze policy model parameter: base_model.model.mlp_head.res_blocks.0.in_ln.bias
  - Froze policy model parameter: base_model.model.mlp_head.res_blocks.0.mlp.0.weight
  - Froze policy model parameter: base_model.model.mlp_head.res_blocks.0.mlp.0.bias
  - Froze policy model parameter: base_model.model.mlp_head.res_blocks.0.mlp.2.weight
  - Froze policy model parameter: base_model.model.mlp_head.res_blocks.0.mlp.2.bias
  - Froze policy model parameter: base_model.model.mlp_head.res_blocks.0.adaLN_modulation.1.weight
  - Froze policy model parameter: base_model.model.mlp_head.res_blocks.0.adaLN_modulation.1.bias
  - Froze policy model parameter: base_model.model.mlp_head.res_blocks.1.in_ln.weight
  - Froze policy model parameter: base_model.model.mlp_head.res_blocks.1.in_ln.bias
  - Froze policy model parameter: base_model.model.mlp_head.res_blocks.1.mlp.0.weight
  - Froze policy model parameter: base_model.model.mlp_head.res_blocks.1.mlp.0.bias
  - Froze policy model parameter: base_model.model.mlp_head.res_blocks.1.mlp.2.weight
  - Froze policy model parameter: base_model.model.mlp_head.res_blocks.1.mlp.2.bias
  - Froze policy model parameter: base_model.model.mlp_head.res_blocks.1.adaLN_modulation.1.weight
  - Froze policy model parameter: base_model.model.mlp_head.res_blocks.1.adaLN_modulation.1.bias
  - Froze policy model parameter: base_model.model.mlp_head.res_blocks.2.in_ln.weight
  - Froze policy model parameter: base_model.model.mlp_head.res_blocks.2.in_ln.bias
  - Froze policy model parameter: base_model.model.mlp_head.res_blocks.2.mlp.0.weight
  - Froze policy model parameter: base_model.model.mlp_head.res_blocks.2.mlp.0.bias
  - Froze policy model parameter: base_model.model.mlp_head.res_blocks.2.mlp.2.weight
  - Froze policy model parameter: base_model.model.mlp_head.res_blocks.2.mlp.2.bias
  - Froze policy model parameter: base_model.model.mlp_head.res_blocks.2.adaLN_modulation.1.weight
  - Froze policy model parameter: base_model.model.mlp_head.res_blocks.2.adaLN_modulation.1.bias
  - Froze policy model parameter: base_model.model.mlp_head.final_layer.linear.weight
  - Froze policy model parameter: base_model.model.mlp_head.final_layer.linear.bias
  - Froze policy model parameter: base_model.model.mlp_head.final_layer.adaLN_modulation.1.weight
  - Froze policy model parameter: base_model.model.mlp_head.final_layer.adaLN_modulation.1.bias
Model parts frozen.
`torch_dtype` is deprecated! Use `dtype` instead!
Loaded 2 reward functions: ['answer_correctness_reward', 'format_reward']
Trainer initialized.
--- [Step 3/3] Starting GRPO training... ---
Loading checkpoint shards:   0%|          | 0/3 [00:00<?, ?it/s]LoRA 已启用：trainable params=16777216 / total params=7151239811
Enabling policy gradient checkpointing (use_reentrant=False).
Diffusion MLP gradient checkpointing disabled.
Freezing non-trainable parts of the model...
  - Froze policy model parameter: base_model.model.model.vqmodel.encoder.conv_in.weight
  - Froze policy model parameter: base_model.model.model.vqmodel.encoder.conv_in.bias
  - Froze policy model parameter: base_model.model.model.vqmodel.encoder.down.0.block.0.norm1.weight
  - Froze policy model parameter: base_model.model.model.vqmodel.encoder.down.0.block.0.norm1.bias
  - Froze policy model parameter: base_model.model.model.vqmodel.encoder.down.0.block.0.conv1.weight
  - Froze policy model parameter: base_model.model.model.vqmodel.encoder.down.0.block.0.conv1.bias
  - Froze policy model parameter: base_model.model.model.vqmodel.encoder.down.0.block.0.norm2.weight
  - Froze policy model parameter: base_model.model.model.vqmodel.encoder.down.0.block.0.norm2.bias
  - Froze policy model parameter: base_model.model.model.vqmodel.encoder.down.0.block.0.conv2.weight
  - Froze policy model parameter: base_model.model.model.vqmodel.encoder.down.0.block.0.conv2.bias
  - Froze policy model parameter: base_model.model.model.vqmodel.encoder.down.0.block.1.norm1.weight
  - Froze policy model parameter: base_model.model.model.vqmodel.encoder.down.0.block.1.norm1.bias
  - Froze policy model parameter: base_model.model.model.vqmodel.encoder.down.0.block.1.conv1.weight
  - Froze policy model parameter: base_model.model.model.vqmodel.encoder.down.0.block.1.conv1.bias
  - Froze policy model parameter: base_model.model.model.vqmodel.encoder.down.0.block.1.norm2.weight
  - Froze policy model parameter: base_model.model.model.vqmodel.encoder.down.0.block.1.norm2.bias
  - Froze policy model parameter: base_model.model.model.vqmodel.encoder.down.0.block.1.conv2.weight
  - Froze policy model parameter: base_model.model.model.vqmodel.encoder.down.0.block.1.conv2.bias
  - Froze policy model parameter: base_model.model.model.vqmodel.encoder.down.0.downsample.conv.weight
  - Froze policy model parameter: base_model.model.model.vqmodel.encoder.down.0.downsample.conv.bias
  - Froze policy model parameter: base_model.model.model.vqmodel.encoder.down.1.block.0.norm1.weight
  - Froze policy model parameter: base_model.model.model.vqmodel.encoder.down.1.block.0.norm1.bias
  - Froze policy model parameter: base_model.model.model.vqmodel.encoder.down.1.block.0.conv1.weight
  - Froze policy model parameter: base_model.model.model.vqmodel.encoder.down.1.block.0.conv1.bias
  - Froze policy model parameter: base_model.model.model.vqmodel.encoder.down.1.block.0.norm2.weight
  - Froze policy model parameter: base_model.model.model.vqmodel.encoder.down.1.block.0.norm2.bias
  - Froze policy model parameter: base_model.model.model.vqmodel.encoder.down.1.block.0.conv2.weight
  - Froze policy model parameter: base_model.model.model.vqmodel.encoder.down.1.block.0.conv2.bias
  - Froze policy model parameter: base_model.model.model.vqmodel.encoder.down.1.block.1.norm1.weight
  - Froze policy model parameter: base_model.model.model.vqmodel.encoder.down.1.block.1.norm1.bias
  - Froze policy model parameter: base_model.model.model.vqmodel.encoder.down.1.block.1.conv1.weight
  - Froze policy model parameter: base_model.model.model.vqmodel.encoder.down.1.block.1.conv1.bias
  - Froze policy model parameter: base_model.model.model.vqmodel.encoder.down.1.block.1.norm2.weight
  - Froze policy model parameter: base_model.model.model.vqmodel.encoder.down.1.block.1.norm2.bias
  - Froze policy model parameter: base_model.model.model.vqmodel.encoder.down.1.block.1.conv2.weight
  - Froze policy model parameter: base_model.model.model.vqmodel.encoder.down.1.block.1.conv2.bias
  - Froze policy model parameter: base_model.model.model.vqmodel.encoder.down.1.downsample.conv.weight
  - Froze policy model parameter: base_model.model.model.vqmodel.encoder.down.1.downsample.conv.bias
  - Froze policy model parameter: base_model.model.model.vqmodel.encoder.down.2.block.0.norm1.weight
  - Froze policy model parameter: base_model.model.model.vqmodel.encoder.down.2.block.0.norm1.bias
  - Froze policy model parameter: base_model.model.model.vqmodel.encoder.down.2.block.0.conv1.weight
  - Froze policy model parameter: base_model.model.model.vqmodel.encoder.down.2.block.0.conv1.bias
  - Froze policy model parameter: base_model.model.model.vqmodel.encoder.down.2.block.0.norm2.weight
  - Froze policy model parameter: base_model.model.model.vqmodel.encoder.down.2.block.0.norm2.bias
  - Froze policy model parameter: base_model.model.model.vqmodel.encoder.down.2.block.0.conv2.weight
  - Froze policy model parameter: base_model.model.model.vqmodel.encoder.down.2.block.0.conv2.bias
  - Froze policy model parameter: base_model.model.model.vqmodel.encoder.down.2.block.0.nin_shortcut.weight
  - Froze policy model parameter: base_model.model.model.vqmodel.encoder.down.2.block.0.nin_shortcut.bias
  - Froze policy model parameter: base_model.model.model.vqmodel.encoder.down.2.block.1.norm1.weight
  - Froze policy model parameter: base_model.model.model.vqmodel.encoder.down.2.block.1.norm1.bias
  - Froze policy model parameter: base_model.model.model.vqmodel.encoder.down.2.block.1.conv1.weight
  - Froze policy model parameter: base_model.model.model.vqmodel.encoder.down.2.block.1.conv1.bias
  - Froze policy model parameter: base_model.model.model.vqmodel.encoder.down.2.block.1.norm2.weight
  - Froze policy model parameter: base_model.model.model.vqmodel.encoder.down.2.block.1.norm2.bias
  - Froze policy model parameter: base_model.model.model.vqmodel.encoder.down.2.block.1.conv2.weight
  - Froze policy model parameter: base_model.model.model.vqmodel.encoder.down.2.block.1.conv2.bias
  - Froze policy model parameter: base_model.model.model.vqmodel.encoder.down.2.downsample.conv.weight
  - Froze policy model parameter: base_model.model.model.vqmodel.encoder.down.2.downsample.conv.bias
  - Froze policy model parameter: base_model.model.model.vqmodel.encoder.down.3.block.0.norm1.weight
  - Froze policy model parameter: base_model.model.model.vqmodel.encoder.down.3.block.0.norm1.bias
  - Froze policy model parameter: base_model.model.model.vqmodel.encoder.down.3.block.0.conv1.weight
  - Froze policy model parameter: base_model.model.model.vqmodel.encoder.down.3.block.0.conv1.bias
  - Froze policy model parameter: base_model.model.model.vqmodel.encoder.down.3.block.0.norm2.weight
  - Froze policy model parameter: base_model.model.model.vqmodel.encoder.down.3.block.0.norm2.bias
  - Froze policy model parameter: base_model.model.model.vqmodel.encoder.down.3.block.0.conv2.weight
  - Froze policy model parameter: base_model.model.model.vqmodel.encoder.down.3.block.0.conv2.bias
  - Froze policy model parameter: base_model.model.model.vqmodel.encoder.down.3.block.1.norm1.weight
  - Froze policy model parameter: base_model.model.model.vqmodel.encoder.down.3.block.1.norm1.bias
  - Froze policy model parameter: base_model.model.model.vqmodel.encoder.down.3.block.1.conv1.weight
  - Froze policy model parameter: base_model.model.model.vqmodel.encoder.down.3.block.1.conv1.bias
  - Froze policy model parameter: base_model.model.model.vqmodel.encoder.down.3.block.1.norm2.weight
  - Froze policy model parameter: base_model.model.model.vqmodel.encoder.down.3.block.1.norm2.bias
  - Froze policy model parameter: base_model.model.model.vqmodel.encoder.down.3.block.1.conv2.weight
  - Froze policy model parameter: base_model.model.model.vqmodel.encoder.down.3.block.1.conv2.bias
  - Froze policy model parameter: base_model.model.model.vqmodel.encoder.down.3.downsample.conv.weight
  - Froze policy model parameter: base_model.model.model.vqmodel.encoder.down.3.downsample.conv.bias
  - Froze policy model parameter: base_model.model.model.vqmodel.encoder.down.4.block.0.norm1.weight
  - Froze policy model parameter: base_model.model.model.vqmodel.encoder.down.4.block.0.norm1.bias
  - Froze policy model parameter: base_model.model.model.vqmodel.encoder.down.4.block.0.conv1.weight
  - Froze policy model parameter: base_model.model.model.vqmodel.encoder.down.4.block.0.conv1.bias
  - Froze policy model parameter: base_model.model.model.vqmodel.encoder.down.4.block.0.norm2.weight
  - Froze policy model parameter: base_model.model.model.vqmodel.encoder.down.4.block.0.norm2.bias
  - Froze policy model parameter: base_model.model.model.vqmodel.encoder.down.4.block.0.conv2.weight
  - Froze policy model parameter: base_model.model.model.vqmodel.encoder.down.4.block.0.conv2.bias
  - Froze policy model parameter: base_model.model.model.vqmodel.encoder.down.4.block.0.nin_shortcut.weight
  - Froze policy model parameter: base_model.model.model.vqmodel.encoder.down.4.block.0.nin_shortcut.bias
  - Froze policy model parameter: base_model.model.model.vqmodel.encoder.down.4.block.1.norm1.weight
  - Froze policy model parameter: base_model.model.model.vqmodel.encoder.down.4.block.1.norm1.bias
  - Froze policy model parameter: base_model.model.model.vqmodel.encoder.down.4.block.1.conv1.weight
  - Froze policy model parameter: base_model.model.model.vqmodel.encoder.down.4.block.1.conv1.bias
  - Froze policy model parameter: base_model.model.model.vqmodel.encoder.down.4.block.1.norm2.weight
  - Froze policy model parameter: base_model.model.model.vqmodel.encoder.down.4.block.1.norm2.bias
  - Froze policy model parameter: base_model.model.model.vqmodel.encoder.down.4.block.1.conv2.weight
  - Froze policy model parameter: base_model.model.model.vqmodel.encoder.down.4.block.1.conv2.bias
  - Froze policy model parameter: base_model.model.model.vqmodel.encoder.mid.block_1.norm1.weight
  - Froze policy model parameter: base_model.model.model.vqmodel.encoder.mid.block_1.norm1.bias
  - Froze policy model parameter: base_model.model.model.vqmodel.encoder.mid.block_1.conv1.weight
  - Froze policy model parameter: base_model.model.model.vqmodel.encoder.mid.block_1.conv1.bias
  - Froze policy model parameter: base_model.model.model.vqmodel.encoder.mid.block_1.norm2.weight
  - Froze policy model parameter: base_model.model.model.vqmodel.encoder.mid.block_1.norm2.bias
  - Froze policy model parameter: base_model.model.model.vqmodel.encoder.mid.block_1.conv2.weight
  - Froze policy model parameter: base_model.model.model.vqmodel.encoder.mid.block_1.conv2.bias
  - Froze policy model parameter: base_model.model.model.vqmodel.encoder.mid.attn_1.norm.weight
  - Froze policy model parameter: base_model.model.model.vqmodel.encoder.mid.attn_1.norm.bias
  - Froze policy model parameter: base_model.model.model.vqmodel.encoder.mid.attn_1.q.weight
  - Froze policy model parameter: base_model.model.model.vqmodel.encoder.mid.attn_1.q.bias
  - Froze policy model parameter: base_model.model.model.vqmodel.encoder.mid.attn_1.k.weight
  - Froze policy model parameter: base_model.model.model.vqmodel.encoder.mid.attn_1.k.bias
  - Froze policy model parameter: base_model.model.model.vqmodel.encoder.mid.attn_1.v.weight
  - Froze policy model parameter: base_model.model.model.vqmodel.encoder.mid.attn_1.v.bias
  - Froze policy model parameter: base_model.model.model.vqmodel.encoder.mid.attn_1.proj_out.weight
  - Froze policy model parameter: base_model.model.model.vqmodel.encoder.mid.attn_1.proj_out.bias
  - Froze policy model parameter: base_model.model.model.vqmodel.encoder.mid.block_2.norm1.weight
  - Froze policy model parameter: base_model.model.model.vqmodel.encoder.mid.block_2.norm1.bias
  - Froze policy model parameter: base_model.model.model.vqmodel.encoder.mid.block_2.conv1.weight
  - Froze policy model parameter: base_model.model.model.vqmodel.encoder.mid.block_2.conv1.bias
  - Froze policy model parameter: base_model.model.model.vqmodel.encoder.mid.block_2.norm2.weight
  - Froze policy model parameter: base_model.model.model.vqmodel.encoder.mid.block_2.norm2.bias
  - Froze policy model parameter: base_model.model.model.vqmodel.encoder.mid.block_2.conv2.weight
  - Froze policy model parameter: base_model.model.model.vqmodel.encoder.mid.block_2.conv2.bias
  - Froze policy model parameter: base_model.model.model.vqmodel.encoder.norm_out.weight
  - Froze policy model parameter: base_model.model.model.vqmodel.encoder.norm_out.bias
  - Froze policy model parameter: base_model.model.model.vqmodel.encoder.conv_out.weight
  - Froze policy model parameter: base_model.model.model.vqmodel.encoder.conv_out.bias
  - Froze policy model parameter: base_model.model.model.vqmodel.decoder.conv_in.weight
  - Froze policy model parameter: base_model.model.model.vqmodel.decoder.conv_in.bias
  - Froze policy model parameter: base_model.model.model.vqmodel.decoder.mid.block_1.norm1.weight
  - Froze policy model parameter: base_model.model.model.vqmodel.decoder.mid.block_1.norm1.bias
  - Froze policy model parameter: base_model.model.model.vqmodel.decoder.mid.block_1.conv1.weight
  - Froze policy model parameter: base_model.model.model.vqmodel.decoder.mid.block_1.conv1.bias
  - Froze policy model parameter: base_model.model.model.vqmodel.decoder.mid.block_1.norm2.weight
  - Froze policy model parameter: base_model.model.model.vqmodel.decoder.mid.block_1.norm2.bias
  - Froze policy model parameter: base_model.model.model.vqmodel.decoder.mid.block_1.conv2.weight
  - Froze policy model parameter: base_model.model.model.vqmodel.decoder.mid.block_1.conv2.bias
  - Froze policy model parameter: base_model.model.model.vqmodel.decoder.mid.attn_1.norm.weight
  - Froze policy model parameter: base_model.model.model.vqmodel.decoder.mid.attn_1.norm.bias
  - Froze policy model parameter: base_model.model.model.vqmodel.decoder.mid.attn_1.q.weight
  - Froze policy model parameter: base_model.model.model.vqmodel.decoder.mid.attn_1.q.bias
  - Froze policy model parameter: base_model.model.model.vqmodel.decoder.mid.attn_1.k.weight
  - Froze policy model parameter: base_model.model.model.vqmodel.decoder.mid.attn_1.k.bias
  - Froze policy model parameter: base_model.model.model.vqmodel.decoder.mid.attn_1.v.weight
  - Froze policy model parameter: base_model.model.model.vqmodel.decoder.mid.attn_1.v.bias
  - Froze policy model parameter: base_model.model.model.vqmodel.decoder.mid.attn_1.proj_out.weight
  - Froze policy model parameter: base_model.model.model.vqmodel.decoder.mid.attn_1.proj_out.bias
  - Froze policy model parameter: base_model.model.model.vqmodel.decoder.mid.block_2.norm1.weight
  - Froze policy model parameter: base_model.model.model.vqmodel.decoder.mid.block_2.norm1.bias
  - Froze policy model parameter: base_model.model.model.vqmodel.decoder.mid.block_2.conv1.weight
  - Froze policy model parameter: base_model.model.model.vqmodel.decoder.mid.block_2.conv1.bias
  - Froze policy model parameter: base_model.model.model.vqmodel.decoder.mid.block_2.norm2.weight
  - Froze policy model parameter: base_model.model.model.vqmodel.decoder.mid.block_2.norm2.bias
  - Froze policy model parameter: base_model.model.model.vqmodel.decoder.mid.block_2.conv2.weight
  - Froze policy model parameter: base_model.model.model.vqmodel.decoder.mid.block_2.conv2.bias
  - Froze policy model parameter: base_model.model.model.vqmodel.decoder.up.0.block.0.norm1.weight
  - Froze policy model parameter: base_model.model.model.vqmodel.decoder.up.0.block.0.norm1.bias
  - Froze policy model parameter: base_model.model.model.vqmodel.decoder.up.0.block.0.conv1.weight
  - Froze policy model parameter: base_model.model.model.vqmodel.decoder.up.0.block.0.conv1.bias
  - Froze policy model parameter: base_model.model.model.vqmodel.decoder.up.0.block.0.norm2.weight
  - Froze policy model parameter: base_model.model.model.vqmodel.decoder.up.0.block.0.norm2.bias
  - Froze policy model parameter: base_model.model.model.vqmodel.decoder.up.0.block.0.conv2.weight
  - Froze policy model parameter: base_model.model.model.vqmodel.decoder.up.0.block.0.conv2.bias
  - Froze policy model parameter: base_model.model.model.vqmodel.decoder.up.0.block.1.norm1.weight
  - Froze policy model parameter: base_model.model.model.vqmodel.decoder.up.0.block.1.norm1.bias
  - Froze policy model parameter: base_model.model.model.vqmodel.decoder.up.0.block.1.conv1.weight
  - Froze policy model parameter: base_model.model.model.vqmodel.decoder.up.0.block.1.conv1.bias
  - Froze policy model parameter: base_model.model.model.vqmodel.decoder.up.0.block.1.norm2.weight
  - Froze policy model parameter: base_model.model.model.vqmodel.decoder.up.0.block.1.norm2.bias
  - Froze policy model parameter: base_model.model.model.vqmodel.decoder.up.0.block.1.conv2.weight
  - Froze policy model parameter: base_model.model.model.vqmodel.decoder.up.0.block.1.conv2.bias
  - Froze policy model parameter: base_model.model.model.vqmodel.decoder.up.0.block.2.norm1.weight
  - Froze policy model parameter: base_model.model.model.vqmodel.decoder.up.0.block.2.norm1.bias
  - Froze policy model parameter: base_model.model.model.vqmodel.decoder.up.0.block.2.conv1.weight
  - Froze policy model parameter: base_model.model.model.vqmodel.decoder.up.0.block.2.conv1.bias
  - Froze policy model parameter: base_model.model.model.vqmodel.decoder.up.0.block.2.norm2.weight
  - Froze policy model parameter: base_model.model.model.vqmodel.decoder.up.0.block.2.norm2.bias
  - Froze policy model parameter: base_model.model.model.vqmodel.decoder.up.0.block.2.conv2.weight
  - Froze policy model parameter: base_model.model.model.vqmodel.decoder.up.0.block.2.conv2.bias
  - Froze policy model parameter: base_model.model.model.vqmodel.decoder.up.1.block.0.norm1.weight
  - Froze policy model parameter: base_model.model.model.vqmodel.decoder.up.1.block.0.norm1.bias
  - Froze policy model parameter: base_model.model.model.vqmodel.decoder.up.1.block.0.conv1.weight
  - Froze policy model parameter: base_model.model.model.vqmodel.decoder.up.1.block.0.conv1.bias
  - Froze policy model parameter: base_model.model.model.vqmodel.decoder.up.1.block.0.norm2.weight
  - Froze policy model parameter: base_model.model.model.vqmodel.decoder.up.1.block.0.norm2.bias
  - Froze policy model parameter: base_model.model.model.vqmodel.decoder.up.1.block.0.conv2.weight
  - Froze policy model parameter: base_model.model.model.vqmodel.decoder.up.1.block.0.conv2.bias
  - Froze policy model parameter: base_model.model.model.vqmodel.decoder.up.1.block.0.nin_shortcut.weight
  - Froze policy model parameter: base_model.model.model.vqmodel.decoder.up.1.block.0.nin_shortcut.bias
  - Froze policy model parameter: base_model.model.model.vqmodel.decoder.up.1.block.1.norm1.weight
  - Froze policy model parameter: base_model.model.model.vqmodel.decoder.up.1.block.1.norm1.bias
  - Froze policy model parameter: base_model.model.model.vqmodel.decoder.up.1.block.1.conv1.weight
  - Froze policy model parameter: base_model.model.model.vqmodel.decoder.up.1.block.1.conv1.bias
  - Froze policy model parameter: base_model.model.model.vqmodel.decoder.up.1.block.1.norm2.weight
  - Froze policy model parameter: base_model.model.model.vqmodel.decoder.up.1.block.1.norm2.bias
  - Froze policy model parameter: base_model.model.model.vqmodel.decoder.up.1.block.1.conv2.weight
  - Froze policy model parameter: base_model.model.model.vqmodel.decoder.up.1.block.1.conv2.bias
  - Froze policy model parameter: base_model.model.model.vqmodel.decoder.up.1.block.2.norm1.weight
  - Froze policy model parameter: base_model.model.model.vqmodel.decoder.up.1.block.2.norm1.bias
  - Froze policy model parameter: base_model.model.model.vqmodel.decoder.up.1.block.2.conv1.weight
  - Froze policy model parameter: base_model.model.model.vqmodel.decoder.up.1.block.2.conv1.bias
  - Froze policy model parameter: base_model.model.model.vqmodel.decoder.up.1.block.2.norm2.weight
  - Froze policy model parameter: base_model.model.model.vqmodel.decoder.up.1.block.2.norm2.bias
  - Froze policy model parameter: base_model.model.model.vqmodel.decoder.up.1.block.2.conv2.weight
  - Froze policy model parameter: base_model.model.model.vqmodel.decoder.up.1.block.2.conv2.bias
  - Froze policy model parameter: base_model.model.model.vqmodel.decoder.up.1.upsample.conv.weight
  - Froze policy model parameter: base_model.model.model.vqmodel.decoder.up.1.upsample.conv.bias
  - Froze policy model parameter: base_model.model.model.vqmodel.decoder.up.2.block.0.norm1.weight
  - Froze policy model parameter: base_model.model.model.vqmodel.decoder.up.2.block.0.norm1.bias
  - Froze policy model parameter: base_model.model.model.vqmodel.decoder.up.2.block.0.conv1.weight
  - Froze policy model parameter: base_model.model.model.vqmodel.decoder.up.2.block.0.conv1.bias
  - Froze policy model parameter: base_model.model.model.vqmodel.decoder.up.2.block.0.norm2.weight
  - Froze policy model parameter: base_model.model.model.vqmodel.decoder.up.2.block.0.norm2.bias
  - Froze policy model parameter: base_model.model.model.vqmodel.decoder.up.2.block.0.conv2.weight
  - Froze policy model parameter: base_model.model.model.vqmodel.decoder.up.2.block.0.conv2.bias
  - Froze policy model parameter: base_model.model.model.vqmodel.decoder.up.2.block.1.norm1.weight
  - Froze policy model parameter: base_model.model.model.vqmodel.decoder.up.2.block.1.norm1.bias
  - Froze policy model parameter: base_model.model.model.vqmodel.decoder.up.2.block.1.conv1.weight
  - Froze policy model parameter: base_model.model.model.vqmodel.decoder.up.2.block.1.conv1.bias
  - Froze policy model parameter: base_model.model.model.vqmodel.decoder.up.2.block.1.norm2.weight
  - Froze policy model parameter: base_model.model.model.vqmodel.decoder.up.2.block.1.norm2.bias
  - Froze policy model parameter: base_model.model.model.vqmodel.decoder.up.2.block.1.conv2.weight
  - Froze policy model parameter: base_model.model.model.vqmodel.decoder.up.2.block.1.conv2.bias
  - Froze policy model parameter: base_model.model.model.vqmodel.decoder.up.2.block.2.norm1.weight
  - Froze policy model parameter: base_model.model.model.vqmodel.decoder.up.2.block.2.norm1.bias
  - Froze policy model parameter: base_model.model.model.vqmodel.decoder.up.2.block.2.conv1.weight
  - Froze policy model parameter: base_model.model.model.vqmodel.decoder.up.2.block.2.conv1.bias
  - Froze policy model parameter: base_model.model.model.vqmodel.decoder.up.2.block.2.norm2.weight
  - Froze policy model parameter: base_model.model.model.vqmodel.decoder.up.2.block.2.norm2.bias
  - Froze policy model parameter: base_model.model.model.vqmodel.decoder.up.2.block.2.conv2.weight
  - Froze policy model parameter: base_model.model.model.vqmodel.decoder.up.2.block.2.conv2.bias
  - Froze policy model parameter: base_model.model.model.vqmodel.decoder.up.2.upsample.conv.weight
  - Froze policy model parameter: base_model.model.model.vqmodel.decoder.up.2.upsample.conv.bias
  - Froze policy model parameter: base_model.model.model.vqmodel.decoder.up.3.block.0.norm1.weight
  - Froze policy model parameter: base_model.model.model.vqmodel.decoder.up.3.block.0.norm1.bias
  - Froze policy model parameter: base_model.model.model.vqmodel.decoder.up.3.block.0.conv1.weight
  - Froze policy model parameter: base_model.model.model.vqmodel.decoder.up.3.block.0.conv1.bias
  - Froze policy model parameter: base_model.model.model.vqmodel.decoder.up.3.block.0.norm2.weight
  - Froze policy model parameter: base_model.model.model.vqmodel.decoder.up.3.block.0.norm2.bias
  - Froze policy model parameter: base_model.model.model.vqmodel.decoder.up.3.block.0.conv2.weight
  - Froze policy model parameter: base_model.model.model.vqmodel.decoder.up.3.block.0.conv2.bias
  - Froze policy model parameter: base_model.model.model.vqmodel.decoder.up.3.block.0.nin_shortcut.weight
  - Froze policy model parameter: base_model.model.model.vqmodel.decoder.up.3.block.0.nin_shortcut.bias
  - Froze policy model parameter: base_model.model.model.vqmodel.decoder.up.3.block.1.norm1.weight
  - Froze policy model parameter: base_model.model.model.vqmodel.decoder.up.3.block.1.norm1.bias
  - Froze policy model parameter: base_model.model.model.vqmodel.decoder.up.3.block.1.conv1.weight
  - Froze policy model parameter: base_model.model.model.vqmodel.decoder.up.3.block.1.conv1.bias
  - Froze policy model parameter: base_model.model.model.vqmodel.decoder.up.3.block.1.norm2.weight
  - Froze policy model parameter: base_model.model.model.vqmodel.decoder.up.3.block.1.norm2.bias
  - Froze policy model parameter: base_model.model.model.vqmodel.decoder.up.3.block.1.conv2.weight
  - Froze policy model parameter: base_model.model.model.vqmodel.decoder.up.3.block.1.conv2.bias
  - Froze policy model parameter: base_model.model.model.vqmodel.decoder.up.3.block.2.norm1.weight
  - Froze policy model parameter: base_model.model.model.vqmodel.decoder.up.3.block.2.norm1.bias
  - Froze policy model parameter: base_model.model.model.vqmodel.decoder.up.3.block.2.conv1.weight
  - Froze policy model parameter: base_model.model.model.vqmodel.decoder.up.3.block.2.conv1.bias
  - Froze policy model parameter: base_model.model.model.vqmodel.decoder.up.3.block.2.norm2.weight
  - Froze policy model parameter: base_model.model.model.vqmodel.decoder.up.3.block.2.norm2.bias
  - Froze policy model parameter: base_model.model.model.vqmodel.decoder.up.3.block.2.conv2.weight
  - Froze policy model parameter: base_model.model.model.vqmodel.decoder.up.3.block.2.conv2.bias
  - Froze policy model parameter: base_model.model.model.vqmodel.decoder.up.3.upsample.conv.weight
  - Froze policy model parameter: base_model.model.model.vqmodel.decoder.up.3.upsample.conv.bias
  - Froze policy model parameter: base_model.model.model.vqmodel.decoder.up.4.block.0.norm1.weight
  - Froze policy model parameter: base_model.model.model.vqmodel.decoder.up.4.block.0.norm1.bias
  - Froze policy model parameter: base_model.model.model.vqmodel.decoder.up.4.block.0.conv1.weight
  - Froze policy model parameter: base_model.model.model.vqmodel.decoder.up.4.block.0.conv1.bias
  - Froze policy model parameter: base_model.model.model.vqmodel.decoder.up.4.block.0.norm2.weight
  - Froze policy model parameter: base_model.model.model.vqmodel.decoder.up.4.block.0.norm2.bias
  - Froze policy model parameter: base_model.model.model.vqmodel.decoder.up.4.block.0.conv2.weight
  - Froze policy model parameter: base_model.model.model.vqmodel.decoder.up.4.block.0.conv2.bias
  - Froze policy model parameter: base_model.model.model.vqmodel.decoder.up.4.block.1.norm1.weight
  - Froze policy model parameter: base_model.model.model.vqmodel.decoder.up.4.block.1.norm1.bias
  - Froze policy model parameter: base_model.model.model.vqmodel.decoder.up.4.block.1.conv1.weight
  - Froze policy model parameter: base_model.model.model.vqmodel.decoder.up.4.block.1.conv1.bias
  - Froze policy model parameter: base_model.model.model.vqmodel.decoder.up.4.block.1.norm2.weight
  - Froze policy model parameter: base_model.model.model.vqmodel.decoder.up.4.block.1.norm2.bias
  - Froze policy model parameter: base_model.model.model.vqmodel.decoder.up.4.block.1.conv2.weight
  - Froze policy model parameter: base_model.model.model.vqmodel.decoder.up.4.block.1.conv2.bias
  - Froze policy model parameter: base_model.model.model.vqmodel.decoder.up.4.block.2.norm1.weight
  - Froze policy model parameter: base_model.model.model.vqmodel.decoder.up.4.block.2.norm1.bias
  - Froze policy model parameter: base_model.model.model.vqmodel.decoder.up.4.block.2.conv1.weight
  - Froze policy model parameter: base_model.model.model.vqmodel.decoder.up.4.block.2.conv1.bias
  - Froze policy model parameter: base_model.model.model.vqmodel.decoder.up.4.block.2.norm2.weight
  - Froze policy model parameter: base_model.model.model.vqmodel.decoder.up.4.block.2.norm2.bias
  - Froze policy model parameter: base_model.model.model.vqmodel.decoder.up.4.block.2.conv2.weight
  - Froze policy model parameter: base_model.model.model.vqmodel.decoder.up.4.block.2.conv2.bias
  - Froze policy model parameter: base_model.model.model.vqmodel.decoder.up.4.upsample.conv.weight
  - Froze policy model parameter: base_model.model.model.vqmodel.decoder.up.4.upsample.conv.bias
  - Froze policy model parameter: base_model.model.model.vqmodel.decoder.norm_out.weight
  - Froze policy model parameter: base_model.model.model.vqmodel.decoder.norm_out.bias
  - Froze policy model parameter: base_model.model.model.vqmodel.decoder.conv_out.weight
  - Froze policy model parameter: base_model.model.model.vqmodel.decoder.conv_out.bias
  - Froze policy model parameter: base_model.model.model.vqmodel.quantize.embedding.weight
  - Froze policy model parameter: base_model.model.model.vqmodel.quant_conv.weight
  - Froze policy model parameter: base_model.model.model.vqmodel.quant_conv.bias
  - Froze policy model parameter: base_model.model.model.vqmodel.post_quant_conv.weight
  - Froze policy model parameter: base_model.model.model.vqmodel.post_quant_conv.bias
  - Froze policy model parameter: base_model.model.mlp_head.time_embed.mlp.0.weight
  - Froze policy model parameter: base_model.model.mlp_head.time_embed.mlp.0.bias
  - Froze policy model parameter: base_model.model.mlp_head.time_embed.mlp.2.weight
  - Froze policy model parameter: base_model.model.mlp_head.time_embed.mlp.2.bias
  - Froze policy model parameter: base_model.model.mlp_head.cond_embed.weight
  - Froze policy model parameter: base_model.model.mlp_head.cond_embed.bias
  - Froze policy model parameter: base_model.model.mlp_head.input_proj.weight
  - Froze policy model parameter: base_model.model.mlp_head.input_proj.bias
  - Froze policy model parameter: base_model.model.mlp_head.res_blocks.0.in_ln.weight
  - Froze policy model parameter: base_model.model.mlp_head.res_blocks.0.in_ln.bias
  - Froze policy model parameter: base_model.model.mlp_head.res_blocks.0.mlp.0.weight
  - Froze policy model parameter: base_model.model.mlp_head.res_blocks.0.mlp.0.bias
  - Froze policy model parameter: base_model.model.mlp_head.res_blocks.0.mlp.2.weight
  - Froze policy model parameter: base_model.model.mlp_head.res_blocks.0.mlp.2.bias
  - Froze policy model parameter: base_model.model.mlp_head.res_blocks.0.adaLN_modulation.1.weight
  - Froze policy model parameter: base_model.model.mlp_head.res_blocks.0.adaLN_modulation.1.bias
  - Froze policy model parameter: base_model.model.mlp_head.res_blocks.1.in_ln.weight
  - Froze policy model parameter: base_model.model.mlp_head.res_blocks.1.in_ln.bias
  - Froze policy model parameter: base_model.model.mlp_head.res_blocks.1.mlp.0.weight
  - Froze policy model parameter: base_model.model.mlp_head.res_blocks.1.mlp.0.bias
  - Froze policy model parameter: base_model.model.mlp_head.res_blocks.1.mlp.2.weight
  - Froze policy model parameter: base_model.model.mlp_head.res_blocks.1.mlp.2.bias
  - Froze policy model parameter: base_model.model.mlp_head.res_blocks.1.adaLN_modulation.1.weight
  - Froze policy model parameter: base_model.model.mlp_head.res_blocks.1.adaLN_modulation.1.bias
  - Froze policy model parameter: base_model.model.mlp_head.res_blocks.2.in_ln.weight
  - Froze policy model parameter: base_model.model.mlp_head.res_blocks.2.in_ln.bias
  - Froze policy model parameter: base_model.model.mlp_head.res_blocks.2.mlp.0.weight
  - Froze policy model parameter: base_model.model.mlp_head.res_blocks.2.mlp.0.bias
  - Froze policy model parameter: base_model.model.mlp_head.res_blocks.2.mlp.2.weight
  - Froze policy model parameter: base_model.model.mlp_head.res_blocks.2.mlp.2.bias
  - Froze policy model parameter: base_model.model.mlp_head.res_blocks.2.adaLN_modulation.1.weight
  - Froze policy model parameter: base_model.model.mlp_head.res_blocks.2.adaLN_modulation.1.bias
  - Froze policy model parameter: base_model.model.mlp_head.final_layer.linear.weight
  - Froze policy model parameter: base_model.model.mlp_head.final_layer.linear.bias
  - Froze policy model parameter: base_model.model.mlp_head.final_layer.adaLN_modulation.1.weight
  - Froze policy model parameter: base_model.model.mlp_head.final_layer.adaLN_modulation.1.bias
Model parts frozen.
LoRA 已启用：trainable params=16777216 / total params=7151239811
Enabling policy gradient checkpointing (use_reentrant=False).
Diffusion MLP gradient checkpointing disabled.
Freezing non-trainable parts of the model...
  - Froze policy model parameter: base_model.model.model.vqmodel.encoder.conv_in.weight
  - Froze policy model parameter: base_model.model.model.vqmodel.encoder.conv_in.bias
  - Froze policy model parameter: base_model.model.model.vqmodel.encoder.down.0.block.0.norm1.weight
  - Froze policy model parameter: base_model.model.model.vqmodel.encoder.down.0.block.0.norm1.bias
  - Froze policy model parameter: base_model.model.model.vqmodel.encoder.down.0.block.0.conv1.weight
  - Froze policy model parameter: base_model.model.model.vqmodel.encoder.down.0.block.0.conv1.bias
  - Froze policy model parameter: base_model.model.model.vqmodel.encoder.down.0.block.0.norm2.weight
  - Froze policy model parameter: base_model.model.model.vqmodel.encoder.down.0.block.0.norm2.bias
  - Froze policy model parameter: base_model.model.model.vqmodel.encoder.down.0.block.0.conv2.weight
  - Froze policy model parameter: base_model.model.model.vqmodel.encoder.down.0.block.0.conv2.bias
  - Froze policy model parameter: base_model.model.model.vqmodel.encoder.down.0.block.1.norm1.weight
  - Froze policy model parameter: base_model.model.model.vqmodel.encoder.down.0.block.1.norm1.bias
  - Froze policy model parameter: base_model.model.model.vqmodel.encoder.down.0.block.1.conv1.weight
  - Froze policy model parameter: base_model.model.model.vqmodel.encoder.down.0.block.1.conv1.bias
  - Froze policy model parameter: base_model.model.model.vqmodel.encoder.down.0.block.1.norm2.weight
  - Froze policy model parameter: base_model.model.model.vqmodel.encoder.down.0.block.1.norm2.bias
  - Froze policy model parameter: base_model.model.model.vqmodel.encoder.down.0.block.1.conv2.weight
  - Froze policy model parameter: base_model.model.model.vqmodel.encoder.down.0.block.1.conv2.bias
  - Froze policy model parameter: base_model.model.model.vqmodel.encoder.down.0.downsample.conv.weight
  - Froze policy model parameter: base_model.model.model.vqmodel.encoder.down.0.downsample.conv.bias
  - Froze policy model parameter: base_model.model.model.vqmodel.encoder.down.1.block.0.norm1.weight
  - Froze policy model parameter: base_model.model.model.vqmodel.encoder.down.1.block.0.norm1.bias
  - Froze policy model parameter: base_model.model.model.vqmodel.encoder.down.1.block.0.conv1.weight
  - Froze policy model parameter: base_model.model.model.vqmodel.encoder.down.1.block.0.conv1.bias
  - Froze policy model parameter: base_model.model.model.vqmodel.encoder.down.1.block.0.norm2.weight
  - Froze policy model parameter: base_model.model.model.vqmodel.encoder.down.1.block.0.norm2.bias
  - Froze policy model parameter: base_model.model.model.vqmodel.encoder.down.1.block.0.conv2.weight
  - Froze policy model parameter: base_model.model.model.vqmodel.encoder.down.1.block.0.conv2.bias
  - Froze policy model parameter: base_model.model.model.vqmodel.encoder.down.1.block.1.norm1.weight
  - Froze policy model parameter: base_model.model.model.vqmodel.encoder.down.1.block.1.norm1.bias
  - Froze policy model parameter: base_model.model.model.vqmodel.encoder.down.1.block.1.conv1.weight
  - Froze policy model parameter: base_model.model.model.vqmodel.encoder.down.1.block.1.conv1.bias
  - Froze policy model parameter: base_model.model.model.vqmodel.encoder.down.1.block.1.norm2.weight
  - Froze policy model parameter: base_model.model.model.vqmodel.encoder.down.1.block.1.norm2.bias
  - Froze policy model parameter: base_model.model.model.vqmodel.encoder.down.1.block.1.conv2.weight
  - Froze policy model parameter: base_model.model.model.vqmodel.encoder.down.1.block.1.conv2.bias
  - Froze policy model parameter: base_model.model.model.vqmodel.encoder.down.1.downsample.conv.weight
  - Froze policy model parameter: base_model.model.model.vqmodel.encoder.down.1.downsample.conv.bias
  - Froze policy model parameter: base_model.model.model.vqmodel.encoder.down.2.block.0.norm1.weight
  - Froze policy model parameter: base_model.model.model.vqmodel.encoder.down.2.block.0.norm1.bias
  - Froze policy model parameter: base_model.model.model.vqmodel.encoder.down.2.block.0.conv1.weight
  - Froze policy model parameter: base_model.model.model.vqmodel.encoder.down.2.block.0.conv1.bias
  - Froze policy model parameter: base_model.model.model.vqmodel.encoder.down.2.block.0.norm2.weight
  - Froze policy model parameter: base_model.model.model.vqmodel.encoder.down.2.block.0.norm2.bias
  - Froze policy model parameter: base_model.model.model.vqmodel.encoder.down.2.block.0.conv2.weight
  - Froze policy model parameter: base_model.model.model.vqmodel.encoder.down.2.block.0.conv2.bias
  - Froze policy model parameter: base_model.model.model.vqmodel.encoder.down.2.block.0.nin_shortcut.weight
  - Froze policy model parameter: base_model.model.model.vqmodel.encoder.down.2.block.0.nin_shortcut.bias
  - Froze policy model parameter: base_model.model.model.vqmodel.encoder.down.2.block.1.norm1.weight
  - Froze policy model parameter: base_model.model.model.vqmodel.encoder.down.2.block.1.norm1.bias
  - Froze policy model parameter: base_model.model.model.vqmodel.encoder.down.2.block.1.conv1.weight
  - Froze policy model parameter: base_model.model.model.vqmodel.encoder.down.2.block.1.conv1.bias
  - Froze policy model parameter: base_model.model.model.vqmodel.encoder.down.2.block.1.norm2.weight
  - Froze policy model parameter: base_model.model.model.vqmodel.encoder.down.2.block.1.norm2.bias
  - Froze policy model parameter: base_model.model.model.vqmodel.encoder.down.2.block.1.conv2.weight
  - Froze policy model parameter: base_model.model.model.vqmodel.encoder.down.2.block.1.conv2.bias
  - Froze policy model parameter: base_model.model.model.vqmodel.encoder.down.2.downsample.conv.weight
  - Froze policy model parameter: base_model.model.model.vqmodel.encoder.down.2.downsample.conv.bias
  - Froze policy model parameter: base_model.model.model.vqmodel.encoder.down.3.block.0.norm1.weight
  - Froze policy model parameter: base_model.model.model.vqmodel.encoder.down.3.block.0.norm1.bias
  - Froze policy model parameter: base_model.model.model.vqmodel.encoder.down.3.block.0.conv1.weight
  - Froze policy model parameter: base_model.model.model.vqmodel.encoder.down.3.block.0.conv1.bias
  - Froze policy model parameter: base_model.model.model.vqmodel.encoder.down.3.block.0.norm2.weight
  - Froze policy model parameter: base_model.model.model.vqmodel.encoder.down.3.block.0.norm2.bias
  - Froze policy model parameter: base_model.model.model.vqmodel.encoder.down.3.block.0.conv2.weight
  - Froze policy model parameter: base_model.model.model.vqmodel.encoder.down.3.block.0.conv2.bias
  - Froze policy model parameter: base_model.model.model.vqmodel.encoder.down.3.block.1.norm1.weight
  - Froze policy model parameter: base_model.model.model.vqmodel.encoder.down.3.block.1.norm1.bias
  - Froze policy model parameter: base_model.model.model.vqmodel.encoder.down.3.block.1.conv1.weight
  - Froze policy model parameter: base_model.model.model.vqmodel.encoder.down.3.block.1.conv1.bias
  - Froze policy model parameter: base_model.model.model.vqmodel.encoder.down.3.block.1.norm2.weight
  - Froze policy model parameter: base_model.model.model.vqmodel.encoder.down.3.block.1.norm2.bias
  - Froze policy model parameter: base_model.model.model.vqmodel.encoder.down.3.block.1.conv2.weight
  - Froze policy model parameter: base_model.model.model.vqmodel.encoder.down.3.block.1.conv2.bias
  - Froze policy model parameter: base_model.model.model.vqmodel.encoder.down.3.downsample.conv.weight
  - Froze policy model parameter: base_model.model.model.vqmodel.encoder.down.3.downsample.conv.bias
  - Froze policy model parameter: base_model.model.model.vqmodel.encoder.down.4.block.0.norm1.weight
  - Froze policy model parameter: base_model.model.model.vqmodel.encoder.down.4.block.0.norm1.bias
  - Froze policy model parameter: base_model.model.model.vqmodel.encoder.down.4.block.0.conv1.weight
  - Froze policy model parameter: base_model.model.model.vqmodel.encoder.down.4.block.0.conv1.bias
  - Froze policy model parameter: base_model.model.model.vqmodel.encoder.down.4.block.0.norm2.weight
  - Froze policy model parameter: base_model.model.model.vqmodel.encoder.down.4.block.0.norm2.bias
  - Froze policy model parameter: base_model.model.model.vqmodel.encoder.down.4.block.0.conv2.weight
  - Froze policy model parameter: base_model.model.model.vqmodel.encoder.down.4.block.0.conv2.bias
  - Froze policy model parameter: base_model.model.model.vqmodel.encoder.down.4.block.0.nin_shortcut.weight
  - Froze policy model parameter: base_model.model.model.vqmodel.encoder.down.4.block.0.nin_shortcut.bias
  - Froze policy model parameter: base_model.model.model.vqmodel.encoder.down.4.block.1.norm1.weight
  - Froze policy model parameter: base_model.model.model.vqmodel.encoder.down.4.block.1.norm1.bias
  - Froze policy model parameter: base_model.model.model.vqmodel.encoder.down.4.block.1.conv1.weight
  - Froze policy model parameter: base_model.model.model.vqmodel.encoder.down.4.block.1.conv1.bias
  - Froze policy model parameter: base_model.model.model.vqmodel.encoder.down.4.block.1.norm2.weight
  - Froze policy model parameter: base_model.model.model.vqmodel.encoder.down.4.block.1.norm2.bias
  - Froze policy model parameter: base_model.model.model.vqmodel.encoder.down.4.block.1.conv2.weight
  - Froze policy model parameter: base_model.model.model.vqmodel.encoder.down.4.block.1.conv2.bias
  - Froze policy model parameter: base_model.model.model.vqmodel.encoder.mid.block_1.norm1.weight
  - Froze policy model parameter: base_model.model.model.vqmodel.encoder.mid.block_1.norm1.bias
  - Froze policy model parameter: base_model.model.model.vqmodel.encoder.mid.block_1.conv1.weight
  - Froze policy model parameter: base_model.model.model.vqmodel.encoder.mid.block_1.conv1.bias
  - Froze policy model parameter: base_model.model.model.vqmodel.encoder.mid.block_1.norm2.weight
  - Froze policy model parameter: base_model.model.model.vqmodel.encoder.mid.block_1.norm2.bias
  - Froze policy model parameter: base_model.model.model.vqmodel.encoder.mid.block_1.conv2.weight
  - Froze policy model parameter: base_model.model.model.vqmodel.encoder.mid.block_1.conv2.bias
  - Froze policy model parameter: base_model.model.model.vqmodel.encoder.mid.attn_1.norm.weight
  - Froze policy model parameter: base_model.model.model.vqmodel.encoder.mid.attn_1.norm.bias
  - Froze policy model parameter: base_model.model.model.vqmodel.encoder.mid.attn_1.q.weight
  - Froze policy model parameter: base_model.model.model.vqmodel.encoder.mid.attn_1.q.bias
  - Froze policy model parameter: base_model.model.model.vqmodel.encoder.mid.attn_1.k.weight
  - Froze policy model parameter: base_model.model.model.vqmodel.encoder.mid.attn_1.k.bias
  - Froze policy model parameter: base_model.model.model.vqmodel.encoder.mid.attn_1.v.weight
  - Froze policy model parameter: base_model.model.model.vqmodel.encoder.mid.attn_1.v.bias
  - Froze policy model parameter: base_model.model.model.vqmodel.encoder.mid.attn_1.proj_out.weight
  - Froze policy model parameter: base_model.model.model.vqmodel.encoder.mid.attn_1.proj_out.bias
  - Froze policy model parameter: base_model.model.model.vqmodel.encoder.mid.block_2.norm1.weight
  - Froze policy model parameter: base_model.model.model.vqmodel.encoder.mid.block_2.norm1.bias
  - Froze policy model parameter: base_model.model.model.vqmodel.encoder.mid.block_2.conv1.weight
  - Froze policy model parameter: base_model.model.model.vqmodel.encoder.mid.block_2.conv1.bias
  - Froze policy model parameter: base_model.model.model.vqmodel.encoder.mid.block_2.norm2.weight
  - Froze policy model parameter: base_model.model.model.vqmodel.encoder.mid.block_2.norm2.bias
  - Froze policy model parameter: base_model.model.model.vqmodel.encoder.mid.block_2.conv2.weight
  - Froze policy model parameter: base_model.model.model.vqmodel.encoder.mid.block_2.conv2.bias
  - Froze policy model parameter: base_model.model.model.vqmodel.encoder.norm_out.weight
  - Froze policy model parameter: base_model.model.model.vqmodel.encoder.norm_out.bias
  - Froze policy model parameter: base_model.model.model.vqmodel.encoder.conv_out.weight
  - Froze policy model parameter: base_model.model.model.vqmodel.encoder.conv_out.bias
  - Froze policy model parameter: base_model.model.model.vqmodel.decoder.conv_in.weight
  - Froze policy model parameter: base_model.model.model.vqmodel.decoder.conv_in.bias
  - Froze policy model parameter: base_model.model.model.vqmodel.decoder.mid.block_1.norm1.weight
  - Froze policy model parameter: base_model.model.model.vqmodel.decoder.mid.block_1.norm1.bias
  - Froze policy model parameter: base_model.model.model.vqmodel.decoder.mid.block_1.conv1.weight
  - Froze policy model parameter: base_model.model.model.vqmodel.decoder.mid.block_1.conv1.bias
  - Froze policy model parameter: base_model.model.model.vqmodel.decoder.mid.block_1.norm2.weight
  - Froze policy model parameter: base_model.model.model.vqmodel.decoder.mid.block_1.norm2.bias
  - Froze policy model parameter: base_model.model.model.vqmodel.decoder.mid.block_1.conv2.weight
  - Froze policy model parameter: base_model.model.model.vqmodel.decoder.mid.block_1.conv2.bias
  - Froze policy model parameter: base_model.model.model.vqmodel.decoder.mid.attn_1.norm.weight
  - Froze policy model parameter: base_model.model.model.vqmodel.decoder.mid.attn_1.norm.bias
  - Froze policy model parameter: base_model.model.model.vqmodel.decoder.mid.attn_1.q.weight
  - Froze policy model parameter: base_model.model.model.vqmodel.decoder.mid.attn_1.q.bias
  - Froze policy model parameter: base_model.model.model.vqmodel.decoder.mid.attn_1.k.weight
  - Froze policy model parameter: base_model.model.model.vqmodel.decoder.mid.attn_1.k.bias
  - Froze policy model parameter: base_model.model.model.vqmodel.decoder.mid.attn_1.v.weight
  - Froze policy model parameter: base_model.model.model.vqmodel.decoder.mid.attn_1.v.bias
  - Froze policy model parameter: base_model.model.model.vqmodel.decoder.mid.attn_1.proj_out.weight
  - Froze policy model parameter: base_model.model.model.vqmodel.decoder.mid.attn_1.proj_out.bias
  - Froze policy model parameter: base_model.model.model.vqmodel.decoder.mid.block_2.norm1.weight
  - Froze policy model parameter: base_model.model.model.vqmodel.decoder.mid.block_2.norm1.bias
  - Froze policy model parameter: base_model.model.model.vqmodel.decoder.mid.block_2.conv1.weight
  - Froze policy model parameter: base_model.model.model.vqmodel.decoder.mid.block_2.conv1.bias
  - Froze policy model parameter: base_model.model.model.vqmodel.decoder.mid.block_2.norm2.weight
  - Froze policy model parameter: base_model.model.model.vqmodel.decoder.mid.block_2.norm2.bias
  - Froze policy model parameter: base_model.model.model.vqmodel.decoder.mid.block_2.conv2.weight
  - Froze policy model parameter: base_model.model.model.vqmodel.decoder.mid.block_2.conv2.bias
  - Froze policy model parameter: base_model.model.model.vqmodel.decoder.up.0.block.0.norm1.weight
  - Froze policy model parameter: base_model.model.model.vqmodel.decoder.up.0.block.0.norm1.bias
  - Froze policy model parameter: base_model.model.model.vqmodel.decoder.up.0.block.0.conv1.weight
  - Froze policy model parameter: base_model.model.model.vqmodel.decoder.up.0.block.0.conv1.bias
  - Froze policy model parameter: base_model.model.model.vqmodel.decoder.up.0.block.0.norm2.weight
  - Froze policy model parameter: base_model.model.model.vqmodel.decoder.up.0.block.0.norm2.bias
  - Froze policy model parameter: base_model.model.model.vqmodel.decoder.up.0.block.0.conv2.weight
  - Froze policy model parameter: base_model.model.model.vqmodel.decoder.up.0.block.0.conv2.bias
  - Froze policy model parameter: base_model.model.model.vqmodel.decoder.up.0.block.1.norm1.weight
  - Froze policy model parameter: base_model.model.model.vqmodel.decoder.up.0.block.1.norm1.bias
  - Froze policy model parameter: base_model.model.model.vqmodel.decoder.up.0.block.1.conv1.weight
  - Froze policy model parameter: base_model.model.model.vqmodel.decoder.up.0.block.1.conv1.bias
  - Froze policy model parameter: base_model.model.model.vqmodel.decoder.up.0.block.1.norm2.weight
  - Froze policy model parameter: base_model.model.model.vqmodel.decoder.up.0.block.1.norm2.bias
  - Froze policy model parameter: base_model.model.model.vqmodel.decoder.up.0.block.1.conv2.weight
  - Froze policy model parameter: base_model.model.model.vqmodel.decoder.up.0.block.1.conv2.bias
  - Froze policy model parameter: base_model.model.model.vqmodel.decoder.up.0.block.2.norm1.weight
  - Froze policy model parameter: base_model.model.model.vqmodel.decoder.up.0.block.2.norm1.bias
  - Froze policy model parameter: base_model.model.model.vqmodel.decoder.up.0.block.2.conv1.weight
  - Froze policy model parameter: base_model.model.model.vqmodel.decoder.up.0.block.2.conv1.bias
  - Froze policy model parameter: base_model.model.model.vqmodel.decoder.up.0.block.2.norm2.weight
  - Froze policy model parameter: base_model.model.model.vqmodel.decoder.up.0.block.2.norm2.bias
  - Froze policy model parameter: base_model.model.model.vqmodel.decoder.up.0.block.2.conv2.weight
  - Froze policy model parameter: base_model.model.model.vqmodel.decoder.up.0.block.2.conv2.bias
  - Froze policy model parameter: base_model.model.model.vqmodel.decoder.up.1.block.0.norm1.weight
  - Froze policy model parameter: base_model.model.model.vqmodel.decoder.up.1.block.0.norm1.bias
  - Froze policy model parameter: base_model.model.model.vqmodel.decoder.up.1.block.0.conv1.weight
  - Froze policy model parameter: base_model.model.model.vqmodel.decoder.up.1.block.0.conv1.bias
  - Froze policy model parameter: base_model.model.model.vqmodel.decoder.up.1.block.0.norm2.weight
  - Froze policy model parameter: base_model.model.model.vqmodel.decoder.up.1.block.0.norm2.bias
  - Froze policy model parameter: base_model.model.model.vqmodel.decoder.up.1.block.0.conv2.weight
  - Froze policy model parameter: base_model.model.model.vqmodel.decoder.up.1.block.0.conv2.bias
  - Froze policy model parameter: base_model.model.model.vqmodel.decoder.up.1.block.0.nin_shortcut.weight
  - Froze policy model parameter: base_model.model.model.vqmodel.decoder.up.1.block.0.nin_shortcut.bias
  - Froze policy model parameter: base_model.model.model.vqmodel.decoder.up.1.block.1.norm1.weight
  - Froze policy model parameter: base_model.model.model.vqmodel.decoder.up.1.block.1.norm1.bias
  - Froze policy model parameter: base_model.model.model.vqmodel.decoder.up.1.block.1.conv1.weight
  - Froze policy model parameter: base_model.model.model.vqmodel.decoder.up.1.block.1.conv1.bias
  - Froze policy model parameter: base_model.model.model.vqmodel.decoder.up.1.block.1.norm2.weight
  - Froze policy model parameter: base_model.model.model.vqmodel.decoder.up.1.block.1.norm2.bias
  - Froze policy model parameter: base_model.model.model.vqmodel.decoder.up.1.block.1.conv2.weight
  - Froze policy model parameter: base_model.model.model.vqmodel.decoder.up.1.block.1.conv2.bias
  - Froze policy model parameter: base_model.model.model.vqmodel.decoder.up.1.block.2.norm1.weight
  - Froze policy model parameter: base_model.model.model.vqmodel.decoder.up.1.block.2.norm1.bias
  - Froze policy model parameter: base_model.model.model.vqmodel.decoder.up.1.block.2.conv1.weight
  - Froze policy model parameter: base_model.model.model.vqmodel.decoder.up.1.block.2.conv1.bias
  - Froze policy model parameter: base_model.model.model.vqmodel.decoder.up.1.block.2.norm2.weight
  - Froze policy model parameter: base_model.model.model.vqmodel.decoder.up.1.block.2.norm2.bias
  - Froze policy model parameter: base_model.model.model.vqmodel.decoder.up.1.block.2.conv2.weight
  - Froze policy model parameter: base_model.model.model.vqmodel.decoder.up.1.block.2.conv2.bias
  - Froze policy model parameter: base_model.model.model.vqmodel.decoder.up.1.upsample.conv.weight
  - Froze policy model parameter: base_model.model.model.vqmodel.decoder.up.1.upsample.conv.bias
  - Froze policy model parameter: base_model.model.model.vqmodel.decoder.up.2.block.0.norm1.weight
  - Froze policy model parameter: base_model.model.model.vqmodel.decoder.up.2.block.0.norm1.bias
  - Froze policy model parameter: base_model.model.model.vqmodel.decoder.up.2.block.0.conv1.weight
  - Froze policy model parameter: base_model.model.model.vqmodel.decoder.up.2.block.0.conv1.bias
  - Froze policy model parameter: base_model.model.model.vqmodel.decoder.up.2.block.0.norm2.weight
  - Froze policy model parameter: base_model.model.model.vqmodel.decoder.up.2.block.0.norm2.bias
  - Froze policy model parameter: base_model.model.model.vqmodel.decoder.up.2.block.0.conv2.weight
  - Froze policy model parameter: base_model.model.model.vqmodel.decoder.up.2.block.0.conv2.bias
  - Froze policy model parameter: base_model.model.model.vqmodel.decoder.up.2.block.1.norm1.weight
  - Froze policy model parameter: base_model.model.model.vqmodel.decoder.up.2.block.1.norm1.bias
  - Froze policy model parameter: base_model.model.model.vqmodel.decoder.up.2.block.1.conv1.weight
  - Froze policy model parameter: base_model.model.model.vqmodel.decoder.up.2.block.1.conv1.bias
  - Froze policy model parameter: base_model.model.model.vqmodel.decoder.up.2.block.1.norm2.weight
  - Froze policy model parameter: base_model.model.model.vqmodel.decoder.up.2.block.1.norm2.bias
  - Froze policy model parameter: base_model.model.model.vqmodel.decoder.up.2.block.1.conv2.weight
  - Froze policy model parameter: base_model.model.model.vqmodel.decoder.up.2.block.1.conv2.bias
  - Froze policy model parameter: base_model.model.model.vqmodel.decoder.up.2.block.2.norm1.weight
  - Froze policy model parameter: base_model.model.model.vqmodel.decoder.up.2.block.2.norm1.bias
  - Froze policy model parameter: base_model.model.model.vqmodel.decoder.up.2.block.2.conv1.weight
  - Froze policy model parameter: base_model.model.model.vqmodel.decoder.up.2.block.2.conv1.bias
  - Froze policy model parameter: base_model.model.model.vqmodel.decoder.up.2.block.2.norm2.weight
  - Froze policy model parameter: base_model.model.model.vqmodel.decoder.up.2.block.2.norm2.bias
  - Froze policy model parameter: base_model.model.model.vqmodel.decoder.up.2.block.2.conv2.weight
  - Froze policy model parameter: base_model.model.model.vqmodel.decoder.up.2.block.2.conv2.bias
  - Froze policy model parameter: base_model.model.model.vqmodel.decoder.up.2.upsample.conv.weight
  - Froze policy model parameter: base_model.model.model.vqmodel.decoder.up.2.upsample.conv.bias
  - Froze policy model parameter: base_model.model.model.vqmodel.decoder.up.3.block.0.norm1.weight
  - Froze policy model parameter: base_model.model.model.vqmodel.decoder.up.3.block.0.norm1.bias
  - Froze policy model parameter: base_model.model.model.vqmodel.decoder.up.3.block.0.conv1.weight
  - Froze policy model parameter: base_model.model.model.vqmodel.decoder.up.3.block.0.conv1.bias
  - Froze policy model parameter: base_model.model.model.vqmodel.decoder.up.3.block.0.norm2.weight
  - Froze policy model parameter: base_model.model.model.vqmodel.decoder.up.3.block.0.norm2.bias
  - Froze policy model parameter: base_model.model.model.vqmodel.decoder.up.3.block.0.conv2.weight
  - Froze policy model parameter: base_model.model.model.vqmodel.decoder.up.3.block.0.conv2.bias
  - Froze policy model parameter: base_model.model.model.vqmodel.decoder.up.3.block.0.nin_shortcut.weight
  - Froze policy model parameter: base_model.model.model.vqmodel.decoder.up.3.block.0.nin_shortcut.bias
  - Froze policy model parameter: base_model.model.model.vqmodel.decoder.up.3.block.1.norm1.weight
  - Froze policy model parameter: base_model.model.model.vqmodel.decoder.up.3.block.1.norm1.bias
  - Froze policy model parameter: base_model.model.model.vqmodel.decoder.up.3.block.1.conv1.weight
  - Froze policy model parameter: base_model.model.model.vqmodel.decoder.up.3.block.1.conv1.bias
  - Froze policy model parameter: base_model.model.model.vqmodel.decoder.up.3.block.1.norm2.weight
  - Froze policy model parameter: base_model.model.model.vqmodel.decoder.up.3.block.1.norm2.bias
  - Froze policy model parameter: base_model.model.model.vqmodel.decoder.up.3.block.1.conv2.weight
  - Froze policy model parameter: base_model.model.model.vqmodel.decoder.up.3.block.1.conv2.bias
  - Froze policy model parameter: base_model.model.model.vqmodel.decoder.up.3.block.2.norm1.weight
  - Froze policy model parameter: base_model.model.model.vqmodel.decoder.up.3.block.2.norm1.bias
  - Froze policy model parameter: base_model.model.model.vqmodel.decoder.up.3.block.2.conv1.weight
  - Froze policy model parameter: base_model.model.model.vqmodel.decoder.up.3.block.2.conv1.bias
  - Froze policy model parameter: base_model.model.model.vqmodel.decoder.up.3.block.2.norm2.weight
  - Froze policy model parameter: base_model.model.model.vqmodel.decoder.up.3.block.2.norm2.bias
  - Froze policy model parameter: base_model.model.model.vqmodel.decoder.up.3.block.2.conv2.weight
  - Froze policy model parameter: base_model.model.model.vqmodel.decoder.up.3.block.2.conv2.bias
  - Froze policy model parameter: base_model.model.model.vqmodel.decoder.up.3.upsample.conv.weight
  - Froze policy model parameter: base_model.model.model.vqmodel.decoder.up.3.upsample.conv.bias
  - Froze policy model parameter: base_model.model.model.vqmodel.decoder.up.4.block.0.norm1.weight
  - Froze policy model parameter: base_model.model.model.vqmodel.decoder.up.4.block.0.norm1.bias
  - Froze policy model parameter: base_model.model.model.vqmodel.decoder.up.4.block.0.conv1.weight
  - Froze policy model parameter: base_model.model.model.vqmodel.decoder.up.4.block.0.conv1.bias
  - Froze policy model parameter: base_model.model.model.vqmodel.decoder.up.4.block.0.norm2.weight
  - Froze policy model parameter: base_model.model.model.vqmodel.decoder.up.4.block.0.norm2.bias
  - Froze policy model parameter: base_model.model.model.vqmodel.decoder.up.4.block.0.conv2.weight
  - Froze policy model parameter: base_model.model.model.vqmodel.decoder.up.4.block.0.conv2.bias
  - Froze policy model parameter: base_model.model.model.vqmodel.decoder.up.4.block.1.norm1.weight
  - Froze policy model parameter: base_model.model.model.vqmodel.decoder.up.4.block.1.norm1.bias
  - Froze policy model parameter: base_model.model.model.vqmodel.decoder.up.4.block.1.conv1.weight
  - Froze policy model parameter: base_model.model.model.vqmodel.decoder.up.4.block.1.conv1.bias
  - Froze policy model parameter: base_model.model.model.vqmodel.decoder.up.4.block.1.norm2.weight
  - Froze policy model parameter: base_model.model.model.vqmodel.decoder.up.4.block.1.norm2.bias
  - Froze policy model parameter: base_model.model.model.vqmodel.decoder.up.4.block.1.conv2.weight
  - Froze policy model parameter: base_model.model.model.vqmodel.decoder.up.4.block.1.conv2.bias
  - Froze policy model parameter: base_model.model.model.vqmodel.decoder.up.4.block.2.norm1.weight
  - Froze policy model parameter: base_model.model.model.vqmodel.decoder.up.4.block.2.norm1.bias
  - Froze policy model parameter: base_model.model.model.vqmodel.decoder.up.4.block.2.conv1.weight
  - Froze policy model parameter: base_model.model.model.vqmodel.decoder.up.4.block.2.conv1.bias
  - Froze policy model parameter: base_model.model.model.vqmodel.decoder.up.4.block.2.norm2.weight
  - Froze policy model parameter: base_model.model.model.vqmodel.decoder.up.4.block.2.norm2.bias
  - Froze policy model parameter: base_model.model.model.vqmodel.decoder.up.4.block.2.conv2.weight
  - Froze policy model parameter: base_model.model.model.vqmodel.decoder.up.4.block.2.conv2.bias
  - Froze policy model parameter: base_model.model.model.vqmodel.decoder.up.4.upsample.conv.weight
  - Froze policy model parameter: base_model.model.model.vqmodel.decoder.up.4.upsample.conv.bias
  - Froze policy model parameter: base_model.model.model.vqmodel.decoder.norm_out.weight
  - Froze policy model parameter: base_model.model.model.vqmodel.decoder.norm_out.bias
  - Froze policy model parameter: base_model.model.model.vqmodel.decoder.conv_out.weight
  - Froze policy model parameter: base_model.model.model.vqmodel.decoder.conv_out.bias
  - Froze policy model parameter: base_model.model.model.vqmodel.quantize.embedding.weight
  - Froze policy model parameter: base_model.model.model.vqmodel.quant_conv.weight
  - Froze policy model parameter: base_model.model.model.vqmodel.quant_conv.bias
  - Froze policy model parameter: base_model.model.model.vqmodel.post_quant_conv.weight
  - Froze policy model parameter: base_model.model.model.vqmodel.post_quant_conv.bias
  - Froze policy model parameter: base_model.model.mlp_head.time_embed.mlp.0.weight
  - Froze policy model parameter: base_model.model.mlp_head.time_embed.mlp.0.bias
  - Froze policy model parameter: base_model.model.mlp_head.time_embed.mlp.2.weight
  - Froze policy model parameter: base_model.model.mlp_head.time_embed.mlp.2.bias
  - Froze policy model parameter: base_model.model.mlp_head.cond_embed.weight
  - Froze policy model parameter: base_model.model.mlp_head.cond_embed.bias
  - Froze policy model parameter: base_model.model.mlp_head.input_proj.weight
  - Froze policy model parameter: base_model.model.mlp_head.input_proj.bias
  - Froze policy model parameter: base_model.model.mlp_head.res_blocks.0.in_ln.weight
  - Froze policy model parameter: base_model.model.mlp_head.res_blocks.0.in_ln.bias
  - Froze policy model parameter: base_model.model.mlp_head.res_blocks.0.mlp.0.weight
  - Froze policy model parameter: base_model.model.mlp_head.res_blocks.0.mlp.0.bias
  - Froze policy model parameter: base_model.model.mlp_head.res_blocks.0.mlp.2.weight
  - Froze policy model parameter: base_model.model.mlp_head.res_blocks.0.mlp.2.bias
  - Froze policy model parameter: base_model.model.mlp_head.res_blocks.0.adaLN_modulation.1.weight
  - Froze policy model parameter: base_model.model.mlp_head.res_blocks.0.adaLN_modulation.1.bias
  - Froze policy model parameter: base_model.model.mlp_head.res_blocks.1.in_ln.weight
  - Froze policy model parameter: base_model.model.mlp_head.res_blocks.1.in_ln.bias
  - Froze policy model parameter: base_model.model.mlp_head.res_blocks.1.mlp.0.weight
  - Froze policy model parameter: base_model.model.mlp_head.res_blocks.1.mlp.0.bias
  - Froze policy model parameter: base_model.model.mlp_head.res_blocks.1.mlp.2.weight
  - Froze policy model parameter: base_model.model.mlp_head.res_blocks.1.mlp.2.bias
  - Froze policy model parameter: base_model.model.mlp_head.res_blocks.1.adaLN_modulation.1.weight
  - Froze policy model parameter: base_model.model.mlp_head.res_blocks.1.adaLN_modulation.1.bias
  - Froze policy model parameter: base_model.model.mlp_head.res_blocks.2.in_ln.weight
  - Froze policy model parameter: base_model.model.mlp_head.res_blocks.2.in_ln.bias
  - Froze policy model parameter: base_model.model.mlp_head.res_blocks.2.mlp.0.weight
  - Froze policy model parameter: base_model.model.mlp_head.res_blocks.2.mlp.0.bias
  - Froze policy model parameter: base_model.model.mlp_head.res_blocks.2.mlp.2.weight
  - Froze policy model parameter: base_model.model.mlp_head.res_blocks.2.mlp.2.bias
  - Froze policy model parameter: base_model.model.mlp_head.res_blocks.2.adaLN_modulation.1.weight
  - Froze policy model parameter: base_model.model.mlp_head.res_blocks.2.adaLN_modulation.1.bias
  - Froze policy model parameter: base_model.model.mlp_head.final_layer.linear.weight
  - Froze policy model parameter: base_model.model.mlp_head.final_layer.linear.bias
  - Froze policy model parameter: base_model.model.mlp_head.final_layer.adaLN_modulation.1.weight
  - Froze policy model parameter: base_model.model.mlp_head.final_layer.adaLN_modulation.1.bias
Model parts frozen.
Loaded 2 reward functions: ['answer_correctness_reward', 'format_reward']
Trainer initialized.
--- [Step 3/3] Starting GRPO training... ---
LoRA 已启用：trainable params=16777216 / total params=7151239811
Enabling policy gradient checkpointing (use_reentrant=False).
Diffusion MLP gradient checkpointing disabled.
Freezing non-trainable parts of the model...
  - Froze policy model parameter: base_model.model.model.vqmodel.encoder.conv_in.weight
  - Froze policy model parameter: base_model.model.model.vqmodel.encoder.conv_in.bias
  - Froze policy model parameter: base_model.model.model.vqmodel.encoder.down.0.block.0.norm1.weight
  - Froze policy model parameter: base_model.model.model.vqmodel.encoder.down.0.block.0.norm1.bias
  - Froze policy model parameter: base_model.model.model.vqmodel.encoder.down.0.block.0.conv1.weight
  - Froze policy model parameter: base_model.model.model.vqmodel.encoder.down.0.block.0.conv1.bias
  - Froze policy model parameter: base_model.model.model.vqmodel.encoder.down.0.block.0.norm2.weight
  - Froze policy model parameter: base_model.model.model.vqmodel.encoder.down.0.block.0.norm2.bias
  - Froze policy model parameter: base_model.model.model.vqmodel.encoder.down.0.block.0.conv2.weight
  - Froze policy model parameter: base_model.model.model.vqmodel.encoder.down.0.block.0.conv2.bias
  - Froze policy model parameter: base_model.model.model.vqmodel.encoder.down.0.block.1.norm1.weight
  - Froze policy model parameter: base_model.model.model.vqmodel.encoder.down.0.block.1.norm1.bias
  - Froze policy model parameter: base_model.model.model.vqmodel.encoder.down.0.block.1.conv1.weight
  - Froze policy model parameter: base_model.model.model.vqmodel.encoder.down.0.block.1.conv1.bias
  - Froze policy model parameter: base_model.model.model.vqmodel.encoder.down.0.block.1.norm2.weight
  - Froze policy model parameter: base_model.model.model.vqmodel.encoder.down.0.block.1.norm2.bias
  - Froze policy model parameter: base_model.model.model.vqmodel.encoder.down.0.block.1.conv2.weight
  - Froze policy model parameter: base_model.model.model.vqmodel.encoder.down.0.block.1.conv2.bias
  - Froze policy model parameter: base_model.model.model.vqmodel.encoder.down.0.downsample.conv.weight
  - Froze policy model parameter: base_model.model.model.vqmodel.encoder.down.0.downsample.conv.bias
  - Froze policy model parameter: base_model.model.model.vqmodel.encoder.down.1.block.0.norm1.weight
  - Froze policy model parameter: base_model.model.model.vqmodel.encoder.down.1.block.0.norm1.bias
  - Froze policy model parameter: base_model.model.model.vqmodel.encoder.down.1.block.0.conv1.weight
  - Froze policy model parameter: base_model.model.model.vqmodel.encoder.down.1.block.0.conv1.bias
  - Froze policy model parameter: base_model.model.model.vqmodel.encoder.down.1.block.0.norm2.weight
  - Froze policy model parameter: base_model.model.model.vqmodel.encoder.down.1.block.0.norm2.bias
  - Froze policy model parameter: base_model.model.model.vqmodel.encoder.down.1.block.0.conv2.weight
  - Froze policy model parameter: base_model.model.model.vqmodel.encoder.down.1.block.0.conv2.bias
  - Froze policy model parameter: base_model.model.model.vqmodel.encoder.down.1.block.1.norm1.weight
  - Froze policy model parameter: base_model.model.model.vqmodel.encoder.down.1.block.1.norm1.bias
  - Froze policy model parameter: base_model.model.model.vqmodel.encoder.down.1.block.1.conv1.weight
  - Froze policy model parameter: base_model.model.model.vqmodel.encoder.down.1.block.1.conv1.bias
  - Froze policy model parameter: base_model.model.model.vqmodel.encoder.down.1.block.1.norm2.weight
  - Froze policy model parameter: base_model.model.model.vqmodel.encoder.down.1.block.1.norm2.bias
  - Froze policy model parameter: base_model.model.model.vqmodel.encoder.down.1.block.1.conv2.weight
  - Froze policy model parameter: base_model.model.model.vqmodel.encoder.down.1.block.1.conv2.bias
  - Froze policy model parameter: base_model.model.model.vqmodel.encoder.down.1.downsample.conv.weight
  - Froze policy model parameter: base_model.model.model.vqmodel.encoder.down.1.downsample.conv.bias
  - Froze policy model parameter: base_model.model.model.vqmodel.encoder.down.2.block.0.norm1.weight
  - Froze policy model parameter: base_model.model.model.vqmodel.encoder.down.2.block.0.norm1.bias
  - Froze policy model parameter: base_model.model.model.vqmodel.encoder.down.2.block.0.conv1.weight
  - Froze policy model parameter: base_model.model.model.vqmodel.encoder.down.2.block.0.conv1.bias
  - Froze policy model parameter: base_model.model.model.vqmodel.encoder.down.2.block.0.norm2.weight
  - Froze policy model parameter: base_model.model.model.vqmodel.encoder.down.2.block.0.norm2.bias
  - Froze policy model parameter: base_model.model.model.vqmodel.encoder.down.2.block.0.conv2.weight
  - Froze policy model parameter: base_model.model.model.vqmodel.encoder.down.2.block.0.conv2.bias
  - Froze policy model parameter: base_model.model.model.vqmodel.encoder.down.2.block.0.nin_shortcut.weight
  - Froze policy model parameter: base_model.model.model.vqmodel.encoder.down.2.block.0.nin_shortcut.bias
  - Froze policy model parameter: base_model.model.model.vqmodel.encoder.down.2.block.1.norm1.weight
  - Froze policy model parameter: base_model.model.model.vqmodel.encoder.down.2.block.1.norm1.bias
  - Froze policy model parameter: base_model.model.model.vqmodel.encoder.down.2.block.1.conv1.weight
  - Froze policy model parameter: base_model.model.model.vqmodel.encoder.down.2.block.1.conv1.bias
  - Froze policy model parameter: base_model.model.model.vqmodel.encoder.down.2.block.1.norm2.weight
  - Froze policy model parameter: base_model.model.model.vqmodel.encoder.down.2.block.1.norm2.bias
  - Froze policy model parameter: base_model.model.model.vqmodel.encoder.down.2.block.1.conv2.weight
  - Froze policy model parameter: base_model.model.model.vqmodel.encoder.down.2.block.1.conv2.bias
  - Froze policy model parameter: base_model.model.model.vqmodel.encoder.down.2.downsample.conv.weight
  - Froze policy model parameter: base_model.model.model.vqmodel.encoder.down.2.downsample.conv.bias
  - Froze policy model parameter: base_model.model.model.vqmodel.encoder.down.3.block.0.norm1.weight
  - Froze policy model parameter: base_model.model.model.vqmodel.encoder.down.3.block.0.norm1.bias
  - Froze policy model parameter: base_model.model.model.vqmodel.encoder.down.3.block.0.conv1.weight
  - Froze policy model parameter: base_model.model.model.vqmodel.encoder.down.3.block.0.conv1.bias
  - Froze policy model parameter: base_model.model.model.vqmodel.encoder.down.3.block.0.norm2.weight
  - Froze policy model parameter: base_model.model.model.vqmodel.encoder.down.3.block.0.norm2.bias
  - Froze policy model parameter: base_model.model.model.vqmodel.encoder.down.3.block.0.conv2.weight
  - Froze policy model parameter: base_model.model.model.vqmodel.encoder.down.3.block.0.conv2.bias
  - Froze policy model parameter: base_model.model.model.vqmodel.encoder.down.3.block.1.norm1.weight
  - Froze policy model parameter: base_model.model.model.vqmodel.encoder.down.3.block.1.norm1.bias
  - Froze policy model parameter: base_model.model.model.vqmodel.encoder.down.3.block.1.conv1.weight
  - Froze policy model parameter: base_model.model.model.vqmodel.encoder.down.3.block.1.conv1.bias
  - Froze policy model parameter: base_model.model.model.vqmodel.encoder.down.3.block.1.norm2.weight
  - Froze policy model parameter: base_model.model.model.vqmodel.encoder.down.3.block.1.norm2.bias
  - Froze policy model parameter: base_model.model.model.vqmodel.encoder.down.3.block.1.conv2.weight
  - Froze policy model parameter: base_model.model.model.vqmodel.encoder.down.3.block.1.conv2.bias
  - Froze policy model parameter: base_model.model.model.vqmodel.encoder.down.3.downsample.conv.weight
  - Froze policy model parameter: base_model.model.model.vqmodel.encoder.down.3.downsample.conv.bias
  - Froze policy model parameter: base_model.model.model.vqmodel.encoder.down.4.block.0.norm1.weight
  - Froze policy model parameter: base_model.model.model.vqmodel.encoder.down.4.block.0.norm1.bias
  - Froze policy model parameter: base_model.model.model.vqmodel.encoder.down.4.block.0.conv1.weight
  - Froze policy model parameter: base_model.model.model.vqmodel.encoder.down.4.block.0.conv1.bias
  - Froze policy model parameter: base_model.model.model.vqmodel.encoder.down.4.block.0.norm2.weight
  - Froze policy model parameter: base_model.model.model.vqmodel.encoder.down.4.block.0.norm2.bias
  - Froze policy model parameter: base_model.model.model.vqmodel.encoder.down.4.block.0.conv2.weight
  - Froze policy model parameter: base_model.model.model.vqmodel.encoder.down.4.block.0.conv2.bias
  - Froze policy model parameter: base_model.model.model.vqmodel.encoder.down.4.block.0.nin_shortcut.weight
  - Froze policy model parameter: base_model.model.model.vqmodel.encoder.down.4.block.0.nin_shortcut.bias
  - Froze policy model parameter: base_model.model.model.vqmodel.encoder.down.4.block.1.norm1.weight
  - Froze policy model parameter: base_model.model.model.vqmodel.encoder.down.4.block.1.norm1.bias
  - Froze policy model parameter: base_model.model.model.vqmodel.encoder.down.4.block.1.conv1.weight
  - Froze policy model parameter: base_model.model.model.vqmodel.encoder.down.4.block.1.conv1.bias
  - Froze policy model parameter: base_model.model.model.vqmodel.encoder.down.4.block.1.norm2.weight
  - Froze policy model parameter: base_model.model.model.vqmodel.encoder.down.4.block.1.norm2.bias
  - Froze policy model parameter: base_model.model.model.vqmodel.encoder.down.4.block.1.conv2.weight
  - Froze policy model parameter: base_model.model.model.vqmodel.encoder.down.4.block.1.conv2.bias
  - Froze policy model parameter: base_model.model.model.vqmodel.encoder.mid.block_1.norm1.weight
  - Froze policy model parameter: base_model.model.model.vqmodel.encoder.mid.block_1.norm1.bias
  - Froze policy model parameter: base_model.model.model.vqmodel.encoder.mid.block_1.conv1.weight
  - Froze policy model parameter: base_model.model.model.vqmodel.encoder.mid.block_1.conv1.bias
  - Froze policy model parameter: base_model.model.model.vqmodel.encoder.mid.block_1.norm2.weight
  - Froze policy model parameter: base_model.model.model.vqmodel.encoder.mid.block_1.norm2.bias
  - Froze policy model parameter: base_model.model.model.vqmodel.encoder.mid.block_1.conv2.weight
  - Froze policy model parameter: base_model.model.model.vqmodel.encoder.mid.block_1.conv2.bias
  - Froze policy model parameter: base_model.model.model.vqmodel.encoder.mid.attn_1.norm.weight
  - Froze policy model parameter: base_model.model.model.vqmodel.encoder.mid.attn_1.norm.bias
  - Froze policy model parameter: base_model.model.model.vqmodel.encoder.mid.attn_1.q.weight
  - Froze policy model parameter: base_model.model.model.vqmodel.encoder.mid.attn_1.q.bias
  - Froze policy model parameter: base_model.model.model.vqmodel.encoder.mid.attn_1.k.weight
  - Froze policy model parameter: base_model.model.model.vqmodel.encoder.mid.attn_1.k.bias
  - Froze policy model parameter: base_model.model.model.vqmodel.encoder.mid.attn_1.v.weight
  - Froze policy model parameter: base_model.model.model.vqmodel.encoder.mid.attn_1.v.bias
  - Froze policy model parameter: base_model.model.model.vqmodel.encoder.mid.attn_1.proj_out.weight
  - Froze policy model parameter: base_model.model.model.vqmodel.encoder.mid.attn_1.proj_out.bias
  - Froze policy model parameter: base_model.model.model.vqmodel.encoder.mid.block_2.norm1.weight
  - Froze policy model parameter: base_model.model.model.vqmodel.encoder.mid.block_2.norm1.bias
  - Froze policy model parameter: base_model.model.model.vqmodel.encoder.mid.block_2.conv1.weight
  - Froze policy model parameter: base_model.model.model.vqmodel.encoder.mid.block_2.conv1.bias
  - Froze policy model parameter: base_model.model.model.vqmodel.encoder.mid.block_2.norm2.weight
  - Froze policy model parameter: base_model.model.model.vqmodel.encoder.mid.block_2.norm2.bias
  - Froze policy model parameter: base_model.model.model.vqmodel.encoder.mid.block_2.conv2.weight
  - Froze policy model parameter: base_model.model.model.vqmodel.encoder.mid.block_2.conv2.bias
  - Froze policy model parameter: base_model.model.model.vqmodel.encoder.norm_out.weight
  - Froze policy model parameter: base_model.model.model.vqmodel.encoder.norm_out.bias
  - Froze policy model parameter: base_model.model.model.vqmodel.encoder.conv_out.weight
  - Froze policy model parameter: base_model.model.model.vqmodel.encoder.conv_out.bias
  - Froze policy model parameter: base_model.model.model.vqmodel.decoder.conv_in.weight
  - Froze policy model parameter: base_model.model.model.vqmodel.decoder.conv_in.bias
  - Froze policy model parameter: base_model.model.model.vqmodel.decoder.mid.block_1.norm1.weight
  - Froze policy model parameter: base_model.model.model.vqmodel.decoder.mid.block_1.norm1.bias
  - Froze policy model parameter: base_model.model.model.vqmodel.decoder.mid.block_1.conv1.weight
  - Froze policy model parameter: base_model.model.model.vqmodel.decoder.mid.block_1.conv1.bias
  - Froze policy model parameter: base_model.model.model.vqmodel.decoder.mid.block_1.norm2.weight
  - Froze policy model parameter: base_model.model.model.vqmodel.decoder.mid.block_1.norm2.bias
  - Froze policy model parameter: base_model.model.model.vqmodel.decoder.mid.block_1.conv2.weight
  - Froze policy model parameter: base_model.model.model.vqmodel.decoder.mid.block_1.conv2.bias
  - Froze policy model parameter: base_model.model.model.vqmodel.decoder.mid.attn_1.norm.weight
  - Froze policy model parameter: base_model.model.model.vqmodel.decoder.mid.attn_1.norm.bias
  - Froze policy model parameter: base_model.model.model.vqmodel.decoder.mid.attn_1.q.weight
  - Froze policy model parameter: base_model.model.model.vqmodel.decoder.mid.attn_1.q.bias
  - Froze policy model parameter: base_model.model.model.vqmodel.decoder.mid.attn_1.k.weight
  - Froze policy model parameter: base_model.model.model.vqmodel.decoder.mid.attn_1.k.bias
  - Froze policy model parameter: base_model.model.model.vqmodel.decoder.mid.attn_1.v.weight
  - Froze policy model parameter: base_model.model.model.vqmodel.decoder.mid.attn_1.v.bias
  - Froze policy model parameter: base_model.model.model.vqmodel.decoder.mid.attn_1.proj_out.weight
  - Froze policy model parameter: base_model.model.model.vqmodel.decoder.mid.attn_1.proj_out.bias
  - Froze policy model parameter: base_model.model.model.vqmodel.decoder.mid.block_2.norm1.weight
  - Froze policy model parameter: base_model.model.model.vqmodel.decoder.mid.block_2.norm1.bias
  - Froze policy model parameter: base_model.model.model.vqmodel.decoder.mid.block_2.conv1.weight
  - Froze policy model parameter: base_model.model.model.vqmodel.decoder.mid.block_2.conv1.bias
  - Froze policy model parameter: base_model.model.model.vqmodel.decoder.mid.block_2.norm2.weight
  - Froze policy model parameter: base_model.model.model.vqmodel.decoder.mid.block_2.norm2.bias
  - Froze policy model parameter: base_model.model.model.vqmodel.decoder.mid.block_2.conv2.weight
  - Froze policy model parameter: base_model.model.model.vqmodel.decoder.mid.block_2.conv2.bias
  - Froze policy model parameter: base_model.model.model.vqmodel.decoder.up.0.block.0.norm1.weight
  - Froze policy model parameter: base_model.model.model.vqmodel.decoder.up.0.block.0.norm1.bias
  - Froze policy model parameter: base_model.model.model.vqmodel.decoder.up.0.block.0.conv1.weight
  - Froze policy model parameter: base_model.model.model.vqmodel.decoder.up.0.block.0.conv1.bias
  - Froze policy model parameter: base_model.model.model.vqmodel.decoder.up.0.block.0.norm2.weight
  - Froze policy model parameter: base_model.model.model.vqmodel.decoder.up.0.block.0.norm2.bias
  - Froze policy model parameter: base_model.model.model.vqmodel.decoder.up.0.block.0.conv2.weight
  - Froze policy model parameter: base_model.model.model.vqmodel.decoder.up.0.block.0.conv2.bias
  - Froze policy model parameter: base_model.model.model.vqmodel.decoder.up.0.block.1.norm1.weight
  - Froze policy model parameter: base_model.model.model.vqmodel.decoder.up.0.block.1.norm1.bias
  - Froze policy model parameter: base_model.model.model.vqmodel.decoder.up.0.block.1.conv1.weight
  - Froze policy model parameter: base_model.model.model.vqmodel.decoder.up.0.block.1.conv1.bias
  - Froze policy model parameter: base_model.model.model.vqmodel.decoder.up.0.block.1.norm2.weight
  - Froze policy model parameter: base_model.model.model.vqmodel.decoder.up.0.block.1.norm2.bias
  - Froze policy model parameter: base_model.model.model.vqmodel.decoder.up.0.block.1.conv2.weight
  - Froze policy model parameter: base_model.model.model.vqmodel.decoder.up.0.block.1.conv2.bias
  - Froze policy model parameter: base_model.model.model.vqmodel.decoder.up.0.block.2.norm1.weight
  - Froze policy model parameter: base_model.model.model.vqmodel.decoder.up.0.block.2.norm1.bias
  - Froze policy model parameter: base_model.model.model.vqmodel.decoder.up.0.block.2.conv1.weight
  - Froze policy model parameter: base_model.model.model.vqmodel.decoder.up.0.block.2.conv1.bias
  - Froze policy model parameter: base_model.model.model.vqmodel.decoder.up.0.block.2.norm2.weight
  - Froze policy model parameter: base_model.model.model.vqmodel.decoder.up.0.block.2.norm2.bias
  - Froze policy model parameter: base_model.model.model.vqmodel.decoder.up.0.block.2.conv2.weight
  - Froze policy model parameter: base_model.model.model.vqmodel.decoder.up.0.block.2.conv2.bias
  - Froze policy model parameter: base_model.model.model.vqmodel.decoder.up.1.block.0.norm1.weight
  - Froze policy model parameter: base_model.model.model.vqmodel.decoder.up.1.block.0.norm1.bias
  - Froze policy model parameter: base_model.model.model.vqmodel.decoder.up.1.block.0.conv1.weight
  - Froze policy model parameter: base_model.model.model.vqmodel.decoder.up.1.block.0.conv1.bias
  - Froze policy model parameter: base_model.model.model.vqmodel.decoder.up.1.block.0.norm2.weight
  - Froze policy model parameter: base_model.model.model.vqmodel.decoder.up.1.block.0.norm2.bias
  - Froze policy model parameter: base_model.model.model.vqmodel.decoder.up.1.block.0.conv2.weight
  - Froze policy model parameter: base_model.model.model.vqmodel.decoder.up.1.block.0.conv2.bias
  - Froze policy model parameter: base_model.model.model.vqmodel.decoder.up.1.block.0.nin_shortcut.weight
  - Froze policy model parameter: base_model.model.model.vqmodel.decoder.up.1.block.0.nin_shortcut.bias
  - Froze policy model parameter: base_model.model.model.vqmodel.decoder.up.1.block.1.norm1.weight
  - Froze policy model parameter: base_model.model.model.vqmodel.decoder.up.1.block.1.norm1.bias
  - Froze policy model parameter: base_model.model.model.vqmodel.decoder.up.1.block.1.conv1.weight
  - Froze policy model parameter: base_model.model.model.vqmodel.decoder.up.1.block.1.conv1.bias
  - Froze policy model parameter: base_model.model.model.vqmodel.decoder.up.1.block.1.norm2.weight
  - Froze policy model parameter: base_model.model.model.vqmodel.decoder.up.1.block.1.norm2.bias
  - Froze policy model parameter: base_model.model.model.vqmodel.decoder.up.1.block.1.conv2.weight
  - Froze policy model parameter: base_model.model.model.vqmodel.decoder.up.1.block.1.conv2.bias
  - Froze policy model parameter: base_model.model.model.vqmodel.decoder.up.1.block.2.norm1.weight
  - Froze policy model parameter: base_model.model.model.vqmodel.decoder.up.1.block.2.norm1.bias
  - Froze policy model parameter: base_model.model.model.vqmodel.decoder.up.1.block.2.conv1.weight
  - Froze policy model parameter: base_model.model.model.vqmodel.decoder.up.1.block.2.conv1.bias
  - Froze policy model parameter: base_model.model.model.vqmodel.decoder.up.1.block.2.norm2.weight
  - Froze policy model parameter: base_model.model.model.vqmodel.decoder.up.1.block.2.norm2.bias
  - Froze policy model parameter: base_model.model.model.vqmodel.decoder.up.1.block.2.conv2.weight
  - Froze policy model parameter: base_model.model.model.vqmodel.decoder.up.1.block.2.conv2.bias
  - Froze policy model parameter: base_model.model.model.vqmodel.decoder.up.1.upsample.conv.weight
  - Froze policy model parameter: base_model.model.model.vqmodel.decoder.up.1.upsample.conv.bias
  - Froze policy model parameter: base_model.model.model.vqmodel.decoder.up.2.block.0.norm1.weight
  - Froze policy model parameter: base_model.model.model.vqmodel.decoder.up.2.block.0.norm1.bias
  - Froze policy model parameter: base_model.model.model.vqmodel.decoder.up.2.block.0.conv1.weight
  - Froze policy model parameter: base_model.model.model.vqmodel.decoder.up.2.block.0.conv1.bias
  - Froze policy model parameter: base_model.model.model.vqmodel.decoder.up.2.block.0.norm2.weight
  - Froze policy model parameter: base_model.model.model.vqmodel.decoder.up.2.block.0.norm2.bias
  - Froze policy model parameter: base_model.model.model.vqmodel.decoder.up.2.block.0.conv2.weight
  - Froze policy model parameter: base_model.model.model.vqmodel.decoder.up.2.block.0.conv2.bias
  - Froze policy model parameter: base_model.model.model.vqmodel.decoder.up.2.block.1.norm1.weight
  - Froze policy model parameter: base_model.model.model.vqmodel.decoder.up.2.block.1.norm1.bias
  - Froze policy model parameter: base_model.model.model.vqmodel.decoder.up.2.block.1.conv1.weight
  - Froze policy model parameter: base_model.model.model.vqmodel.decoder.up.2.block.1.conv1.bias
  - Froze policy model parameter: base_model.model.model.vqmodel.decoder.up.2.block.1.norm2.weight
  - Froze policy model parameter: base_model.model.model.vqmodel.decoder.up.2.block.1.norm2.bias
  - Froze policy model parameter: base_model.model.model.vqmodel.decoder.up.2.block.1.conv2.weight
  - Froze policy model parameter: base_model.model.model.vqmodel.decoder.up.2.block.1.conv2.bias
  - Froze policy model parameter: base_model.model.model.vqmodel.decoder.up.2.block.2.norm1.weight
  - Froze policy model parameter: base_model.model.model.vqmodel.decoder.up.2.block.2.norm1.bias
  - Froze policy model parameter: base_model.model.model.vqmodel.decoder.up.2.block.2.conv1.weight
  - Froze policy model parameter: base_model.model.model.vqmodel.decoder.up.2.block.2.conv1.bias
  - Froze policy model parameter: base_model.model.model.vqmodel.decoder.up.2.block.2.norm2.weight
  - Froze policy model parameter: base_model.model.model.vqmodel.decoder.up.2.block.2.norm2.bias
  - Froze policy model parameter: base_model.model.model.vqmodel.decoder.up.2.block.2.conv2.weight
  - Froze policy model parameter: base_model.model.model.vqmodel.decoder.up.2.block.2.conv2.bias
  - Froze policy model parameter: base_model.model.model.vqmodel.decoder.up.2.upsample.conv.weight
  - Froze policy model parameter: base_model.model.model.vqmodel.decoder.up.2.upsample.conv.bias
  - Froze policy model parameter: base_model.model.model.vqmodel.decoder.up.3.block.0.norm1.weight
  - Froze policy model parameter: base_model.model.model.vqmodel.decoder.up.3.block.0.norm1.bias
  - Froze policy model parameter: base_model.model.model.vqmodel.decoder.up.3.block.0.conv1.weight
  - Froze policy model parameter: base_model.model.model.vqmodel.decoder.up.3.block.0.conv1.bias
  - Froze policy model parameter: base_model.model.model.vqmodel.decoder.up.3.block.0.norm2.weight
  - Froze policy model parameter: base_model.model.model.vqmodel.decoder.up.3.block.0.norm2.bias
  - Froze policy model parameter: base_model.model.model.vqmodel.decoder.up.3.block.0.conv2.weight
  - Froze policy model parameter: base_model.model.model.vqmodel.decoder.up.3.block.0.conv2.bias
  - Froze policy model parameter: base_model.model.model.vqmodel.decoder.up.3.block.0.nin_shortcut.weight
  - Froze policy model parameter: base_model.model.model.vqmodel.decoder.up.3.block.0.nin_shortcut.bias
  - Froze policy model parameter: base_model.model.model.vqmodel.decoder.up.3.block.1.norm1.weight
  - Froze policy model parameter: base_model.model.model.vqmodel.decoder.up.3.block.1.norm1.bias
  - Froze policy model parameter: base_model.model.model.vqmodel.decoder.up.3.block.1.conv1.weight
  - Froze policy model parameter: base_model.model.model.vqmodel.decoder.up.3.block.1.conv1.bias
  - Froze policy model parameter: base_model.model.model.vqmodel.decoder.up.3.block.1.norm2.weight
  - Froze policy model parameter: base_model.model.model.vqmodel.decoder.up.3.block.1.norm2.bias
  - Froze policy model parameter: base_model.model.model.vqmodel.decoder.up.3.block.1.conv2.weight
  - Froze policy model parameter: base_model.model.model.vqmodel.decoder.up.3.block.1.conv2.bias
  - Froze policy model parameter: base_model.model.model.vqmodel.decoder.up.3.block.2.norm1.weight
  - Froze policy model parameter: base_model.model.model.vqmodel.decoder.up.3.block.2.norm1.bias
  - Froze policy model parameter: base_model.model.model.vqmodel.decoder.up.3.block.2.conv1.weight
  - Froze policy model parameter: base_model.model.model.vqmodel.decoder.up.3.block.2.conv1.bias
  - Froze policy model parameter: base_model.model.model.vqmodel.decoder.up.3.block.2.norm2.weight
  - Froze policy model parameter: base_model.model.model.vqmodel.decoder.up.3.block.2.norm2.bias
  - Froze policy model parameter: base_model.model.model.vqmodel.decoder.up.3.block.2.conv2.weight
  - Froze policy model parameter: base_model.model.model.vqmodel.decoder.up.3.block.2.conv2.bias
  - Froze policy model parameter: base_model.model.model.vqmodel.decoder.up.3.upsample.conv.weight
  - Froze policy model parameter: base_model.model.model.vqmodel.decoder.up.3.upsample.conv.bias
  - Froze policy model parameter: base_model.model.model.vqmodel.decoder.up.4.block.0.norm1.weight
  - Froze policy model parameter: base_model.model.model.vqmodel.decoder.up.4.block.0.norm1.bias
  - Froze policy model parameter: base_model.model.model.vqmodel.decoder.up.4.block.0.conv1.weight
  - Froze policy model parameter: base_model.model.model.vqmodel.decoder.up.4.block.0.conv1.bias
  - Froze policy model parameter: base_model.model.model.vqmodel.decoder.up.4.block.0.norm2.weight
  - Froze policy model parameter: base_model.model.model.vqmodel.decoder.up.4.block.0.norm2.bias
  - Froze policy model parameter: base_model.model.model.vqmodel.decoder.up.4.block.0.conv2.weight
  - Froze policy model parameter: base_model.model.model.vqmodel.decoder.up.4.block.0.conv2.bias
  - Froze policy model parameter: base_model.model.model.vqmodel.decoder.up.4.block.1.norm1.weight
  - Froze policy model parameter: base_model.model.model.vqmodel.decoder.up.4.block.1.norm1.bias
  - Froze policy model parameter: base_model.model.model.vqmodel.decoder.up.4.block.1.conv1.weight
  - Froze policy model parameter: base_model.model.model.vqmodel.decoder.up.4.block.1.conv1.bias
  - Froze policy model parameter: base_model.model.model.vqmodel.decoder.up.4.block.1.norm2.weight
  - Froze policy model parameter: base_model.model.model.vqmodel.decoder.up.4.block.1.norm2.bias
  - Froze policy model parameter: base_model.model.model.vqmodel.decoder.up.4.block.1.conv2.weight
  - Froze policy model parameter: base_model.model.model.vqmodel.decoder.up.4.block.1.conv2.bias
  - Froze policy model parameter: base_model.model.model.vqmodel.decoder.up.4.block.2.norm1.weight
  - Froze policy model parameter: base_model.model.model.vqmodel.decoder.up.4.block.2.norm1.bias
  - Froze policy model parameter: base_model.model.model.vqmodel.decoder.up.4.block.2.conv1.weight
  - Froze policy model parameter: base_model.model.model.vqmodel.decoder.up.4.block.2.conv1.bias
  - Froze policy model parameter: base_model.model.model.vqmodel.decoder.up.4.block.2.norm2.weight
  - Froze policy model parameter: base_model.model.model.vqmodel.decoder.up.4.block.2.norm2.bias
  - Froze policy model parameter: base_model.model.model.vqmodel.decoder.up.4.block.2.conv2.weight
  - Froze policy model parameter: base_model.model.model.vqmodel.decoder.up.4.block.2.conv2.bias
  - Froze policy model parameter: base_model.model.model.vqmodel.decoder.up.4.upsample.conv.weight
  - Froze policy model parameter: base_model.model.model.vqmodel.decoder.up.4.upsample.conv.bias
  - Froze policy model parameter: base_model.model.model.vqmodel.decoder.norm_out.weight
  - Froze policy model parameter: base_model.model.model.vqmodel.decoder.norm_out.bias
  - Froze policy model parameter: base_model.model.model.vqmodel.decoder.conv_out.weight
  - Froze policy model parameter: base_model.model.model.vqmodel.decoder.conv_out.bias
  - Froze policy model parameter: base_model.model.model.vqmodel.quantize.embedding.weight
  - Froze policy model parameter: base_model.model.model.vqmodel.quant_conv.weight
  - Froze policy model parameter: base_model.model.model.vqmodel.quant_conv.bias
  - Froze policy model parameter: base_model.model.model.vqmodel.post_quant_conv.weight
  - Froze policy model parameter: base_model.model.model.vqmodel.post_quant_conv.bias
  - Froze policy model parameter: base_model.model.mlp_head.time_embed.mlp.0.weight
  - Froze policy model parameter: base_model.model.mlp_head.time_embed.mlp.0.bias
  - Froze policy model parameter: base_model.model.mlp_head.time_embed.mlp.2.weight
  - Froze policy model parameter: base_model.model.mlp_head.time_embed.mlp.2.bias
  - Froze policy model parameter: base_model.model.mlp_head.cond_embed.weight
  - Froze policy model parameter: base_model.model.mlp_head.cond_embed.bias
  - Froze policy model parameter: base_model.model.mlp_head.input_proj.weight
  - Froze policy model parameter: base_model.model.mlp_head.input_proj.bias
  - Froze policy model parameter: base_model.model.mlp_head.res_blocks.0.in_ln.weight
  - Froze policy model parameter: base_model.model.mlp_head.res_blocks.0.in_ln.bias
  - Froze policy model parameter: base_model.model.mlp_head.res_blocks.0.mlp.0.weight
  - Froze policy model parameter: base_model.model.mlp_head.res_blocks.0.mlp.0.bias
  - Froze policy model parameter: base_model.model.mlp_head.res_blocks.0.mlp.2.weight
  - Froze policy model parameter: base_model.model.mlp_head.res_blocks.0.mlp.2.bias
  - Froze policy model parameter: base_model.model.mlp_head.res_blocks.0.adaLN_modulation.1.weight
  - Froze policy model parameter: base_model.model.mlp_head.res_blocks.0.adaLN_modulation.1.bias
  - Froze policy model parameter: base_model.model.mlp_head.res_blocks.1.in_ln.weight
  - Froze policy model parameter: base_model.model.mlp_head.res_blocks.1.in_ln.bias
  - Froze policy model parameter: base_model.model.mlp_head.res_blocks.1.mlp.0.weight
  - Froze policy model parameter: base_model.model.mlp_head.res_blocks.1.mlp.0.bias
  - Froze policy model parameter: base_model.model.mlp_head.res_blocks.1.mlp.2.weight
  - Froze policy model parameter: base_model.model.mlp_head.res_blocks.1.mlp.2.bias
  - Froze policy model parameter: base_model.model.mlp_head.res_blocks.1.adaLN_modulation.1.weight
  - Froze policy model parameter: base_model.model.mlp_head.res_blocks.1.adaLN_modulation.1.bias
  - Froze policy model parameter: base_model.model.mlp_head.res_blocks.2.in_ln.weight
  - Froze policy model parameter: base_model.model.mlp_head.res_blocks.2.in_ln.bias
  - Froze policy model parameter: base_model.model.mlp_head.res_blocks.2.mlp.0.weight
  - Froze policy model parameter: base_model.model.mlp_head.res_blocks.2.mlp.0.bias
  - Froze policy model parameter: base_model.model.mlp_head.res_blocks.2.mlp.2.weight
  - Froze policy model parameter: base_model.model.mlp_head.res_blocks.2.mlp.2.bias
  - Froze policy model parameter: base_model.model.mlp_head.res_blocks.2.adaLN_modulation.1.weight
  - Froze policy model parameter: base_model.model.mlp_head.res_blocks.2.adaLN_modulation.1.bias
  - Froze policy model parameter: base_model.model.mlp_head.final_layer.linear.weight
  - Froze policy model parameter: base_model.model.mlp_head.final_layer.linear.bias
  - Froze policy model parameter: base_model.model.mlp_head.final_layer.adaLN_modulation.1.weight
  - Froze policy model parameter: base_model.model.mlp_head.final_layer.adaLN_modulation.1.bias
Model parts frozen.
`torch_dtype` is deprecated! Use `dtype` instead!
LoRA 已启用：trainable params=16777216 / total params=7151239811
Enabling policy gradient checkpointing (use_reentrant=False).
Loaded 2 reward functions: ['answer_correctness_reward', 'format_reward']
Trainer initialized.
--- [Step 3/3] Starting GRPO training... ---
Diffusion MLP gradient checkpointing disabled.
Freezing non-trainable parts of the model...
  - Froze policy model parameter: base_model.model.model.vqmodel.encoder.conv_in.weight
  - Froze policy model parameter: base_model.model.model.vqmodel.encoder.conv_in.bias
  - Froze policy model parameter: base_model.model.model.vqmodel.encoder.down.0.block.0.norm1.weight
  - Froze policy model parameter: base_model.model.model.vqmodel.encoder.down.0.block.0.norm1.bias
  - Froze policy model parameter: base_model.model.model.vqmodel.encoder.down.0.block.0.conv1.weight
  - Froze policy model parameter: base_model.model.model.vqmodel.encoder.down.0.block.0.conv1.bias
  - Froze policy model parameter: base_model.model.model.vqmodel.encoder.down.0.block.0.norm2.weight
  - Froze policy model parameter: base_model.model.model.vqmodel.encoder.down.0.block.0.norm2.bias
  - Froze policy model parameter: base_model.model.model.vqmodel.encoder.down.0.block.0.conv2.weight
  - Froze policy model parameter: base_model.model.model.vqmodel.encoder.down.0.block.0.conv2.bias
  - Froze policy model parameter: base_model.model.model.vqmodel.encoder.down.0.block.1.norm1.weight
  - Froze policy model parameter: base_model.model.model.vqmodel.encoder.down.0.block.1.norm1.bias
  - Froze policy model parameter: base_model.model.model.vqmodel.encoder.down.0.block.1.conv1.weight
  - Froze policy model parameter: base_model.model.model.vqmodel.encoder.down.0.block.1.conv1.bias
  - Froze policy model parameter: base_model.model.model.vqmodel.encoder.down.0.block.1.norm2.weight
  - Froze policy model parameter: base_model.model.model.vqmodel.encoder.down.0.block.1.norm2.bias
  - Froze policy model parameter: base_model.model.model.vqmodel.encoder.down.0.block.1.conv2.weight
  - Froze policy model parameter: base_model.model.model.vqmodel.encoder.down.0.block.1.conv2.bias
  - Froze policy model parameter: base_model.model.model.vqmodel.encoder.down.0.downsample.conv.weight
  - Froze policy model parameter: base_model.model.model.vqmodel.encoder.down.0.downsample.conv.bias
  - Froze policy model parameter: base_model.model.model.vqmodel.encoder.down.1.block.0.norm1.weight
  - Froze policy model parameter: base_model.model.model.vqmodel.encoder.down.1.block.0.norm1.bias
  - Froze policy model parameter: base_model.model.model.vqmodel.encoder.down.1.block.0.conv1.weight
  - Froze policy model parameter: base_model.model.model.vqmodel.encoder.down.1.block.0.conv1.bias
  - Froze policy model parameter: base_model.model.model.vqmodel.encoder.down.1.block.0.norm2.weight
  - Froze policy model parameter: base_model.model.model.vqmodel.encoder.down.1.block.0.norm2.bias
  - Froze policy model parameter: base_model.model.model.vqmodel.encoder.down.1.block.0.conv2.weight
  - Froze policy model parameter: base_model.model.model.vqmodel.encoder.down.1.block.0.conv2.bias
  - Froze policy model parameter: base_model.model.model.vqmodel.encoder.down.1.block.1.norm1.weight
  - Froze policy model parameter: base_model.model.model.vqmodel.encoder.down.1.block.1.norm1.bias
  - Froze policy model parameter: base_model.model.model.vqmodel.encoder.down.1.block.1.conv1.weight
  - Froze policy model parameter: base_model.model.model.vqmodel.encoder.down.1.block.1.conv1.bias
  - Froze policy model parameter: base_model.model.model.vqmodel.encoder.down.1.block.1.norm2.weight
  - Froze policy model parameter: base_model.model.model.vqmodel.encoder.down.1.block.1.norm2.bias
  - Froze policy model parameter: base_model.model.model.vqmodel.encoder.down.1.block.1.conv2.weight
  - Froze policy model parameter: base_model.model.model.vqmodel.encoder.down.1.block.1.conv2.bias
  - Froze policy model parameter: base_model.model.model.vqmodel.encoder.down.1.downsample.conv.weight
  - Froze policy model parameter: base_model.model.model.vqmodel.encoder.down.1.downsample.conv.bias
  - Froze policy model parameter: base_model.model.model.vqmodel.encoder.down.2.block.0.norm1.weight
  - Froze policy model parameter: base_model.model.model.vqmodel.encoder.down.2.block.0.norm1.bias
  - Froze policy model parameter: base_model.model.model.vqmodel.encoder.down.2.block.0.conv1.weight
  - Froze policy model parameter: base_model.model.model.vqmodel.encoder.down.2.block.0.conv1.bias
  - Froze policy model parameter: base_model.model.model.vqmodel.encoder.down.2.block.0.norm2.weight
  - Froze policy model parameter: base_model.model.model.vqmodel.encoder.down.2.block.0.norm2.bias
  - Froze policy model parameter: base_model.model.model.vqmodel.encoder.down.2.block.0.conv2.weight
  - Froze policy model parameter: base_model.model.model.vqmodel.encoder.down.2.block.0.conv2.bias
  - Froze policy model parameter: base_model.model.model.vqmodel.encoder.down.2.block.0.nin_shortcut.weight
  - Froze policy model parameter: base_model.model.model.vqmodel.encoder.down.2.block.0.nin_shortcut.bias
  - Froze policy model parameter: base_model.model.model.vqmodel.encoder.down.2.block.1.norm1.weight
  - Froze policy model parameter: base_model.model.model.vqmodel.encoder.down.2.block.1.norm1.bias
  - Froze policy model parameter: base_model.model.model.vqmodel.encoder.down.2.block.1.conv1.weight
  - Froze policy model parameter: base_model.model.model.vqmodel.encoder.down.2.block.1.conv1.bias
  - Froze policy model parameter: base_model.model.model.vqmodel.encoder.down.2.block.1.norm2.weight
  - Froze policy model parameter: base_model.model.model.vqmodel.encoder.down.2.block.1.norm2.bias
  - Froze policy model parameter: base_model.model.model.vqmodel.encoder.down.2.block.1.conv2.weight
  - Froze policy model parameter: base_model.model.model.vqmodel.encoder.down.2.block.1.conv2.bias
  - Froze policy model parameter: base_model.model.model.vqmodel.encoder.down.2.downsample.conv.weight
  - Froze policy model parameter: base_model.model.model.vqmodel.encoder.down.2.downsample.conv.bias
  - Froze policy model parameter: base_model.model.model.vqmodel.encoder.down.3.block.0.norm1.weight
  - Froze policy model parameter: base_model.model.model.vqmodel.encoder.down.3.block.0.norm1.bias
  - Froze policy model parameter: base_model.model.model.vqmodel.encoder.down.3.block.0.conv1.weight
  - Froze policy model parameter: base_model.model.model.vqmodel.encoder.down.3.block.0.conv1.bias
  - Froze policy model parameter: base_model.model.model.vqmodel.encoder.down.3.block.0.norm2.weight
  - Froze policy model parameter: base_model.model.model.vqmodel.encoder.down.3.block.0.norm2.bias
  - Froze policy model parameter: base_model.model.model.vqmodel.encoder.down.3.block.0.conv2.weight
  - Froze policy model parameter: base_model.model.model.vqmodel.encoder.down.3.block.0.conv2.bias
  - Froze policy model parameter: base_model.model.model.vqmodel.encoder.down.3.block.1.norm1.weight
  - Froze policy model parameter: base_model.model.model.vqmodel.encoder.down.3.block.1.norm1.bias
  - Froze policy model parameter: base_model.model.model.vqmodel.encoder.down.3.block.1.conv1.weight
  - Froze policy model parameter: base_model.model.model.vqmodel.encoder.down.3.block.1.conv1.bias
  - Froze policy model parameter: base_model.model.model.vqmodel.encoder.down.3.block.1.norm2.weight
  - Froze policy model parameter: base_model.model.model.vqmodel.encoder.down.3.block.1.norm2.bias
  - Froze policy model parameter: base_model.model.model.vqmodel.encoder.down.3.block.1.conv2.weight
  - Froze policy model parameter: base_model.model.model.vqmodel.encoder.down.3.block.1.conv2.bias
  - Froze policy model parameter: base_model.model.model.vqmodel.encoder.down.3.downsample.conv.weight
  - Froze policy model parameter: base_model.model.model.vqmodel.encoder.down.3.downsample.conv.bias
  - Froze policy model parameter: base_model.model.model.vqmodel.encoder.down.4.block.0.norm1.weight
  - Froze policy model parameter: base_model.model.model.vqmodel.encoder.down.4.block.0.norm1.bias
  - Froze policy model parameter: base_model.model.model.vqmodel.encoder.down.4.block.0.conv1.weight
  - Froze policy model parameter: base_model.model.model.vqmodel.encoder.down.4.block.0.conv1.bias
  - Froze policy model parameter: base_model.model.model.vqmodel.encoder.down.4.block.0.norm2.weight
  - Froze policy model parameter: base_model.model.model.vqmodel.encoder.down.4.block.0.norm2.bias
  - Froze policy model parameter: base_model.model.model.vqmodel.encoder.down.4.block.0.conv2.weight
  - Froze policy model parameter: base_model.model.model.vqmodel.encoder.down.4.block.0.conv2.bias
  - Froze policy model parameter: base_model.model.model.vqmodel.encoder.down.4.block.0.nin_shortcut.weight
  - Froze policy model parameter: base_model.model.model.vqmodel.encoder.down.4.block.0.nin_shortcut.bias
  - Froze policy model parameter: base_model.model.model.vqmodel.encoder.down.4.block.1.norm1.weight
  - Froze policy model parameter: base_model.model.model.vqmodel.encoder.down.4.block.1.norm1.bias
  - Froze policy model parameter: base_model.model.model.vqmodel.encoder.down.4.block.1.conv1.weight
  - Froze policy model parameter: base_model.model.model.vqmodel.encoder.down.4.block.1.conv1.bias
  - Froze policy model parameter: base_model.model.model.vqmodel.encoder.down.4.block.1.norm2.weight
  - Froze policy model parameter: base_model.model.model.vqmodel.encoder.down.4.block.1.norm2.bias
  - Froze policy model parameter: base_model.model.model.vqmodel.encoder.down.4.block.1.conv2.weight
  - Froze policy model parameter: base_model.model.model.vqmodel.encoder.down.4.block.1.conv2.bias
  - Froze policy model parameter: base_model.model.model.vqmodel.encoder.mid.block_1.norm1.weight
  - Froze policy model parameter: base_model.model.model.vqmodel.encoder.mid.block_1.norm1.bias
  - Froze policy model parameter: base_model.model.model.vqmodel.encoder.mid.block_1.conv1.weight
  - Froze policy model parameter: base_model.model.model.vqmodel.encoder.mid.block_1.conv1.bias
  - Froze policy model parameter: base_model.model.model.vqmodel.encoder.mid.block_1.norm2.weight
  - Froze policy model parameter: base_model.model.model.vqmodel.encoder.mid.block_1.norm2.bias
  - Froze policy model parameter: base_model.model.model.vqmodel.encoder.mid.block_1.conv2.weight
  - Froze policy model parameter: base_model.model.model.vqmodel.encoder.mid.block_1.conv2.bias
  - Froze policy model parameter: base_model.model.model.vqmodel.encoder.mid.attn_1.norm.weight
  - Froze policy model parameter: base_model.model.model.vqmodel.encoder.mid.attn_1.norm.bias
  - Froze policy model parameter: base_model.model.model.vqmodel.encoder.mid.attn_1.q.weight
  - Froze policy model parameter: base_model.model.model.vqmodel.encoder.mid.attn_1.q.bias
  - Froze policy model parameter: base_model.model.model.vqmodel.encoder.mid.attn_1.k.weight
  - Froze policy model parameter: base_model.model.model.vqmodel.encoder.mid.attn_1.k.bias
  - Froze policy model parameter: base_model.model.model.vqmodel.encoder.mid.attn_1.v.weight
  - Froze policy model parameter: base_model.model.model.vqmodel.encoder.mid.attn_1.v.bias
  - Froze policy model parameter: base_model.model.model.vqmodel.encoder.mid.attn_1.proj_out.weight
  - Froze policy model parameter: base_model.model.model.vqmodel.encoder.mid.attn_1.proj_out.bias
  - Froze policy model parameter: base_model.model.model.vqmodel.encoder.mid.block_2.norm1.weight
  - Froze policy model parameter: base_model.model.model.vqmodel.encoder.mid.block_2.norm1.bias
  - Froze policy model parameter: base_model.model.model.vqmodel.encoder.mid.block_2.conv1.weight
  - Froze policy model parameter: base_model.model.model.vqmodel.encoder.mid.block_2.conv1.bias
  - Froze policy model parameter: base_model.model.model.vqmodel.encoder.mid.block_2.norm2.weight
  - Froze policy model parameter: base_model.model.model.vqmodel.encoder.mid.block_2.norm2.bias
  - Froze policy model parameter: base_model.model.model.vqmodel.encoder.mid.block_2.conv2.weight
  - Froze policy model parameter: base_model.model.model.vqmodel.encoder.mid.block_2.conv2.bias
  - Froze policy model parameter: base_model.model.model.vqmodel.encoder.norm_out.weight
  - Froze policy model parameter: base_model.model.model.vqmodel.encoder.norm_out.bias
  - Froze policy model parameter: base_model.model.model.vqmodel.encoder.conv_out.weight
  - Froze policy model parameter: base_model.model.model.vqmodel.encoder.conv_out.bias
  - Froze policy model parameter: base_model.model.model.vqmodel.decoder.conv_in.weight
  - Froze policy model parameter: base_model.model.model.vqmodel.decoder.conv_in.bias
  - Froze policy model parameter: base_model.model.model.vqmodel.decoder.mid.block_1.norm1.weight
  - Froze policy model parameter: base_model.model.model.vqmodel.decoder.mid.block_1.norm1.bias
  - Froze policy model parameter: base_model.model.model.vqmodel.decoder.mid.block_1.conv1.weight
  - Froze policy model parameter: base_model.model.model.vqmodel.decoder.mid.block_1.conv1.bias
  - Froze policy model parameter: base_model.model.model.vqmodel.decoder.mid.block_1.norm2.weight
  - Froze policy model parameter: base_model.model.model.vqmodel.decoder.mid.block_1.norm2.bias
  - Froze policy model parameter: base_model.model.model.vqmodel.decoder.mid.block_1.conv2.weight
  - Froze policy model parameter: base_model.model.model.vqmodel.decoder.mid.block_1.conv2.bias
  - Froze policy model parameter: base_model.model.model.vqmodel.decoder.mid.attn_1.norm.weight
  - Froze policy model parameter: base_model.model.model.vqmodel.decoder.mid.attn_1.norm.bias
  - Froze policy model parameter: base_model.model.model.vqmodel.decoder.mid.attn_1.q.weight
  - Froze policy model parameter: base_model.model.model.vqmodel.decoder.mid.attn_1.q.bias
  - Froze policy model parameter: base_model.model.model.vqmodel.decoder.mid.attn_1.k.weight
  - Froze policy model parameter: base_model.model.model.vqmodel.decoder.mid.attn_1.k.bias
  - Froze policy model parameter: base_model.model.model.vqmodel.decoder.mid.attn_1.v.weight
  - Froze policy model parameter: base_model.model.model.vqmodel.decoder.mid.attn_1.v.bias
  - Froze policy model parameter: base_model.model.model.vqmodel.decoder.mid.attn_1.proj_out.weight
  - Froze policy model parameter: base_model.model.model.vqmodel.decoder.mid.attn_1.proj_out.bias
  - Froze policy model parameter: base_model.model.model.vqmodel.decoder.mid.block_2.norm1.weight
  - Froze policy model parameter: base_model.model.model.vqmodel.decoder.mid.block_2.norm1.bias
  - Froze policy model parameter: base_model.model.model.vqmodel.decoder.mid.block_2.conv1.weight
  - Froze policy model parameter: base_model.model.model.vqmodel.decoder.mid.block_2.conv1.bias
  - Froze policy model parameter: base_model.model.model.vqmodel.decoder.mid.block_2.norm2.weight
  - Froze policy model parameter: base_model.model.model.vqmodel.decoder.mid.block_2.norm2.bias
  - Froze policy model parameter: base_model.model.model.vqmodel.decoder.mid.block_2.conv2.weight
  - Froze policy model parameter: base_model.model.model.vqmodel.decoder.mid.block_2.conv2.bias
  - Froze policy model parameter: base_model.model.model.vqmodel.decoder.up.0.block.0.norm1.weight
  - Froze policy model parameter: base_model.model.model.vqmodel.decoder.up.0.block.0.norm1.bias
  - Froze policy model parameter: base_model.model.model.vqmodel.decoder.up.0.block.0.conv1.weight
  - Froze policy model parameter: base_model.model.model.vqmodel.decoder.up.0.block.0.conv1.bias
  - Froze policy model parameter: base_model.model.model.vqmodel.decoder.up.0.block.0.norm2.weight
  - Froze policy model parameter: base_model.model.model.vqmodel.decoder.up.0.block.0.norm2.bias
  - Froze policy model parameter: base_model.model.model.vqmodel.decoder.up.0.block.0.conv2.weight
  - Froze policy model parameter: base_model.model.model.vqmodel.decoder.up.0.block.0.conv2.bias
  - Froze policy model parameter: base_model.model.model.vqmodel.decoder.up.0.block.1.norm1.weight
  - Froze policy model parameter: base_model.model.model.vqmodel.decoder.up.0.block.1.norm1.bias
  - Froze policy model parameter: base_model.model.model.vqmodel.decoder.up.0.block.1.conv1.weight
  - Froze policy model parameter: base_model.model.model.vqmodel.decoder.up.0.block.1.conv1.bias
  - Froze policy model parameter: base_model.model.model.vqmodel.decoder.up.0.block.1.norm2.weight
  - Froze policy model parameter: base_model.model.model.vqmodel.decoder.up.0.block.1.norm2.bias
  - Froze policy model parameter: base_model.model.model.vqmodel.decoder.up.0.block.1.conv2.weight
  - Froze policy model parameter: base_model.model.model.vqmodel.decoder.up.0.block.1.conv2.bias
  - Froze policy model parameter: base_model.model.model.vqmodel.decoder.up.0.block.2.norm1.weight
  - Froze policy model parameter: base_model.model.model.vqmodel.decoder.up.0.block.2.norm1.bias
  - Froze policy model parameter: base_model.model.model.vqmodel.decoder.up.0.block.2.conv1.weight
  - Froze policy model parameter: base_model.model.model.vqmodel.decoder.up.0.block.2.conv1.bias
  - Froze policy model parameter: base_model.model.model.vqmodel.decoder.up.0.block.2.norm2.weight
  - Froze policy model parameter: base_model.model.model.vqmodel.decoder.up.0.block.2.norm2.bias
  - Froze policy model parameter: base_model.model.model.vqmodel.decoder.up.0.block.2.conv2.weight
  - Froze policy model parameter: base_model.model.model.vqmodel.decoder.up.0.block.2.conv2.bias
  - Froze policy model parameter: base_model.model.model.vqmodel.decoder.up.1.block.0.norm1.weight
  - Froze policy model parameter: base_model.model.model.vqmodel.decoder.up.1.block.0.norm1.bias
  - Froze policy model parameter: base_model.model.model.vqmodel.decoder.up.1.block.0.conv1.weight
  - Froze policy model parameter: base_model.model.model.vqmodel.decoder.up.1.block.0.conv1.bias
  - Froze policy model parameter: base_model.model.model.vqmodel.decoder.up.1.block.0.norm2.weight
  - Froze policy model parameter: base_model.model.model.vqmodel.decoder.up.1.block.0.norm2.bias
  - Froze policy model parameter: base_model.model.model.vqmodel.decoder.up.1.block.0.conv2.weight
  - Froze policy model parameter: base_model.model.model.vqmodel.decoder.up.1.block.0.conv2.bias
  - Froze policy model parameter: base_model.model.model.vqmodel.decoder.up.1.block.0.nin_shortcut.weight
  - Froze policy model parameter: base_model.model.model.vqmodel.decoder.up.1.block.0.nin_shortcut.bias
  - Froze policy model parameter: base_model.model.model.vqmodel.decoder.up.1.block.1.norm1.weight
  - Froze policy model parameter: base_model.model.model.vqmodel.decoder.up.1.block.1.norm1.bias
  - Froze policy model parameter: base_model.model.model.vqmodel.decoder.up.1.block.1.conv1.weight
  - Froze policy model parameter: base_model.model.model.vqmodel.decoder.up.1.block.1.conv1.bias
  - Froze policy model parameter: base_model.model.model.vqmodel.decoder.up.1.block.1.norm2.weight
  - Froze policy model parameter: base_model.model.model.vqmodel.decoder.up.1.block.1.norm2.bias
  - Froze policy model parameter: base_model.model.model.vqmodel.decoder.up.1.block.1.conv2.weight
  - Froze policy model parameter: base_model.model.model.vqmodel.decoder.up.1.block.1.conv2.bias
  - Froze policy model parameter: base_model.model.model.vqmodel.decoder.up.1.block.2.norm1.weight
  - Froze policy model parameter: base_model.model.model.vqmodel.decoder.up.1.block.2.norm1.bias
  - Froze policy model parameter: base_model.model.model.vqmodel.decoder.up.1.block.2.conv1.weight
  - Froze policy model parameter: base_model.model.model.vqmodel.decoder.up.1.block.2.conv1.bias
  - Froze policy model parameter: base_model.model.model.vqmodel.decoder.up.1.block.2.norm2.weight
  - Froze policy model parameter: base_model.model.model.vqmodel.decoder.up.1.block.2.norm2.bias
  - Froze policy model parameter: base_model.model.model.vqmodel.decoder.up.1.block.2.conv2.weight
  - Froze policy model parameter: base_model.model.model.vqmodel.decoder.up.1.block.2.conv2.bias
  - Froze policy model parameter: base_model.model.model.vqmodel.decoder.up.1.upsample.conv.weight
  - Froze policy model parameter: base_model.model.model.vqmodel.decoder.up.1.upsample.conv.bias
  - Froze policy model parameter: base_model.model.model.vqmodel.decoder.up.2.block.0.norm1.weight
  - Froze policy model parameter: base_model.model.model.vqmodel.decoder.up.2.block.0.norm1.bias
  - Froze policy model parameter: base_model.model.model.vqmodel.decoder.up.2.block.0.conv1.weight
  - Froze policy model parameter: base_model.model.model.vqmodel.decoder.up.2.block.0.conv1.bias
  - Froze policy model parameter: base_model.model.model.vqmodel.decoder.up.2.block.0.norm2.weight
  - Froze policy model parameter: base_model.model.model.vqmodel.decoder.up.2.block.0.norm2.bias
  - Froze policy model parameter: base_model.model.model.vqmodel.decoder.up.2.block.0.conv2.weight
  - Froze policy model parameter: base_model.model.model.vqmodel.decoder.up.2.block.0.conv2.bias
  - Froze policy model parameter: base_model.model.model.vqmodel.decoder.up.2.block.1.norm1.weight
  - Froze policy model parameter: base_model.model.model.vqmodel.decoder.up.2.block.1.norm1.bias
  - Froze policy model parameter: base_model.model.model.vqmodel.decoder.up.2.block.1.conv1.weight
  - Froze policy model parameter: base_model.model.model.vqmodel.decoder.up.2.block.1.conv1.bias
  - Froze policy model parameter: base_model.model.model.vqmodel.decoder.up.2.block.1.norm2.weight
  - Froze policy model parameter: base_model.model.model.vqmodel.decoder.up.2.block.1.norm2.bias
  - Froze policy model parameter: base_model.model.model.vqmodel.decoder.up.2.block.1.conv2.weight
  - Froze policy model parameter: base_model.model.model.vqmodel.decoder.up.2.block.1.conv2.bias
  - Froze policy model parameter: base_model.model.model.vqmodel.decoder.up.2.block.2.norm1.weight
  - Froze policy model parameter: base_model.model.model.vqmodel.decoder.up.2.block.2.norm1.bias
  - Froze policy model parameter: base_model.model.model.vqmodel.decoder.up.2.block.2.conv1.weight
  - Froze policy model parameter: base_model.model.model.vqmodel.decoder.up.2.block.2.conv1.bias
  - Froze policy model parameter: base_model.model.model.vqmodel.decoder.up.2.block.2.norm2.weight
  - Froze policy model parameter: base_model.model.model.vqmodel.decoder.up.2.block.2.norm2.bias
  - Froze policy model parameter: base_model.model.model.vqmodel.decoder.up.2.block.2.conv2.weight
  - Froze policy model parameter: base_model.model.model.vqmodel.decoder.up.2.block.2.conv2.bias
  - Froze policy model parameter: base_model.model.model.vqmodel.decoder.up.2.upsample.conv.weight
  - Froze policy model parameter: base_model.model.model.vqmodel.decoder.up.2.upsample.conv.bias
  - Froze policy model parameter: base_model.model.model.vqmodel.decoder.up.3.block.0.norm1.weight
  - Froze policy model parameter: base_model.model.model.vqmodel.decoder.up.3.block.0.norm1.bias
  - Froze policy model parameter: base_model.model.model.vqmodel.decoder.up.3.block.0.conv1.weight
  - Froze policy model parameter: base_model.model.model.vqmodel.decoder.up.3.block.0.conv1.bias
  - Froze policy model parameter: base_model.model.model.vqmodel.decoder.up.3.block.0.norm2.weight
  - Froze policy model parameter: base_model.model.model.vqmodel.decoder.up.3.block.0.norm2.bias
  - Froze policy model parameter: base_model.model.model.vqmodel.decoder.up.3.block.0.conv2.weight
  - Froze policy model parameter: base_model.model.model.vqmodel.decoder.up.3.block.0.conv2.bias
  - Froze policy model parameter: base_model.model.model.vqmodel.decoder.up.3.block.0.nin_shortcut.weight
  - Froze policy model parameter: base_model.model.model.vqmodel.decoder.up.3.block.0.nin_shortcut.bias
  - Froze policy model parameter: base_model.model.model.vqmodel.decoder.up.3.block.1.norm1.weight
  - Froze policy model parameter: base_model.model.model.vqmodel.decoder.up.3.block.1.norm1.bias
  - Froze policy model parameter: base_model.model.model.vqmodel.decoder.up.3.block.1.conv1.weight
  - Froze policy model parameter: base_model.model.model.vqmodel.decoder.up.3.block.1.conv1.bias
  - Froze policy model parameter: base_model.model.model.vqmodel.decoder.up.3.block.1.norm2.weight
  - Froze policy model parameter: base_model.model.model.vqmodel.decoder.up.3.block.1.norm2.bias
  - Froze policy model parameter: base_model.model.model.vqmodel.decoder.up.3.block.1.conv2.weight
  - Froze policy model parameter: base_model.model.model.vqmodel.decoder.up.3.block.1.conv2.bias
  - Froze policy model parameter: base_model.model.model.vqmodel.decoder.up.3.block.2.norm1.weight
  - Froze policy model parameter: base_model.model.model.vqmodel.decoder.up.3.block.2.norm1.bias
  - Froze policy model parameter: base_model.model.model.vqmodel.decoder.up.3.block.2.conv1.weight
  - Froze policy model parameter: base_model.model.model.vqmodel.decoder.up.3.block.2.conv1.bias
  - Froze policy model parameter: base_model.model.model.vqmodel.decoder.up.3.block.2.norm2.weight
  - Froze policy model parameter: base_model.model.model.vqmodel.decoder.up.3.block.2.norm2.bias
  - Froze policy model parameter: base_model.model.model.vqmodel.decoder.up.3.block.2.conv2.weight
  - Froze policy model parameter: base_model.model.model.vqmodel.decoder.up.3.block.2.conv2.bias
  - Froze policy model parameter: base_model.model.model.vqmodel.decoder.up.3.upsample.conv.weight
  - Froze policy model parameter: base_model.model.model.vqmodel.decoder.up.3.upsample.conv.bias
  - Froze policy model parameter: base_model.model.model.vqmodel.decoder.up.4.block.0.norm1.weight
  - Froze policy model parameter: base_model.model.model.vqmodel.decoder.up.4.block.0.norm1.bias
  - Froze policy model parameter: base_model.model.model.vqmodel.decoder.up.4.block.0.conv1.weight
  - Froze policy model parameter: base_model.model.model.vqmodel.decoder.up.4.block.0.conv1.bias
  - Froze policy model parameter: base_model.model.model.vqmodel.decoder.up.4.block.0.norm2.weight
  - Froze policy model parameter: base_model.model.model.vqmodel.decoder.up.4.block.0.norm2.bias
  - Froze policy model parameter: base_model.model.model.vqmodel.decoder.up.4.block.0.conv2.weight
  - Froze policy model parameter: base_model.model.model.vqmodel.decoder.up.4.block.0.conv2.bias
  - Froze policy model parameter: base_model.model.model.vqmodel.decoder.up.4.block.1.norm1.weight
  - Froze policy model parameter: base_model.model.model.vqmodel.decoder.up.4.block.1.norm1.bias
  - Froze policy model parameter: base_model.model.model.vqmodel.decoder.up.4.block.1.conv1.weight
  - Froze policy model parameter: base_model.model.model.vqmodel.decoder.up.4.block.1.conv1.bias
  - Froze policy model parameter: base_model.model.model.vqmodel.decoder.up.4.block.1.norm2.weight
  - Froze policy model parameter: base_model.model.model.vqmodel.decoder.up.4.block.1.norm2.bias
  - Froze policy model parameter: base_model.model.model.vqmodel.decoder.up.4.block.1.conv2.weight
  - Froze policy model parameter: base_model.model.model.vqmodel.decoder.up.4.block.1.conv2.bias
  - Froze policy model parameter: base_model.model.model.vqmodel.decoder.up.4.block.2.norm1.weight
  - Froze policy model parameter: base_model.model.model.vqmodel.decoder.up.4.block.2.norm1.bias
  - Froze policy model parameter: base_model.model.model.vqmodel.decoder.up.4.block.2.conv1.weight
  - Froze policy model parameter: base_model.model.model.vqmodel.decoder.up.4.block.2.conv1.bias
  - Froze policy model parameter: base_model.model.model.vqmodel.decoder.up.4.block.2.norm2.weight
  - Froze policy model parameter: base_model.model.model.vqmodel.decoder.up.4.block.2.norm2.bias
  - Froze policy model parameter: base_model.model.model.vqmodel.decoder.up.4.block.2.conv2.weight
  - Froze policy model parameter: base_model.model.model.vqmodel.decoder.up.4.block.2.conv2.bias
  - Froze policy model parameter: base_model.model.model.vqmodel.decoder.up.4.upsample.conv.weight
  - Froze policy model parameter: base_model.model.model.vqmodel.decoder.up.4.upsample.conv.bias
  - Froze policy model parameter: base_model.model.model.vqmodel.decoder.norm_out.weight
  - Froze policy model parameter: base_model.model.model.vqmodel.decoder.norm_out.bias
  - Froze policy model parameter: base_model.model.model.vqmodel.decoder.conv_out.weight
  - Froze policy model parameter: base_model.model.model.vqmodel.decoder.conv_out.bias
  - Froze policy model parameter: base_model.model.model.vqmodel.quantize.embedding.weight
  - Froze policy model parameter: base_model.model.model.vqmodel.quant_conv.weight
  - Froze policy model parameter: base_model.model.model.vqmodel.quant_conv.bias
  - Froze policy model parameter: base_model.model.model.vqmodel.post_quant_conv.weight
  - Froze policy model parameter: base_model.model.model.vqmodel.post_quant_conv.bias
  - Froze policy model parameter: base_model.model.mlp_head.time_embed.mlp.0.weight
  - Froze policy model parameter: base_model.model.mlp_head.time_embed.mlp.0.bias
  - Froze policy model parameter: base_model.model.mlp_head.time_embed.mlp.2.weight
  - Froze policy model parameter: base_model.model.mlp_head.time_embed.mlp.2.bias
  - Froze policy model parameter: base_model.model.mlp_head.cond_embed.weight
  - Froze policy model parameter: base_model.model.mlp_head.cond_embed.bias
  - Froze policy model parameter: base_model.model.mlp_head.input_proj.weight
  - Froze policy model parameter: base_model.model.mlp_head.input_proj.bias
  - Froze policy model parameter: base_model.model.mlp_head.res_blocks.0.in_ln.weight
  - Froze policy model parameter: base_model.model.mlp_head.res_blocks.0.in_ln.bias
  - Froze policy model parameter: base_model.model.mlp_head.res_blocks.0.mlp.0.weight
  - Froze policy model parameter: base_model.model.mlp_head.res_blocks.0.mlp.0.bias
  - Froze policy model parameter: base_model.model.mlp_head.res_blocks.0.mlp.2.weight
  - Froze policy model parameter: base_model.model.mlp_head.res_blocks.0.mlp.2.bias
  - Froze policy model parameter: base_model.model.mlp_head.res_blocks.0.adaLN_modulation.1.weight
  - Froze policy model parameter: base_model.model.mlp_head.res_blocks.0.adaLN_modulation.1.bias
  - Froze policy model parameter: base_model.model.mlp_head.res_blocks.1.in_ln.weight
  - Froze policy model parameter: base_model.model.mlp_head.res_blocks.1.in_ln.bias
  - Froze policy model parameter: base_model.model.mlp_head.res_blocks.1.mlp.0.weight
  - Froze policy model parameter: base_model.model.mlp_head.res_blocks.1.mlp.0.bias
  - Froze policy model parameter: base_model.model.mlp_head.res_blocks.1.mlp.2.weight
  - Froze policy model parameter: base_model.model.mlp_head.res_blocks.1.mlp.2.bias
  - Froze policy model parameter: base_model.model.mlp_head.res_blocks.1.adaLN_modulation.1.weight
  - Froze policy model parameter: base_model.model.mlp_head.res_blocks.1.adaLN_modulation.1.bias
  - Froze policy model parameter: base_model.model.mlp_head.res_blocks.2.in_ln.weight
  - Froze policy model parameter: base_model.model.mlp_head.res_blocks.2.in_ln.bias
  - Froze policy model parameter: base_model.model.mlp_head.res_blocks.2.mlp.0.weight
  - Froze policy model parameter: base_model.model.mlp_head.res_blocks.2.mlp.0.bias
  - Froze policy model parameter: base_model.model.mlp_head.res_blocks.2.mlp.2.weight
  - Froze policy model parameter: base_model.model.mlp_head.res_blocks.2.mlp.2.bias
  - Froze policy model parameter: base_model.model.mlp_head.res_blocks.2.adaLN_modulation.1.weight
  - Froze policy model parameter: base_model.model.mlp_head.res_blocks.2.adaLN_modulation.1.bias
  - Froze policy model parameter: base_model.model.mlp_head.final_layer.linear.weight
  - Froze policy model parameter: base_model.model.mlp_head.final_layer.linear.bias
  - Froze policy model parameter: base_model.model.mlp_head.final_layer.adaLN_modulation.1.weight
  - Froze policy model parameter: base_model.model.mlp_head.final_layer.adaLN_modulation.1.bias
Model parts frozen.
Loaded 2 reward functions: ['answer_correctness_reward', 'format_reward']
Trainer initialized.
--- [Step 3/3] Starting GRPO training... ---
Loading checkpoint shards: 100%|██████████| 3/3 [00:00<00:00, 25.63it/s]Loading checkpoint shards: 100%|██████████| 3/3 [00:00<00:00, 25.59it/s]
Loading checkpoint shards:   0%|          | 0/3 [00:00<?, ?it/s]Applying LoRA adapters ...
LoRA target modules: {'k_proj', 'v_proj', 'q_proj', 'o_proj'}
Loaded 2 reward functions: ['answer_correctness_reward', 'format_reward']
Trainer initialized.
--- [Step 3/3] Starting GRPO training... ---
Loading checkpoint shards: 100%|██████████| 3/3 [00:00<00:00, 24.58it/s]Loading checkpoint shards: 100%|██████████| 3/3 [00:00<00:00, 24.53it/s]
Applying LoRA adapters ...
LoRA target modules: {'v_proj', 'k_proj', 'q_proj', 'o_proj'}
LoRA 已启用：trainable params=16777216 / total params=7151239811
Enabling policy gradient checkpointing (use_reentrant=False).
Diffusion MLP gradient checkpointing disabled.
Freezing non-trainable parts of the model...
  - Froze policy model parameter: base_model.model.model.vqmodel.encoder.conv_in.weight
  - Froze policy model parameter: base_model.model.model.vqmodel.encoder.conv_in.bias
  - Froze policy model parameter: base_model.model.model.vqmodel.encoder.down.0.block.0.norm1.weight
  - Froze policy model parameter: base_model.model.model.vqmodel.encoder.down.0.block.0.norm1.bias
  - Froze policy model parameter: base_model.model.model.vqmodel.encoder.down.0.block.0.conv1.weight
  - Froze policy model parameter: base_model.model.model.vqmodel.encoder.down.0.block.0.conv1.bias
  - Froze policy model parameter: base_model.model.model.vqmodel.encoder.down.0.block.0.norm2.weight
  - Froze policy model parameter: base_model.model.model.vqmodel.encoder.down.0.block.0.norm2.bias
  - Froze policy model parameter: base_model.model.model.vqmodel.encoder.down.0.block.0.conv2.weight
  - Froze policy model parameter: base_model.model.model.vqmodel.encoder.down.0.block.0.conv2.bias
  - Froze policy model parameter: base_model.model.model.vqmodel.encoder.down.0.block.1.norm1.weight
  - Froze policy model parameter: base_model.model.model.vqmodel.encoder.down.0.block.1.norm1.bias
  - Froze policy model parameter: base_model.model.model.vqmodel.encoder.down.0.block.1.conv1.weight
  - Froze policy model parameter: base_model.model.model.vqmodel.encoder.down.0.block.1.conv1.bias
  - Froze policy model parameter: base_model.model.model.vqmodel.encoder.down.0.block.1.norm2.weight
  - Froze policy model parameter: base_model.model.model.vqmodel.encoder.down.0.block.1.norm2.bias
  - Froze policy model parameter: base_model.model.model.vqmodel.encoder.down.0.block.1.conv2.weight
  - Froze policy model parameter: base_model.model.model.vqmodel.encoder.down.0.block.1.conv2.bias
  - Froze policy model parameter: base_model.model.model.vqmodel.encoder.down.0.downsample.conv.weight
  - Froze policy model parameter: base_model.model.model.vqmodel.encoder.down.0.downsample.conv.bias
  - Froze policy model parameter: base_model.model.model.vqmodel.encoder.down.1.block.0.norm1.weight
  - Froze policy model parameter: base_model.model.model.vqmodel.encoder.down.1.block.0.norm1.bias
  - Froze policy model parameter: base_model.model.model.vqmodel.encoder.down.1.block.0.conv1.weight
  - Froze policy model parameter: base_model.model.model.vqmodel.encoder.down.1.block.0.conv1.bias
  - Froze policy model parameter: base_model.model.model.vqmodel.encoder.down.1.block.0.norm2.weight
  - Froze policy model parameter: base_model.model.model.vqmodel.encoder.down.1.block.0.norm2.bias
  - Froze policy model parameter: base_model.model.model.vqmodel.encoder.down.1.block.0.conv2.weight
  - Froze policy model parameter: base_model.model.model.vqmodel.encoder.down.1.block.0.conv2.bias
  - Froze policy model parameter: base_model.model.model.vqmodel.encoder.down.1.block.1.norm1.weight
  - Froze policy model parameter: base_model.model.model.vqmodel.encoder.down.1.block.1.norm1.bias
  - Froze policy model parameter: base_model.model.model.vqmodel.encoder.down.1.block.1.conv1.weight
  - Froze policy model parameter: base_model.model.model.vqmodel.encoder.down.1.block.1.conv1.bias
  - Froze policy model parameter: base_model.model.model.vqmodel.encoder.down.1.block.1.norm2.weight
  - Froze policy model parameter: base_model.model.model.vqmodel.encoder.down.1.block.1.norm2.bias
  - Froze policy model parameter: base_model.model.model.vqmodel.encoder.down.1.block.1.conv2.weight
  - Froze policy model parameter: base_model.model.model.vqmodel.encoder.down.1.block.1.conv2.bias
  - Froze policy model parameter: base_model.model.model.vqmodel.encoder.down.1.downsample.conv.weight
  - Froze policy model parameter: base_model.model.model.vqmodel.encoder.down.1.downsample.conv.bias
  - Froze policy model parameter: base_model.model.model.vqmodel.encoder.down.2.block.0.norm1.weight
  - Froze policy model parameter: base_model.model.model.vqmodel.encoder.down.2.block.0.norm1.bias
  - Froze policy model parameter: base_model.model.model.vqmodel.encoder.down.2.block.0.conv1.weight
  - Froze policy model parameter: base_model.model.model.vqmodel.encoder.down.2.block.0.conv1.bias
  - Froze policy model parameter: base_model.model.model.vqmodel.encoder.down.2.block.0.norm2.weight
  - Froze policy model parameter: base_model.model.model.vqmodel.encoder.down.2.block.0.norm2.bias
  - Froze policy model parameter: base_model.model.model.vqmodel.encoder.down.2.block.0.conv2.weight
  - Froze policy model parameter: base_model.model.model.vqmodel.encoder.down.2.block.0.conv2.bias
  - Froze policy model parameter: base_model.model.model.vqmodel.encoder.down.2.block.0.nin_shortcut.weight
  - Froze policy model parameter: base_model.model.model.vqmodel.encoder.down.2.block.0.nin_shortcut.bias
  - Froze policy model parameter: base_model.model.model.vqmodel.encoder.down.2.block.1.norm1.weight
  - Froze policy model parameter: base_model.model.model.vqmodel.encoder.down.2.block.1.norm1.bias
  - Froze policy model parameter: base_model.model.model.vqmodel.encoder.down.2.block.1.conv1.weight
  - Froze policy model parameter: base_model.model.model.vqmodel.encoder.down.2.block.1.conv1.bias
  - Froze policy model parameter: base_model.model.model.vqmodel.encoder.down.2.block.1.norm2.weight
  - Froze policy model parameter: base_model.model.model.vqmodel.encoder.down.2.block.1.norm2.bias
  - Froze policy model parameter: base_model.model.model.vqmodel.encoder.down.2.block.1.conv2.weight
  - Froze policy model parameter: base_model.model.model.vqmodel.encoder.down.2.block.1.conv2.bias
  - Froze policy model parameter: base_model.model.model.vqmodel.encoder.down.2.downsample.conv.weight
  - Froze policy model parameter: base_model.model.model.vqmodel.encoder.down.2.downsample.conv.bias
  - Froze policy model parameter: base_model.model.model.vqmodel.encoder.down.3.block.0.norm1.weight
  - Froze policy model parameter: base_model.model.model.vqmodel.encoder.down.3.block.0.norm1.bias
  - Froze policy model parameter: base_model.model.model.vqmodel.encoder.down.3.block.0.conv1.weight
  - Froze policy model parameter: base_model.model.model.vqmodel.encoder.down.3.block.0.conv1.bias
  - Froze policy model parameter: base_model.model.model.vqmodel.encoder.down.3.block.0.norm2.weight
  - Froze policy model parameter: base_model.model.model.vqmodel.encoder.down.3.block.0.norm2.bias
  - Froze policy model parameter: base_model.model.model.vqmodel.encoder.down.3.block.0.conv2.weight
  - Froze policy model parameter: base_model.model.model.vqmodel.encoder.down.3.block.0.conv2.bias
  - Froze policy model parameter: base_model.model.model.vqmodel.encoder.down.3.block.1.norm1.weight
  - Froze policy model parameter: base_model.model.model.vqmodel.encoder.down.3.block.1.norm1.bias
  - Froze policy model parameter: base_model.model.model.vqmodel.encoder.down.3.block.1.conv1.weight
  - Froze policy model parameter: base_model.model.model.vqmodel.encoder.down.3.block.1.conv1.bias
  - Froze policy model parameter: base_model.model.model.vqmodel.encoder.down.3.block.1.norm2.weight
  - Froze policy model parameter: base_model.model.model.vqmodel.encoder.down.3.block.1.norm2.bias
  - Froze policy model parameter: base_model.model.model.vqmodel.encoder.down.3.block.1.conv2.weight
  - Froze policy model parameter: base_model.model.model.vqmodel.encoder.down.3.block.1.conv2.bias
  - Froze policy model parameter: base_model.model.model.vqmodel.encoder.down.3.downsample.conv.weight
  - Froze policy model parameter: base_model.model.model.vqmodel.encoder.down.3.downsample.conv.bias
  - Froze policy model parameter: base_model.model.model.vqmodel.encoder.down.4.block.0.norm1.weight
  - Froze policy model parameter: base_model.model.model.vqmodel.encoder.down.4.block.0.norm1.bias
  - Froze policy model parameter: base_model.model.model.vqmodel.encoder.down.4.block.0.conv1.weight
  - Froze policy model parameter: base_model.model.model.vqmodel.encoder.down.4.block.0.conv1.bias
  - Froze policy model parameter: base_model.model.model.vqmodel.encoder.down.4.block.0.norm2.weight
  - Froze policy model parameter: base_model.model.model.vqmodel.encoder.down.4.block.0.norm2.bias
  - Froze policy model parameter: base_model.model.model.vqmodel.encoder.down.4.block.0.conv2.weight
  - Froze policy model parameter: base_model.model.model.vqmodel.encoder.down.4.block.0.conv2.bias
  - Froze policy model parameter: base_model.model.model.vqmodel.encoder.down.4.block.0.nin_shortcut.weight
  - Froze policy model parameter: base_model.model.model.vqmodel.encoder.down.4.block.0.nin_shortcut.bias
  - Froze policy model parameter: base_model.model.model.vqmodel.encoder.down.4.block.1.norm1.weight
  - Froze policy model parameter: base_model.model.model.vqmodel.encoder.down.4.block.1.norm1.bias
  - Froze policy model parameter: base_model.model.model.vqmodel.encoder.down.4.block.1.conv1.weight
  - Froze policy model parameter: base_model.model.model.vqmodel.encoder.down.4.block.1.conv1.bias
  - Froze policy model parameter: base_model.model.model.vqmodel.encoder.down.4.block.1.norm2.weight
  - Froze policy model parameter: base_model.model.model.vqmodel.encoder.down.4.block.1.norm2.bias
  - Froze policy model parameter: base_model.model.model.vqmodel.encoder.down.4.block.1.conv2.weight
  - Froze policy model parameter: base_model.model.model.vqmodel.encoder.down.4.block.1.conv2.bias
  - Froze policy model parameter: base_model.model.model.vqmodel.encoder.mid.block_1.norm1.weight
  - Froze policy model parameter: base_model.model.model.vqmodel.encoder.mid.block_1.norm1.bias
  - Froze policy model parameter: base_model.model.model.vqmodel.encoder.mid.block_1.conv1.weight
  - Froze policy model parameter: base_model.model.model.vqmodel.encoder.mid.block_1.conv1.bias
  - Froze policy model parameter: base_model.model.model.vqmodel.encoder.mid.block_1.norm2.weight
  - Froze policy model parameter: base_model.model.model.vqmodel.encoder.mid.block_1.norm2.bias
  - Froze policy model parameter: base_model.model.model.vqmodel.encoder.mid.block_1.conv2.weight
  - Froze policy model parameter: base_model.model.model.vqmodel.encoder.mid.block_1.conv2.bias
  - Froze policy model parameter: base_model.model.model.vqmodel.encoder.mid.attn_1.norm.weight
  - Froze policy model parameter: base_model.model.model.vqmodel.encoder.mid.attn_1.norm.bias
  - Froze policy model parameter: base_model.model.model.vqmodel.encoder.mid.attn_1.q.weight
  - Froze policy model parameter: base_model.model.model.vqmodel.encoder.mid.attn_1.q.bias
  - Froze policy model parameter: base_model.model.model.vqmodel.encoder.mid.attn_1.k.weight
  - Froze policy model parameter: base_model.model.model.vqmodel.encoder.mid.attn_1.k.bias
  - Froze policy model parameter: base_model.model.model.vqmodel.encoder.mid.attn_1.v.weight
  - Froze policy model parameter: base_model.model.model.vqmodel.encoder.mid.attn_1.v.bias
  - Froze policy model parameter: base_model.model.model.vqmodel.encoder.mid.attn_1.proj_out.weight
  - Froze policy model parameter: base_model.model.model.vqmodel.encoder.mid.attn_1.proj_out.bias
  - Froze policy model parameter: base_model.model.model.vqmodel.encoder.mid.block_2.norm1.weight
  - Froze policy model parameter: base_model.model.model.vqmodel.encoder.mid.block_2.norm1.bias
  - Froze policy model parameter: base_model.model.model.vqmodel.encoder.mid.block_2.conv1.weight
  - Froze policy model parameter: base_model.model.model.vqmodel.encoder.mid.block_2.conv1.bias
  - Froze policy model parameter: base_model.model.model.vqmodel.encoder.mid.block_2.norm2.weight
  - Froze policy model parameter: base_model.model.model.vqmodel.encoder.mid.block_2.norm2.bias
  - Froze policy model parameter: base_model.model.model.vqmodel.encoder.mid.block_2.conv2.weight
  - Froze policy model parameter: base_model.model.model.vqmodel.encoder.mid.block_2.conv2.bias
  - Froze policy model parameter: base_model.model.model.vqmodel.encoder.norm_out.weight
  - Froze policy model parameter: base_model.model.model.vqmodel.encoder.norm_out.bias
  - Froze policy model parameter: base_model.model.model.vqmodel.encoder.conv_out.weight
  - Froze policy model parameter: base_model.model.model.vqmodel.encoder.conv_out.bias
  - Froze policy model parameter: base_model.model.model.vqmodel.decoder.conv_in.weight
  - Froze policy model parameter: base_model.model.model.vqmodel.decoder.conv_in.bias
  - Froze policy model parameter: base_model.model.model.vqmodel.decoder.mid.block_1.norm1.weight
  - Froze policy model parameter: base_model.model.model.vqmodel.decoder.mid.block_1.norm1.bias
  - Froze policy model parameter: base_model.model.model.vqmodel.decoder.mid.block_1.conv1.weight
  - Froze policy model parameter: base_model.model.model.vqmodel.decoder.mid.block_1.conv1.bias
  - Froze policy model parameter: base_model.model.model.vqmodel.decoder.mid.block_1.norm2.weight
  - Froze policy model parameter: base_model.model.model.vqmodel.decoder.mid.block_1.norm2.bias
  - Froze policy model parameter: base_model.model.model.vqmodel.decoder.mid.block_1.conv2.weight
  - Froze policy model parameter: base_model.model.model.vqmodel.decoder.mid.block_1.conv2.bias
  - Froze policy model parameter: base_model.model.model.vqmodel.decoder.mid.attn_1.norm.weight
  - Froze policy model parameter: base_model.model.model.vqmodel.decoder.mid.attn_1.norm.bias
  - Froze policy model parameter: base_model.model.model.vqmodel.decoder.mid.attn_1.q.weight
  - Froze policy model parameter: base_model.model.model.vqmodel.decoder.mid.attn_1.q.bias
  - Froze policy model parameter: base_model.model.model.vqmodel.decoder.mid.attn_1.k.weight
  - Froze policy model parameter: base_model.model.model.vqmodel.decoder.mid.attn_1.k.bias
  - Froze policy model parameter: base_model.model.model.vqmodel.decoder.mid.attn_1.v.weight
  - Froze policy model parameter: base_model.model.model.vqmodel.decoder.mid.attn_1.v.bias
  - Froze policy model parameter: base_model.model.model.vqmodel.decoder.mid.attn_1.proj_out.weight
  - Froze policy model parameter: base_model.model.model.vqmodel.decoder.mid.attn_1.proj_out.bias
  - Froze policy model parameter: base_model.model.model.vqmodel.decoder.mid.block_2.norm1.weight
  - Froze policy model parameter: base_model.model.model.vqmodel.decoder.mid.block_2.norm1.bias
  - Froze policy model parameter: base_model.model.model.vqmodel.decoder.mid.block_2.conv1.weight
  - Froze policy model parameter: base_model.model.model.vqmodel.decoder.mid.block_2.conv1.bias
  - Froze policy model parameter: base_model.model.model.vqmodel.decoder.mid.block_2.norm2.weight
  - Froze policy model parameter: base_model.model.model.vqmodel.decoder.mid.block_2.norm2.bias
  - Froze policy model parameter: base_model.model.model.vqmodel.decoder.mid.block_2.conv2.weight
  - Froze policy model parameter: base_model.model.model.vqmodel.decoder.mid.block_2.conv2.bias
  - Froze policy model parameter: base_model.model.model.vqmodel.decoder.up.0.block.0.norm1.weight
  - Froze policy model parameter: base_model.model.model.vqmodel.decoder.up.0.block.0.norm1.bias
  - Froze policy model parameter: base_model.model.model.vqmodel.decoder.up.0.block.0.conv1.weight
  - Froze policy model parameter: base_model.model.model.vqmodel.decoder.up.0.block.0.conv1.bias
  - Froze policy model parameter: base_model.model.model.vqmodel.decoder.up.0.block.0.norm2.weight
  - Froze policy model parameter: base_model.model.model.vqmodel.decoder.up.0.block.0.norm2.bias
  - Froze policy model parameter: base_model.model.model.vqmodel.decoder.up.0.block.0.conv2.weight
  - Froze policy model parameter: base_model.model.model.vqmodel.decoder.up.0.block.0.conv2.bias
  - Froze policy model parameter: base_model.model.model.vqmodel.decoder.up.0.block.1.norm1.weight
  - Froze policy model parameter: base_model.model.model.vqmodel.decoder.up.0.block.1.norm1.bias
  - Froze policy model parameter: base_model.model.model.vqmodel.decoder.up.0.block.1.conv1.weight
  - Froze policy model parameter: base_model.model.model.vqmodel.decoder.up.0.block.1.conv1.bias
  - Froze policy model parameter: base_model.model.model.vqmodel.decoder.up.0.block.1.norm2.weight
  - Froze policy model parameter: base_model.model.model.vqmodel.decoder.up.0.block.1.norm2.bias
  - Froze policy model parameter: base_model.model.model.vqmodel.decoder.up.0.block.1.conv2.weight
  - Froze policy model parameter: base_model.model.model.vqmodel.decoder.up.0.block.1.conv2.bias
  - Froze policy model parameter: base_model.model.model.vqmodel.decoder.up.0.block.2.norm1.weight
  - Froze policy model parameter: base_model.model.model.vqmodel.decoder.up.0.block.2.norm1.bias
  - Froze policy model parameter: base_model.model.model.vqmodel.decoder.up.0.block.2.conv1.weight
  - Froze policy model parameter: base_model.model.model.vqmodel.decoder.up.0.block.2.conv1.bias
  - Froze policy model parameter: base_model.model.model.vqmodel.decoder.up.0.block.2.norm2.weight
  - Froze policy model parameter: base_model.model.model.vqmodel.decoder.up.0.block.2.norm2.bias
  - Froze policy model parameter: base_model.model.model.vqmodel.decoder.up.0.block.2.conv2.weight
  - Froze policy model parameter: base_model.model.model.vqmodel.decoder.up.0.block.2.conv2.bias
  - Froze policy model parameter: base_model.model.model.vqmodel.decoder.up.1.block.0.norm1.weight
  - Froze policy model parameter: base_model.model.model.vqmodel.decoder.up.1.block.0.norm1.bias
  - Froze policy model parameter: base_model.model.model.vqmodel.decoder.up.1.block.0.conv1.weight
  - Froze policy model parameter: base_model.model.model.vqmodel.decoder.up.1.block.0.conv1.bias
  - Froze policy model parameter: base_model.model.model.vqmodel.decoder.up.1.block.0.norm2.weight
  - Froze policy model parameter: base_model.model.model.vqmodel.decoder.up.1.block.0.norm2.bias
  - Froze policy model parameter: base_model.model.model.vqmodel.decoder.up.1.block.0.conv2.weight
  - Froze policy model parameter: base_model.model.model.vqmodel.decoder.up.1.block.0.conv2.bias
  - Froze policy model parameter: base_model.model.model.vqmodel.decoder.up.1.block.0.nin_shortcut.weight
  - Froze policy model parameter: base_model.model.model.vqmodel.decoder.up.1.block.0.nin_shortcut.bias
  - Froze policy model parameter: base_model.model.model.vqmodel.decoder.up.1.block.1.norm1.weight
  - Froze policy model parameter: base_model.model.model.vqmodel.decoder.up.1.block.1.norm1.bias
  - Froze policy model parameter: base_model.model.model.vqmodel.decoder.up.1.block.1.conv1.weight
  - Froze policy model parameter: base_model.model.model.vqmodel.decoder.up.1.block.1.conv1.bias
  - Froze policy model parameter: base_model.model.model.vqmodel.decoder.up.1.block.1.norm2.weight
  - Froze policy model parameter: base_model.model.model.vqmodel.decoder.up.1.block.1.norm2.bias
  - Froze policy model parameter: base_model.model.model.vqmodel.decoder.up.1.block.1.conv2.weight
  - Froze policy model parameter: base_model.model.model.vqmodel.decoder.up.1.block.1.conv2.bias
  - Froze policy model parameter: base_model.model.model.vqmodel.decoder.up.1.block.2.norm1.weight
  - Froze policy model parameter: base_model.model.model.vqmodel.decoder.up.1.block.2.norm1.bias
  - Froze policy model parameter: base_model.model.model.vqmodel.decoder.up.1.block.2.conv1.weight
  - Froze policy model parameter: base_model.model.model.vqmodel.decoder.up.1.block.2.conv1.bias
  - Froze policy model parameter: base_model.model.model.vqmodel.decoder.up.1.block.2.norm2.weight
  - Froze policy model parameter: base_model.model.model.vqmodel.decoder.up.1.block.2.norm2.bias
  - Froze policy model parameter: base_model.model.model.vqmodel.decoder.up.1.block.2.conv2.weight
  - Froze policy model parameter: base_model.model.model.vqmodel.decoder.up.1.block.2.conv2.bias
  - Froze policy model parameter: base_model.model.model.vqmodel.decoder.up.1.upsample.conv.weight
  - Froze policy model parameter: base_model.model.model.vqmodel.decoder.up.1.upsample.conv.bias
  - Froze policy model parameter: base_model.model.model.vqmodel.decoder.up.2.block.0.norm1.weight
  - Froze policy model parameter: base_model.model.model.vqmodel.decoder.up.2.block.0.norm1.bias
  - Froze policy model parameter: base_model.model.model.vqmodel.decoder.up.2.block.0.conv1.weight
  - Froze policy model parameter: base_model.model.model.vqmodel.decoder.up.2.block.0.conv1.bias
  - Froze policy model parameter: base_model.model.model.vqmodel.decoder.up.2.block.0.norm2.weight
  - Froze policy model parameter: base_model.model.model.vqmodel.decoder.up.2.block.0.norm2.bias
  - Froze policy model parameter: base_model.model.model.vqmodel.decoder.up.2.block.0.conv2.weight
  - Froze policy model parameter: base_model.model.model.vqmodel.decoder.up.2.block.0.conv2.bias
  - Froze policy model parameter: base_model.model.model.vqmodel.decoder.up.2.block.1.norm1.weight
  - Froze policy model parameter: base_model.model.model.vqmodel.decoder.up.2.block.1.norm1.bias
  - Froze policy model parameter: base_model.model.model.vqmodel.decoder.up.2.block.1.conv1.weight
  - Froze policy model parameter: base_model.model.model.vqmodel.decoder.up.2.block.1.conv1.bias
  - Froze policy model parameter: base_model.model.model.vqmodel.decoder.up.2.block.1.norm2.weight
  - Froze policy model parameter: base_model.model.model.vqmodel.decoder.up.2.block.1.norm2.bias
  - Froze policy model parameter: base_model.model.model.vqmodel.decoder.up.2.block.1.conv2.weight
  - Froze policy model parameter: base_model.model.model.vqmodel.decoder.up.2.block.1.conv2.bias
  - Froze policy model parameter: base_model.model.model.vqmodel.decoder.up.2.block.2.norm1.weight
  - Froze policy model parameter: base_model.model.model.vqmodel.decoder.up.2.block.2.norm1.bias
  - Froze policy model parameter: base_model.model.model.vqmodel.decoder.up.2.block.2.conv1.weight
  - Froze policy model parameter: base_model.model.model.vqmodel.decoder.up.2.block.2.conv1.bias
  - Froze policy model parameter: base_model.model.model.vqmodel.decoder.up.2.block.2.norm2.weight
  - Froze policy model parameter: base_model.model.model.vqmodel.decoder.up.2.block.2.norm2.bias
  - Froze policy model parameter: base_model.model.model.vqmodel.decoder.up.2.block.2.conv2.weight
  - Froze policy model parameter: base_model.model.model.vqmodel.decoder.up.2.block.2.conv2.bias
  - Froze policy model parameter: base_model.model.model.vqmodel.decoder.up.2.upsample.conv.weight
  - Froze policy model parameter: base_model.model.model.vqmodel.decoder.up.2.upsample.conv.bias
  - Froze policy model parameter: base_model.model.model.vqmodel.decoder.up.3.block.0.norm1.weight
  - Froze policy model parameter: base_model.model.model.vqmodel.decoder.up.3.block.0.norm1.bias
  - Froze policy model parameter: base_model.model.model.vqmodel.decoder.up.3.block.0.conv1.weight
  - Froze policy model parameter: base_model.model.model.vqmodel.decoder.up.3.block.0.conv1.bias
  - Froze policy model parameter: base_model.model.model.vqmodel.decoder.up.3.block.0.norm2.weight
  - Froze policy model parameter: base_model.model.model.vqmodel.decoder.up.3.block.0.norm2.bias
  - Froze policy model parameter: base_model.model.model.vqmodel.decoder.up.3.block.0.conv2.weight
  - Froze policy model parameter: base_model.model.model.vqmodel.decoder.up.3.block.0.conv2.bias
  - Froze policy model parameter: base_model.model.model.vqmodel.decoder.up.3.block.0.nin_shortcut.weight
  - Froze policy model parameter: base_model.model.model.vqmodel.decoder.up.3.block.0.nin_shortcut.bias
  - Froze policy model parameter: base_model.model.model.vqmodel.decoder.up.3.block.1.norm1.weight
  - Froze policy model parameter: base_model.model.model.vqmodel.decoder.up.3.block.1.norm1.bias
  - Froze policy model parameter: base_model.model.model.vqmodel.decoder.up.3.block.1.conv1.weight
  - Froze policy model parameter: base_model.model.model.vqmodel.decoder.up.3.block.1.conv1.bias
  - Froze policy model parameter: base_model.model.model.vqmodel.decoder.up.3.block.1.norm2.weight
  - Froze policy model parameter: base_model.model.model.vqmodel.decoder.up.3.block.1.norm2.bias
  - Froze policy model parameter: base_model.model.model.vqmodel.decoder.up.3.block.1.conv2.weight
  - Froze policy model parameter: base_model.model.model.vqmodel.decoder.up.3.block.1.conv2.bias
  - Froze policy model parameter: base_model.model.model.vqmodel.decoder.up.3.block.2.norm1.weight
  - Froze policy model parameter: base_model.model.model.vqmodel.decoder.up.3.block.2.norm1.bias
  - Froze policy model parameter: base_model.model.model.vqmodel.decoder.up.3.block.2.conv1.weight
  - Froze policy model parameter: base_model.model.model.vqmodel.decoder.up.3.block.2.conv1.bias
  - Froze policy model parameter: base_model.model.model.vqmodel.decoder.up.3.block.2.norm2.weight
  - Froze policy model parameter: base_model.model.model.vqmodel.decoder.up.3.block.2.norm2.bias
  - Froze policy model parameter: base_model.model.model.vqmodel.decoder.up.3.block.2.conv2.weight
  - Froze policy model parameter: base_model.model.model.vqmodel.decoder.up.3.block.2.conv2.bias
  - Froze policy model parameter: base_model.model.model.vqmodel.decoder.up.3.upsample.conv.weight
  - Froze policy model parameter: base_model.model.model.vqmodel.decoder.up.3.upsample.conv.bias
  - Froze policy model parameter: base_model.model.model.vqmodel.decoder.up.4.block.0.norm1.weight
  - Froze policy model parameter: base_model.model.model.vqmodel.decoder.up.4.block.0.norm1.bias
  - Froze policy model parameter: base_model.model.model.vqmodel.decoder.up.4.block.0.conv1.weight
  - Froze policy model parameter: base_model.model.model.vqmodel.decoder.up.4.block.0.conv1.bias
  - Froze policy model parameter: base_model.model.model.vqmodel.decoder.up.4.block.0.norm2.weight
  - Froze policy model parameter: base_model.model.model.vqmodel.decoder.up.4.block.0.norm2.bias
  - Froze policy model parameter: base_model.model.model.vqmodel.decoder.up.4.block.0.conv2.weight
  - Froze policy model parameter: base_model.model.model.vqmodel.decoder.up.4.block.0.conv2.bias
  - Froze policy model parameter: base_model.model.model.vqmodel.decoder.up.4.block.1.norm1.weight
  - Froze policy model parameter: base_model.model.model.vqmodel.decoder.up.4.block.1.norm1.bias
  - Froze policy model parameter: base_model.model.model.vqmodel.decoder.up.4.block.1.conv1.weight
  - Froze policy model parameter: base_model.model.model.vqmodel.decoder.up.4.block.1.conv1.bias
  - Froze policy model parameter: base_model.model.model.vqmodel.decoder.up.4.block.1.norm2.weight
  - Froze policy model parameter: base_model.model.model.vqmodel.decoder.up.4.block.1.norm2.bias
  - Froze policy model parameter: base_model.model.model.vqmodel.decoder.up.4.block.1.conv2.weight
  - Froze policy model parameter: base_model.model.model.vqmodel.decoder.up.4.block.1.conv2.bias
  - Froze policy model parameter: base_model.model.model.vqmodel.decoder.up.4.block.2.norm1.weight
  - Froze policy model parameter: base_model.model.model.vqmodel.decoder.up.4.block.2.norm1.bias
  - Froze policy model parameter: base_model.model.model.vqmodel.decoder.up.4.block.2.conv1.weight
  - Froze policy model parameter: base_model.model.model.vqmodel.decoder.up.4.block.2.conv1.bias
  - Froze policy model parameter: base_model.model.model.vqmodel.decoder.up.4.block.2.norm2.weight
  - Froze policy model parameter: base_model.model.model.vqmodel.decoder.up.4.block.2.norm2.bias
  - Froze policy model parameter: base_model.model.model.vqmodel.decoder.up.4.block.2.conv2.weight
  - Froze policy model parameter: base_model.model.model.vqmodel.decoder.up.4.block.2.conv2.bias
  - Froze policy model parameter: base_model.model.model.vqmodel.decoder.up.4.upsample.conv.weight
  - Froze policy model parameter: base_model.model.model.vqmodel.decoder.up.4.upsample.conv.bias
  - Froze policy model parameter: base_model.model.model.vqmodel.decoder.norm_out.weight
  - Froze policy model parameter: base_model.model.model.vqmodel.decoder.norm_out.bias
  - Froze policy model parameter: base_model.model.model.vqmodel.decoder.conv_out.weight
  - Froze policy model parameter: base_model.model.model.vqmodel.decoder.conv_out.bias
  - Froze policy model parameter: base_model.model.model.vqmodel.quantize.embedding.weight
  - Froze policy model parameter: base_model.model.model.vqmodel.quant_conv.weight
  - Froze policy model parameter: base_model.model.model.vqmodel.quant_conv.bias
  - Froze policy model parameter: base_model.model.model.vqmodel.post_quant_conv.weight
  - Froze policy model parameter: base_model.model.model.vqmodel.post_quant_conv.bias
  - Froze policy model parameter: base_model.model.mlp_head.time_embed.mlp.0.weight
  - Froze policy model parameter: base_model.model.mlp_head.time_embed.mlp.0.bias
  - Froze policy model parameter: base_model.model.mlp_head.time_embed.mlp.2.weight
  - Froze policy model parameter: base_model.model.mlp_head.time_embed.mlp.2.bias
  - Froze policy model parameter: base_model.model.mlp_head.cond_embed.weight
  - Froze policy model parameter: base_model.model.mlp_head.cond_embed.bias
  - Froze policy model parameter: base_model.model.mlp_head.input_proj.weight
  - Froze policy model parameter: base_model.model.mlp_head.input_proj.bias
  - Froze policy model parameter: base_model.model.mlp_head.res_blocks.0.in_ln.weight
  - Froze policy model parameter: base_model.model.mlp_head.res_blocks.0.in_ln.bias
  - Froze policy model parameter: base_model.model.mlp_head.res_blocks.0.mlp.0.weight
  - Froze policy model parameter: base_model.model.mlp_head.res_blocks.0.mlp.0.bias
  - Froze policy model parameter: base_model.model.mlp_head.res_blocks.0.mlp.2.weight
  - Froze policy model parameter: base_model.model.mlp_head.res_blocks.0.mlp.2.bias
  - Froze policy model parameter: base_model.model.mlp_head.res_blocks.0.adaLN_modulation.1.weight
  - Froze policy model parameter: base_model.model.mlp_head.res_blocks.0.adaLN_modulation.1.bias
  - Froze policy model parameter: base_model.model.mlp_head.res_blocks.1.in_ln.weight
  - Froze policy model parameter: base_model.model.mlp_head.res_blocks.1.in_ln.bias
  - Froze policy model parameter: base_model.model.mlp_head.res_blocks.1.mlp.0.weight
  - Froze policy model parameter: base_model.model.mlp_head.res_blocks.1.mlp.0.bias
  - Froze policy model parameter: base_model.model.mlp_head.res_blocks.1.mlp.2.weight
  - Froze policy model parameter: base_model.model.mlp_head.res_blocks.1.mlp.2.bias
  - Froze policy model parameter: base_model.model.mlp_head.res_blocks.1.adaLN_modulation.1.weight
  - Froze policy model parameter: base_model.model.mlp_head.res_blocks.1.adaLN_modulation.1.bias
  - Froze policy model parameter: base_model.model.mlp_head.res_blocks.2.in_ln.weight
  - Froze policy model parameter: base_model.model.mlp_head.res_blocks.2.in_ln.bias
  - Froze policy model parameter: base_model.model.mlp_head.res_blocks.2.mlp.0.weight
  - Froze policy model parameter: base_model.model.mlp_head.res_blocks.2.mlp.0.bias
  - Froze policy model parameter: base_model.model.mlp_head.res_blocks.2.mlp.2.weight
  - Froze policy model parameter: base_model.model.mlp_head.res_blocks.2.mlp.2.bias
  - Froze policy model parameter: base_model.model.mlp_head.res_blocks.2.adaLN_modulation.1.weight
  - Froze policy model parameter: base_model.model.mlp_head.res_blocks.2.adaLN_modulation.1.bias
  - Froze policy model parameter: base_model.model.mlp_head.final_layer.linear.weight
  - Froze policy model parameter: base_model.model.mlp_head.final_layer.linear.bias
  - Froze policy model parameter: base_model.model.mlp_head.final_layer.adaLN_modulation.1.weight
  - Froze policy model parameter: base_model.model.mlp_head.final_layer.adaLN_modulation.1.bias
Model parts frozen.
Loaded 2 reward functions: ['answer_correctness_reward', 'format_reward']
Trainer initialized.
--- [Step 3/3] Starting GRPO training... ---
LoRA 已启用：trainable params=16777216 / total params=7151239811
Enabling policy gradient checkpointing (use_reentrant=False).
Diffusion MLP gradient checkpointing disabled.
Freezing non-trainable parts of the model...
  - Froze policy model parameter: base_model.model.model.vqmodel.encoder.conv_in.weight
  - Froze policy model parameter: base_model.model.model.vqmodel.encoder.conv_in.bias
  - Froze policy model parameter: base_model.model.model.vqmodel.encoder.down.0.block.0.norm1.weight
  - Froze policy model parameter: base_model.model.model.vqmodel.encoder.down.0.block.0.norm1.bias
  - Froze policy model parameter: base_model.model.model.vqmodel.encoder.down.0.block.0.conv1.weight
  - Froze policy model parameter: base_model.model.model.vqmodel.encoder.down.0.block.0.conv1.bias
  - Froze policy model parameter: base_model.model.model.vqmodel.encoder.down.0.block.0.norm2.weight
  - Froze policy model parameter: base_model.model.model.vqmodel.encoder.down.0.block.0.norm2.bias
  - Froze policy model parameter: base_model.model.model.vqmodel.encoder.down.0.block.0.conv2.weight
  - Froze policy model parameter: base_model.model.model.vqmodel.encoder.down.0.block.0.conv2.bias
  - Froze policy model parameter: base_model.model.model.vqmodel.encoder.down.0.block.1.norm1.weight
  - Froze policy model parameter: base_model.model.model.vqmodel.encoder.down.0.block.1.norm1.bias
  - Froze policy model parameter: base_model.model.model.vqmodel.encoder.down.0.block.1.conv1.weight
  - Froze policy model parameter: base_model.model.model.vqmodel.encoder.down.0.block.1.conv1.bias
  - Froze policy model parameter: base_model.model.model.vqmodel.encoder.down.0.block.1.norm2.weight
  - Froze policy model parameter: base_model.model.model.vqmodel.encoder.down.0.block.1.norm2.bias
  - Froze policy model parameter: base_model.model.model.vqmodel.encoder.down.0.block.1.conv2.weight
  - Froze policy model parameter: base_model.model.model.vqmodel.encoder.down.0.block.1.conv2.bias
  - Froze policy model parameter: base_model.model.model.vqmodel.encoder.down.0.downsample.conv.weight
  - Froze policy model parameter: base_model.model.model.vqmodel.encoder.down.0.downsample.conv.bias
  - Froze policy model parameter: base_model.model.model.vqmodel.encoder.down.1.block.0.norm1.weight
  - Froze policy model parameter: base_model.model.model.vqmodel.encoder.down.1.block.0.norm1.bias
  - Froze policy model parameter: base_model.model.model.vqmodel.encoder.down.1.block.0.conv1.weight
  - Froze policy model parameter: base_model.model.model.vqmodel.encoder.down.1.block.0.conv1.bias
  - Froze policy model parameter: base_model.model.model.vqmodel.encoder.down.1.block.0.norm2.weight
  - Froze policy model parameter: base_model.model.model.vqmodel.encoder.down.1.block.0.norm2.bias
  - Froze policy model parameter: base_model.model.model.vqmodel.encoder.down.1.block.0.conv2.weight
  - Froze policy model parameter: base_model.model.model.vqmodel.encoder.down.1.block.0.conv2.bias
  - Froze policy model parameter: base_model.model.model.vqmodel.encoder.down.1.block.1.norm1.weight
  - Froze policy model parameter: base_model.model.model.vqmodel.encoder.down.1.block.1.norm1.bias
  - Froze policy model parameter: base_model.model.model.vqmodel.encoder.down.1.block.1.conv1.weight
  - Froze policy model parameter: base_model.model.model.vqmodel.encoder.down.1.block.1.conv1.bias
  - Froze policy model parameter: base_model.model.model.vqmodel.encoder.down.1.block.1.norm2.weight
  - Froze policy model parameter: base_model.model.model.vqmodel.encoder.down.1.block.1.norm2.bias
  - Froze policy model parameter: base_model.model.model.vqmodel.encoder.down.1.block.1.conv2.weight
  - Froze policy model parameter: base_model.model.model.vqmodel.encoder.down.1.block.1.conv2.bias
  - Froze policy model parameter: base_model.model.model.vqmodel.encoder.down.1.downsample.conv.weight
  - Froze policy model parameter: base_model.model.model.vqmodel.encoder.down.1.downsample.conv.bias
  - Froze policy model parameter: base_model.model.model.vqmodel.encoder.down.2.block.0.norm1.weight
  - Froze policy model parameter: base_model.model.model.vqmodel.encoder.down.2.block.0.norm1.bias
  - Froze policy model parameter: base_model.model.model.vqmodel.encoder.down.2.block.0.conv1.weight
  - Froze policy model parameter: base_model.model.model.vqmodel.encoder.down.2.block.0.conv1.bias
  - Froze policy model parameter: base_model.model.model.vqmodel.encoder.down.2.block.0.norm2.weight
  - Froze policy model parameter: base_model.model.model.vqmodel.encoder.down.2.block.0.norm2.bias
  - Froze policy model parameter: base_model.model.model.vqmodel.encoder.down.2.block.0.conv2.weight
  - Froze policy model parameter: base_model.model.model.vqmodel.encoder.down.2.block.0.conv2.bias
  - Froze policy model parameter: base_model.model.model.vqmodel.encoder.down.2.block.0.nin_shortcut.weight
  - Froze policy model parameter: base_model.model.model.vqmodel.encoder.down.2.block.0.nin_shortcut.bias
  - Froze policy model parameter: base_model.model.model.vqmodel.encoder.down.2.block.1.norm1.weight
  - Froze policy model parameter: base_model.model.model.vqmodel.encoder.down.2.block.1.norm1.bias
  - Froze policy model parameter: base_model.model.model.vqmodel.encoder.down.2.block.1.conv1.weight
  - Froze policy model parameter: base_model.model.model.vqmodel.encoder.down.2.block.1.conv1.bias
  - Froze policy model parameter: base_model.model.model.vqmodel.encoder.down.2.block.1.norm2.weight
  - Froze policy model parameter: base_model.model.model.vqmodel.encoder.down.2.block.1.norm2.bias
  - Froze policy model parameter: base_model.model.model.vqmodel.encoder.down.2.block.1.conv2.weight
  - Froze policy model parameter: base_model.model.model.vqmodel.encoder.down.2.block.1.conv2.bias
  - Froze policy model parameter: base_model.model.model.vqmodel.encoder.down.2.downsample.conv.weight
  - Froze policy model parameter: base_model.model.model.vqmodel.encoder.down.2.downsample.conv.bias
  - Froze policy model parameter: base_model.model.model.vqmodel.encoder.down.3.block.0.norm1.weight
  - Froze policy model parameter: base_model.model.model.vqmodel.encoder.down.3.block.0.norm1.bias
  - Froze policy model parameter: base_model.model.model.vqmodel.encoder.down.3.block.0.conv1.weight
  - Froze policy model parameter: base_model.model.model.vqmodel.encoder.down.3.block.0.conv1.bias
  - Froze policy model parameter: base_model.model.model.vqmodel.encoder.down.3.block.0.norm2.weight
  - Froze policy model parameter: base_model.model.model.vqmodel.encoder.down.3.block.0.norm2.bias
  - Froze policy model parameter: base_model.model.model.vqmodel.encoder.down.3.block.0.conv2.weight
  - Froze policy model parameter: base_model.model.model.vqmodel.encoder.down.3.block.0.conv2.bias
  - Froze policy model parameter: base_model.model.model.vqmodel.encoder.down.3.block.1.norm1.weight
  - Froze policy model parameter: base_model.model.model.vqmodel.encoder.down.3.block.1.norm1.bias
  - Froze policy model parameter: base_model.model.model.vqmodel.encoder.down.3.block.1.conv1.weight
  - Froze policy model parameter: base_model.model.model.vqmodel.encoder.down.3.block.1.conv1.bias
  - Froze policy model parameter: base_model.model.model.vqmodel.encoder.down.3.block.1.norm2.weight
  - Froze policy model parameter: base_model.model.model.vqmodel.encoder.down.3.block.1.norm2.bias
  - Froze policy model parameter: base_model.model.model.vqmodel.encoder.down.3.block.1.conv2.weight
  - Froze policy model parameter: base_model.model.model.vqmodel.encoder.down.3.block.1.conv2.bias
  - Froze policy model parameter: base_model.model.model.vqmodel.encoder.down.3.downsample.conv.weight
  - Froze policy model parameter: base_model.model.model.vqmodel.encoder.down.3.downsample.conv.bias
  - Froze policy model parameter: base_model.model.model.vqmodel.encoder.down.4.block.0.norm1.weight
  - Froze policy model parameter: base_model.model.model.vqmodel.encoder.down.4.block.0.norm1.bias
  - Froze policy model parameter: base_model.model.model.vqmodel.encoder.down.4.block.0.conv1.weight
  - Froze policy model parameter: base_model.model.model.vqmodel.encoder.down.4.block.0.conv1.bias
  - Froze policy model parameter: base_model.model.model.vqmodel.encoder.down.4.block.0.norm2.weight
  - Froze policy model parameter: base_model.model.model.vqmodel.encoder.down.4.block.0.norm2.bias
  - Froze policy model parameter: base_model.model.model.vqmodel.encoder.down.4.block.0.conv2.weight
  - Froze policy model parameter: base_model.model.model.vqmodel.encoder.down.4.block.0.conv2.bias
  - Froze policy model parameter: base_model.model.model.vqmodel.encoder.down.4.block.0.nin_shortcut.weight
  - Froze policy model parameter: base_model.model.model.vqmodel.encoder.down.4.block.0.nin_shortcut.bias
  - Froze policy model parameter: base_model.model.model.vqmodel.encoder.down.4.block.1.norm1.weight
  - Froze policy model parameter: base_model.model.model.vqmodel.encoder.down.4.block.1.norm1.bias
  - Froze policy model parameter: base_model.model.model.vqmodel.encoder.down.4.block.1.conv1.weight
  - Froze policy model parameter: base_model.model.model.vqmodel.encoder.down.4.block.1.conv1.bias
  - Froze policy model parameter: base_model.model.model.vqmodel.encoder.down.4.block.1.norm2.weight
  - Froze policy model parameter: base_model.model.model.vqmodel.encoder.down.4.block.1.norm2.bias
  - Froze policy model parameter: base_model.model.model.vqmodel.encoder.down.4.block.1.conv2.weight
  - Froze policy model parameter: base_model.model.model.vqmodel.encoder.down.4.block.1.conv2.bias
  - Froze policy model parameter: base_model.model.model.vqmodel.encoder.mid.block_1.norm1.weight
  - Froze policy model parameter: base_model.model.model.vqmodel.encoder.mid.block_1.norm1.bias
  - Froze policy model parameter: base_model.model.model.vqmodel.encoder.mid.block_1.conv1.weight
  - Froze policy model parameter: base_model.model.model.vqmodel.encoder.mid.block_1.conv1.bias
  - Froze policy model parameter: base_model.model.model.vqmodel.encoder.mid.block_1.norm2.weight
  - Froze policy model parameter: base_model.model.model.vqmodel.encoder.mid.block_1.norm2.bias
  - Froze policy model parameter: base_model.model.model.vqmodel.encoder.mid.block_1.conv2.weight
  - Froze policy model parameter: base_model.model.model.vqmodel.encoder.mid.block_1.conv2.bias
  - Froze policy model parameter: base_model.model.model.vqmodel.encoder.mid.attn_1.norm.weight
  - Froze policy model parameter: base_model.model.model.vqmodel.encoder.mid.attn_1.norm.bias
  - Froze policy model parameter: base_model.model.model.vqmodel.encoder.mid.attn_1.q.weight
  - Froze policy model parameter: base_model.model.model.vqmodel.encoder.mid.attn_1.q.bias
  - Froze policy model parameter: base_model.model.model.vqmodel.encoder.mid.attn_1.k.weight
  - Froze policy model parameter: base_model.model.model.vqmodel.encoder.mid.attn_1.k.bias
  - Froze policy model parameter: base_model.model.model.vqmodel.encoder.mid.attn_1.v.weight
  - Froze policy model parameter: base_model.model.model.vqmodel.encoder.mid.attn_1.v.bias
  - Froze policy model parameter: base_model.model.model.vqmodel.encoder.mid.attn_1.proj_out.weight
  - Froze policy model parameter: base_model.model.model.vqmodel.encoder.mid.attn_1.proj_out.bias
  - Froze policy model parameter: base_model.model.model.vqmodel.encoder.mid.block_2.norm1.weight
  - Froze policy model parameter: base_model.model.model.vqmodel.encoder.mid.block_2.norm1.bias
  - Froze policy model parameter: base_model.model.model.vqmodel.encoder.mid.block_2.conv1.weight
  - Froze policy model parameter: base_model.model.model.vqmodel.encoder.mid.block_2.conv1.bias
  - Froze policy model parameter: base_model.model.model.vqmodel.encoder.mid.block_2.norm2.weight
  - Froze policy model parameter: base_model.model.model.vqmodel.encoder.mid.block_2.norm2.bias
  - Froze policy model parameter: base_model.model.model.vqmodel.encoder.mid.block_2.conv2.weight
  - Froze policy model parameter: base_model.model.model.vqmodel.encoder.mid.block_2.conv2.bias
  - Froze policy model parameter: base_model.model.model.vqmodel.encoder.norm_out.weight
  - Froze policy model parameter: base_model.model.model.vqmodel.encoder.norm_out.bias
  - Froze policy model parameter: base_model.model.model.vqmodel.encoder.conv_out.weight
  - Froze policy model parameter: base_model.model.model.vqmodel.encoder.conv_out.bias
  - Froze policy model parameter: base_model.model.model.vqmodel.decoder.conv_in.weight
  - Froze policy model parameter: base_model.model.model.vqmodel.decoder.conv_in.bias
  - Froze policy model parameter: base_model.model.model.vqmodel.decoder.mid.block_1.norm1.weight
  - Froze policy model parameter: base_model.model.model.vqmodel.decoder.mid.block_1.norm1.bias
  - Froze policy model parameter: base_model.model.model.vqmodel.decoder.mid.block_1.conv1.weight
  - Froze policy model parameter: base_model.model.model.vqmodel.decoder.mid.block_1.conv1.bias
  - Froze policy model parameter: base_model.model.model.vqmodel.decoder.mid.block_1.norm2.weight
  - Froze policy model parameter: base_model.model.model.vqmodel.decoder.mid.block_1.norm2.bias
  - Froze policy model parameter: base_model.model.model.vqmodel.decoder.mid.block_1.conv2.weight
  - Froze policy model parameter: base_model.model.model.vqmodel.decoder.mid.block_1.conv2.bias
  - Froze policy model parameter: base_model.model.model.vqmodel.decoder.mid.attn_1.norm.weight
  - Froze policy model parameter: base_model.model.model.vqmodel.decoder.mid.attn_1.norm.bias
  - Froze policy model parameter: base_model.model.model.vqmodel.decoder.mid.attn_1.q.weight
  - Froze policy model parameter: base_model.model.model.vqmodel.decoder.mid.attn_1.q.bias
  - Froze policy model parameter: base_model.model.model.vqmodel.decoder.mid.attn_1.k.weight
  - Froze policy model parameter: base_model.model.model.vqmodel.decoder.mid.attn_1.k.bias
  - Froze policy model parameter: base_model.model.model.vqmodel.decoder.mid.attn_1.v.weight
  - Froze policy model parameter: base_model.model.model.vqmodel.decoder.mid.attn_1.v.bias
  - Froze policy model parameter: base_model.model.model.vqmodel.decoder.mid.attn_1.proj_out.weight
  - Froze policy model parameter: base_model.model.model.vqmodel.decoder.mid.attn_1.proj_out.bias
  - Froze policy model parameter: base_model.model.model.vqmodel.decoder.mid.block_2.norm1.weight
  - Froze policy model parameter: base_model.model.model.vqmodel.decoder.mid.block_2.norm1.bias
  - Froze policy model parameter: base_model.model.model.vqmodel.decoder.mid.block_2.conv1.weight
  - Froze policy model parameter: base_model.model.model.vqmodel.decoder.mid.block_2.conv1.bias
  - Froze policy model parameter: base_model.model.model.vqmodel.decoder.mid.block_2.norm2.weight
  - Froze policy model parameter: base_model.model.model.vqmodel.decoder.mid.block_2.norm2.bias
  - Froze policy model parameter: base_model.model.model.vqmodel.decoder.mid.block_2.conv2.weight
  - Froze policy model parameter: base_model.model.model.vqmodel.decoder.mid.block_2.conv2.bias
  - Froze policy model parameter: base_model.model.model.vqmodel.decoder.up.0.block.0.norm1.weight
  - Froze policy model parameter: base_model.model.model.vqmodel.decoder.up.0.block.0.norm1.bias
  - Froze policy model parameter: base_model.model.model.vqmodel.decoder.up.0.block.0.conv1.weight
  - Froze policy model parameter: base_model.model.model.vqmodel.decoder.up.0.block.0.conv1.bias
  - Froze policy model parameter: base_model.model.model.vqmodel.decoder.up.0.block.0.norm2.weight
  - Froze policy model parameter: base_model.model.model.vqmodel.decoder.up.0.block.0.norm2.bias
  - Froze policy model parameter: base_model.model.model.vqmodel.decoder.up.0.block.0.conv2.weight
  - Froze policy model parameter: base_model.model.model.vqmodel.decoder.up.0.block.0.conv2.bias
  - Froze policy model parameter: base_model.model.model.vqmodel.decoder.up.0.block.1.norm1.weight
  - Froze policy model parameter: base_model.model.model.vqmodel.decoder.up.0.block.1.norm1.bias
  - Froze policy model parameter: base_model.model.model.vqmodel.decoder.up.0.block.1.conv1.weight
  - Froze policy model parameter: base_model.model.model.vqmodel.decoder.up.0.block.1.conv1.bias
  - Froze policy model parameter: base_model.model.model.vqmodel.decoder.up.0.block.1.norm2.weight
  - Froze policy model parameter: base_model.model.model.vqmodel.decoder.up.0.block.1.norm2.bias
  - Froze policy model parameter: base_model.model.model.vqmodel.decoder.up.0.block.1.conv2.weight
  - Froze policy model parameter: base_model.model.model.vqmodel.decoder.up.0.block.1.conv2.bias
  - Froze policy model parameter: base_model.model.model.vqmodel.decoder.up.0.block.2.norm1.weight
  - Froze policy model parameter: base_model.model.model.vqmodel.decoder.up.0.block.2.norm1.bias
  - Froze policy model parameter: base_model.model.model.vqmodel.decoder.up.0.block.2.conv1.weight
  - Froze policy model parameter: base_model.model.model.vqmodel.decoder.up.0.block.2.conv1.bias
  - Froze policy model parameter: base_model.model.model.vqmodel.decoder.up.0.block.2.norm2.weight
  - Froze policy model parameter: base_model.model.model.vqmodel.decoder.up.0.block.2.norm2.bias
  - Froze policy model parameter: base_model.model.model.vqmodel.decoder.up.0.block.2.conv2.weight
  - Froze policy model parameter: base_model.model.model.vqmodel.decoder.up.0.block.2.conv2.bias
  - Froze policy model parameter: base_model.model.model.vqmodel.decoder.up.1.block.0.norm1.weight
  - Froze policy model parameter: base_model.model.model.vqmodel.decoder.up.1.block.0.norm1.bias
  - Froze policy model parameter: base_model.model.model.vqmodel.decoder.up.1.block.0.conv1.weight
  - Froze policy model parameter: base_model.model.model.vqmodel.decoder.up.1.block.0.conv1.bias
  - Froze policy model parameter: base_model.model.model.vqmodel.decoder.up.1.block.0.norm2.weight
  - Froze policy model parameter: base_model.model.model.vqmodel.decoder.up.1.block.0.norm2.bias
  - Froze policy model parameter: base_model.model.model.vqmodel.decoder.up.1.block.0.conv2.weight
  - Froze policy model parameter: base_model.model.model.vqmodel.decoder.up.1.block.0.conv2.bias
  - Froze policy model parameter: base_model.model.model.vqmodel.decoder.up.1.block.0.nin_shortcut.weight
  - Froze policy model parameter: base_model.model.model.vqmodel.decoder.up.1.block.0.nin_shortcut.bias
  - Froze policy model parameter: base_model.model.model.vqmodel.decoder.up.1.block.1.norm1.weight
  - Froze policy model parameter: base_model.model.model.vqmodel.decoder.up.1.block.1.norm1.bias
  - Froze policy model parameter: base_model.model.model.vqmodel.decoder.up.1.block.1.conv1.weight
  - Froze policy model parameter: base_model.model.model.vqmodel.decoder.up.1.block.1.conv1.bias
  - Froze policy model parameter: base_model.model.model.vqmodel.decoder.up.1.block.1.norm2.weight
  - Froze policy model parameter: base_model.model.model.vqmodel.decoder.up.1.block.1.norm2.bias
  - Froze policy model parameter: base_model.model.model.vqmodel.decoder.up.1.block.1.conv2.weight
  - Froze policy model parameter: base_model.model.model.vqmodel.decoder.up.1.block.1.conv2.bias
  - Froze policy model parameter: base_model.model.model.vqmodel.decoder.up.1.block.2.norm1.weight
  - Froze policy model parameter: base_model.model.model.vqmodel.decoder.up.1.block.2.norm1.bias
  - Froze policy model parameter: base_model.model.model.vqmodel.decoder.up.1.block.2.conv1.weight
  - Froze policy model parameter: base_model.model.model.vqmodel.decoder.up.1.block.2.conv1.bias
  - Froze policy model parameter: base_model.model.model.vqmodel.decoder.up.1.block.2.norm2.weight
  - Froze policy model parameter: base_model.model.model.vqmodel.decoder.up.1.block.2.norm2.bias
  - Froze policy model parameter: base_model.model.model.vqmodel.decoder.up.1.block.2.conv2.weight
  - Froze policy model parameter: base_model.model.model.vqmodel.decoder.up.1.block.2.conv2.bias
  - Froze policy model parameter: base_model.model.model.vqmodel.decoder.up.1.upsample.conv.weight
  - Froze policy model parameter: base_model.model.model.vqmodel.decoder.up.1.upsample.conv.bias
  - Froze policy model parameter: base_model.model.model.vqmodel.decoder.up.2.block.0.norm1.weight
  - Froze policy model parameter: base_model.model.model.vqmodel.decoder.up.2.block.0.norm1.bias
  - Froze policy model parameter: base_model.model.model.vqmodel.decoder.up.2.block.0.conv1.weight
  - Froze policy model parameter: base_model.model.model.vqmodel.decoder.up.2.block.0.conv1.bias
  - Froze policy model parameter: base_model.model.model.vqmodel.decoder.up.2.block.0.norm2.weight
  - Froze policy model parameter: base_model.model.model.vqmodel.decoder.up.2.block.0.norm2.bias
  - Froze policy model parameter: base_model.model.model.vqmodel.decoder.up.2.block.0.conv2.weight
  - Froze policy model parameter: base_model.model.model.vqmodel.decoder.up.2.block.0.conv2.bias
  - Froze policy model parameter: base_model.model.model.vqmodel.decoder.up.2.block.1.norm1.weight
  - Froze policy model parameter: base_model.model.model.vqmodel.decoder.up.2.block.1.norm1.bias
  - Froze policy model parameter: base_model.model.model.vqmodel.decoder.up.2.block.1.conv1.weight
  - Froze policy model parameter: base_model.model.model.vqmodel.decoder.up.2.block.1.conv1.bias
  - Froze policy model parameter: base_model.model.model.vqmodel.decoder.up.2.block.1.norm2.weight
  - Froze policy model parameter: base_model.model.model.vqmodel.decoder.up.2.block.1.norm2.bias
  - Froze policy model parameter: base_model.model.model.vqmodel.decoder.up.2.block.1.conv2.weight
  - Froze policy model parameter: base_model.model.model.vqmodel.decoder.up.2.block.1.conv2.bias
  - Froze policy model parameter: base_model.model.model.vqmodel.decoder.up.2.block.2.norm1.weight
  - Froze policy model parameter: base_model.model.model.vqmodel.decoder.up.2.block.2.norm1.bias
  - Froze policy model parameter: base_model.model.model.vqmodel.decoder.up.2.block.2.conv1.weight
  - Froze policy model parameter: base_model.model.model.vqmodel.decoder.up.2.block.2.conv1.bias
  - Froze policy model parameter: base_model.model.model.vqmodel.decoder.up.2.block.2.norm2.weight
  - Froze policy model parameter: base_model.model.model.vqmodel.decoder.up.2.block.2.norm2.bias
  - Froze policy model parameter: base_model.model.model.vqmodel.decoder.up.2.block.2.conv2.weight
  - Froze policy model parameter: base_model.model.model.vqmodel.decoder.up.2.block.2.conv2.bias
  - Froze policy model parameter: base_model.model.model.vqmodel.decoder.up.2.upsample.conv.weight
  - Froze policy model parameter: base_model.model.model.vqmodel.decoder.up.2.upsample.conv.bias
  - Froze policy model parameter: base_model.model.model.vqmodel.decoder.up.3.block.0.norm1.weight
  - Froze policy model parameter: base_model.model.model.vqmodel.decoder.up.3.block.0.norm1.bias
  - Froze policy model parameter: base_model.model.model.vqmodel.decoder.up.3.block.0.conv1.weight
  - Froze policy model parameter: base_model.model.model.vqmodel.decoder.up.3.block.0.conv1.bias
  - Froze policy model parameter: base_model.model.model.vqmodel.decoder.up.3.block.0.norm2.weight
  - Froze policy model parameter: base_model.model.model.vqmodel.decoder.up.3.block.0.norm2.bias
  - Froze policy model parameter: base_model.model.model.vqmodel.decoder.up.3.block.0.conv2.weight
  - Froze policy model parameter: base_model.model.model.vqmodel.decoder.up.3.block.0.conv2.bias
  - Froze policy model parameter: base_model.model.model.vqmodel.decoder.up.3.block.0.nin_shortcut.weight
  - Froze policy model parameter: base_model.model.model.vqmodel.decoder.up.3.block.0.nin_shortcut.bias
  - Froze policy model parameter: base_model.model.model.vqmodel.decoder.up.3.block.1.norm1.weight
  - Froze policy model parameter: base_model.model.model.vqmodel.decoder.up.3.block.1.norm1.bias
  - Froze policy model parameter: base_model.model.model.vqmodel.decoder.up.3.block.1.conv1.weight
  - Froze policy model parameter: base_model.model.model.vqmodel.decoder.up.3.block.1.conv1.bias
  - Froze policy model parameter: base_model.model.model.vqmodel.decoder.up.3.block.1.norm2.weight
  - Froze policy model parameter: base_model.model.model.vqmodel.decoder.up.3.block.1.norm2.bias
  - Froze policy model parameter: base_model.model.model.vqmodel.decoder.up.3.block.1.conv2.weight
  - Froze policy model parameter: base_model.model.model.vqmodel.decoder.up.3.block.1.conv2.bias
  - Froze policy model parameter: base_model.model.model.vqmodel.decoder.up.3.block.2.norm1.weight
  - Froze policy model parameter: base_model.model.model.vqmodel.decoder.up.3.block.2.norm1.bias
  - Froze policy model parameter: base_model.model.model.vqmodel.decoder.up.3.block.2.conv1.weight
  - Froze policy model parameter: base_model.model.model.vqmodel.decoder.up.3.block.2.conv1.bias
  - Froze policy model parameter: base_model.model.model.vqmodel.decoder.up.3.block.2.norm2.weight
  - Froze policy model parameter: base_model.model.model.vqmodel.decoder.up.3.block.2.norm2.bias
  - Froze policy model parameter: base_model.model.model.vqmodel.decoder.up.3.block.2.conv2.weight
  - Froze policy model parameter: base_model.model.model.vqmodel.decoder.up.3.block.2.conv2.bias
  - Froze policy model parameter: base_model.model.model.vqmodel.decoder.up.3.upsample.conv.weight
  - Froze policy model parameter: base_model.model.model.vqmodel.decoder.up.3.upsample.conv.bias
  - Froze policy model parameter: base_model.model.model.vqmodel.decoder.up.4.block.0.norm1.weight
  - Froze policy model parameter: base_model.model.model.vqmodel.decoder.up.4.block.0.norm1.bias
  - Froze policy model parameter: base_model.model.model.vqmodel.decoder.up.4.block.0.conv1.weight
  - Froze policy model parameter: base_model.model.model.vqmodel.decoder.up.4.block.0.conv1.bias
  - Froze policy model parameter: base_model.model.model.vqmodel.decoder.up.4.block.0.norm2.weight
  - Froze policy model parameter: base_model.model.model.vqmodel.decoder.up.4.block.0.norm2.bias
  - Froze policy model parameter: base_model.model.model.vqmodel.decoder.up.4.block.0.conv2.weight
  - Froze policy model parameter: base_model.model.model.vqmodel.decoder.up.4.block.0.conv2.bias
  - Froze policy model parameter: base_model.model.model.vqmodel.decoder.up.4.block.1.norm1.weight
  - Froze policy model parameter: base_model.model.model.vqmodel.decoder.up.4.block.1.norm1.bias
  - Froze policy model parameter: base_model.model.model.vqmodel.decoder.up.4.block.1.conv1.weight
  - Froze policy model parameter: base_model.model.model.vqmodel.decoder.up.4.block.1.conv1.bias
  - Froze policy model parameter: base_model.model.model.vqmodel.decoder.up.4.block.1.norm2.weight
  - Froze policy model parameter: base_model.model.model.vqmodel.decoder.up.4.block.1.norm2.bias
  - Froze policy model parameter: base_model.model.model.vqmodel.decoder.up.4.block.1.conv2.weight
  - Froze policy model parameter: base_model.model.model.vqmodel.decoder.up.4.block.1.conv2.bias
  - Froze policy model parameter: base_model.model.model.vqmodel.decoder.up.4.block.2.norm1.weight
  - Froze policy model parameter: base_model.model.model.vqmodel.decoder.up.4.block.2.norm1.bias
  - Froze policy model parameter: base_model.model.model.vqmodel.decoder.up.4.block.2.conv1.weight
  - Froze policy model parameter: base_model.model.model.vqmodel.decoder.up.4.block.2.conv1.bias
  - Froze policy model parameter: base_model.model.model.vqmodel.decoder.up.4.block.2.norm2.weight
  - Froze policy model parameter: base_model.model.model.vqmodel.decoder.up.4.block.2.norm2.bias
  - Froze policy model parameter: base_model.model.model.vqmodel.decoder.up.4.block.2.conv2.weight
  - Froze policy model parameter: base_model.model.model.vqmodel.decoder.up.4.block.2.conv2.bias
  - Froze policy model parameter: base_model.model.model.vqmodel.decoder.up.4.upsample.conv.weight
  - Froze policy model parameter: base_model.model.model.vqmodel.decoder.up.4.upsample.conv.bias
  - Froze policy model parameter: base_model.model.model.vqmodel.decoder.norm_out.weight
  - Froze policy model parameter: base_model.model.model.vqmodel.decoder.norm_out.bias
  - Froze policy model parameter: base_model.model.model.vqmodel.decoder.conv_out.weight
  - Froze policy model parameter: base_model.model.model.vqmodel.decoder.conv_out.bias
  - Froze policy model parameter: base_model.model.model.vqmodel.quantize.embedding.weight
  - Froze policy model parameter: base_model.model.model.vqmodel.quant_conv.weight
  - Froze policy model parameter: base_model.model.model.vqmodel.quant_conv.bias
  - Froze policy model parameter: base_model.model.model.vqmodel.post_quant_conv.weight
  - Froze policy model parameter: base_model.model.model.vqmodel.post_quant_conv.bias
  - Froze policy model parameter: base_model.model.mlp_head.time_embed.mlp.0.weight
  - Froze policy model parameter: base_model.model.mlp_head.time_embed.mlp.0.bias
  - Froze policy model parameter: base_model.model.mlp_head.time_embed.mlp.2.weight
  - Froze policy model parameter: base_model.model.mlp_head.time_embed.mlp.2.bias
  - Froze policy model parameter: base_model.model.mlp_head.cond_embed.weight
  - Froze policy model parameter: base_model.model.mlp_head.cond_embed.bias
  - Froze policy model parameter: base_model.model.mlp_head.input_proj.weight
  - Froze policy model parameter: base_model.model.mlp_head.input_proj.bias
  - Froze policy model parameter: base_model.model.mlp_head.res_blocks.0.in_ln.weight
  - Froze policy model parameter: base_model.model.mlp_head.res_blocks.0.in_ln.bias
  - Froze policy model parameter: base_model.model.mlp_head.res_blocks.0.mlp.0.weight
  - Froze policy model parameter: base_model.model.mlp_head.res_blocks.0.mlp.0.bias
  - Froze policy model parameter: base_model.model.mlp_head.res_blocks.0.mlp.2.weight
  - Froze policy model parameter: base_model.model.mlp_head.res_blocks.0.mlp.2.bias
  - Froze policy model parameter: base_model.model.mlp_head.res_blocks.0.adaLN_modulation.1.weight
  - Froze policy model parameter: base_model.model.mlp_head.res_blocks.0.adaLN_modulation.1.bias
  - Froze policy model parameter: base_model.model.mlp_head.res_blocks.1.in_ln.weight
  - Froze policy model parameter: base_model.model.mlp_head.res_blocks.1.in_ln.bias
  - Froze policy model parameter: base_model.model.mlp_head.res_blocks.1.mlp.0.weight
  - Froze policy model parameter: base_model.model.mlp_head.res_blocks.1.mlp.0.bias
  - Froze policy model parameter: base_model.model.mlp_head.res_blocks.1.mlp.2.weight
  - Froze policy model parameter: base_model.model.mlp_head.res_blocks.1.mlp.2.bias
  - Froze policy model parameter: base_model.model.mlp_head.res_blocks.1.adaLN_modulation.1.weight
  - Froze policy model parameter: base_model.model.mlp_head.res_blocks.1.adaLN_modulation.1.bias
  - Froze policy model parameter: base_model.model.mlp_head.res_blocks.2.in_ln.weight
  - Froze policy model parameter: base_model.model.mlp_head.res_blocks.2.in_ln.bias
  - Froze policy model parameter: base_model.model.mlp_head.res_blocks.2.mlp.0.weight
  - Froze policy model parameter: base_model.model.mlp_head.res_blocks.2.mlp.0.bias
  - Froze policy model parameter: base_model.model.mlp_head.res_blocks.2.mlp.2.weight
  - Froze policy model parameter: base_model.model.mlp_head.res_blocks.2.mlp.2.bias
  - Froze policy model parameter: base_model.model.mlp_head.res_blocks.2.adaLN_modulation.1.weight
  - Froze policy model parameter: base_model.model.mlp_head.res_blocks.2.adaLN_modulation.1.bias
  - Froze policy model parameter: base_model.model.mlp_head.final_layer.linear.weight
  - Froze policy model parameter: base_model.model.mlp_head.final_layer.linear.bias
  - Froze policy model parameter: base_model.model.mlp_head.final_layer.adaLN_modulation.1.weight
  - Froze policy model parameter: base_model.model.mlp_head.final_layer.adaLN_modulation.1.bias
Model parts frozen.
Loaded 2 reward functions: ['answer_correctness_reward', 'format_reward']
Trainer initialized.
--- [Step 3/3] Starting GRPO training... ---
[rank3]:W1103 19:14:03.996000 2225440 site-packages/torch/utils/cpp_extension.py:2425] TORCH_CUDA_ARCH_LIST is not set, all archs for visible cards are included for compilation. 
[rank3]:W1103 19:14:03.996000 2225440 site-packages/torch/utils/cpp_extension.py:2425] If this is not desired, please set os.environ['TORCH_CUDA_ARCH_LIST'] to specific architectures.
[rank5]:W1103 19:14:04.046000 2225442 site-packages/torch/utils/cpp_extension.py:2425] TORCH_CUDA_ARCH_LIST is not set, all archs for visible cards are included for compilation. 
[rank5]:W1103 19:14:04.046000 2225442 site-packages/torch/utils/cpp_extension.py:2425] If this is not desired, please set os.environ['TORCH_CUDA_ARCH_LIST'] to specific architectures.
[rank0]:W1103 19:14:04.105000 2225437 site-packages/torch/utils/cpp_extension.py:2425] TORCH_CUDA_ARCH_LIST is not set, all archs for visible cards are included for compilation. 
[rank0]:W1103 19:14:04.105000 2225437 site-packages/torch/utils/cpp_extension.py:2425] If this is not desired, please set os.environ['TORCH_CUDA_ARCH_LIST'] to specific architectures.
[rank1]:W1103 19:14:04.138000 2225438 site-packages/torch/utils/cpp_extension.py:2425] TORCH_CUDA_ARCH_LIST is not set, all archs for visible cards are included for compilation. 
[rank1]:W1103 19:14:04.138000 2225438 site-packages/torch/utils/cpp_extension.py:2425] If this is not desired, please set os.environ['TORCH_CUDA_ARCH_LIST'] to specific architectures.
[rank4]:W1103 19:14:04.173000 2225441 site-packages/torch/utils/cpp_extension.py:2425] TORCH_CUDA_ARCH_LIST is not set, all archs for visible cards are included for compilation. 
[rank4]:W1103 19:14:04.173000 2225441 site-packages/torch/utils/cpp_extension.py:2425] If this is not desired, please set os.environ['TORCH_CUDA_ARCH_LIST'] to specific architectures.
[rank6]:W1103 19:14:05.244000 2225443 site-packages/torch/utils/cpp_extension.py:2425] TORCH_CUDA_ARCH_LIST is not set, all archs for visible cards are included for compilation. 
[rank6]:W1103 19:14:05.244000 2225443 site-packages/torch/utils/cpp_extension.py:2425] If this is not desired, please set os.environ['TORCH_CUDA_ARCH_LIST'] to specific architectures.
[rank7]:W1103 19:14:05.467000 2225444 site-packages/torch/utils/cpp_extension.py:2425] TORCH_CUDA_ARCH_LIST is not set, all archs for visible cards are included for compilation. 
[rank7]:W1103 19:14:05.467000 2225444 site-packages/torch/utils/cpp_extension.py:2425] If this is not desired, please set os.environ['TORCH_CUDA_ARCH_LIST'] to specific architectures.
multimodal_generation_mode interleaved-text-image
Setting `pad_token_id` to `eos_token_id`:2 for open-end generation.
multimodal_generation_mode interleaved-text-image
Setting `pad_token_id` to `eos_token_id`:2 for open-end generation.
multimodal_generation_mode interleaved-text-image
Setting `pad_token_id` to `eos_token_id`:2 for open-end generation.
multimodal_generation_mode interleaved-text-image
Setting `pad_token_id` to `eos_token_id`:2 for open-end generation.
multimodal_generation_mode interleaved-text-image
Setting `pad_token_id` to `eos_token_id`:2 for open-end generation.
multimodal_generation_mode interleaved-text-image
Setting `pad_token_id` to `eos_token_id`:2 for open-end generation.
multimodal_generation_mode interleaved-text-image
Setting `pad_token_id` to `eos_token_id`:2 for open-end generation.
multimodal_generation_mode interleaved-text-image
Setting `pad_token_id` to `eos_token_id`:2 for open-end generation.
multimodal_generation_mode interleaved-text-image
Setting `pad_token_id` to `eos_token_id`:2 for open-end generation.
wandb: Currently logged in as: xjy110156 (xjy110156-) to https://api.wandb.ai. Use `wandb login --relogin` to force relogin
/data1/oujingfeng/project/twgi/Orthus/models/modeling_orthus_for_inteleave_cfg.py:2892: FutureWarning: `torch.cuda.amp.autocast(args...)` is deprecated. Please use `torch.amp.autocast('cuda', args...)` instead.
  with torch.no_grad(), torch.cuda.amp.autocast():
/data1/oujingfeng/project/twgi/Orthus/models/modeling_orthus_for_inteleave_cfg.py:2892: FutureWarning: `torch.cuda.amp.autocast(args...)` is deprecated. Please use `torch.amp.autocast('cuda', args...)` instead.
  with torch.no_grad(), torch.cuda.amp.autocast():
/data1/oujingfeng/project/twgi/Orthus/models/modeling_orthus_for_inteleave_cfg.py:2892: FutureWarning: `torch.cuda.amp.autocast(args...)` is deprecated. Please use `torch.amp.autocast('cuda', args...)` instead.
  with torch.no_grad(), torch.cuda.amp.autocast():
/data1/oujingfeng/project/twgi/Orthus/models/modeling_orthus_for_inteleave_cfg.py:2892: FutureWarning: `torch.cuda.amp.autocast(args...)` is deprecated. Please use `torch.amp.autocast('cuda', args...)` instead.
  with torch.no_grad(), torch.cuda.amp.autocast():
/data1/oujingfeng/project/twgi/Orthus/models/modeling_orthus_for_inteleave_cfg.py:2892: FutureWarning: `torch.cuda.amp.autocast(args...)` is deprecated. Please use `torch.amp.autocast('cuda', args...)` instead.
  with torch.no_grad(), torch.cuda.amp.autocast():
/data1/oujingfeng/project/twgi/Orthus/models/modeling_orthus_for_inteleave_cfg.py:2892: FutureWarning: `torch.cuda.amp.autocast(args...)` is deprecated. Please use `torch.amp.autocast('cuda', args...)` instead.
  with torch.no_grad(), torch.cuda.amp.autocast():
wandb: creating run
wandb: Tracking run with wandb version 0.22.0
wandb: Run data is saved locally in /data1/oujingfeng/project/twgi/Orthus/train/grpo/wandb/run-20251103_191414-6a376uq3
wandb: Run `wandb offline` to turn off syncing.
wandb: Syncing run orthus-7b-grpo-geneval-v1
wandb: ⭐️ View project at https://wandb.ai/xjy110156-/orthus-grpo-project
wandb: 🚀 View run at https://wandb.ai/xjy110156-/orthus-grpo-project/runs/6a376uq3
wandb: WARNING Serializing object of type dict that is 1922480 bytes
  0%|          | 0/1000 [00:00<?, ?it/s]multimodal_generation_mode interleaved-text-image
Setting `pad_token_id` to `eos_token_id`:2 for open-end generation.
/data1/oujingfeng/project/twgi/Orthus/models/modeling_orthus_for_inteleave_cfg.py:2892: FutureWarning: `torch.cuda.amp.autocast(args...)` is deprecated. Please use `torch.amp.autocast('cuda', args...)` instead.
  with torch.no_grad(), torch.cuda.amp.autocast():
/data1/oujingfeng/project/twgi/Orthus/models/modeling_orthus_for_inteleave_cfg.py:2892: FutureWarning: `torch.cuda.amp.autocast(args...)` is deprecated. Please use `torch.amp.autocast('cuda', args...)` instead.
  with torch.no_grad(), torch.cuda.amp.autocast():
multimodal_generation_mode interleaved-text-image
Setting `pad_token_id` to `eos_token_id`:2 for open-end generation.
multimodal_generation_mode interleaved-text-image
Setting `pad_token_id` to `eos_token_id`:2 for open-end generation.
multimodal_generation_mode interleaved-text-image
Setting `pad_token_id` to `eos_token_id`:2 for open-end generation.
multimodal_generation_mode interleaved-text-image
Setting `pad_token_id` to `eos_token_id`:2 for open-end generation.
multimodal_generation_mode interleaved-text-image
Setting `pad_token_id` to `eos_token_id`:2 for open-end generation.
multimodal_generation_mode interleaved-text-image
Setting `pad_token_id` to `eos_token_id`:2 for open-end generation.
                                        {'reward/mean': 0.0, 'reward/std': 0.0, 'policy/advantage_mean': 0.0, 'policy/advantage_std': 0.0, 'loss/pg_loss': 0.0, 'loss/kl_div': -0.40555123577547225, 'epoch': 0}
  0%|          | 0/1000 [14:16<?, ?it/s]Could not estimate the number of tokens of the input, floating-point operations will not be computed
Could not estimate the number of tokens of the input, floating-point operations will not be computed
Could not estimate the number of tokens of the input, floating-point operations will not be computed
Could not estimate the number of tokens of the input, floating-point operations will not be computed
Could not estimate the number of tokens of the input, floating-point operations will not be computed
Could not estimate the number of tokens of the input, floating-point operations will not be computed
Could not estimate the number of tokens of the input, floating-point operations will not be computed
Could not estimate the number of tokens of the input, floating-point operations will not be computed
multimodal_generation_mode interleaved-text-image
Setting `pad_token_id` to `eos_token_id`:2 for open-end generation.
multimodal_generation_mode interleaved-text-image
Setting `pad_token_id` to `eos_token_id`:2 for open-end generation.
multimodal_generation_mode interleaved-text-image
Setting `pad_token_id` to `eos_token_id`:2 for open-end generation.
multimodal_generation_mode interleaved-text-image
Setting `pad_token_id` to `eos_token_id`:2 for open-end generation.
multimodal_generation_modemultimodal_generation_mode  interleaved-text-imageinterleaved-text-image

multimodal_generation_mode interleaved-text-image
Setting `pad_token_id` to `eos_token_id`:2 for open-end generation.
Setting `pad_token_id` to `eos_token_id`:2 for open-end generation.
multimodal_generation_mode interleaved-text-image
Setting `pad_token_id` to `eos_token_id`:2 for open-end generation.
Setting `pad_token_id` to `eos_token_id`:2 for open-end generation.
multimodal_generation_mode interleaved-text-image
Setting `pad_token_id` to `eos_token_id`:2 for open-end generation.
multimodal_generation_mode interleaved-text-image
Setting `pad_token_id` to `eos_token_id`:2 for open-end generation.
multimodal_generation_mode interleaved-text-image
Setting `pad_token_id` to `eos_token_id`:2 for open-end generation.
multimodal_generation_mode interleaved-text-image
Setting `pad_token_id` to `eos_token_id`:2 for open-end generation.
multimodal_generation_mode interleaved-text-image
Setting `pad_token_id` to `eos_token_id`:2 for open-end generation.
multimodal_generation_mode interleaved-text-image
Setting `pad_token_id` to `eos_token_id`:2 for open-end generation.
multimodal_generation_mode interleaved-text-image
Setting `pad_token_id` to `eos_token_id`:2 for open-end generation.
multimodal_generation_mode interleaved-text-image
Setting `pad_token_id` to `eos_token_id`:2 for open-end generation.
                                        {'reward/mean': 0.0, 'reward/std': 0.0, 'policy/advantage_mean': 0.0, 'policy/advantage_std': 0.0, 'loss/pg_loss': 0.0, 'loss/kl_div': -0.38408642472891974, 'epoch': 0}
  0%|          | 0/1000 [29:04<?, ?it/s]  0%|          | 1/1000 [29:36<493:06:02, 1776.94s/it]                                                      {'loss': 0.0, 'grad_norm': 0.0, 'learning_rate': 1e-06, 'epoch': 0.0}
  0%|          | 1/1000 [29:37<493:06:02, 1776.94s/it]multimodal_generation_mode interleaved-text-image
Setting `pad_token_id` to `eos_token_id`:2 for open-end generation.
multimodal_generation_mode interleaved-text-image
multimodal_generation_mode interleaved-text-image
multimodal_generation_mode interleaved-text-image
multimodal_generation_mode interleaved-text-image
multimodal_generation_mode interleaved-text-image
Setting `pad_token_id` to `eos_token_id`:2 for open-end generation.
Setting `pad_token_id` to `eos_token_id`:2 for open-end generation.
Setting `pad_token_id` to `eos_token_id`:2 for open-end generation.
Setting `pad_token_id` to `eos_token_id`:2 for open-end generation.
Setting `pad_token_id` to `eos_token_id`:2 for open-end generation.
multimodal_generation_mode interleaved-text-image
Setting `pad_token_id` to `eos_token_id`:2 for open-end generation.
multimodal_generation_mode interleaved-text-image
Setting `pad_token_id` to `eos_token_id`:2 for open-end generation.
multimodal_generation_mode interleaved-text-image
Setting `pad_token_id` to `eos_token_id`:2 for open-end generation.
multimodal_generation_mode interleaved-text-image
Setting `pad_token_id` to `eos_token_id`:2 for open-end generation.
multimodal_generation_mode interleaved-text-image
Setting `pad_token_id` to `eos_token_id`:2 for open-end generation.
multimodal_generation_mode interleaved-text-image
Setting `pad_token_id` to `eos_token_id`:2 for open-end generation.
multimodal_generation_mode interleaved-text-image
Setting `pad_token_id` to `eos_token_id`:2 for open-end generation.
multimodal_generation_mode interleaved-text-image
Setting `pad_token_id` to `eos_token_id`:2 for open-end generation.
multimodal_generation_mode interleaved-text-image
Setting `pad_token_id` to `eos_token_id`:2 for open-end generation.
multimodal_generation_mode interleaved-text-image
Setting `pad_token_id` to `eos_token_id`:2 for open-end generation.
                                                      {'reward/mean': 0.0, 'reward/std': 0.0, 'policy/advantage_mean': 0.0, 'policy/advantage_std': 0.0, 'loss/pg_loss': 0.0, 'loss/kl_div': -0.4088820877608719, 'epoch': 0.0}
  0%|          | 1/1000 [43:56<493:06:02, 1776.94s/it]multimodal_generation_mode interleaved-text-image
Setting `pad_token_id` to `eos_token_id`:2 for open-end generation.
multimodal_generation_mode interleaved-text-image
multimodal_generation_mode interleaved-text-image
Setting `pad_token_id` to `eos_token_id`:2 for open-end generation.
Setting `pad_token_id` to `eos_token_id`:2 for open-end generation.
multimodal_generation_mode interleaved-text-image
Setting `pad_token_id` to `eos_token_id`:2 for open-end generation.
multimodal_generation_mode interleaved-text-image
multimodal_generation_mode interleaved-text-image
Setting `pad_token_id` to `eos_token_id`:2 for open-end generation.
Setting `pad_token_id` to `eos_token_id`:2 for open-end generation.
multimodal_generation_mode interleaved-text-image
Setting `pad_token_id` to `eos_token_id`:2 for open-end generation.
multimodal_generation_mode interleaved-text-image
Setting `pad_token_id` to `eos_token_id`:2 for open-end generation.
multimodal_generation_mode interleaved-text-image
Setting `pad_token_id` to `eos_token_id`:2 for open-end generation.
multimodal_generation_mode interleaved-text-image
Setting `pad_token_id` to `eos_token_id`:2 for open-end generation.
multimodal_generation_mode interleaved-text-image
Setting `pad_token_id` to `eos_token_id`:2 for open-end generation.
multimodal_generation_mode interleaved-text-image
Setting `pad_token_id` to `eos_token_id`:2 for open-end generation.
multimodal_generation_mode interleaved-text-image
Setting `pad_token_id` to `eos_token_id`:2 for open-end generation.
multimodal_generation_mode interleaved-text-image
Setting `pad_token_id` to `eos_token_id`:2 for open-end generation.
multimodal_generation_mode interleaved-text-image
Setting `pad_token_id` to `eos_token_id`:2 for open-end generation.
multimodal_generation_mode interleaved-text-image
Setting `pad_token_id` to `eos_token_id`:2 for open-end generation.
                                                      {'reward/mean': 0.0, 'reward/std': 0.0, 'policy/advantage_mean': 0.0, 'policy/advantage_std': 0.0, 'loss/pg_loss': 0.0, 'loss/kl_div': -0.39678386196442184, 'epoch': 0.0}
  0%|          | 1/1000 [58:23<493:06:02, 1776.94s/it]  0%|          | 2/1000 [58:34<486:14:47, 1754.00s/it]                                                      {'loss': 0.0, 'grad_norm': 0.0, 'learning_rate': 9.989999999999999e-07, 'epoch': 0.01}
  0%|          | 2/1000 [58:34<486:14:47, 1754.00s/it]multimodal_generation_mode interleaved-text-image
multimodal_generation_mode interleaved-text-image
Setting `pad_token_id` to `eos_token_id`:2 for open-end generation.
Setting `pad_token_id` to `eos_token_id`:2 for open-end generation.
multimodal_generation_mode interleaved-text-image
Setting `pad_token_id` to `eos_token_id`:2 for open-end generation.
multimodal_generation_mode interleaved-text-image
multimodal_generation_mode interleaved-text-image
Setting `pad_token_id` to `eos_token_id`:2 for open-end generation.
Setting `pad_token_id` to `eos_token_id`:2 for open-end generation.
multimodal_generation_mode interleaved-text-image
multimodal_generation_mode interleaved-text-image
Setting `pad_token_id` to `eos_token_id`:2 for open-end generation.
Setting `pad_token_id` to `eos_token_id`:2 for open-end generation.
multimodal_generation_mode interleaved-text-image
Setting `pad_token_id` to `eos_token_id`:2 for open-end generation.
multimodal_generation_mode interleaved-text-image
Setting `pad_token_id` to `eos_token_id`:2 for open-end generation.
multimodal_generation_mode interleaved-text-image
Setting `pad_token_id` to `eos_token_id`:2 for open-end generation.
multimodal_generation_mode interleaved-text-image
Setting `pad_token_id` to `eos_token_id`:2 for open-end generation.
multimodal_generation_mode interleaved-text-image
Setting `pad_token_id` to `eos_token_id`:2 for open-end generation.
multimodal_generation_mode interleaved-text-image
Setting `pad_token_id` to `eos_token_id`:2 for open-end generation.
multimodal_generation_mode interleaved-text-image
Setting `pad_token_id` to `eos_token_id`:2 for open-end generation.
multimodal_generation_mode interleaved-text-image
Setting `pad_token_id` to `eos_token_id`:2 for open-end generation.
multimodal_generation_mode interleaved-text-image
Setting `pad_token_id` to `eos_token_id`:2 for open-end generation.
                                                      {'reward/mean': 0.0, 'reward/std': 0.0, 'policy/advantage_mean': 0.0, 'policy/advantage_std': 0.0, 'loss/pg_loss': 0.0, 'loss/kl_div': -0.3703492593266823, 'epoch': 0.01}
  0%|          | 2/1000 [1:12:53<486:14:47, 1754.00s/it]multimodal_generation_mode interleaved-text-image
Setting `pad_token_id` to `eos_token_id`:2 for open-end generation.
multimodal_generation_mode interleaved-text-image
Setting `pad_token_id` to `eos_token_id`:2 for open-end generation.
multimodal_generation_mode interleaved-text-image
multimodal_generation_mode interleaved-text-image
Setting `pad_token_id` to `eos_token_id`:2 for open-end generation.
multimodal_generation_mode interleaved-text-image
Setting `pad_token_id` to `eos_token_id`:2 for open-end generation.
Setting `pad_token_id` to `eos_token_id`:2 for open-end generation.
multimodal_generation_mode interleaved-text-image
multimodal_generation_mode interleaved-text-image
Setting `pad_token_id` to `eos_token_id`:2 for open-end generation.
Setting `pad_token_id` to `eos_token_id`:2 for open-end generation.
multimodal_generation_mode interleaved-text-image
Setting `pad_token_id` to `eos_token_id`:2 for open-end generation.
multimodal_generation_mode interleaved-text-image
Setting `pad_token_id` to `eos_token_id`:2 for open-end generation.
multimodal_generation_mode interleaved-text-image
Setting `pad_token_id` to `eos_token_id`:2 for open-end generation.
multimodal_generation_mode interleaved-text-image
Setting `pad_token_id` to `eos_token_id`:2 for open-end generation.
multimodal_generation_mode interleaved-text-image
Setting `pad_token_id` to `eos_token_id`:2 for open-end generation.
multimodal_generation_mode interleaved-text-image
Setting `pad_token_id` to `eos_token_id`:2 for open-end generation.
multimodal_generation_mode interleaved-text-image
Setting `pad_token_id` to `eos_token_id`:2 for open-end generation.
multimodal_generation_mode interleaved-text-image
Setting `pad_token_id` to `eos_token_id`:2 for open-end generation.
multimodal_generation_mode interleaved-text-image
Setting `pad_token_id` to `eos_token_id`:2 for open-end generation.
                                                        {'reward/mean': 0.0, 'reward/std': 0.0, 'policy/advantage_mean': 0.0, 'policy/advantage_std': 0.0, 'loss/pg_loss': 0.0, 'loss/kl_div': -0.40659941567314994, 'epoch': 0.01}
  0%|          | 2/1000 [1:27:27<486:14:47, 1754.00s/it]  0%|          | 3/1000 [1:27:50<485:54:57, 1754.56s/it]                                                        {'loss': 0.0, 'grad_norm': 0.0, 'learning_rate': 9.98e-07, 'epoch': 0.01}
  0%|          | 3/1000 [1:27:50<485:54:57, 1754.56s/it]multimodal_generation_mode interleaved-text-image
multimodal_generation_mode interleaved-text-image
Setting `pad_token_id` to `eos_token_id`:2 for open-end generation.
Setting `pad_token_id` to `eos_token_id`:2 for open-end generation.
multimodal_generation_mode interleaved-text-image
Setting `pad_token_id` to `eos_token_id`:2 for open-end generation.
multimodal_generation_mode interleaved-text-image
Setting `pad_token_id` to `eos_token_id`:2 for open-end generation.
multimodal_generation_mode interleaved-text-image
Setting `pad_token_id` to `eos_token_id`:2 for open-end generation.
multimodal_generation_mode interleaved-text-image
multimodal_generation_mode interleaved-text-image
Setting `pad_token_id` to `eos_token_id`:2 for open-end generation.
Setting `pad_token_id` to `eos_token_id`:2 for open-end generation.
multimodal_generation_mode interleaved-text-image
Setting `pad_token_id` to `eos_token_id`:2 for open-end generation.
multimodal_generation_mode interleaved-text-image
Setting `pad_token_id` to `eos_token_id`:2 for open-end generation.
multimodal_generation_mode interleaved-text-image
Setting `pad_token_id` to `eos_token_id`:2 for open-end generation.
multimodal_generation_mode interleaved-text-image
Setting `pad_token_id` to `eos_token_id`:2 for open-end generation.
multimodal_generation_mode interleaved-text-image
Setting `pad_token_id` to `eos_token_id`:2 for open-end generation.
multimodal_generation_mode interleaved-text-image
Setting `pad_token_id` to `eos_token_id`:2 for open-end generation.
multimodal_generation_mode interleaved-text-image
Setting `pad_token_id` to `eos_token_id`:2 for open-end generation.
multimodal_generation_mode interleaved-text-image
Setting `pad_token_id` to `eos_token_id`:2 for open-end generation.
multimodal_generation_mode interleaved-text-image
Setting `pad_token_id` to `eos_token_id`:2 for open-end generation.
                                                        {'reward/mean': 0.0, 'reward/std': 0.0, 'policy/advantage_mean': 0.0, 'policy/advantage_std': 0.0, 'loss/pg_loss': 0.0, 'loss/kl_div': -0.37360932948225634, 'epoch': 0.01}
  0%|          | 3/1000 [1:42:08<485:54:57, 1754.56s/it]multimodal_generation_mode interleaved-text-image
Setting `pad_token_id` to `eos_token_id`:2 for open-end generation.
multimodal_generation_mode interleaved-text-image
Setting `pad_token_id` to `eos_token_id`:2 for open-end generation.
multimodal_generation_mode interleaved-text-image
multimodal_generation_mode interleaved-text-image
Setting `pad_token_id` to `eos_token_id`:2 for open-end generation.
Setting `pad_token_id` to `eos_token_id`:2 for open-end generation.
multimodal_generation_mode interleaved-text-image
multimodal_generation_mode interleaved-text-image
multimodal_generation_mode interleaved-text-image
Setting `pad_token_id` to `eos_token_id`:2 for open-end generation.
Setting `pad_token_id` to `eos_token_id`:2 for open-end generation.
Setting `pad_token_id` to `eos_token_id`:2 for open-end generation.
multimodal_generation_mode interleaved-text-image
Setting `pad_token_id` to `eos_token_id`:2 for open-end generation.
multimodal_generation_mode interleaved-text-image
Setting `pad_token_id` to `eos_token_id`:2 for open-end generation.
multimodal_generation_mode interleaved-text-image
Setting `pad_token_id` to `eos_token_id`:2 for open-end generation.
multimodal_generation_mode interleaved-text-image
Setting `pad_token_id` to `eos_token_id`:2 for open-end generation.
multimodal_generation_mode interleaved-text-image
Setting `pad_token_id` to `eos_token_id`:2 for open-end generation.
multimodal_generation_mode interleaved-text-image
Setting `pad_token_id` to `eos_token_id`:2 for open-end generation.
multimodal_generation_mode interleaved-text-image
Setting `pad_token_id` to `eos_token_id`:2 for open-end generation.
multimodal_generation_mode interleaved-text-image
Setting `pad_token_id` to `eos_token_id`:2 for open-end generation.
multimodal_generation_mode interleaved-text-image
Setting `pad_token_id` to `eos_token_id`:2 for open-end generation.
                                                        {'reward/mean': 0.0, 'reward/std': 0.0, 'policy/advantage_mean': 0.0, 'policy/advantage_std': 0.0, 'loss/pg_loss': 0.0, 'loss/kl_div': -0.33385838826497394, 'epoch': 0.01}
  0%|          | 3/1000 [1:56:51<485:54:57, 1754.56s/it]  0%|          | 4/1000 [1:57:14<486:31:59, 1758.55s/it]                                                        {'loss': 0.0, 'grad_norm': 0.0, 'learning_rate': 9.97e-07, 'epoch': 0.01}
  0%|          | 4/1000 [1:57:14<486:31:59, 1758.55s/it]multimodal_generation_mode interleaved-text-image
Setting `pad_token_id` to `eos_token_id`:2 for open-end generation.
multimodal_generation_modemultimodal_generation_modemultimodal_generation_mode interleaved-text-image  
interleaved-text-imageinterleaved-text-image

multimodal_generation_mode interleaved-text-image
multimodal_generation_mode interleaved-text-image
Setting `pad_token_id` to `eos_token_id`:2 for open-end generation.
Setting `pad_token_id` to `eos_token_id`:2 for open-end generation.
Setting `pad_token_id` to `eos_token_id`:2 for open-end generation.
Setting `pad_token_id` to `eos_token_id`:2 for open-end generation.
Setting `pad_token_id` to `eos_token_id`:2 for open-end generation.
multimodal_generation_mode interleaved-text-image
Setting `pad_token_id` to `eos_token_id`:2 for open-end generation.
multimodal_generation_mode interleaved-text-image
Setting `pad_token_id` to `eos_token_id`:2 for open-end generation.
multimodal_generation_mode interleaved-text-image
Setting `pad_token_id` to `eos_token_id`:2 for open-end generation.
multimodal_generation_mode interleaved-text-image
Setting `pad_token_id` to `eos_token_id`:2 for open-end generation.
multimodal_generation_mode interleaved-text-image
Setting `pad_token_id` to `eos_token_id`:2 for open-end generation.
multimodal_generation_mode interleaved-text-image
Setting `pad_token_id` to `eos_token_id`:2 for open-end generation.
multimodal_generation_mode interleaved-text-image
Setting `pad_token_id` to `eos_token_id`:2 for open-end generation.
multimodal_generation_mode interleaved-text-image
Setting `pad_token_id` to `eos_token_id`:2 for open-end generation.
multimodal_generation_mode interleaved-text-image
Setting `pad_token_id` to `eos_token_id`:2 for open-end generation.
multimodal_generation_mode interleaved-text-image
Setting `pad_token_id` to `eos_token_id`:2 for open-end generation.
                                                        {'reward/mean': 0.0, 'reward/std': 0.0, 'policy/advantage_mean': 0.0, 'policy/advantage_std': 0.0, 'loss/pg_loss': 0.0, 'loss/kl_div': -0.3397327409896059, 'epoch': 0.01}
  0%|          | 4/1000 [2:11:31<486:31:59, 1758.55s/it]multimodal_generation_mode interleaved-text-image
Setting `pad_token_id` to `eos_token_id`:2 for open-end generation.
multimodal_generation_mode interleaved-text-image
Setting `pad_token_id` to `eos_token_id`:2 for open-end generation.
multimodal_generation_modemultimodal_generation_mode interleaved-text-image
 interleaved-text-image
Setting `pad_token_id` to `eos_token_id`:2 for open-end generation.
multimodal_generation_mode interleaved-text-image
multimodal_generation_mode interleaved-text-image
Setting `pad_token_id` to `eos_token_id`:2 for open-end generation.
Setting `pad_token_id` to `eos_token_id`:2 for open-end generation.
Setting `pad_token_id` to `eos_token_id`:2 for open-end generation.
multimodal_generation_mode interleaved-text-image
multimodal_generation_mode interleaved-text-image
Setting `pad_token_id` to `eos_token_id`:2 for open-end generation.
Setting `pad_token_id` to `eos_token_id`:2 for open-end generation.
multimodal_generation_mode interleaved-text-image
Setting `pad_token_id` to `eos_token_id`:2 for open-end generation.
multimodal_generation_mode interleaved-text-image
Setting `pad_token_id` to `eos_token_id`:2 for open-end generation.
multimodal_generation_mode interleaved-text-image
Setting `pad_token_id` to `eos_token_id`:2 for open-end generation.
multimodal_generation_mode interleaved-text-image
Setting `pad_token_id` to `eos_token_id`:2 for open-end generation.
multimodal_generation_mode interleaved-text-image
multimodal_generation_mode interleaved-text-image
Setting `pad_token_id` to `eos_token_id`:2 for open-end generation.
Setting `pad_token_id` to `eos_token_id`:2 for open-end generation.
multimodal_generation_mode interleaved-text-image
Setting `pad_token_id` to `eos_token_id`:2 for open-end generation.
multimodal_generation_mode interleaved-text-image
Setting `pad_token_id` to `eos_token_id`:2 for open-end generation.
                                                        {'reward/mean': 0.0, 'reward/std': 0.0, 'policy/advantage_mean': 0.0, 'policy/advantage_std': 0.0, 'loss/pg_loss': 0.0, 'loss/kl_div': -0.3851672765370962, 'epoch': 0.01}
  0%|          | 4/1000 [2:26:16<486:31:59, 1758.55s/it]  0%|          | 5/1000 [2:26:43<487:00:34, 1762.04s/it]                                                        {'loss': 0.0, 'grad_norm': 0.0, 'learning_rate': 9.959999999999999e-07, 'epoch': 0.02}
  0%|          | 5/1000 [2:26:43<487:00:34, 1762.04s/it]multimodal_generation_mode interleaved-text-image
multimodal_generation_mode interleaved-text-image
multimodal_generation_modeSetting `pad_token_id` to `eos_token_id`:2 for open-end generation.
 interleaved-text-image
Setting `pad_token_id` to `eos_token_id`:2 for open-end generation.
Setting `pad_token_id` to `eos_token_id`:2 for open-end generation.
multimodal_generation_mode interleaved-text-image
multimodal_generation_mode interleaved-text-image
Setting `pad_token_id` to `eos_token_id`:2 for open-end generation.
multimodal_generation_mode interleaved-text-image
multimodal_generation_mode interleaved-text-image
Setting `pad_token_id` to `eos_token_id`:2 for open-end generation.
Setting `pad_token_id` to `eos_token_id`:2 for open-end generation.
Setting `pad_token_id` to `eos_token_id`:2 for open-end generation.
multimodal_generation_mode interleaved-text-image
Setting `pad_token_id` to `eos_token_id`:2 for open-end generation.
multimodal_generation_mode interleaved-text-image
Setting `pad_token_id` to `eos_token_id`:2 for open-end generation.
multimodal_generation_mode interleaved-text-image
Setting `pad_token_id` to `eos_token_id`:2 for open-end generation.
multimodal_generation_mode interleaved-text-image
Setting `pad_token_id` to `eos_token_id`:2 for open-end generation.
multimodal_generation_mode interleaved-text-image
Setting `pad_token_id` to `eos_token_id`:2 for open-end generation.
multimodal_generation_mode interleaved-text-image
Setting `pad_token_id` to `eos_token_id`:2 for open-end generation.
multimodal_generation_mode interleaved-text-image
Setting `pad_token_id` to `eos_token_id`:2 for open-end generation.
multimodal_generation_mode interleaved-text-image
Setting `pad_token_id` to `eos_token_id`:2 for open-end generation.
multimodal_generation_mode interleaved-text-image
Setting `pad_token_id` to `eos_token_id`:2 for open-end generation.
                                                        {'reward/mean': 0.0, 'reward/std': 0.0, 'policy/advantage_mean': 0.0, 'policy/advantage_std': 0.0, 'loss/pg_loss': 0.0, 'loss/kl_div': -0.3971996568653682, 'epoch': 0.02}
  0%|          | 5/1000 [2:40:59<487:00:34, 1762.04s/it]multimodal_generation_mode interleaved-text-image
Setting `pad_token_id` to `eos_token_id`:2 for open-end generation.
multimodal_generation_mode interleaved-text-image
Setting `pad_token_id` to `eos_token_id`:2 for open-end generation.
multimodal_generation_mode interleaved-text-image
multimodal_generation_mode interleaved-text-image
multimodal_generation_mode interleaved-text-image
Setting `pad_token_id` to `eos_token_id`:2 for open-end generation.
Setting `pad_token_id` to `eos_token_id`:2 for open-end generation.
Setting `pad_token_id` to `eos_token_id`:2 for open-end generation.
multimodal_generation_mode interleaved-text-image
multimodal_generation_mode interleaved-text-image
Setting `pad_token_id` to `eos_token_id`:2 for open-end generation.
multimodal_generation_mode interleaved-text-image
Setting `pad_token_id` to `eos_token_id`:2 for open-end generation.
Setting `pad_token_id` to `eos_token_id`:2 for open-end generation.
multimodal_generation_mode interleaved-text-image
Setting `pad_token_id` to `eos_token_id`:2 for open-end generation.
multimodal_generation_mode interleaved-text-image
Setting `pad_token_id` to `eos_token_id`:2 for open-end generation.
multimodal_generation_mode interleaved-text-image
Setting `pad_token_id` to `eos_token_id`:2 for open-end generation.
multimodal_generation_mode interleaved-text-image
Setting `pad_token_id` to `eos_token_id`:2 for open-end generation.
multimodal_generation_mode interleaved-text-image
Setting `pad_token_id` to `eos_token_id`:2 for open-end generation.
multimodal_generation_mode interleaved-text-image
Setting `pad_token_id` to `eos_token_id`:2 for open-end generation.
multimodal_generation_mode interleaved-text-image
Setting `pad_token_id` to `eos_token_id`:2 for open-end generation.
multimodal_generation_mode interleaved-text-image
Setting `pad_token_id` to `eos_token_id`:2 for open-end generation.
                                                        {'reward/mean': 0.0, 'reward/std': 0.0, 'policy/advantage_mean': 0.0, 'policy/advantage_std': 0.0, 'loss/pg_loss': 0.0, 'loss/kl_div': -0.27829347623811734, 'epoch': 0.02}
  0%|          | 5/1000 [2:55:44<487:00:34, 1762.04s/it]  1%|          | 6/1000 [2:56:09<486:57:43, 1763.65s/it]                                                        {'loss': 0.0, 'grad_norm': 0.0, 'learning_rate': 9.95e-07, 'epoch': 0.02}
  1%|          | 6/1000 [2:56:09<486:57:43, 1763.65s/it]multimodal_generation_mode interleaved-text-image
Setting `pad_token_id` to `eos_token_id`:2 for open-end generation.
multimodal_generation_mode interleaved-text-image
multimodal_generation_mode interleaved-text-image
multimodal_generation_mode interleaved-text-image
Setting `pad_token_id` to `eos_token_id`:2 for open-end generation.
Setting `pad_token_id` to `eos_token_id`:2 for open-end generation.
Setting `pad_token_id` to `eos_token_id`:2 for open-end generation.
multimodal_generation_mode interleaved-text-image
multimodal_generation_mode interleaved-text-image
Setting `pad_token_id` to `eos_token_id`:2 for open-end generation.
multimodal_generation_mode interleaved-text-image
Setting `pad_token_id` to `eos_token_id`:2 for open-end generation.
Setting `pad_token_id` to `eos_token_id`:2 for open-end generation.
multimodal_generation_mode interleaved-text-image
Setting `pad_token_id` to `eos_token_id`:2 for open-end generation.
multimodal_generation_mode interleaved-text-image
Setting `pad_token_id` to `eos_token_id`:2 for open-end generation.
multimodal_generation_mode interleaved-text-image
Setting `pad_token_id` to `eos_token_id`:2 for open-end generation.
multimodal_generation_mode interleaved-text-image
Setting `pad_token_id` to `eos_token_id`:2 for open-end generation.
multimodal_generation_mode interleaved-text-image
Setting `pad_token_id` to `eos_token_id`:2 for open-end generation.
multimodal_generation_mode interleaved-text-image
Setting `pad_token_id` to `eos_token_id`:2 for open-end generation.
multimodal_generation_mode interleaved-text-image
Setting `pad_token_id` to `eos_token_id`:2 for open-end generation.
multimodal_generation_mode interleaved-text-image
Setting `pad_token_id` to `eos_token_id`:2 for open-end generation.
multimodal_generation_mode interleaved-text-image
Setting `pad_token_id` to `eos_token_id`:2 for open-end generation.
                                                        {'reward/mean': 0.0, 'reward/std': 0.0, 'policy/advantage_mean': 0.0, 'policy/advantage_std': 0.0, 'loss/pg_loss': 0.0, 'loss/kl_div': -0.35791419077727754, 'epoch': 0.02}
  1%|          | 6/1000 [3:10:27<486:57:43, 1763.65s/it]multimodal_generation_mode interleaved-text-image
Setting `pad_token_id` to `eos_token_id`:2 for open-end generation.
multimodal_generation_mode interleaved-text-image
multimodal_generation_mode interleaved-text-image
Setting `pad_token_id` to `eos_token_id`:2 for open-end generation.
Setting `pad_token_id` to `eos_token_id`:2 for open-end generation.
multimodal_generation_mode interleaved-text-image
Setting `pad_token_id` to `eos_token_id`:2 for open-end generation.
multimodal_generation_mode interleaved-text-image
Setting `pad_token_id` to `eos_token_id`:2 for open-end generation.
multimodal_generation_mode interleaved-text-image
multimodal_generation_modemultimodal_generation_mode interleaved-text-image
 Setting `pad_token_id` to `eos_token_id`:2 for open-end generation.
interleaved-text-image
Setting `pad_token_id` to `eos_token_id`:2 for open-end generation.
Setting `pad_token_id` to `eos_token_id`:2 for open-end generation.
multimodal_generation_mode interleaved-text-image
Setting `pad_token_id` to `eos_token_id`:2 for open-end generation.
multimodal_generation_mode interleaved-text-image
Setting `pad_token_id` to `eos_token_id`:2 for open-end generation.
multimodal_generation_mode interleaved-text-image
Setting `pad_token_id` to `eos_token_id`:2 for open-end generation.
multimodal_generation_mode interleaved-text-image
Setting `pad_token_id` to `eos_token_id`:2 for open-end generation.
multimodal_generation_mode interleaved-text-image
Setting `pad_token_id` to `eos_token_id`:2 for open-end generation.
multimodal_generation_mode interleaved-text-image
Setting `pad_token_id` to `eos_token_id`:2 for open-end generation.
multimodal_generation_mode interleaved-text-image
Setting `pad_token_id` to `eos_token_id`:2 for open-end generation.
multimodal_generation_mode interleaved-text-image
Setting `pad_token_id` to `eos_token_id`:2 for open-end generation.
                                                        {'reward/mean': 0.0, 'reward/std': 0.0, 'policy/advantage_mean': 0.0, 'policy/advantage_std': 0.0, 'loss/pg_loss': 0.0, 'loss/kl_div': -0.3677183651755042, 'epoch': 0.02}
  1%|          | 6/1000 [3:25:10<486:57:43, 1763.65s/it]  1%|          | 7/1000 [3:25:36<486:42:39, 1764.51s/it]                                                        {'loss': 0.0, 'grad_norm': 0.0, 'learning_rate': 9.94e-07, 'epoch': 0.02}
  1%|          | 7/1000 [3:25:36<486:42:39, 1764.51s/it]multimodal_generation_mode interleaved-text-image
multimodal_generation_mode interleaved-text-image
Setting `pad_token_id` to `eos_token_id`:2 for open-end generation.
Setting `pad_token_id` to `eos_token_id`:2 for open-end generation.
multimodal_generation_mode interleaved-text-image
Setting `pad_token_id` to `eos_token_id`:2 for open-end generation.
multimodal_generation_mode interleaved-text-image
multimodal_generation_mode interleaved-text-image
multimodal_generation_mode interleaved-text-image
Setting `pad_token_id` to `eos_token_id`:2 for open-end generation.
multimodal_generation_mode interleaved-text-image
Setting `pad_token_id` to `eos_token_id`:2 for open-end generation.
Setting `pad_token_id` to `eos_token_id`:2 for open-end generation.
Setting `pad_token_id` to `eos_token_id`:2 for open-end generation.
multimodal_generation_mode interleaved-text-image
Setting `pad_token_id` to `eos_token_id`:2 for open-end generation.
multimodal_generation_mode interleaved-text-image
Setting `pad_token_id` to `eos_token_id`:2 for open-end generation.
multimodal_generation_mode interleaved-text-image
Setting `pad_token_id` to `eos_token_id`:2 for open-end generation.
multimodal_generation_mode interleaved-text-image
Setting `pad_token_id` to `eos_token_id`:2 for open-end generation.
multimodal_generation_mode interleaved-text-image
Setting `pad_token_id` to `eos_token_id`:2 for open-end generation.
multimodal_generation_mode interleaved-text-image
Setting `pad_token_id` to `eos_token_id`:2 for open-end generation.
multimodal_generation_mode interleaved-text-image
Setting `pad_token_id` to `eos_token_id`:2 for open-end generation.
multimodal_generation_mode interleaved-text-image
Setting `pad_token_id` to `eos_token_id`:2 for open-end generation.
multimodal_generation_mode interleaved-text-image
Setting `pad_token_id` to `eos_token_id`:2 for open-end generation.
                                                        {'reward/mean': 0.0, 'reward/std': 0.0, 'policy/advantage_mean': 0.0, 'policy/advantage_std': 0.0, 'loss/pg_loss': 0.0, 'loss/kl_div': -0.3262301891833752, 'epoch': 0.02}
  1%|          | 7/1000 [3:39:54<486:42:39, 1764.51s/it]multimodal_generation_mode interleaved-text-image
Setting `pad_token_id` to `eos_token_id`:2 for open-end generation.
multimodal_generation_mode interleaved-text-image
Setting `pad_token_id` to `eos_token_id`:2 for open-end generation.
multimodal_generation_mode interleaved-text-image
Setting `pad_token_id` to `eos_token_id`:2 for open-end generation.
multimodal_generation_modemultimodal_generation_mode interleaved-text-image
 interleaved-text-image
Setting `pad_token_id` to `eos_token_id`:2 for open-end generation.
Setting `pad_token_id` to `eos_token_id`:2 for open-end generation.
multimodal_generation_mode interleaved-text-image
Setting `pad_token_id` to `eos_token_id`:2 for open-end generation.
multimodal_generation_mode interleaved-text-image
multimodal_generation_mode interleaved-text-image
Setting `pad_token_id` to `eos_token_id`:2 for open-end generation.
Setting `pad_token_id` to `eos_token_id`:2 for open-end generation.
multimodal_generation_mode interleaved-text-image
Setting `pad_token_id` to `eos_token_id`:2 for open-end generation.
multimodal_generation_mode interleaved-text-image
Setting `pad_token_id` to `eos_token_id`:2 for open-end generation.
multimodal_generation_mode interleaved-text-image
Setting `pad_token_id` to `eos_token_id`:2 for open-end generation.
multimodal_generation_mode interleaved-text-image
Setting `pad_token_id` to `eos_token_id`:2 for open-end generation.
multimodal_generation_mode interleaved-text-image
Setting `pad_token_id` to `eos_token_id`:2 for open-end generation.
multimodal_generation_mode interleaved-text-image
Setting `pad_token_id` to `eos_token_id`:2 for open-end generation.
multimodal_generation_mode interleaved-text-image
Setting `pad_token_id` to `eos_token_id`:2 for open-end generation.
multimodal_generation_mode interleaved-text-image
Setting `pad_token_id` to `eos_token_id`:2 for open-end generation.
                                                        {'reward/mean': 0.0, 'reward/std': 0.0, 'policy/advantage_mean': 0.0, 'policy/advantage_std': 0.0, 'loss/pg_loss': 0.0, 'loss/kl_div': -0.40326516213270586, 'epoch': 0.02}
  1%|          | 7/1000 [3:54:36<486:42:39, 1764.51s/it]  1%|          | 8/1000 [3:55:02<486:25:49, 1765.27s/it]                                                        {'loss': 0.0, 'grad_norm': 0.0, 'learning_rate': 9.929999999999999e-07, 'epoch': 0.03}
  1%|          | 8/1000 [3:55:02<486:25:49, 1765.27s/it]multimodal_generation_mode interleaved-text-image
multimodal_generation_mode interleaved-text-image
Setting `pad_token_id` to `eos_token_id`:2 for open-end generation.
multimodal_generation_mode interleaved-text-image
Setting `pad_token_id` to `eos_token_id`:2 for open-end generation.
Setting `pad_token_id` to `eos_token_id`:2 for open-end generation.
multimodal_generation_mode interleaved-text-image
multimodal_generation_mode interleaved-text-image
multimodal_generation_mode interleaved-text-image
Setting `pad_token_id` to `eos_token_id`:2 for open-end generation.
Setting `pad_token_id` to `eos_token_id`:2 for open-end generation.
Setting `pad_token_id` to `eos_token_id`:2 for open-end generation.
multimodal_generation_mode interleaved-text-image
Setting `pad_token_id` to `eos_token_id`:2 for open-end generation.
multimodal_generation_mode interleaved-text-image
Setting `pad_token_id` to `eos_token_id`:2 for open-end generation.
multimodal_generation_mode interleaved-text-image
Setting `pad_token_id` to `eos_token_id`:2 for open-end generation.
multimodal_generation_mode interleaved-text-image
Setting `pad_token_id` to `eos_token_id`:2 for open-end generation.
multimodal_generation_mode interleaved-text-image
Setting `pad_token_id` to `eos_token_id`:2 for open-end generation.
multimodal_generation_mode interleaved-text-image
Setting `pad_token_id` to `eos_token_id`:2 for open-end generation.
multimodal_generation_mode interleaved-text-image
Setting `pad_token_id` to `eos_token_id`:2 for open-end generation.
multimodal_generation_mode interleaved-text-image
Setting `pad_token_id` to `eos_token_id`:2 for open-end generation.
multimodal_generation_mode interleaved-text-image
Setting `pad_token_id` to `eos_token_id`:2 for open-end generation.
multimodal_generation_mode interleaved-text-image
Setting `pad_token_id` to `eos_token_id`:2 for open-end generation.
                                                        {'reward/mean': 0.0, 'reward/std': 0.0, 'policy/advantage_mean': 0.0, 'policy/advantage_std': 0.0, 'loss/pg_loss': 0.0, 'loss/kl_div': -0.39672088623046875, 'epoch': 0.03}
  1%|          | 8/1000 [4:09:21<486:25:49, 1765.27s/it]multimodal_generation_mode interleaved-text-image
Setting `pad_token_id` to `eos_token_id`:2 for open-end generation.
multimodal_generation_mode interleaved-text-image
Setting `pad_token_id` to `eos_token_id`:2 for open-end generation.
multimodal_generation_mode interleaved-text-image
multimodal_generation_modeSetting `pad_token_id` to `eos_token_id`:2 for open-end generation.
 interleaved-text-image
Setting `pad_token_id` to `eos_token_id`:2 for open-end generation.
multimodal_generation_mode interleaved-text-image
Setting `pad_token_id` to `eos_token_id`:2 for open-end generation.
multimodal_generation_mode interleaved-text-image
Setting `pad_token_id` to `eos_token_id`:2 for open-end generation.
multimodal_generation_mode interleaved-text-image
Setting `pad_token_id` to `eos_token_id`:2 for open-end generation.
multimodal_generation_mode interleaved-text-image
Setting `pad_token_id` to `eos_token_id`:2 for open-end generation.
multimodal_generation_mode interleaved-text-image
Setting `pad_token_id` to `eos_token_id`:2 for open-end generation.
multimodal_generation_mode interleaved-text-image
Setting `pad_token_id` to `eos_token_id`:2 for open-end generation.
multimodal_generation_mode interleaved-text-image
Setting `pad_token_id` to `eos_token_id`:2 for open-end generation.
multimodal_generation_mode interleaved-text-image
Setting `pad_token_id` to `eos_token_id`:2 for open-end generation.
multimodal_generation_mode interleaved-text-image
Setting `pad_token_id` to `eos_token_id`:2 for open-end generation.
multimodal_generation_mode interleaved-text-image
Setting `pad_token_id` to `eos_token_id`:2 for open-end generation.
multimodal_generation_mode interleaved-text-image
Setting `pad_token_id` to `eos_token_id`:2 for open-end generation.
multimodal_generation_mode interleaved-text-image
Setting `pad_token_id` to `eos_token_id`:2 for open-end generation.
                                                        {'reward/mean': 0.0, 'reward/std': 0.0, 'policy/advantage_mean': 0.0, 'policy/advantage_std': 0.0, 'loss/pg_loss': 0.0, 'loss/kl_div': -0.380471609689139, 'epoch': 0.03}
  1%|          | 8/1000 [4:24:03<486:25:49, 1765.27s/it]  1%|          | 9/1000 [4:24:30<486:08:37, 1766.01s/it]                                                        {'loss': 0.0, 'grad_norm': 0.0, 'learning_rate': 9.92e-07, 'epoch': 0.03}
  1%|          | 9/1000 [4:24:30<486:08:37, 1766.01s/it]multimodal_generation_mode interleaved-text-image
multimodal_generation_mode interleaved-text-image
multimodal_generation_mode interleaved-text-image
Setting `pad_token_id` to `eos_token_id`:2 for open-end generation.
Setting `pad_token_id` to `eos_token_id`:2 for open-end generation.
Setting `pad_token_id` to `eos_token_id`:2 for open-end generation.
multimodal_generation_mode interleaved-text-image
multimodal_generation_modemultimodal_generation_mode interleaved-text-image 
interleaved-text-image
Setting `pad_token_id` to `eos_token_id`:2 for open-end generation.
multimodal_generation_mode interleaved-text-image
Setting `pad_token_id` to `eos_token_id`:2 for open-end generation.
Setting `pad_token_id` to `eos_token_id`:2 for open-end generation.
Setting `pad_token_id` to `eos_token_id`:2 for open-end generation.
multimodal_generation_mode interleaved-text-image
Setting `pad_token_id` to `eos_token_id`:2 for open-end generation.
multimodal_generation_mode interleaved-text-image
Setting `pad_token_id` to `eos_token_id`:2 for open-end generation.
multimodal_generation_mode interleaved-text-image
Setting `pad_token_id` to `eos_token_id`:2 for open-end generation.
multimodal_generation_mode interleaved-text-image
Setting `pad_token_id` to `eos_token_id`:2 for open-end generation.
multimodal_generation_mode interleaved-text-image
Setting `pad_token_id` to `eos_token_id`:2 for open-end generation.
multimodal_generation_mode interleaved-text-image
Setting `pad_token_id` to `eos_token_id`:2 for open-end generation.
multimodal_generation_mode interleaved-text-image
Setting `pad_token_id` to `eos_token_id`:2 for open-end generation.
multimodal_generation_mode interleaved-text-image
Setting `pad_token_id` to `eos_token_id`:2 for open-end generation.
multimodal_generation_mode interleaved-text-image
Setting `pad_token_id` to `eos_token_id`:2 for open-end generation.
                                                        {'reward/mean': 0.0, 'reward/std': 0.0, 'policy/advantage_mean': 0.0, 'policy/advantage_std': 0.0, 'loss/pg_loss': 0.0, 'loss/kl_div': -0.32903475811961685, 'epoch': 0.03}
  1%|          | 9/1000 [4:38:47<486:08:37, 1766.01s/it]multimodal_generation_mode interleaved-text-image
Setting `pad_token_id` to `eos_token_id`:2 for open-end generation.
multimodal_generation_mode interleaved-text-image
Setting `pad_token_id` to `eos_token_id`:2 for open-end generation.
multimodal_generation_mode interleaved-text-image
Setting `pad_token_id` to `eos_token_id`:2 for open-end generation.
multimodal_generation_mode interleaved-text-image
Setting `pad_token_id` to `eos_token_id`:2 for open-end generation.
multimodal_generation_mode interleaved-text-image
multimodal_generation_mode interleaved-text-image
Setting `pad_token_id` to `eos_token_id`:2 for open-end generation.
multimodal_generation_mode interleaved-text-image
Setting `pad_token_id` to `eos_token_id`:2 for open-end generation.
Setting `pad_token_id` to `eos_token_id`:2 for open-end generation.
multimodal_generation_mode interleaved-text-image
Setting `pad_token_id` to `eos_token_id`:2 for open-end generation.
multimodal_generation_mode interleaved-text-image
Setting `pad_token_id` to `eos_token_id`:2 for open-end generation.
multimodal_generation_mode interleaved-text-image
Setting `pad_token_id` to `eos_token_id`:2 for open-end generation.
multimodal_generation_mode interleaved-text-image
Setting `pad_token_id` to `eos_token_id`:2 for open-end generation.
multimodal_generation_mode interleaved-text-image
Setting `pad_token_id` to `eos_token_id`:2 for open-end generation.
multimodal_generation_mode interleaved-text-image
Setting `pad_token_id` to `eos_token_id`:2 for open-end generation.
multimodal_generation_mode interleaved-text-image
Setting `pad_token_id` to `eos_token_id`:2 for open-end generation.
multimodal_generation_mode interleaved-text-image
Setting `pad_token_id` to `eos_token_id`:2 for open-end generation.
multimodal_generation_mode interleaved-text-image
Setting `pad_token_id` to `eos_token_id`:2 for open-end generation.
                                                        {'reward/mean': 0.0, 'reward/std': 0.0, 'policy/advantage_mean': 0.0, 'policy/advantage_std': 0.0, 'loss/pg_loss': 0.0, 'loss/kl_div': -0.3676079909006755, 'epoch': 0.03}
  1%|          | 9/1000 [4:53:30<486:08:37, 1766.01s/it]  1%|          | 10/1000 [4:53:57<485:42:47, 1766.23s/it]                                                         {'loss': 0.0, 'grad_norm': 0.0, 'learning_rate': 9.91e-07, 'epoch': 0.03}
  1%|          | 10/1000 [4:53:57<485:42:47, 1766.23s/it]multimodal_generation_mode interleaved-text-image
Setting `pad_token_id` to `eos_token_id`:2 for open-end generation.
multimodal_generation_mode interleaved-text-image
Setting `pad_token_id` to `eos_token_id`:2 for open-end generation.
multimodal_generation_mode interleaved-text-image
Setting `pad_token_id` to `eos_token_id`:2 for open-end generation.
multimodal_generation_mode interleaved-text-image
multimodal_generation_mode interleaved-text-image
multimodal_generation_mode interleaved-text-imagemultimodal_generation_mode
 interleaved-text-image
Setting `pad_token_id` to `eos_token_id`:2 for open-end generation.
Setting `pad_token_id` to `eos_token_id`:2 for open-end generation.
Setting `pad_token_id` to `eos_token_id`:2 for open-end generation.
Setting `pad_token_id` to `eos_token_id`:2 for open-end generation.
multimodal_generation_mode interleaved-text-image
Setting `pad_token_id` to `eos_token_id`:2 for open-end generation.
multimodal_generation_mode interleaved-text-image
Setting `pad_token_id` to `eos_token_id`:2 for open-end generation.
multimodal_generation_mode interleaved-text-image
Setting `pad_token_id` to `eos_token_id`:2 for open-end generation.
multimodal_generation_mode interleaved-text-image
Setting `pad_token_id` to `eos_token_id`:2 for open-end generation.
multimodal_generation_mode interleaved-text-image
Setting `pad_token_id` to `eos_token_id`:2 for open-end generation.
multimodal_generation_mode interleaved-text-image
Setting `pad_token_id` to `eos_token_id`:2 for open-end generation.
multimodal_generation_mode interleaved-text-image
Setting `pad_token_id` to `eos_token_id`:2 for open-end generation.
multimodal_generation_mode interleaved-text-image
Setting `pad_token_id` to `eos_token_id`:2 for open-end generation.
multimodal_generation_mode interleaved-text-image
Setting `pad_token_id` to `eos_token_id`:2 for open-end generation.
                                                         {'reward/mean': 0.0, 'reward/std': 0.0, 'policy/advantage_mean': 0.0, 'policy/advantage_std': 0.0, 'loss/pg_loss': 0.0, 'loss/kl_div': -0.33484302867542615, 'epoch': 0.03}
  1%|          | 10/1000 [5:08:15<485:42:47, 1766.23s/it]multimodal_generation_mode interleaved-text-image
Setting `pad_token_id` to `eos_token_id`:2 for open-end generation.
multimodal_generation_mode interleaved-text-image
Setting `pad_token_id` to `eos_token_id`:2 for open-end generation.
multimodal_generation_mode interleaved-text-image
Setting `pad_token_id` to `eos_token_id`:2 for open-end generation.
multimodal_generation_mode interleaved-text-image
multimodal_generation_mode interleaved-text-image
Setting `pad_token_id` to `eos_token_id`:2 for open-end generation.
Setting `pad_token_id` to `eos_token_id`:2 for open-end generation.
multimodal_generation_mode interleaved-text-image
Setting `pad_token_id` to `eos_token_id`:2 for open-end generation.
multimodal_generation_mode interleaved-text-image
multimodal_generation_mode interleaved-text-image
Setting `pad_token_id` to `eos_token_id`:2 for open-end generation.
Setting `pad_token_id` to `eos_token_id`:2 for open-end generation.
multimodal_generation_mode interleaved-text-image
Setting `pad_token_id` to `eos_token_id`:2 for open-end generation.
multimodal_generation_mode interleaved-text-image
Setting `pad_token_id` to `eos_token_id`:2 for open-end generation.
multimodal_generation_mode interleaved-text-image
Setting `pad_token_id` to `eos_token_id`:2 for open-end generation.
multimodal_generation_mode interleaved-text-image
Setting `pad_token_id` to `eos_token_id`:2 for open-end generation.
multimodal_generation_mode interleaved-text-image
Setting `pad_token_id` to `eos_token_id`:2 for open-end generation.
multimodal_generation_mode interleaved-text-image
Setting `pad_token_id` to `eos_token_id`:2 for open-end generation.
multimodal_generation_mode interleaved-text-image
Setting `pad_token_id` to `eos_token_id`:2 for open-end generation.
multimodal_generation_mode interleaved-text-image
Setting `pad_token_id` to `eos_token_id`:2 for open-end generation.
                                                         {'reward/mean': 0.0, 'reward/std': 0.0, 'policy/advantage_mean': 0.0, 'policy/advantage_std': 0.0, 'loss/pg_loss': 0.0, 'loss/kl_div': -0.42840023792772736, 'epoch': 0.03}
  1%|          | 10/1000 [5:22:56<485:42:47, 1766.23s/it]  1%|          | 11/1000 [5:23:21<485:01:34, 1765.52s/it]                                                         {'loss': 0.0, 'grad_norm': 0.0, 'learning_rate': 9.9e-07, 'epoch': 0.04}
  1%|          | 11/1000 [5:23:21<485:01:34, 1765.52s/it]multimodal_generation_mode interleaved-text-image
multimodal_generation_mode interleaved-text-image
multimodal_generation_mode interleaved-text-image
Setting `pad_token_id` to `eos_token_id`:2 for open-end generation.
Setting `pad_token_id` to `eos_token_id`:2 for open-end generation.
Setting `pad_token_id` to `eos_token_id`:2 for open-end generation.
multimodal_generation_modemultimodal_generation_mode interleaved-text-image
multimodal_generation_mode interleaved-text-image
 interleaved-text-image
Setting `pad_token_id` to `eos_token_id`:2 for open-end generation.
multimodal_generation_modeSetting `pad_token_id` to `eos_token_id`:2 for open-end generation.
 interleaved-text-image
Setting `pad_token_id` to `eos_token_id`:2 for open-end generation.
Setting `pad_token_id` to `eos_token_id`:2 for open-end generation.
multimodal_generation_mode interleaved-text-image
Setting `pad_token_id` to `eos_token_id`:2 for open-end generation.
multimodal_generation_mode interleaved-text-image
Setting `pad_token_id` to `eos_token_id`:2 for open-end generation.
multimodal_generation_mode interleaved-text-image
Setting `pad_token_id` to `eos_token_id`:2 for open-end generation.
multimodal_generation_mode interleaved-text-image
Setting `pad_token_id` to `eos_token_id`:2 for open-end generation.
multimodal_generation_mode interleaved-text-image
Setting `pad_token_id` to `eos_token_id`:2 for open-end generation.
multimodal_generation_mode interleaved-text-image
Setting `pad_token_id` to `eos_token_id`:2 for open-end generation.
multimodal_generation_mode interleaved-text-image
Setting `pad_token_id` to `eos_token_id`:2 for open-end generation.
multimodal_generation_mode interleaved-text-image
Setting `pad_token_id` to `eos_token_id`:2 for open-end generation.
multimodal_generation_mode interleaved-text-image
Setting `pad_token_id` to `eos_token_id`:2 for open-end generation.
                                                         {'reward/mean': 0.0, 'reward/std': 0.0, 'policy/advantage_mean': 0.0, 'policy/advantage_std': 0.0, 'loss/pg_loss': 0.0, 'loss/kl_div': -0.3784315321180556, 'epoch': 0.04}
  1%|          | 11/1000 [5:37:38<485:01:34, 1765.52s/it]multimodal_generation_mode interleaved-text-image
Setting `pad_token_id` to `eos_token_id`:2 for open-end generation.
multimodal_generation_modemultimodal_generation_mode interleaved-text-image
 interleaved-text-image
Setting `pad_token_id` to `eos_token_id`:2 for open-end generation.
multimodal_generation_mode interleaved-text-image
multimodal_generation_mode interleaved-text-image
Setting `pad_token_id` to `eos_token_id`:2 for open-end generation.
Setting `pad_token_id` to `eos_token_id`:2 for open-end generation.
Setting `pad_token_id` to `eos_token_id`:2 for open-end generation.
multimodal_generation_mode interleaved-text-image
Setting `pad_token_id` to `eos_token_id`:2 for open-end generation.
multimodal_generation_mode interleaved-text-image
Setting `pad_token_id` to `eos_token_id`:2 for open-end generation.
multimodal_generation_mode interleaved-text-image
Setting `pad_token_id` to `eos_token_id`:2 for open-end generation.
multimodal_generation_mode interleaved-text-image
Setting `pad_token_id` to `eos_token_id`:2 for open-end generation.
multimodal_generation_mode interleaved-text-image
Setting `pad_token_id` to `eos_token_id`:2 for open-end generation.
multimodal_generation_mode interleaved-text-image
Setting `pad_token_id` to `eos_token_id`:2 for open-end generation.
multimodal_generation_mode interleaved-text-image
Setting `pad_token_id` to `eos_token_id`:2 for open-end generation.
multimodal_generation_mode interleaved-text-image
Setting `pad_token_id` to `eos_token_id`:2 for open-end generation.
multimodal_generation_mode interleaved-text-image
Setting `pad_token_id` to `eos_token_id`:2 for open-end generation.
multimodal_generation_mode interleaved-text-image
Setting `pad_token_id` to `eos_token_id`:2 for open-end generation.
multimodal_generation_mode interleaved-text-image
Setting `pad_token_id` to `eos_token_id`:2 for open-end generation.
                                                         {'reward/mean': 0.0, 'reward/std': 0.0, 'policy/advantage_mean': 0.0, 'policy/advantage_std': 0.0, 'loss/pg_loss': 0.0, 'loss/kl_div': -0.3468740898266173, 'epoch': 0.04}
  1%|          | 11/1000 [5:52:08<485:01:34, 1765.52s/it]  1%|          | 12/1000 [5:52:15<481:56:10, 1756.04s/it]                                                         {'loss': 0.0, 'grad_norm': 0.0, 'learning_rate': 9.89e-07, 'epoch': 0.04}
  1%|          | 12/1000 [5:52:15<481:56:10, 1756.04s/it]multimodal_generation_modemultimodal_generation_mode interleaved-text-image
 interleaved-text-image
multimodal_generation_mode interleaved-text-image
Setting `pad_token_id` to `eos_token_id`:2 for open-end generation.
Setting `pad_token_id` to `eos_token_id`:2 for open-end generation.
Setting `pad_token_id` to `eos_token_id`:2 for open-end generation.
multimodal_generation_mode interleaved-text-image
multimodal_generation_mode interleaved-text-image
Setting `pad_token_id` to `eos_token_id`:2 for open-end generation.
multimodal_generation_mode interleaved-text-image
multimodal_generation_mode interleaved-text-image
Setting `pad_token_id` to `eos_token_id`:2 for open-end generation.
Setting `pad_token_id` to `eos_token_id`:2 for open-end generation.
Setting `pad_token_id` to `eos_token_id`:2 for open-end generation.
multimodal_generation_mode interleaved-text-image
Setting `pad_token_id` to `eos_token_id`:2 for open-end generation.
multimodal_generation_mode interleaved-text-image
Setting `pad_token_id` to `eos_token_id`:2 for open-end generation.
multimodal_generation_mode interleaved-text-image
Setting `pad_token_id` to `eos_token_id`:2 for open-end generation.
multimodal_generation_mode interleaved-text-image
Setting `pad_token_id` to `eos_token_id`:2 for open-end generation.
multimodal_generation_mode interleaved-text-image
Setting `pad_token_id` to `eos_token_id`:2 for open-end generation.
multimodal_generation_mode interleaved-text-image
Setting `pad_token_id` to `eos_token_id`:2 for open-end generation.
multimodal_generation_mode interleaved-text-image
Setting `pad_token_id` to `eos_token_id`:2 for open-end generation.
multimodal_generation_mode interleaved-text-image
Setting `pad_token_id` to `eos_token_id`:2 for open-end generation.
multimodal_generation_mode interleaved-text-image
Setting `pad_token_id` to `eos_token_id`:2 for open-end generation.
                                                         {'reward/mean': 0.0, 'reward/std': 0.0, 'policy/advantage_mean': 0.0, 'policy/advantage_std': 0.0, 'loss/pg_loss': 0.0, 'loss/kl_div': -0.36794946000382706, 'epoch': 0.04}
  1%|          | 12/1000 [6:06:33<481:56:10, 1756.04s/it]multimodal_generation_mode interleaved-text-image
Setting `pad_token_id` to `eos_token_id`:2 for open-end generation.
multimodal_generation_mode interleaved-text-image
Setting `pad_token_id` to `eos_token_id`:2 for open-end generation.
multimodal_generation_modemultimodal_generation_mode interleaved-text-image
 interleaved-text-image
multimodal_generation_mode interleaved-text-image
Setting `pad_token_id` to `eos_token_id`:2 for open-end generation.
Setting `pad_token_id` to `eos_token_id`:2 for open-end generation.
Setting `pad_token_id` to `eos_token_id`:2 for open-end generation.
multimodal_generation_mode interleaved-text-image
Setting `pad_token_id` to `eos_token_id`:2 for open-end generation.
multimodal_generation_modemultimodal_generation_mode interleaved-text-image
 interleaved-text-image
Setting `pad_token_id` to `eos_token_id`:2 for open-end generation.
Setting `pad_token_id` to `eos_token_id`:2 for open-end generation.
multimodal_generation_mode interleaved-text-image
Setting `pad_token_id` to `eos_token_id`:2 for open-end generation.
multimodal_generation_mode interleaved-text-image
Setting `pad_token_id` to `eos_token_id`:2 for open-end generation.
multimodal_generation_mode interleaved-text-image
Setting `pad_token_id` to `eos_token_id`:2 for open-end generation.
multimodal_generation_mode interleaved-text-image
Setting `pad_token_id` to `eos_token_id`:2 for open-end generation.
multimodal_generation_mode interleaved-text-image
Setting `pad_token_id` to `eos_token_id`:2 for open-end generation.
multimodal_generation_mode interleaved-text-image
Setting `pad_token_id` to `eos_token_id`:2 for open-end generation.
multimodal_generation_mode interleaved-text-image
Setting `pad_token_id` to `eos_token_id`:2 for open-end generation.
multimodal_generation_mode interleaved-text-image
Setting `pad_token_id` to `eos_token_id`:2 for open-end generation.
                                                         {'reward/mean': 0.0, 'reward/std': 0.0, 'policy/advantage_mean': 0.0, 'policy/advantage_std': 0.0, 'loss/pg_loss': 0.0, 'loss/kl_div': -0.317288480673459, 'epoch': 0.04}
  1%|          | 12/1000 [6:21:02<481:56:10, 1756.04s/it]  1%|▏         | 13/1000 [6:21:13<479:55:49, 1750.51s/it]                                                         {'loss': 0.0, 'grad_norm': 0.0, 'learning_rate': 9.88e-07, 'epoch': 0.04}
  1%|▏         | 13/1000 [6:21:13<479:55:49, 1750.51s/it]multimodal_generation_mode interleaved-text-image
multimodal_generation_mode interleaved-text-image
Setting `pad_token_id` to `eos_token_id`:2 for open-end generation.
Setting `pad_token_id` to `eos_token_id`:2 for open-end generation.
multimodal_generation_mode interleaved-text-image
Setting `pad_token_id` to `eos_token_id`:2 for open-end generation.
multimodal_generation_mode interleaved-text-image
Setting `pad_token_id` to `eos_token_id`:2 for open-end generation.
multimodal_generation_mode interleaved-text-image
Setting `pad_token_id` to `eos_token_id`:2 for open-end generation.
multimodal_generation_mode interleaved-text-image
multimodal_generation_mode interleaved-text-image
Setting `pad_token_id` to `eos_token_id`:2 for open-end generation.
Setting `pad_token_id` to `eos_token_id`:2 for open-end generation.
multimodal_generation_mode interleaved-text-image
Setting `pad_token_id` to `eos_token_id`:2 for open-end generation.
multimodal_generation_mode interleaved-text-image
Setting `pad_token_id` to `eos_token_id`:2 for open-end generation.
multimodal_generation_mode interleaved-text-image
Setting `pad_token_id` to `eos_token_id`:2 for open-end generation.
multimodal_generation_mode interleaved-text-image
Setting `pad_token_id` to `eos_token_id`:2 for open-end generation.
multimodal_generation_mode interleaved-text-image
Setting `pad_token_id` to `eos_token_id`:2 for open-end generation.
multimodal_generation_mode interleaved-text-image
Setting `pad_token_id` to `eos_token_id`:2 for open-end generation.
multimodal_generation_mode interleaved-text-image
Setting `pad_token_id` to `eos_token_id`:2 for open-end generation.
multimodal_generation_mode interleaved-text-image
Setting `pad_token_id` to `eos_token_id`:2 for open-end generation.
multimodal_generation_mode interleaved-text-image
Setting `pad_token_id` to `eos_token_id`:2 for open-end generation.
                                                         {'reward/mean': 0.0, 'reward/std': 0.0, 'policy/advantage_mean': 0.0, 'policy/advantage_std': 0.0, 'loss/pg_loss': 0.0, 'loss/kl_div': -0.3341316454338305, 'epoch': 0.04}
  1%|▏         | 13/1000 [6:35:32<479:55:49, 1750.51s/it]multimodal_generation_mode interleaved-text-image
Setting `pad_token_id` to `eos_token_id`:2 for open-end generation.
multimodal_generation_mode interleaved-text-image
multimodal_generation_mode interleaved-text-image
multimodal_generation_mode interleaved-text-image
Setting `pad_token_id` to `eos_token_id`:2 for open-end generation.
Setting `pad_token_id` to `eos_token_id`:2 for open-end generation.
multimodal_generation_modeSetting `pad_token_id` to `eos_token_id`:2 for open-end generation.
 interleaved-text-image
Setting `pad_token_id` to `eos_token_id`:2 for open-end generation.
multimodal_generation_mode interleaved-text-image
Setting `pad_token_id` to `eos_token_id`:2 for open-end generation.
multimodal_generation_mode interleaved-text-image
multimodal_generation_mode interleaved-text-image
Setting `pad_token_id` to `eos_token_id`:2 for open-end generation.
Setting `pad_token_id` to `eos_token_id`:2 for open-end generation.
multimodal_generation_mode interleaved-text-image
Setting `pad_token_id` to `eos_token_id`:2 for open-end generation.
multimodal_generation_mode interleaved-text-image
Setting `pad_token_id` to `eos_token_id`:2 for open-end generation.
multimodal_generation_mode interleaved-text-image
Setting `pad_token_id` to `eos_token_id`:2 for open-end generation.
multimodal_generation_mode interleaved-text-image
Setting `pad_token_id` to `eos_token_id`:2 for open-end generation.
multimodal_generation_mode interleaved-text-image
Setting `pad_token_id` to `eos_token_id`:2 for open-end generation.
multimodal_generation_mode interleaved-text-image
Setting `pad_token_id` to `eos_token_id`:2 for open-end generation.
multimodal_generation_mode interleaved-text-image
Setting `pad_token_id` to `eos_token_id`:2 for open-end generation.
multimodal_generation_mode interleaved-text-image
Setting `pad_token_id` to `eos_token_id`:2 for open-end generation.
[rank2]: Traceback (most recent call last):
[rank2]:   File "/data1/oujingfeng/project/twgi/Orthus/train/grpo/grpo_orthus.py", line 234, in <module>
[rank2]:     main(script_args, training_args, model_args)
[rank2]:   File "/data1/oujingfeng/project/twgi/Orthus/train/grpo/grpo_orthus.py", line 218, in main
[rank2]:     trainer.train(resume_from_checkpoint=checkpoint_to_resume)
[rank2]:   File "/data1/conda/envs/orthus/lib/python3.11/site-packages/transformers/trainer.py", line 2328, in train
[rank2]:     return inner_training_loop(
[rank2]:            ^^^^^^^^^^^^^^^^^^^^
[rank2]:   File "/data1/conda/envs/orthus/lib/python3.11/site-packages/transformers/trainer.py", line 2672, in _inner_training_loop
[rank2]:     tr_loss_step = self.training_step(model, inputs, num_items_in_batch)
[rank2]:                    ^^^^^^^^^^^^^^^^^^^^^^^^^^^^^^^^^^^^^^^^^^^^^^^^^^^^^
[rank2]:   File "/data1/conda/envs/orthus/lib/python3.11/site-packages/transformers/trainer.py", line 4009, in training_step
[rank2]:     loss = self.compute_loss(model, inputs, num_items_in_batch=num_items_in_batch)
[rank2]:            ^^^^^^^^^^^^^^^^^^^^^^^^^^^^^^^^^^^^^^^^^^^^^^^^^^^^^^^^^^^^^^^^^^^^^^^
[rank2]:   File "/data1/oujingfeng/project/twgi/Orthus/train/grpo/grpo_trainer_orthus.py", line 364, in compute_loss
[rank2]:     log_probs_policy_full = self.get_text_per_token_logps(model, padded_full, attention_mask)
[rank2]:                             ^^^^^^^^^^^^^^^^^^^^^^^^^^^^^^^^^^^^^^^^^^^^^^^^^^^^^^^^^^^^^^^^^
[rank2]:   File "/data1/oujingfeng/project/twgi/Orthus/train/grpo/grpo_trainer_orthus.py", line 541, in get_text_per_token_logps
[rank2]:     outputs = model(
[rank2]:               ^^^^^^
[rank2]:   File "/data1/conda/envs/orthus/lib/python3.11/site-packages/torch/nn/modules/module.py", line 1773, in _wrapped_call_impl
[rank2]:     return self._call_impl(*args, **kwargs)
[rank2]:            ^^^^^^^^^^^^^^^^^^^^^^^^^^^^^^^^
[rank2]:   File "/data1/conda/envs/orthus/lib/python3.11/site-packages/torch/nn/modules/module.py", line 1784, in _call_impl
[rank2]:     return forward_call(*args, **kwargs)
[rank2]:            ^^^^^^^^^^^^^^^^^^^^^^^^^^^^^
[rank2]:   File "/data1/conda/envs/orthus/lib/python3.11/site-packages/deepspeed/utils/nvtx.py", line 20, in wrapped_fn
[rank2]:     ret_val = func(*args, **kwargs)
[rank2]:               ^^^^^^^^^^^^^^^^^^^^^
[rank2]:   File "/data1/conda/envs/orthus/lib/python3.11/site-packages/deepspeed/runtime/engine.py", line 2151, in forward
[rank2]:     loss = self.module(*inputs, **kwargs)
[rank2]:            ^^^^^^^^^^^^^^^^^^^^^^^^^^^^^^
[rank2]:   File "/data1/conda/envs/orthus/lib/python3.11/site-packages/torch/nn/modules/module.py", line 1773, in _wrapped_call_impl
[rank2]:     return self._call_impl(*args, **kwargs)
[rank2]:            ^^^^^^^^^^^^^^^^^^^^^^^^^^^^^^^^
[rank2]:   File "/data1/conda/envs/orthus/lib/python3.11/site-packages/torch/nn/modules/module.py", line 1879, in _call_impl
[rank2]:     return inner()
[rank2]:            ^^^^^^^
[rank2]:   File "/data1/conda/envs/orthus/lib/python3.11/site-packages/torch/nn/modules/module.py", line 1827, in inner
[rank2]:     result = forward_call(*args, **kwargs)
[rank2]:              ^^^^^^^^^^^^^^^^^^^^^^^^^^^^^
[rank2]:   File "/data1/conda/envs/orthus/lib/python3.11/site-packages/peft/peft_model.py", line 1850, in forward
[rank2]:     return self.base_model(
[rank2]:            ^^^^^^^^^^^^^^^^
[rank2]:   File "/data1/conda/envs/orthus/lib/python3.11/site-packages/torch/nn/modules/module.py", line 1773, in _wrapped_call_impl
[rank2]:     return self._call_impl(*args, **kwargs)
[rank2]:            ^^^^^^^^^^^^^^^^^^^^^^^^^^^^^^^^
[rank2]:   File "/data1/conda/envs/orthus/lib/python3.11/site-packages/torch/nn/modules/module.py", line 1784, in _call_impl
[rank2]:     return forward_call(*args, **kwargs)
[rank2]:            ^^^^^^^^^^^^^^^^^^^^^^^^^^^^^
[rank2]:   File "/data1/conda/envs/orthus/lib/python3.11/site-packages/peft/tuners/tuners_utils.py", line 222, in forward
[rank2]:     return self.model.forward(*args, **kwargs)
[rank2]:            ^^^^^^^^^^^^^^^^^^^^^^^^^^^^^^^^^^^
[rank2]:   File "/data1/oujingfeng/project/twgi/Orthus/models/modeling_orthus_for_inteleave_cfg.py", line 2464, in forward
[rank2]:     outputs = self.model(
[rank2]:               ^^^^^^^^^^^
[rank2]:   File "/data1/conda/envs/orthus/lib/python3.11/site-packages/torch/nn/modules/module.py", line 1773, in _wrapped_call_impl
[rank2]:     return self._call_impl(*args, **kwargs)
[rank2]:            ^^^^^^^^^^^^^^^^^^^^^^^^^^^^^^^^
[rank2]:   File "/data1/conda/envs/orthus/lib/python3.11/site-packages/torch/nn/modules/module.py", line 1784, in _call_impl
[rank2]:     return forward_call(*args, **kwargs)
[rank2]:            ^^^^^^^^^^^^^^^^^^^^^^^^^^^^^
[rank2]:   File "/data1/oujingfeng/project/twgi/Orthus/models/modeling_orthus_for_inteleave_cfg.py", line 1905, in forward
[rank2]:     layer_outputs = decoder_layer(
[rank2]:                     ^^^^^^^^^^^^^^
[rank2]:   File "/data1/conda/envs/orthus/lib/python3.11/site-packages/torch/nn/modules/module.py", line 1773, in _wrapped_call_impl
[rank2]:     return self._call_impl(*args, **kwargs)
[rank2]:            ^^^^^^^^^^^^^^^^^^^^^^^^^^^^^^^^
[rank2]:   File "/data1/conda/envs/orthus/lib/python3.11/site-packages/torch/nn/modules/module.py", line 1784, in _call_impl
[rank2]:     return forward_call(*args, **kwargs)
[rank2]:            ^^^^^^^^^^^^^^^^^^^^^^^^^^^^^
[rank2]:   File "/data1/oujingfeng/project/twgi/Orthus/models/modeling_orthus_for_inteleave_cfg.py", line 738, in forward
[rank2]:     hidden_states = self.mlp(hidden_states)
[rank2]:                     ^^^^^^^^^^^^^^^^^^^^^^^
[rank2]:   File "/data1/conda/envs/orthus/lib/python3.11/site-packages/torch/nn/modules/module.py", line 1773, in _wrapped_call_impl
[rank2]:     return self._call_impl(*args, **kwargs)
[rank2]:            ^^^^^^^^^^^^^^^^^^^^^^^^^^^^^^^^
[rank2]:   File "/data1/conda/envs/orthus/lib/python3.11/site-packages/torch/nn/modules/module.py", line 1784, in _call_impl
[rank2]:     return forward_call(*args, **kwargs)
[rank2]:            ^^^^^^^^^^^^^^^^^^^^^^^^^^^^^
[rank2]:   File "/data1/oujingfeng/project/twgi/Orthus/models/modeling_orthus_for_inteleave_cfg.py", line 289, in forward
[rank2]:     down_proj = self.down_proj(self.act_fn(self.gate_proj(x)) * self.up_proj(x))
[rank2]:                                ^^^^^^^^^^^^^^^^^^^^^^^^^^^^^^
[rank2]:   File "/data1/conda/envs/orthus/lib/python3.11/site-packages/torch/nn/modules/module.py", line 1773, in _wrapped_call_impl
[rank2]:     return self._call_impl(*args, **kwargs)
[rank2]:            ^^^^^^^^^^^^^^^^^^^^^^^^^^^^^^^^
[rank2]:   File "/data1/conda/envs/orthus/lib/python3.11/site-packages/torch/nn/modules/module.py", line 1784, in _call_impl
[rank2]:     return forward_call(*args, **kwargs)
[rank2]:            ^^^^^^^^^^^^^^^^^^^^^^^^^^^^^
[rank2]:   File "/data1/conda/envs/orthus/lib/python3.11/site-packages/torch/nn/modules/activation.py", line 434, in forward
[rank2]:     return F.silu(input, inplace=self.inplace)
[rank2]:            ^^^^^^^^^^^^^^^^^^^^^^^^^^^^^^^^^^^
[rank2]:   File "/data1/conda/envs/orthus/lib/python3.11/site-packages/torch/nn/functional.py", line 2375, in silu
[rank2]:     return torch._C._nn.silu(input)
[rank2]:            ^^^^^^^^^^^^^^^^^^^^^^^^
[rank2]: torch.OutOfMemoryError: CUDA out of memory. Tried to allocate 144.00 MiB. GPU 2 has a total capacity of 47.41 GiB of which 18.94 MiB is free. Process 3112548 has 260.00 MiB memory in use. Including non-PyTorch memory, this process has 47.11 GiB memory in use. Of the allocated memory 44.09 GiB is allocated by PyTorch, and 2.56 GiB is reserved by PyTorch but unallocated. If reserved but unallocated memory is large try setting PYTORCH_CUDA_ALLOC_CONF=expandable_segments:True to avoid fragmentation.  See documentation for Memory Management  (https://pytorch.org/docs/stable/notes/cuda.html#environment-variables)
W1104 01:58:54.006000 2225177 site-packages/torch/distributed/elastic/multiprocessing/api.py:900] Sending process 2225437 closing signal SIGTERM
W1104 01:58:54.009000 2225177 site-packages/torch/distributed/elastic/multiprocessing/api.py:900] Sending process 2225438 closing signal SIGTERM
W1104 01:58:54.011000 2225177 site-packages/torch/distributed/elastic/multiprocessing/api.py:900] Sending process 2225440 closing signal SIGTERM
W1104 01:58:54.014000 2225177 site-packages/torch/distributed/elastic/multiprocessing/api.py:900] Sending process 2225441 closing signal SIGTERM
W1104 01:58:54.015000 2225177 site-packages/torch/distributed/elastic/multiprocessing/api.py:900] Sending process 2225442 closing signal SIGTERM
W1104 01:58:54.033000 2225177 site-packages/torch/distributed/elastic/multiprocessing/api.py:900] Sending process 2225443 closing signal SIGTERM
W1104 01:58:54.041000 2225177 site-packages/torch/distributed/elastic/multiprocessing/api.py:900] Sending process 2225444 closing signal SIGTERM
E1104 01:58:55.174000 2225177 site-packages/torch/distributed/elastic/multiprocessing/api.py:874] failed (exitcode: 1) local_rank: 2 (pid: 2225439) of binary: /data1/conda/envs/orthus/bin/python3.11
Traceback (most recent call last):
  File "/data1/conda/envs/orthus/bin/accelerate", line 7, in <module>
    sys.exit(main())
             ^^^^^^
  File "/data1/conda/envs/orthus/lib/python3.11/site-packages/accelerate/commands/accelerate_cli.py", line 50, in main
    args.func(args)
  File "/data1/conda/envs/orthus/lib/python3.11/site-packages/accelerate/commands/launch.py", line 1220, in launch_command
    deepspeed_launcher(args)
  File "/data1/conda/envs/orthus/lib/python3.11/site-packages/accelerate/commands/launch.py", line 906, in deepspeed_launcher
    distrib_run.run(args)
  File "/data1/conda/envs/orthus/lib/python3.11/site-packages/torch/distributed/run.py", line 892, in run
    elastic_launch(
  File "/data1/conda/envs/orthus/lib/python3.11/site-packages/torch/distributed/launcher/api.py", line 143, in __call__
    return launch_agent(self._config, self._entrypoint, list(args))
           ^^^^^^^^^^^^^^^^^^^^^^^^^^^^^^^^^^^^^^^^^^^^^^^^^^^^^^^^
  File "/data1/conda/envs/orthus/lib/python3.11/site-packages/torch/distributed/launcher/api.py", line 277, in launch_agent
    raise ChildFailedError(
torch.distributed.elastic.multiprocessing.errors.ChildFailedError: 
============================================================
/data1/oujingfeng/project/twgi/Orthus/train/grpo/grpo_orthus.py FAILED
------------------------------------------------------------
Failures:
  <NO_OTHER_FAILURES>
------------------------------------------------------------
Root Cause (first observed failure):
[0]:
  time      : 2025-11-04_01:58:54
  host      : server
  rank      : 2 (local_rank: 2)
  exitcode  : 1 (pid: 2225439)
  error_file: <N/A>
  traceback : To enable traceback see: https://pytorch.org/docs/stable/elastic/errors.html
============================================================
