[INFO] Launch command: accelerate launch --config_file /data1/oujingfeng/project/twgi/Orthus/accelerate_config_stage3_offload.yaml --num_processes 8 /data1/oujingfeng/project/twgi/Orthus/train/grpo/grpo_orthus.py --model_name_or_path /data1/oujingfeng/project/twgi/checkpoints/mydatasets/orthus-7b-sft-base-sample80b100ep500l1e-5-weight-F --output_dir /data1/oujingfeng/project/twgi/checkpoints/grpo/orthus-7b-grpo-geneval-v1 --run_name orthus-7b-grpo-geneval-v1 --dataset_name /data1/oujingfeng/project/twgi/datasets/mydatasets/modified_data.json --bf16 True --torch_dtype bfloat16 --attn_implementation flash_attention_2 --gradient_checkpointing True --max_prompt_length 1400 --max_completion_length 256 --per_device_train_batch_size 1 --gradient_accumulation_steps 2 --learning_rate 1e-6 --max_steps 2000 --logging_steps 1 --save_steps 500 --temperature 1.0 --num_generations 2 --generation_batch_size 16 --beta 0 --optim adamw_torch --interleave_generation True --reward_funcs answer_correctness format --reward_smooth True --kl_reweight True --update_ref False --entropy_reward True --gradient_checkpointing False
W1028 06:18:06.408000 356841 site-packages/torch/distributed/run.py:774] 
W1028 06:18:06.408000 356841 site-packages/torch/distributed/run.py:774] *****************************************
W1028 06:18:06.408000 356841 site-packages/torch/distributed/run.py:774] Setting OMP_NUM_THREADS environment variable for each process to be 1 in default, to avoid your system being overloaded, please further tune the variable for optimal performance in your application as needed. 
W1028 06:18:06.408000 356841 site-packages/torch/distributed/run.py:774] *****************************************
NCCL version 2.27.3+cuda12.9
/data1/conda/envs/orthus/lib/python3.11/site-packages/trl/trainer/model_config.py:194: FutureWarning: `torch_dtype` is deprecated and will be removed in version 0.27.0, please use `dtype` instead.
  warnings.warn(
Random seed set to 42
--- [Step 1/3] Loading dataset... ---
/data1/conda/envs/orthus/lib/python3.11/site-packages/trl/trainer/model_config.py:194: FutureWarning: `torch_dtype` is deprecated and will be removed in version 0.27.0, please use `dtype` instead.
  warnings.warn(
Random seed set to 42
--- [Step 1/3] Loading dataset... ---
/data1/conda/envs/orthus/lib/python3.11/site-packages/trl/trainer/model_config.py:194: FutureWarning: `torch_dtype` is deprecated and will be removed in version 0.27.0, please use `dtype` instead.
  warnings.warn(
Random seed set to 42
--- [Step 1/3] Loading dataset... ---
/data1/conda/envs/orthus/lib/python3.11/site-packages/trl/trainer/model_config.py:194: FutureWarning: `torch_dtype` is deprecated and will be removed in version 0.27.0, please use `dtype` instead.
  warnings.warn(
Random seed set to 42
--- [Step 1/3] Loading dataset... ---
/data1/conda/envs/orthus/lib/python3.11/site-packages/trl/trainer/model_config.py:194: FutureWarning: `torch_dtype` is deprecated and will be removed in version 0.27.0, please use `dtype` instead.
  warnings.warn(
Random seed set to 42
--- [Step 1/3] Loading dataset... ---
/data1/conda/envs/orthus/lib/python3.11/site-packages/trl/trainer/model_config.py:194: FutureWarning: `torch_dtype` is deprecated and will be removed in version 0.27.0, please use `dtype` instead.
  warnings.warn(
Random seed set to 42
--- [Step 1/3] Loading dataset... ---
/data1/conda/envs/orthus/lib/python3.11/site-packages/trl/trainer/model_config.py:194: FutureWarning: `torch_dtype` is deprecated and will be removed in version 0.27.0, please use `dtype` instead.
  warnings.warn(
Random seed set to 42
--- [Step 1/3] Loading dataset... ---
/data1/conda/envs/orthus/lib/python3.11/site-packages/trl/trainer/model_config.py:194: FutureWarning: `torch_dtype` is deprecated and will be removed in version 0.27.0, please use `dtype` instead.
  warnings.warn(
Random seed set to 42
--- [Step 1/3] Loading dataset... ---
Dataset '/data1/oujingfeng/project/twgi/datasets/mydatasets/modified_data.json' loaded successfully with 100 samples.
Dataset formatted.
Enabled reward functions: ['answer_correctness', 'format']
--- [Step 2/3] Initializing OrthusGRPOTrainer... ---
--- OrthusGRPOTrainer Initializing ---
Dataset '/data1/oujingfeng/project/twgi/datasets/mydatasets/modified_data.json' loaded successfully with 100 samples.
Dataset formatted.
Enabled reward functions: ['answer_correctness', 'format']
--- [Step 2/3] Initializing OrthusGRPOTrainer... ---
--- OrthusGRPOTrainer Initializing ---
Dataset '/data1/oujingfeng/project/twgi/datasets/mydatasets/modified_data.json' loaded successfully with 100 samples.
Dataset formatted.
Enabled reward functions: ['answer_correctness', 'format']
--- [Step 2/3] Initializing OrthusGRPOTrainer... ---
--- OrthusGRPOTrainer Initializing ---
Dataset '/data1/oujingfeng/project/twgi/datasets/mydatasets/modified_data.json' loaded successfully with 100 samples.
Dataset formatted.
Enabled reward functions: ['answer_correctness', 'format']
--- [Step 2/3] Initializing OrthusGRPOTrainer... ---
--- OrthusGRPOTrainer Initializing ---
Dataset '/data1/oujingfeng/project/twgi/datasets/mydatasets/modified_data.json' loaded successfully with 100 samples.
Dataset formatted.
Enabled reward functions: ['answer_correctness', 'format']
--- [Step 2/3] Initializing OrthusGRPOTrainer... ---
--- OrthusGRPOTrainer Initializing ---
Dataset '/data1/oujingfeng/project/twgi/datasets/mydatasets/modified_data.json' loaded successfully with 100 samples.
Dataset formatted.
Enabled reward functions: ['answer_correctness', 'format']
--- [Step 2/3] Initializing OrthusGRPOTrainer... ---
--- OrthusGRPOTrainer Initializing ---
Dataset '/data1/oujingfeng/project/twgi/datasets/mydatasets/modified_data.json' loaded successfully with 100 samples.
Dataset formatted.
Enabled reward functions: ['answer_correctness', 'format']
--- [Step 2/3] Initializing OrthusGRPOTrainer... ---
--- OrthusGRPOTrainer Initializing ---
Dataset '/data1/oujingfeng/project/twgi/datasets/mydatasets/modified_data.json' loaded successfully with 100 samples.
Dataset formatted.
Enabled reward functions: ['answer_correctness', 'format']
--- [Step 2/3] Initializing OrthusGRPOTrainer... ---
--- OrthusGRPOTrainer Initializing ---
`torch_dtype` is deprecated! Use `dtype` instead!
`torch_dtype` is deprecated! Use `dtype` instead!
`torch_dtype` is deprecated! Use `dtype` instead!
`torch_dtype` is deprecated! Use `dtype` instead!
Loading checkpoint shards:   0%|          | 0/3 [00:00<?, ?it/s]`torch_dtype` is deprecated! Use `dtype` instead!
Loading checkpoint shards: 100%|██████████| 3/3 [00:00<00:00, 26.78it/s]Loading checkpoint shards: 100%|██████████| 3/3 [00:00<00:00, 26.74it/s]
Loading checkpoint shards:   0%|          | 0/3 [00:00<?, ?it/s]Freezing non-trainable parts of the model...
  - Froze policy model parameter: model.vqmodel.encoder.conv_in.weight
  - Froze policy model parameter: model.vqmodel.encoder.conv_in.bias
  - Froze policy model parameter: model.vqmodel.encoder.down.0.block.0.norm1.weight
  - Froze policy model parameter: model.vqmodel.encoder.down.0.block.0.norm1.bias
  - Froze policy model parameter: model.vqmodel.encoder.down.0.block.0.conv1.weight
  - Froze policy model parameter: model.vqmodel.encoder.down.0.block.0.conv1.bias
  - Froze policy model parameter: model.vqmodel.encoder.down.0.block.0.norm2.weight
  - Froze policy model parameter: model.vqmodel.encoder.down.0.block.0.norm2.bias
  - Froze policy model parameter: model.vqmodel.encoder.down.0.block.0.conv2.weight
  - Froze policy model parameter: model.vqmodel.encoder.down.0.block.0.conv2.bias
  - Froze policy model parameter: model.vqmodel.encoder.down.0.block.1.norm1.weight
  - Froze policy model parameter: model.vqmodel.encoder.down.0.block.1.norm1.bias
  - Froze policy model parameter: model.vqmodel.encoder.down.0.block.1.conv1.weight
  - Froze policy model parameter: model.vqmodel.encoder.down.0.block.1.conv1.bias
  - Froze policy model parameter: model.vqmodel.encoder.down.0.block.1.norm2.weight
  - Froze policy model parameter: model.vqmodel.encoder.down.0.block.1.norm2.bias
  - Froze policy model parameter: model.vqmodel.encoder.down.0.block.1.conv2.weight
  - Froze policy model parameter: model.vqmodel.encoder.down.0.block.1.conv2.bias
  - Froze policy model parameter: model.vqmodel.encoder.down.0.downsample.conv.weight
  - Froze policy model parameter: model.vqmodel.encoder.down.0.downsample.conv.bias
  - Froze policy model parameter: model.vqmodel.encoder.down.1.block.0.norm1.weight
  - Froze policy model parameter: model.vqmodel.encoder.down.1.block.0.norm1.bias
  - Froze policy model parameter: model.vqmodel.encoder.down.1.block.0.conv1.weight
  - Froze policy model parameter: model.vqmodel.encoder.down.1.block.0.conv1.bias
  - Froze policy model parameter: model.vqmodel.encoder.down.1.block.0.norm2.weight
  - Froze policy model parameter: model.vqmodel.encoder.down.1.block.0.norm2.bias
  - Froze policy model parameter: model.vqmodel.encoder.down.1.block.0.conv2.weight
  - Froze policy model parameter: model.vqmodel.encoder.down.1.block.0.conv2.bias
  - Froze policy model parameter: model.vqmodel.encoder.down.1.block.1.norm1.weight
  - Froze policy model parameter: model.vqmodel.encoder.down.1.block.1.norm1.bias
  - Froze policy model parameter: model.vqmodel.encoder.down.1.block.1.conv1.weight
  - Froze policy model parameter: model.vqmodel.encoder.down.1.block.1.conv1.bias
  - Froze policy model parameter: model.vqmodel.encoder.down.1.block.1.norm2.weight
  - Froze policy model parameter: model.vqmodel.encoder.down.1.block.1.norm2.bias
  - Froze policy model parameter: model.vqmodel.encoder.down.1.block.1.conv2.weight
  - Froze policy model parameter: model.vqmodel.encoder.down.1.block.1.conv2.bias
  - Froze policy model parameter: model.vqmodel.encoder.down.1.downsample.conv.weight
  - Froze policy model parameter: model.vqmodel.encoder.down.1.downsample.conv.bias
  - Froze policy model parameter: model.vqmodel.encoder.down.2.block.0.norm1.weight
  - Froze policy model parameter: model.vqmodel.encoder.down.2.block.0.norm1.bias
  - Froze policy model parameter: model.vqmodel.encoder.down.2.block.0.conv1.weight
  - Froze policy model parameter: model.vqmodel.encoder.down.2.block.0.conv1.bias
  - Froze policy model parameter: model.vqmodel.encoder.down.2.block.0.norm2.weight
  - Froze policy model parameter: model.vqmodel.encoder.down.2.block.0.norm2.bias
  - Froze policy model parameter: model.vqmodel.encoder.down.2.block.0.conv2.weight
  - Froze policy model parameter: model.vqmodel.encoder.down.2.block.0.conv2.bias
  - Froze policy model parameter: model.vqmodel.encoder.down.2.block.0.nin_shortcut.weight
  - Froze policy model parameter: model.vqmodel.encoder.down.2.block.0.nin_shortcut.bias
  - Froze policy model parameter: model.vqmodel.encoder.down.2.block.1.norm1.weight
  - Froze policy model parameter: model.vqmodel.encoder.down.2.block.1.norm1.bias
  - Froze policy model parameter: model.vqmodel.encoder.down.2.block.1.conv1.weight
  - Froze policy model parameter: model.vqmodel.encoder.down.2.block.1.conv1.bias
  - Froze policy model parameter: model.vqmodel.encoder.down.2.block.1.norm2.weight
  - Froze policy model parameter: model.vqmodel.encoder.down.2.block.1.norm2.bias
  - Froze policy model parameter: model.vqmodel.encoder.down.2.block.1.conv2.weight
  - Froze policy model parameter: model.vqmodel.encoder.down.2.block.1.conv2.bias
  - Froze policy model parameter: model.vqmodel.encoder.down.2.downsample.conv.weight
  - Froze policy model parameter: model.vqmodel.encoder.down.2.downsample.conv.bias
  - Froze policy model parameter: model.vqmodel.encoder.down.3.block.0.norm1.weight
  - Froze policy model parameter: model.vqmodel.encoder.down.3.block.0.norm1.bias
  - Froze policy model parameter: model.vqmodel.encoder.down.3.block.0.conv1.weight
  - Froze policy model parameter: model.vqmodel.encoder.down.3.block.0.conv1.bias
  - Froze policy model parameter: model.vqmodel.encoder.down.3.block.0.norm2.weight
  - Froze policy model parameter: model.vqmodel.encoder.down.3.block.0.norm2.bias
  - Froze policy model parameter: model.vqmodel.encoder.down.3.block.0.conv2.weight
  - Froze policy model parameter: model.vqmodel.encoder.down.3.block.0.conv2.bias
  - Froze policy model parameter: model.vqmodel.encoder.down.3.block.1.norm1.weight
  - Froze policy model parameter: model.vqmodel.encoder.down.3.block.1.norm1.bias
  - Froze policy model parameter: model.vqmodel.encoder.down.3.block.1.conv1.weight
  - Froze policy model parameter: model.vqmodel.encoder.down.3.block.1.conv1.bias
  - Froze policy model parameter: model.vqmodel.encoder.down.3.block.1.norm2.weight
  - Froze policy model parameter: model.vqmodel.encoder.down.3.block.1.norm2.bias
  - Froze policy model parameter: model.vqmodel.encoder.down.3.block.1.conv2.weight
  - Froze policy model parameter: model.vqmodel.encoder.down.3.block.1.conv2.bias
  - Froze policy model parameter: model.vqmodel.encoder.down.3.downsample.conv.weight
  - Froze policy model parameter: model.vqmodel.encoder.down.3.downsample.conv.bias
  - Froze policy model parameter: model.vqmodel.encoder.down.4.block.0.norm1.weight
  - Froze policy model parameter: model.vqmodel.encoder.down.4.block.0.norm1.bias
  - Froze policy model parameter: model.vqmodel.encoder.down.4.block.0.conv1.weight
  - Froze policy model parameter: model.vqmodel.encoder.down.4.block.0.conv1.bias
  - Froze policy model parameter: model.vqmodel.encoder.down.4.block.0.norm2.weight
  - Froze policy model parameter: model.vqmodel.encoder.down.4.block.0.norm2.bias
  - Froze policy model parameter: model.vqmodel.encoder.down.4.block.0.conv2.weight
  - Froze policy model parameter: model.vqmodel.encoder.down.4.block.0.conv2.bias
  - Froze policy model parameter: model.vqmodel.encoder.down.4.block.0.nin_shortcut.weight
  - Froze policy model parameter: model.vqmodel.encoder.down.4.block.0.nin_shortcut.bias
  - Froze policy model parameter: model.vqmodel.encoder.down.4.block.1.norm1.weight
  - Froze policy model parameter: model.vqmodel.encoder.down.4.block.1.norm1.bias
  - Froze policy model parameter: model.vqmodel.encoder.down.4.block.1.conv1.weight
  - Froze policy model parameter: model.vqmodel.encoder.down.4.block.1.conv1.bias
  - Froze policy model parameter: model.vqmodel.encoder.down.4.block.1.norm2.weight
  - Froze policy model parameter: model.vqmodel.encoder.down.4.block.1.norm2.bias
  - Froze policy model parameter: model.vqmodel.encoder.down.4.block.1.conv2.weight
  - Froze policy model parameter: model.vqmodel.encoder.down.4.block.1.conv2.bias
  - Froze policy model parameter: model.vqmodel.encoder.mid.block_1.norm1.weight
  - Froze policy model parameter: model.vqmodel.encoder.mid.block_1.norm1.bias
  - Froze policy model parameter: model.vqmodel.encoder.mid.block_1.conv1.weight
  - Froze policy model parameter: model.vqmodel.encoder.mid.block_1.conv1.bias
  - Froze policy model parameter: model.vqmodel.encoder.mid.block_1.norm2.weight
  - Froze policy model parameter: model.vqmodel.encoder.mid.block_1.norm2.bias
  - Froze policy model parameter: model.vqmodel.encoder.mid.block_1.conv2.weight
  - Froze policy model parameter: model.vqmodel.encoder.mid.block_1.conv2.bias
  - Froze policy model parameter: model.vqmodel.encoder.mid.attn_1.norm.weight
  - Froze policy model parameter: model.vqmodel.encoder.mid.attn_1.norm.bias
  - Froze policy model parameter: model.vqmodel.encoder.mid.attn_1.q.weight
  - Froze policy model parameter: model.vqmodel.encoder.mid.attn_1.q.bias
  - Froze policy model parameter: model.vqmodel.encoder.mid.attn_1.k.weight
  - Froze policy model parameter: model.vqmodel.encoder.mid.attn_1.k.bias
  - Froze policy model parameter: model.vqmodel.encoder.mid.attn_1.v.weight
  - Froze policy model parameter: model.vqmodel.encoder.mid.attn_1.v.bias
  - Froze policy model parameter: model.vqmodel.encoder.mid.attn_1.proj_out.weight
  - Froze policy model parameter: model.vqmodel.encoder.mid.attn_1.proj_out.bias
  - Froze policy model parameter: model.vqmodel.encoder.mid.block_2.norm1.weight
  - Froze policy model parameter: model.vqmodel.encoder.mid.block_2.norm1.bias
  - Froze policy model parameter: model.vqmodel.encoder.mid.block_2.conv1.weight
  - Froze policy model parameter: model.vqmodel.encoder.mid.block_2.conv1.bias
  - Froze policy model parameter: model.vqmodel.encoder.mid.block_2.norm2.weight
  - Froze policy model parameter: model.vqmodel.encoder.mid.block_2.norm2.bias
  - Froze policy model parameter: model.vqmodel.encoder.mid.block_2.conv2.weight
  - Froze policy model parameter: model.vqmodel.encoder.mid.block_2.conv2.bias
  - Froze policy model parameter: model.vqmodel.encoder.norm_out.weight
  - Froze policy model parameter: model.vqmodel.encoder.norm_out.bias
  - Froze policy model parameter: model.vqmodel.encoder.conv_out.weight
  - Froze policy model parameter: model.vqmodel.encoder.conv_out.bias
  - Froze policy model parameter: model.vqmodel.decoder.conv_in.weight
  - Froze policy model parameter: model.vqmodel.decoder.conv_in.bias
  - Froze policy model parameter: model.vqmodel.decoder.mid.block_1.norm1.weight
  - Froze policy model parameter: model.vqmodel.decoder.mid.block_1.norm1.bias
  - Froze policy model parameter: model.vqmodel.decoder.mid.block_1.conv1.weight
  - Froze policy model parameter: model.vqmodel.decoder.mid.block_1.conv1.bias
  - Froze policy model parameter: model.vqmodel.decoder.mid.block_1.norm2.weight
  - Froze policy model parameter: model.vqmodel.decoder.mid.block_1.norm2.bias
  - Froze policy model parameter: model.vqmodel.decoder.mid.block_1.conv2.weight
  - Froze policy model parameter: model.vqmodel.decoder.mid.block_1.conv2.bias
  - Froze policy model parameter: model.vqmodel.decoder.mid.attn_1.norm.weight
  - Froze policy model parameter: model.vqmodel.decoder.mid.attn_1.norm.bias
  - Froze policy model parameter: model.vqmodel.decoder.mid.attn_1.q.weight
  - Froze policy model parameter: model.vqmodel.decoder.mid.attn_1.q.bias
  - Froze policy model parameter: model.vqmodel.decoder.mid.attn_1.k.weight
  - Froze policy model parameter: model.vqmodel.decoder.mid.attn_1.k.bias
  - Froze policy model parameter: model.vqmodel.decoder.mid.attn_1.v.weight
  - Froze policy model parameter: model.vqmodel.decoder.mid.attn_1.v.bias
  - Froze policy model parameter: model.vqmodel.decoder.mid.attn_1.proj_out.weight
  - Froze policy model parameter: model.vqmodel.decoder.mid.attn_1.proj_out.bias
  - Froze policy model parameter: model.vqmodel.decoder.mid.block_2.norm1.weight
  - Froze policy model parameter: model.vqmodel.decoder.mid.block_2.norm1.bias
  - Froze policy model parameter: model.vqmodel.decoder.mid.block_2.conv1.weight
  - Froze policy model parameter: model.vqmodel.decoder.mid.block_2.conv1.bias
  - Froze policy model parameter: model.vqmodel.decoder.mid.block_2.norm2.weight
  - Froze policy model parameter: model.vqmodel.decoder.mid.block_2.norm2.bias
  - Froze policy model parameter: model.vqmodel.decoder.mid.block_2.conv2.weight
  - Froze policy model parameter: model.vqmodel.decoder.mid.block_2.conv2.bias
  - Froze policy model parameter: model.vqmodel.decoder.up.0.block.0.norm1.weight
  - Froze policy model parameter: model.vqmodel.decoder.up.0.block.0.norm1.bias
  - Froze policy model parameter: model.vqmodel.decoder.up.0.block.0.conv1.weight
  - Froze policy model parameter: model.vqmodel.decoder.up.0.block.0.conv1.bias
  - Froze policy model parameter: model.vqmodel.decoder.up.0.block.0.norm2.weight
  - Froze policy model parameter: model.vqmodel.decoder.up.0.block.0.norm2.bias
  - Froze policy model parameter: model.vqmodel.decoder.up.0.block.0.conv2.weight
  - Froze policy model parameter: model.vqmodel.decoder.up.0.block.0.conv2.bias
  - Froze policy model parameter: model.vqmodel.decoder.up.0.block.1.norm1.weight
  - Froze policy model parameter: model.vqmodel.decoder.up.0.block.1.norm1.bias
  - Froze policy model parameter: model.vqmodel.decoder.up.0.block.1.conv1.weight
  - Froze policy model parameter: model.vqmodel.decoder.up.0.block.1.conv1.bias
  - Froze policy model parameter: model.vqmodel.decoder.up.0.block.1.norm2.weight
  - Froze policy model parameter: model.vqmodel.decoder.up.0.block.1.norm2.bias
  - Froze policy model parameter: model.vqmodel.decoder.up.0.block.1.conv2.weight
  - Froze policy model parameter: model.vqmodel.decoder.up.0.block.1.conv2.bias
  - Froze policy model parameter: model.vqmodel.decoder.up.0.block.2.norm1.weight
  - Froze policy model parameter: model.vqmodel.decoder.up.0.block.2.norm1.bias
  - Froze policy model parameter: model.vqmodel.decoder.up.0.block.2.conv1.weight
  - Froze policy model parameter: model.vqmodel.decoder.up.0.block.2.conv1.bias
  - Froze policy model parameter: model.vqmodel.decoder.up.0.block.2.norm2.weight
  - Froze policy model parameter: model.vqmodel.decoder.up.0.block.2.norm2.bias
  - Froze policy model parameter: model.vqmodel.decoder.up.0.block.2.conv2.weight
  - Froze policy model parameter: model.vqmodel.decoder.up.0.block.2.conv2.bias
  - Froze policy model parameter: model.vqmodel.decoder.up.1.block.0.norm1.weight
  - Froze policy model parameter: model.vqmodel.decoder.up.1.block.0.norm1.bias
  - Froze policy model parameter: model.vqmodel.decoder.up.1.block.0.conv1.weight
  - Froze policy model parameter: model.vqmodel.decoder.up.1.block.0.conv1.bias
  - Froze policy model parameter: model.vqmodel.decoder.up.1.block.0.norm2.weight
  - Froze policy model parameter: model.vqmodel.decoder.up.1.block.0.norm2.bias
  - Froze policy model parameter: model.vqmodel.decoder.up.1.block.0.conv2.weight
  - Froze policy model parameter: model.vqmodel.decoder.up.1.block.0.conv2.bias
  - Froze policy model parameter: model.vqmodel.decoder.up.1.block.0.nin_shortcut.weight
  - Froze policy model parameter: model.vqmodel.decoder.up.1.block.0.nin_shortcut.bias
  - Froze policy model parameter: model.vqmodel.decoder.up.1.block.1.norm1.weight
  - Froze policy model parameter: model.vqmodel.decoder.up.1.block.1.norm1.bias
  - Froze policy model parameter: model.vqmodel.decoder.up.1.block.1.conv1.weight
  - Froze policy model parameter: model.vqmodel.decoder.up.1.block.1.conv1.bias
  - Froze policy model parameter: model.vqmodel.decoder.up.1.block.1.norm2.weight
  - Froze policy model parameter: model.vqmodel.decoder.up.1.block.1.norm2.bias
  - Froze policy model parameter: model.vqmodel.decoder.up.1.block.1.conv2.weight
  - Froze policy model parameter: model.vqmodel.decoder.up.1.block.1.conv2.bias
  - Froze policy model parameter: model.vqmodel.decoder.up.1.block.2.norm1.weight
  - Froze policy model parameter: model.vqmodel.decoder.up.1.block.2.norm1.bias
  - Froze policy model parameter: model.vqmodel.decoder.up.1.block.2.conv1.weight
  - Froze policy model parameter: model.vqmodel.decoder.up.1.block.2.conv1.bias
  - Froze policy model parameter: model.vqmodel.decoder.up.1.block.2.norm2.weight
  - Froze policy model parameter: model.vqmodel.decoder.up.1.block.2.norm2.bias
  - Froze policy model parameter: model.vqmodel.decoder.up.1.block.2.conv2.weight
  - Froze policy model parameter: model.vqmodel.decoder.up.1.block.2.conv2.bias
  - Froze policy model parameter: model.vqmodel.decoder.up.1.upsample.conv.weight
  - Froze policy model parameter: model.vqmodel.decoder.up.1.upsample.conv.bias
  - Froze policy model parameter: model.vqmodel.decoder.up.2.block.0.norm1.weight
  - Froze policy model parameter: model.vqmodel.decoder.up.2.block.0.norm1.bias
  - Froze policy model parameter: model.vqmodel.decoder.up.2.block.0.conv1.weight
  - Froze policy model parameter: model.vqmodel.decoder.up.2.block.0.conv1.bias
  - Froze policy model parameter: model.vqmodel.decoder.up.2.block.0.norm2.weight
  - Froze policy model parameter: model.vqmodel.decoder.up.2.block.0.norm2.bias
  - Froze policy model parameter: model.vqmodel.decoder.up.2.block.0.conv2.weight
  - Froze policy model parameter: model.vqmodel.decoder.up.2.block.0.conv2.bias
  - Froze policy model parameter: model.vqmodel.decoder.up.2.block.1.norm1.weight
  - Froze policy model parameter: model.vqmodel.decoder.up.2.block.1.norm1.bias
  - Froze policy model parameter: model.vqmodel.decoder.up.2.block.1.conv1.weight
  - Froze policy model parameter: model.vqmodel.decoder.up.2.block.1.conv1.bias
  - Froze policy model parameter: model.vqmodel.decoder.up.2.block.1.norm2.weight
  - Froze policy model parameter: model.vqmodel.decoder.up.2.block.1.norm2.bias
  - Froze policy model parameter: model.vqmodel.decoder.up.2.block.1.conv2.weight
  - Froze policy model parameter: model.vqmodel.decoder.up.2.block.1.conv2.bias
  - Froze policy model parameter: model.vqmodel.decoder.up.2.block.2.norm1.weight
  - Froze policy model parameter: model.vqmodel.decoder.up.2.block.2.norm1.bias
  - Froze policy model parameter: model.vqmodel.decoder.up.2.block.2.conv1.weight
  - Froze policy model parameter: model.vqmodel.decoder.up.2.block.2.conv1.bias
  - Froze policy model parameter: model.vqmodel.decoder.up.2.block.2.norm2.weight
  - Froze policy model parameter: model.vqmodel.decoder.up.2.block.2.norm2.bias
  - Froze policy model parameter: model.vqmodel.decoder.up.2.block.2.conv2.weight
  - Froze policy model parameter: model.vqmodel.decoder.up.2.block.2.conv2.bias
  - Froze policy model parameter: model.vqmodel.decoder.up.2.upsample.conv.weight
  - Froze policy model parameter: model.vqmodel.decoder.up.2.upsample.conv.bias
  - Froze policy model parameter: model.vqmodel.decoder.up.3.block.0.norm1.weight
  - Froze policy model parameter: model.vqmodel.decoder.up.3.block.0.norm1.bias
  - Froze policy model parameter: model.vqmodel.decoder.up.3.block.0.conv1.weight
  - Froze policy model parameter: model.vqmodel.decoder.up.3.block.0.conv1.bias
  - Froze policy model parameter: model.vqmodel.decoder.up.3.block.0.norm2.weight
  - Froze policy model parameter: model.vqmodel.decoder.up.3.block.0.norm2.bias
  - Froze policy model parameter: model.vqmodel.decoder.up.3.block.0.conv2.weight
  - Froze policy model parameter: model.vqmodel.decoder.up.3.block.0.conv2.bias
  - Froze policy model parameter: model.vqmodel.decoder.up.3.block.0.nin_shortcut.weight
  - Froze policy model parameter: model.vqmodel.decoder.up.3.block.0.nin_shortcut.bias
  - Froze policy model parameter: model.vqmodel.decoder.up.3.block.1.norm1.weight
  - Froze policy model parameter: model.vqmodel.decoder.up.3.block.1.norm1.bias
  - Froze policy model parameter: model.vqmodel.decoder.up.3.block.1.conv1.weight
  - Froze policy model parameter: model.vqmodel.decoder.up.3.block.1.conv1.bias
  - Froze policy model parameter: model.vqmodel.decoder.up.3.block.1.norm2.weight
  - Froze policy model parameter: model.vqmodel.decoder.up.3.block.1.norm2.bias
  - Froze policy model parameter: model.vqmodel.decoder.up.3.block.1.conv2.weight
  - Froze policy model parameter: model.vqmodel.decoder.up.3.block.1.conv2.bias
  - Froze policy model parameter: model.vqmodel.decoder.up.3.block.2.norm1.weight
  - Froze policy model parameter: model.vqmodel.decoder.up.3.block.2.norm1.bias
  - Froze policy model parameter: model.vqmodel.decoder.up.3.block.2.conv1.weight
  - Froze policy model parameter: model.vqmodel.decoder.up.3.block.2.conv1.bias
  - Froze policy model parameter: model.vqmodel.decoder.up.3.block.2.norm2.weight
  - Froze policy model parameter: model.vqmodel.decoder.up.3.block.2.norm2.bias
  - Froze policy model parameter: model.vqmodel.decoder.up.3.block.2.conv2.weight
  - Froze policy model parameter: model.vqmodel.decoder.up.3.block.2.conv2.bias
  - Froze policy model parameter: model.vqmodel.decoder.up.3.upsample.conv.weight
  - Froze policy model parameter: model.vqmodel.decoder.up.3.upsample.conv.bias
  - Froze policy model parameter: model.vqmodel.decoder.up.4.block.0.norm1.weight
  - Froze policy model parameter: model.vqmodel.decoder.up.4.block.0.norm1.bias
  - Froze policy model parameter: model.vqmodel.decoder.up.4.block.0.conv1.weight
  - Froze policy model parameter: model.vqmodel.decoder.up.4.block.0.conv1.bias
  - Froze policy model parameter: model.vqmodel.decoder.up.4.block.0.norm2.weight
  - Froze policy model parameter: model.vqmodel.decoder.up.4.block.0.norm2.bias
  - Froze policy model parameter: model.vqmodel.decoder.up.4.block.0.conv2.weight
  - Froze policy model parameter: model.vqmodel.decoder.up.4.block.0.conv2.bias
  - Froze policy model parameter: model.vqmodel.decoder.up.4.block.1.norm1.weight
  - Froze policy model parameter: model.vqmodel.decoder.up.4.block.1.norm1.bias
  - Froze policy model parameter: model.vqmodel.decoder.up.4.block.1.conv1.weight
  - Froze policy model parameter: model.vqmodel.decoder.up.4.block.1.conv1.bias
  - Froze policy model parameter: model.vqmodel.decoder.up.4.block.1.norm2.weight
  - Froze policy model parameter: model.vqmodel.decoder.up.4.block.1.norm2.bias
  - Froze policy model parameter: model.vqmodel.decoder.up.4.block.1.conv2.weight
  - Froze policy model parameter: model.vqmodel.decoder.up.4.block.1.conv2.bias
  - Froze policy model parameter: model.vqmodel.decoder.up.4.block.2.norm1.weight
  - Froze policy model parameter: model.vqmodel.decoder.up.4.block.2.norm1.bias
  - Froze policy model parameter: model.vqmodel.decoder.up.4.block.2.conv1.weight
  - Froze policy model parameter: model.vqmodel.decoder.up.4.block.2.conv1.bias
  - Froze policy model parameter: model.vqmodel.decoder.up.4.block.2.norm2.weight
  - Froze policy model parameter: model.vqmodel.decoder.up.4.block.2.norm2.bias
  - Froze policy model parameter: model.vqmodel.decoder.up.4.block.2.conv2.weight
  - Froze policy model parameter: model.vqmodel.decoder.up.4.block.2.conv2.bias
  - Froze policy model parameter: model.vqmodel.decoder.up.4.upsample.conv.weight
  - Froze policy model parameter: model.vqmodel.decoder.up.4.upsample.conv.bias
  - Froze policy model parameter: model.vqmodel.decoder.norm_out.weight
  - Froze policy model parameter: model.vqmodel.decoder.norm_out.bias
  - Froze policy model parameter: model.vqmodel.decoder.conv_out.weight
  - Froze policy model parameter: model.vqmodel.decoder.conv_out.bias
  - Froze policy model parameter: model.vqmodel.quantize.embedding.weight
  - Froze policy model parameter: model.vqmodel.quant_conv.weight
  - Froze policy model parameter: model.vqmodel.quant_conv.bias
  - Froze policy model parameter: model.vqmodel.post_quant_conv.weight
  - Froze policy model parameter: model.vqmodel.post_quant_conv.bias
  - Froze policy model parameter: mlp_head.time_embed.mlp.0.weight
  - Froze policy model parameter: mlp_head.time_embed.mlp.0.bias
  - Froze policy model parameter: mlp_head.time_embed.mlp.2.weight
  - Froze policy model parameter: mlp_head.time_embed.mlp.2.bias
  - Froze policy model parameter: mlp_head.cond_embed.weight
  - Froze policy model parameter: mlp_head.cond_embed.bias
  - Froze policy model parameter: mlp_head.input_proj.weight
  - Froze policy model parameter: mlp_head.input_proj.bias
  - Froze policy model parameter: mlp_head.res_blocks.0.in_ln.weight
  - Froze policy model parameter: mlp_head.res_blocks.0.in_ln.bias
  - Froze policy model parameter: mlp_head.res_blocks.0.mlp.0.weight
  - Froze policy model parameter: mlp_head.res_blocks.0.mlp.0.bias
  - Froze policy model parameter: mlp_head.res_blocks.0.mlp.2.weight
  - Froze policy model parameter: mlp_head.res_blocks.0.mlp.2.bias
  - Froze policy model parameter: mlp_head.res_blocks.0.adaLN_modulation.1.weight
  - Froze policy model parameter: mlp_head.res_blocks.0.adaLN_modulation.1.bias
  - Froze policy model parameter: mlp_head.res_blocks.1.in_ln.weight
  - Froze policy model parameter: mlp_head.res_blocks.1.in_ln.bias
  - Froze policy model parameter: mlp_head.res_blocks.1.mlp.0.weight
  - Froze policy model parameter: mlp_head.res_blocks.1.mlp.0.bias
  - Froze policy model parameter: mlp_head.res_blocks.1.mlp.2.weight
  - Froze policy model parameter: mlp_head.res_blocks.1.mlp.2.bias
  - Froze policy model parameter: mlp_head.res_blocks.1.adaLN_modulation.1.weight
  - Froze policy model parameter: mlp_head.res_blocks.1.adaLN_modulation.1.bias
  - Froze policy model parameter: mlp_head.res_blocks.2.in_ln.weight
  - Froze policy model parameter: mlp_head.res_blocks.2.in_ln.bias
  - Froze policy model parameter: mlp_head.res_blocks.2.mlp.0.weight
  - Froze policy model parameter: mlp_head.res_blocks.2.mlp.0.bias
  - Froze policy model parameter: mlp_head.res_blocks.2.mlp.2.weight
  - Froze policy model parameter: mlp_head.res_blocks.2.mlp.2.bias
  - Froze policy model parameter: mlp_head.res_blocks.2.adaLN_modulation.1.weight
  - Froze policy model parameter: mlp_head.res_blocks.2.adaLN_modulation.1.bias
  - Froze policy model parameter: mlp_head.final_layer.linear.weight
  - Froze policy model parameter: mlp_head.final_layer.linear.bias
  - Froze policy model parameter: mlp_head.final_layer.adaLN_modulation.1.weight
  - Froze policy model parameter: mlp_head.final_layer.adaLN_modulation.1.bias
Model parts frozen.
Loaded 2 reward functions: ['answer_correctness_reward', 'format_reward']
Trainer initialized.
--- [Step 3/3] Starting GRPO training... ---
`torch_dtype` is deprecated! Use `dtype` instead!
Loading checkpoint shards: 100%|██████████| 3/3 [00:00<00:00, 25.40it/s]Loading checkpoint shards: 100%|██████████| 3/3 [00:00<00:00, 25.35it/s]
`torch_dtype` is deprecated! Use `dtype` instead!
Freezing non-trainable parts of the model...
  - Froze policy model parameter: model.vqmodel.encoder.conv_in.weight
  - Froze policy model parameter: model.vqmodel.encoder.conv_in.bias
  - Froze policy model parameter: model.vqmodel.encoder.down.0.block.0.norm1.weight
  - Froze policy model parameter: model.vqmodel.encoder.down.0.block.0.norm1.bias
  - Froze policy model parameter: model.vqmodel.encoder.down.0.block.0.conv1.weight
  - Froze policy model parameter: model.vqmodel.encoder.down.0.block.0.conv1.bias
  - Froze policy model parameter: model.vqmodel.encoder.down.0.block.0.norm2.weight
  - Froze policy model parameter: model.vqmodel.encoder.down.0.block.0.norm2.bias
  - Froze policy model parameter: model.vqmodel.encoder.down.0.block.0.conv2.weight
  - Froze policy model parameter: model.vqmodel.encoder.down.0.block.0.conv2.bias
  - Froze policy model parameter: model.vqmodel.encoder.down.0.block.1.norm1.weight
  - Froze policy model parameter: model.vqmodel.encoder.down.0.block.1.norm1.bias
  - Froze policy model parameter: model.vqmodel.encoder.down.0.block.1.conv1.weight
  - Froze policy model parameter: model.vqmodel.encoder.down.0.block.1.conv1.bias
  - Froze policy model parameter: model.vqmodel.encoder.down.0.block.1.norm2.weight
  - Froze policy model parameter: model.vqmodel.encoder.down.0.block.1.norm2.bias
  - Froze policy model parameter: model.vqmodel.encoder.down.0.block.1.conv2.weight
  - Froze policy model parameter: model.vqmodel.encoder.down.0.block.1.conv2.bias
  - Froze policy model parameter: model.vqmodel.encoder.down.0.downsample.conv.weight
  - Froze policy model parameter: model.vqmodel.encoder.down.0.downsample.conv.bias
  - Froze policy model parameter: model.vqmodel.encoder.down.1.block.0.norm1.weight
  - Froze policy model parameter: model.vqmodel.encoder.down.1.block.0.norm1.bias
  - Froze policy model parameter: model.vqmodel.encoder.down.1.block.0.conv1.weight
  - Froze policy model parameter: model.vqmodel.encoder.down.1.block.0.conv1.bias
  - Froze policy model parameter: model.vqmodel.encoder.down.1.block.0.norm2.weight
  - Froze policy model parameter: model.vqmodel.encoder.down.1.block.0.norm2.bias
  - Froze policy model parameter: model.vqmodel.encoder.down.1.block.0.conv2.weight
  - Froze policy model parameter: model.vqmodel.encoder.down.1.block.0.conv2.bias
  - Froze policy model parameter: model.vqmodel.encoder.down.1.block.1.norm1.weight
  - Froze policy model parameter: model.vqmodel.encoder.down.1.block.1.norm1.bias
  - Froze policy model parameter: model.vqmodel.encoder.down.1.block.1.conv1.weight
  - Froze policy model parameter: model.vqmodel.encoder.down.1.block.1.conv1.bias
  - Froze policy model parameter: model.vqmodel.encoder.down.1.block.1.norm2.weight
  - Froze policy model parameter: model.vqmodel.encoder.down.1.block.1.norm2.bias
  - Froze policy model parameter: model.vqmodel.encoder.down.1.block.1.conv2.weight
  - Froze policy model parameter: model.vqmodel.encoder.down.1.block.1.conv2.bias
  - Froze policy model parameter: model.vqmodel.encoder.down.1.downsample.conv.weight
  - Froze policy model parameter: model.vqmodel.encoder.down.1.downsample.conv.bias
  - Froze policy model parameter: model.vqmodel.encoder.down.2.block.0.norm1.weight
  - Froze policy model parameter: model.vqmodel.encoder.down.2.block.0.norm1.bias
  - Froze policy model parameter: model.vqmodel.encoder.down.2.block.0.conv1.weight
  - Froze policy model parameter: model.vqmodel.encoder.down.2.block.0.conv1.bias
  - Froze policy model parameter: model.vqmodel.encoder.down.2.block.0.norm2.weight
  - Froze policy model parameter: model.vqmodel.encoder.down.2.block.0.norm2.bias
  - Froze policy model parameter: model.vqmodel.encoder.down.2.block.0.conv2.weight
  - Froze policy model parameter: model.vqmodel.encoder.down.2.block.0.conv2.bias
  - Froze policy model parameter: model.vqmodel.encoder.down.2.block.0.nin_shortcut.weight
  - Froze policy model parameter: model.vqmodel.encoder.down.2.block.0.nin_shortcut.bias
  - Froze policy model parameter: model.vqmodel.encoder.down.2.block.1.norm1.weight
  - Froze policy model parameter: model.vqmodel.encoder.down.2.block.1.norm1.bias
  - Froze policy model parameter: model.vqmodel.encoder.down.2.block.1.conv1.weight
  - Froze policy model parameter: model.vqmodel.encoder.down.2.block.1.conv1.bias
  - Froze policy model parameter: model.vqmodel.encoder.down.2.block.1.norm2.weight
  - Froze policy model parameter: model.vqmodel.encoder.down.2.block.1.norm2.bias
  - Froze policy model parameter: model.vqmodel.encoder.down.2.block.1.conv2.weight
  - Froze policy model parameter: model.vqmodel.encoder.down.2.block.1.conv2.bias
  - Froze policy model parameter: model.vqmodel.encoder.down.2.downsample.conv.weight
  - Froze policy model parameter: model.vqmodel.encoder.down.2.downsample.conv.bias
  - Froze policy model parameter: model.vqmodel.encoder.down.3.block.0.norm1.weight
  - Froze policy model parameter: model.vqmodel.encoder.down.3.block.0.norm1.bias
  - Froze policy model parameter: model.vqmodel.encoder.down.3.block.0.conv1.weight
  - Froze policy model parameter: model.vqmodel.encoder.down.3.block.0.conv1.bias
  - Froze policy model parameter: model.vqmodel.encoder.down.3.block.0.norm2.weight
  - Froze policy model parameter: model.vqmodel.encoder.down.3.block.0.norm2.bias
  - Froze policy model parameter: model.vqmodel.encoder.down.3.block.0.conv2.weight
  - Froze policy model parameter: model.vqmodel.encoder.down.3.block.0.conv2.bias
  - Froze policy model parameter: model.vqmodel.encoder.down.3.block.1.norm1.weight
  - Froze policy model parameter: model.vqmodel.encoder.down.3.block.1.norm1.bias
  - Froze policy model parameter: model.vqmodel.encoder.down.3.block.1.conv1.weight
  - Froze policy model parameter: model.vqmodel.encoder.down.3.block.1.conv1.bias
  - Froze policy model parameter: model.vqmodel.encoder.down.3.block.1.norm2.weight
  - Froze policy model parameter: model.vqmodel.encoder.down.3.block.1.norm2.bias
  - Froze policy model parameter: model.vqmodel.encoder.down.3.block.1.conv2.weight
  - Froze policy model parameter: model.vqmodel.encoder.down.3.block.1.conv2.bias
  - Froze policy model parameter: model.vqmodel.encoder.down.3.downsample.conv.weight
  - Froze policy model parameter: model.vqmodel.encoder.down.3.downsample.conv.bias
  - Froze policy model parameter: model.vqmodel.encoder.down.4.block.0.norm1.weight
  - Froze policy model parameter: model.vqmodel.encoder.down.4.block.0.norm1.bias
  - Froze policy model parameter: model.vqmodel.encoder.down.4.block.0.conv1.weight
  - Froze policy model parameter: model.vqmodel.encoder.down.4.block.0.conv1.bias
  - Froze policy model parameter: model.vqmodel.encoder.down.4.block.0.norm2.weight
  - Froze policy model parameter: model.vqmodel.encoder.down.4.block.0.norm2.bias
  - Froze policy model parameter: model.vqmodel.encoder.down.4.block.0.conv2.weight
  - Froze policy model parameter: model.vqmodel.encoder.down.4.block.0.conv2.bias
  - Froze policy model parameter: model.vqmodel.encoder.down.4.block.0.nin_shortcut.weight
  - Froze policy model parameter: model.vqmodel.encoder.down.4.block.0.nin_shortcut.bias
  - Froze policy model parameter: model.vqmodel.encoder.down.4.block.1.norm1.weight
  - Froze policy model parameter: model.vqmodel.encoder.down.4.block.1.norm1.bias
  - Froze policy model parameter: model.vqmodel.encoder.down.4.block.1.conv1.weight
  - Froze policy model parameter: model.vqmodel.encoder.down.4.block.1.conv1.bias
  - Froze policy model parameter: model.vqmodel.encoder.down.4.block.1.norm2.weight
  - Froze policy model parameter: model.vqmodel.encoder.down.4.block.1.norm2.bias
  - Froze policy model parameter: model.vqmodel.encoder.down.4.block.1.conv2.weight
  - Froze policy model parameter: model.vqmodel.encoder.down.4.block.1.conv2.bias
  - Froze policy model parameter: model.vqmodel.encoder.mid.block_1.norm1.weight
  - Froze policy model parameter: model.vqmodel.encoder.mid.block_1.norm1.bias
  - Froze policy model parameter: model.vqmodel.encoder.mid.block_1.conv1.weight
  - Froze policy model parameter: model.vqmodel.encoder.mid.block_1.conv1.bias
  - Froze policy model parameter: model.vqmodel.encoder.mid.block_1.norm2.weight
  - Froze policy model parameter: model.vqmodel.encoder.mid.block_1.norm2.bias
  - Froze policy model parameter: model.vqmodel.encoder.mid.block_1.conv2.weight
  - Froze policy model parameter: model.vqmodel.encoder.mid.block_1.conv2.bias
  - Froze policy model parameter: model.vqmodel.encoder.mid.attn_1.norm.weight
  - Froze policy model parameter: model.vqmodel.encoder.mid.attn_1.norm.bias
  - Froze policy model parameter: model.vqmodel.encoder.mid.attn_1.q.weight
  - Froze policy model parameter: model.vqmodel.encoder.mid.attn_1.q.bias
  - Froze policy model parameter: model.vqmodel.encoder.mid.attn_1.k.weight
  - Froze policy model parameter: model.vqmodel.encoder.mid.attn_1.k.bias
  - Froze policy model parameter: model.vqmodel.encoder.mid.attn_1.v.weight
  - Froze policy model parameter: model.vqmodel.encoder.mid.attn_1.v.bias
  - Froze policy model parameter: model.vqmodel.encoder.mid.attn_1.proj_out.weight
  - Froze policy model parameter: model.vqmodel.encoder.mid.attn_1.proj_out.bias
  - Froze policy model parameter: model.vqmodel.encoder.mid.block_2.norm1.weight
  - Froze policy model parameter: model.vqmodel.encoder.mid.block_2.norm1.bias
  - Froze policy model parameter: model.vqmodel.encoder.mid.block_2.conv1.weight
  - Froze policy model parameter: model.vqmodel.encoder.mid.block_2.conv1.bias
  - Froze policy model parameter: model.vqmodel.encoder.mid.block_2.norm2.weight
  - Froze policy model parameter: model.vqmodel.encoder.mid.block_2.norm2.bias
  - Froze policy model parameter: model.vqmodel.encoder.mid.block_2.conv2.weight
  - Froze policy model parameter: model.vqmodel.encoder.mid.block_2.conv2.bias
  - Froze policy model parameter: model.vqmodel.encoder.norm_out.weight
  - Froze policy model parameter: model.vqmodel.encoder.norm_out.bias
  - Froze policy model parameter: model.vqmodel.encoder.conv_out.weight
  - Froze policy model parameter: model.vqmodel.encoder.conv_out.bias
  - Froze policy model parameter: model.vqmodel.decoder.conv_in.weight
  - Froze policy model parameter: model.vqmodel.decoder.conv_in.bias
  - Froze policy model parameter: model.vqmodel.decoder.mid.block_1.norm1.weight
  - Froze policy model parameter: model.vqmodel.decoder.mid.block_1.norm1.bias
  - Froze policy model parameter: model.vqmodel.decoder.mid.block_1.conv1.weight
  - Froze policy model parameter: model.vqmodel.decoder.mid.block_1.conv1.bias
  - Froze policy model parameter: model.vqmodel.decoder.mid.block_1.norm2.weight
  - Froze policy model parameter: model.vqmodel.decoder.mid.block_1.norm2.bias
  - Froze policy model parameter: model.vqmodel.decoder.mid.block_1.conv2.weight
  - Froze policy model parameter: model.vqmodel.decoder.mid.block_1.conv2.bias
  - Froze policy model parameter: model.vqmodel.decoder.mid.attn_1.norm.weight
  - Froze policy model parameter: model.vqmodel.decoder.mid.attn_1.norm.bias
  - Froze policy model parameter: model.vqmodel.decoder.mid.attn_1.q.weight
  - Froze policy model parameter: model.vqmodel.decoder.mid.attn_1.q.bias
  - Froze policy model parameter: model.vqmodel.decoder.mid.attn_1.k.weight
  - Froze policy model parameter: model.vqmodel.decoder.mid.attn_1.k.bias
  - Froze policy model parameter: model.vqmodel.decoder.mid.attn_1.v.weight
  - Froze policy model parameter: model.vqmodel.decoder.mid.attn_1.v.bias
  - Froze policy model parameter: model.vqmodel.decoder.mid.attn_1.proj_out.weight
  - Froze policy model parameter: model.vqmodel.decoder.mid.attn_1.proj_out.bias
  - Froze policy model parameter: model.vqmodel.decoder.mid.block_2.norm1.weight
  - Froze policy model parameter: model.vqmodel.decoder.mid.block_2.norm1.bias
  - Froze policy model parameter: model.vqmodel.decoder.mid.block_2.conv1.weight
  - Froze policy model parameter: model.vqmodel.decoder.mid.block_2.conv1.bias
  - Froze policy model parameter: model.vqmodel.decoder.mid.block_2.norm2.weight
  - Froze policy model parameter: model.vqmodel.decoder.mid.block_2.norm2.bias
  - Froze policy model parameter: model.vqmodel.decoder.mid.block_2.conv2.weight
  - Froze policy model parameter: model.vqmodel.decoder.mid.block_2.conv2.bias
  - Froze policy model parameter: model.vqmodel.decoder.up.0.block.0.norm1.weight
  - Froze policy model parameter: model.vqmodel.decoder.up.0.block.0.norm1.bias
  - Froze policy model parameter: model.vqmodel.decoder.up.0.block.0.conv1.weight
  - Froze policy model parameter: model.vqmodel.decoder.up.0.block.0.conv1.bias
  - Froze policy model parameter: model.vqmodel.decoder.up.0.block.0.norm2.weight
  - Froze policy model parameter: model.vqmodel.decoder.up.0.block.0.norm2.bias
  - Froze policy model parameter: model.vqmodel.decoder.up.0.block.0.conv2.weight
  - Froze policy model parameter: model.vqmodel.decoder.up.0.block.0.conv2.bias
  - Froze policy model parameter: model.vqmodel.decoder.up.0.block.1.norm1.weight
  - Froze policy model parameter: model.vqmodel.decoder.up.0.block.1.norm1.bias
  - Froze policy model parameter: model.vqmodel.decoder.up.0.block.1.conv1.weight
  - Froze policy model parameter: model.vqmodel.decoder.up.0.block.1.conv1.bias
  - Froze policy model parameter: model.vqmodel.decoder.up.0.block.1.norm2.weight
  - Froze policy model parameter: model.vqmodel.decoder.up.0.block.1.norm2.bias
  - Froze policy model parameter: model.vqmodel.decoder.up.0.block.1.conv2.weight
  - Froze policy model parameter: model.vqmodel.decoder.up.0.block.1.conv2.bias
  - Froze policy model parameter: model.vqmodel.decoder.up.0.block.2.norm1.weight
  - Froze policy model parameter: model.vqmodel.decoder.up.0.block.2.norm1.bias
  - Froze policy model parameter: model.vqmodel.decoder.up.0.block.2.conv1.weight
  - Froze policy model parameter: model.vqmodel.decoder.up.0.block.2.conv1.bias
  - Froze policy model parameter: model.vqmodel.decoder.up.0.block.2.norm2.weight
  - Froze policy model parameter: model.vqmodel.decoder.up.0.block.2.norm2.bias
  - Froze policy model parameter: model.vqmodel.decoder.up.0.block.2.conv2.weight
  - Froze policy model parameter: model.vqmodel.decoder.up.0.block.2.conv2.bias
  - Froze policy model parameter: model.vqmodel.decoder.up.1.block.0.norm1.weight
  - Froze policy model parameter: model.vqmodel.decoder.up.1.block.0.norm1.bias
  - Froze policy model parameter: model.vqmodel.decoder.up.1.block.0.conv1.weight
  - Froze policy model parameter: model.vqmodel.decoder.up.1.block.0.conv1.bias
  - Froze policy model parameter: model.vqmodel.decoder.up.1.block.0.norm2.weight
  - Froze policy model parameter: model.vqmodel.decoder.up.1.block.0.norm2.bias
  - Froze policy model parameter: model.vqmodel.decoder.up.1.block.0.conv2.weight
  - Froze policy model parameter: model.vqmodel.decoder.up.1.block.0.conv2.bias
  - Froze policy model parameter: model.vqmodel.decoder.up.1.block.0.nin_shortcut.weight
  - Froze policy model parameter: model.vqmodel.decoder.up.1.block.0.nin_shortcut.bias
  - Froze policy model parameter: model.vqmodel.decoder.up.1.block.1.norm1.weight
  - Froze policy model parameter: model.vqmodel.decoder.up.1.block.1.norm1.bias
  - Froze policy model parameter: model.vqmodel.decoder.up.1.block.1.conv1.weight
  - Froze policy model parameter: model.vqmodel.decoder.up.1.block.1.conv1.bias
  - Froze policy model parameter: model.vqmodel.decoder.up.1.block.1.norm2.weight
  - Froze policy model parameter: model.vqmodel.decoder.up.1.block.1.norm2.bias
  - Froze policy model parameter: model.vqmodel.decoder.up.1.block.1.conv2.weight
  - Froze policy model parameter: model.vqmodel.decoder.up.1.block.1.conv2.bias
  - Froze policy model parameter: model.vqmodel.decoder.up.1.block.2.norm1.weight
  - Froze policy model parameter: model.vqmodel.decoder.up.1.block.2.norm1.bias
  - Froze policy model parameter: model.vqmodel.decoder.up.1.block.2.conv1.weight
  - Froze policy model parameter: model.vqmodel.decoder.up.1.block.2.conv1.bias
  - Froze policy model parameter: model.vqmodel.decoder.up.1.block.2.norm2.weight
  - Froze policy model parameter: model.vqmodel.decoder.up.1.block.2.norm2.bias
  - Froze policy model parameter: model.vqmodel.decoder.up.1.block.2.conv2.weight
  - Froze policy model parameter: model.vqmodel.decoder.up.1.block.2.conv2.bias
  - Froze policy model parameter: model.vqmodel.decoder.up.1.upsample.conv.weight
  - Froze policy model parameter: model.vqmodel.decoder.up.1.upsample.conv.bias
  - Froze policy model parameter: model.vqmodel.decoder.up.2.block.0.norm1.weight
  - Froze policy model parameter: model.vqmodel.decoder.up.2.block.0.norm1.bias
  - Froze policy model parameter: model.vqmodel.decoder.up.2.block.0.conv1.weight
  - Froze policy model parameter: model.vqmodel.decoder.up.2.block.0.conv1.bias
  - Froze policy model parameter: model.vqmodel.decoder.up.2.block.0.norm2.weight
  - Froze policy model parameter: model.vqmodel.decoder.up.2.block.0.norm2.bias
  - Froze policy model parameter: model.vqmodel.decoder.up.2.block.0.conv2.weight
  - Froze policy model parameter: model.vqmodel.decoder.up.2.block.0.conv2.bias
  - Froze policy model parameter: model.vqmodel.decoder.up.2.block.1.norm1.weight
  - Froze policy model parameter: model.vqmodel.decoder.up.2.block.1.norm1.bias
  - Froze policy model parameter: model.vqmodel.decoder.up.2.block.1.conv1.weight
  - Froze policy model parameter: model.vqmodel.decoder.up.2.block.1.conv1.bias
  - Froze policy model parameter: model.vqmodel.decoder.up.2.block.1.norm2.weight
  - Froze policy model parameter: model.vqmodel.decoder.up.2.block.1.norm2.bias
  - Froze policy model parameter: model.vqmodel.decoder.up.2.block.1.conv2.weight
  - Froze policy model parameter: model.vqmodel.decoder.up.2.block.1.conv2.bias
  - Froze policy model parameter: model.vqmodel.decoder.up.2.block.2.norm1.weight
  - Froze policy model parameter: model.vqmodel.decoder.up.2.block.2.norm1.bias
  - Froze policy model parameter: model.vqmodel.decoder.up.2.block.2.conv1.weight
  - Froze policy model parameter: model.vqmodel.decoder.up.2.block.2.conv1.bias
  - Froze policy model parameter: model.vqmodel.decoder.up.2.block.2.norm2.weight
  - Froze policy model parameter: model.vqmodel.decoder.up.2.block.2.norm2.bias
  - Froze policy model parameter: model.vqmodel.decoder.up.2.block.2.conv2.weight
  - Froze policy model parameter: model.vqmodel.decoder.up.2.block.2.conv2.bias
  - Froze policy model parameter: model.vqmodel.decoder.up.2.upsample.conv.weight
  - Froze policy model parameter: model.vqmodel.decoder.up.2.upsample.conv.bias
  - Froze policy model parameter: model.vqmodel.decoder.up.3.block.0.norm1.weight
  - Froze policy model parameter: model.vqmodel.decoder.up.3.block.0.norm1.bias
  - Froze policy model parameter: model.vqmodel.decoder.up.3.block.0.conv1.weight
  - Froze policy model parameter: model.vqmodel.decoder.up.3.block.0.conv1.bias
  - Froze policy model parameter: model.vqmodel.decoder.up.3.block.0.norm2.weight
  - Froze policy model parameter: model.vqmodel.decoder.up.3.block.0.norm2.bias
  - Froze policy model parameter: model.vqmodel.decoder.up.3.block.0.conv2.weight
  - Froze policy model parameter: model.vqmodel.decoder.up.3.block.0.conv2.bias
  - Froze policy model parameter: model.vqmodel.decoder.up.3.block.0.nin_shortcut.weight
  - Froze policy model parameter: model.vqmodel.decoder.up.3.block.0.nin_shortcut.bias
  - Froze policy model parameter: model.vqmodel.decoder.up.3.block.1.norm1.weight
  - Froze policy model parameter: model.vqmodel.decoder.up.3.block.1.norm1.bias
  - Froze policy model parameter: model.vqmodel.decoder.up.3.block.1.conv1.weight
  - Froze policy model parameter: model.vqmodel.decoder.up.3.block.1.conv1.bias
  - Froze policy model parameter: model.vqmodel.decoder.up.3.block.1.norm2.weight
  - Froze policy model parameter: model.vqmodel.decoder.up.3.block.1.norm2.bias
  - Froze policy model parameter: model.vqmodel.decoder.up.3.block.1.conv2.weight
  - Froze policy model parameter: model.vqmodel.decoder.up.3.block.1.conv2.bias
  - Froze policy model parameter: model.vqmodel.decoder.up.3.block.2.norm1.weight
  - Froze policy model parameter: model.vqmodel.decoder.up.3.block.2.norm1.bias
  - Froze policy model parameter: model.vqmodel.decoder.up.3.block.2.conv1.weight
  - Froze policy model parameter: model.vqmodel.decoder.up.3.block.2.conv1.bias
  - Froze policy model parameter: model.vqmodel.decoder.up.3.block.2.norm2.weight
  - Froze policy model parameter: model.vqmodel.decoder.up.3.block.2.norm2.bias
  - Froze policy model parameter: model.vqmodel.decoder.up.3.block.2.conv2.weight
  - Froze policy model parameter: model.vqmodel.decoder.up.3.block.2.conv2.bias
  - Froze policy model parameter: model.vqmodel.decoder.up.3.upsample.conv.weight
  - Froze policy model parameter: model.vqmodel.decoder.up.3.upsample.conv.bias
  - Froze policy model parameter: model.vqmodel.decoder.up.4.block.0.norm1.weight
  - Froze policy model parameter: model.vqmodel.decoder.up.4.block.0.norm1.bias
  - Froze policy model parameter: model.vqmodel.decoder.up.4.block.0.conv1.weight
  - Froze policy model parameter: model.vqmodel.decoder.up.4.block.0.conv1.bias
  - Froze policy model parameter: model.vqmodel.decoder.up.4.block.0.norm2.weight
  - Froze policy model parameter: model.vqmodel.decoder.up.4.block.0.norm2.bias
  - Froze policy model parameter: model.vqmodel.decoder.up.4.block.0.conv2.weight
  - Froze policy model parameter: model.vqmodel.decoder.up.4.block.0.conv2.bias
  - Froze policy model parameter: model.vqmodel.decoder.up.4.block.1.norm1.weight
  - Froze policy model parameter: model.vqmodel.decoder.up.4.block.1.norm1.bias
  - Froze policy model parameter: model.vqmodel.decoder.up.4.block.1.conv1.weight
  - Froze policy model parameter: model.vqmodel.decoder.up.4.block.1.conv1.bias
  - Froze policy model parameter: model.vqmodel.decoder.up.4.block.1.norm2.weight
  - Froze policy model parameter: model.vqmodel.decoder.up.4.block.1.norm2.bias
  - Froze policy model parameter: model.vqmodel.decoder.up.4.block.1.conv2.weight
  - Froze policy model parameter: model.vqmodel.decoder.up.4.block.1.conv2.bias
  - Froze policy model parameter: model.vqmodel.decoder.up.4.block.2.norm1.weight
  - Froze policy model parameter: model.vqmodel.decoder.up.4.block.2.norm1.bias
  - Froze policy model parameter: model.vqmodel.decoder.up.4.block.2.conv1.weight
  - Froze policy model parameter: model.vqmodel.decoder.up.4.block.2.conv1.bias
  - Froze policy model parameter: model.vqmodel.decoder.up.4.block.2.norm2.weight
  - Froze policy model parameter: model.vqmodel.decoder.up.4.block.2.norm2.bias
  - Froze policy model parameter: model.vqmodel.decoder.up.4.block.2.conv2.weight
  - Froze policy model parameter: model.vqmodel.decoder.up.4.block.2.conv2.bias
  - Froze policy model parameter: model.vqmodel.decoder.up.4.upsample.conv.weight
  - Froze policy model parameter: model.vqmodel.decoder.up.4.upsample.conv.bias
  - Froze policy model parameter: model.vqmodel.decoder.norm_out.weight
  - Froze policy model parameter: model.vqmodel.decoder.norm_out.bias
  - Froze policy model parameter: model.vqmodel.decoder.conv_out.weight
  - Froze policy model parameter: model.vqmodel.decoder.conv_out.bias
  - Froze policy model parameter: model.vqmodel.quantize.embedding.weight
  - Froze policy model parameter: model.vqmodel.quant_conv.weight
  - Froze policy model parameter: model.vqmodel.quant_conv.bias
  - Froze policy model parameter: model.vqmodel.post_quant_conv.weight
  - Froze policy model parameter: model.vqmodel.post_quant_conv.bias
  - Froze policy model parameter: mlp_head.time_embed.mlp.0.weight
  - Froze policy model parameter: mlp_head.time_embed.mlp.0.bias
  - Froze policy model parameter: mlp_head.time_embed.mlp.2.weight
  - Froze policy model parameter: mlp_head.time_embed.mlp.2.bias
  - Froze policy model parameter: mlp_head.cond_embed.weight
  - Froze policy model parameter: mlp_head.cond_embed.bias
  - Froze policy model parameter: mlp_head.input_proj.weight
  - Froze policy model parameter: mlp_head.input_proj.bias
  - Froze policy model parameter: mlp_head.res_blocks.0.in_ln.weight
  - Froze policy model parameter: mlp_head.res_blocks.0.in_ln.bias
  - Froze policy model parameter: mlp_head.res_blocks.0.mlp.0.weight
  - Froze policy model parameter: mlp_head.res_blocks.0.mlp.0.bias
  - Froze policy model parameter: mlp_head.res_blocks.0.mlp.2.weight
  - Froze policy model parameter: mlp_head.res_blocks.0.mlp.2.bias
  - Froze policy model parameter: mlp_head.res_blocks.0.adaLN_modulation.1.weight
  - Froze policy model parameter: mlp_head.res_blocks.0.adaLN_modulation.1.bias
  - Froze policy model parameter: mlp_head.res_blocks.1.in_ln.weight
  - Froze policy model parameter: mlp_head.res_blocks.1.in_ln.bias
  - Froze policy model parameter: mlp_head.res_blocks.1.mlp.0.weight
  - Froze policy model parameter: mlp_head.res_blocks.1.mlp.0.bias
  - Froze policy model parameter: mlp_head.res_blocks.1.mlp.2.weight
  - Froze policy model parameter: mlp_head.res_blocks.1.mlp.2.bias
  - Froze policy model parameter: mlp_head.res_blocks.1.adaLN_modulation.1.weight
  - Froze policy model parameter: mlp_head.res_blocks.1.adaLN_modulation.1.bias
  - Froze policy model parameter: mlp_head.res_blocks.2.in_ln.weight
  - Froze policy model parameter: mlp_head.res_blocks.2.in_ln.bias
  - Froze policy model parameter: mlp_head.res_blocks.2.mlp.0.weight
  - Froze policy model parameter: mlp_head.res_blocks.2.mlp.0.bias
  - Froze policy model parameter: mlp_head.res_blocks.2.mlp.2.weight
  - Froze policy model parameter: mlp_head.res_blocks.2.mlp.2.bias
  - Froze policy model parameter: mlp_head.res_blocks.2.adaLN_modulation.1.weight
  - Froze policy model parameter: mlp_head.res_blocks.2.adaLN_modulation.1.bias
  - Froze policy model parameter: mlp_head.final_layer.linear.weight
  - Froze policy model parameter: mlp_head.final_layer.linear.bias
  - Froze policy model parameter: mlp_head.final_layer.adaLN_modulation.1.weight
  - Froze policy model parameter: mlp_head.final_layer.adaLN_modulation.1.bias
Model parts frozen.
Loaded 2 reward functions: ['answer_correctness_reward', 'format_reward']
Trainer initialized.
--- [Step 3/3] Starting GRPO training... ---
`torch_dtype` is deprecated! Use `dtype` instead!
Loading checkpoint shards:   0%|          | 0/3 [00:00<?, ?it/s]`torch_dtype` is deprecated! Use `dtype` instead!
Loading checkpoint shards:   0%|          | 0/3 [00:00<?, ?it/s]`torch_dtype` is deprecated! Use `dtype` instead!
Loading checkpoint shards:   0%|          | 0/3 [00:00<?, ?it/s]Loading checkpoint shards: 100%|██████████| 3/3 [00:00<00:00, 16.39it/s]Loading checkpoint shards: 100%|██████████| 3/3 [00:00<00:00, 16.37it/s]
Freezing non-trainable parts of the model...
  - Froze policy model parameter: model.vqmodel.encoder.conv_in.weight
  - Froze policy model parameter: model.vqmodel.encoder.conv_in.bias
  - Froze policy model parameter: model.vqmodel.encoder.down.0.block.0.norm1.weight
  - Froze policy model parameter: model.vqmodel.encoder.down.0.block.0.norm1.bias
  - Froze policy model parameter: model.vqmodel.encoder.down.0.block.0.conv1.weight
  - Froze policy model parameter: model.vqmodel.encoder.down.0.block.0.conv1.bias
  - Froze policy model parameter: model.vqmodel.encoder.down.0.block.0.norm2.weight
  - Froze policy model parameter: model.vqmodel.encoder.down.0.block.0.norm2.bias
  - Froze policy model parameter: model.vqmodel.encoder.down.0.block.0.conv2.weight
  - Froze policy model parameter: model.vqmodel.encoder.down.0.block.0.conv2.bias
  - Froze policy model parameter: model.vqmodel.encoder.down.0.block.1.norm1.weight
  - Froze policy model parameter: model.vqmodel.encoder.down.0.block.1.norm1.bias
  - Froze policy model parameter: model.vqmodel.encoder.down.0.block.1.conv1.weight
  - Froze policy model parameter: model.vqmodel.encoder.down.0.block.1.conv1.bias
  - Froze policy model parameter: model.vqmodel.encoder.down.0.block.1.norm2.weight
  - Froze policy model parameter: model.vqmodel.encoder.down.0.block.1.norm2.bias
  - Froze policy model parameter: model.vqmodel.encoder.down.0.block.1.conv2.weight
  - Froze policy model parameter: model.vqmodel.encoder.down.0.block.1.conv2.bias
  - Froze policy model parameter: model.vqmodel.encoder.down.0.downsample.conv.weight
  - Froze policy model parameter: model.vqmodel.encoder.down.0.downsample.conv.bias
  - Froze policy model parameter: model.vqmodel.encoder.down.1.block.0.norm1.weight
  - Froze policy model parameter: model.vqmodel.encoder.down.1.block.0.norm1.bias
  - Froze policy model parameter: model.vqmodel.encoder.down.1.block.0.conv1.weight
  - Froze policy model parameter: model.vqmodel.encoder.down.1.block.0.conv1.bias
  - Froze policy model parameter: model.vqmodel.encoder.down.1.block.0.norm2.weight
  - Froze policy model parameter: model.vqmodel.encoder.down.1.block.0.norm2.bias
  - Froze policy model parameter: model.vqmodel.encoder.down.1.block.0.conv2.weight
  - Froze policy model parameter: model.vqmodel.encoder.down.1.block.0.conv2.bias
  - Froze policy model parameter: model.vqmodel.encoder.down.1.block.1.norm1.weight
  - Froze policy model parameter: model.vqmodel.encoder.down.1.block.1.norm1.bias
  - Froze policy model parameter: model.vqmodel.encoder.down.1.block.1.conv1.weight
  - Froze policy model parameter: model.vqmodel.encoder.down.1.block.1.conv1.bias
  - Froze policy model parameter: model.vqmodel.encoder.down.1.block.1.norm2.weight
  - Froze policy model parameter: model.vqmodel.encoder.down.1.block.1.norm2.bias
  - Froze policy model parameter: model.vqmodel.encoder.down.1.block.1.conv2.weight
  - Froze policy model parameter: model.vqmodel.encoder.down.1.block.1.conv2.bias
  - Froze policy model parameter: model.vqmodel.encoder.down.1.downsample.conv.weight
  - Froze policy model parameter: model.vqmodel.encoder.down.1.downsample.conv.bias
  - Froze policy model parameter: model.vqmodel.encoder.down.2.block.0.norm1.weight
  - Froze policy model parameter: model.vqmodel.encoder.down.2.block.0.norm1.bias
  - Froze policy model parameter: model.vqmodel.encoder.down.2.block.0.conv1.weight
  - Froze policy model parameter: model.vqmodel.encoder.down.2.block.0.conv1.bias
  - Froze policy model parameter: model.vqmodel.encoder.down.2.block.0.norm2.weight
  - Froze policy model parameter: model.vqmodel.encoder.down.2.block.0.norm2.bias
  - Froze policy model parameter: model.vqmodel.encoder.down.2.block.0.conv2.weight
  - Froze policy model parameter: model.vqmodel.encoder.down.2.block.0.conv2.bias
  - Froze policy model parameter: model.vqmodel.encoder.down.2.block.0.nin_shortcut.weight
  - Froze policy model parameter: model.vqmodel.encoder.down.2.block.0.nin_shortcut.bias
  - Froze policy model parameter: model.vqmodel.encoder.down.2.block.1.norm1.weight
  - Froze policy model parameter: model.vqmodel.encoder.down.2.block.1.norm1.bias
  - Froze policy model parameter: model.vqmodel.encoder.down.2.block.1.conv1.weight
  - Froze policy model parameter: model.vqmodel.encoder.down.2.block.1.conv1.bias
  - Froze policy model parameter: model.vqmodel.encoder.down.2.block.1.norm2.weight
  - Froze policy model parameter: model.vqmodel.encoder.down.2.block.1.norm2.bias
  - Froze policy model parameter: model.vqmodel.encoder.down.2.block.1.conv2.weight
  - Froze policy model parameter: model.vqmodel.encoder.down.2.block.1.conv2.bias
  - Froze policy model parameter: model.vqmodel.encoder.down.2.downsample.conv.weight
  - Froze policy model parameter: model.vqmodel.encoder.down.2.downsample.conv.bias
  - Froze policy model parameter: model.vqmodel.encoder.down.3.block.0.norm1.weight
  - Froze policy model parameter: model.vqmodel.encoder.down.3.block.0.norm1.bias
  - Froze policy model parameter: model.vqmodel.encoder.down.3.block.0.conv1.weight
  - Froze policy model parameter: model.vqmodel.encoder.down.3.block.0.conv1.bias
  - Froze policy model parameter: model.vqmodel.encoder.down.3.block.0.norm2.weight
  - Froze policy model parameter: model.vqmodel.encoder.down.3.block.0.norm2.bias
  - Froze policy model parameter: model.vqmodel.encoder.down.3.block.0.conv2.weight
  - Froze policy model parameter: model.vqmodel.encoder.down.3.block.0.conv2.bias
  - Froze policy model parameter: model.vqmodel.encoder.down.3.block.1.norm1.weight
  - Froze policy model parameter: model.vqmodel.encoder.down.3.block.1.norm1.bias
  - Froze policy model parameter: model.vqmodel.encoder.down.3.block.1.conv1.weight
  - Froze policy model parameter: model.vqmodel.encoder.down.3.block.1.conv1.bias
  - Froze policy model parameter: model.vqmodel.encoder.down.3.block.1.norm2.weight
  - Froze policy model parameter: model.vqmodel.encoder.down.3.block.1.norm2.bias
  - Froze policy model parameter: model.vqmodel.encoder.down.3.block.1.conv2.weight
  - Froze policy model parameter: model.vqmodel.encoder.down.3.block.1.conv2.bias
  - Froze policy model parameter: model.vqmodel.encoder.down.3.downsample.conv.weight
  - Froze policy model parameter: model.vqmodel.encoder.down.3.downsample.conv.bias
  - Froze policy model parameter: model.vqmodel.encoder.down.4.block.0.norm1.weight
  - Froze policy model parameter: model.vqmodel.encoder.down.4.block.0.norm1.bias
  - Froze policy model parameter: model.vqmodel.encoder.down.4.block.0.conv1.weight
  - Froze policy model parameter: model.vqmodel.encoder.down.4.block.0.conv1.bias
  - Froze policy model parameter: model.vqmodel.encoder.down.4.block.0.norm2.weight
  - Froze policy model parameter: model.vqmodel.encoder.down.4.block.0.norm2.bias
  - Froze policy model parameter: model.vqmodel.encoder.down.4.block.0.conv2.weight
  - Froze policy model parameter: model.vqmodel.encoder.down.4.block.0.conv2.bias
  - Froze policy model parameter: model.vqmodel.encoder.down.4.block.0.nin_shortcut.weight
  - Froze policy model parameter: model.vqmodel.encoder.down.4.block.0.nin_shortcut.bias
  - Froze policy model parameter: model.vqmodel.encoder.down.4.block.1.norm1.weight
  - Froze policy model parameter: model.vqmodel.encoder.down.4.block.1.norm1.bias
  - Froze policy model parameter: model.vqmodel.encoder.down.4.block.1.conv1.weight
  - Froze policy model parameter: model.vqmodel.encoder.down.4.block.1.conv1.bias
  - Froze policy model parameter: model.vqmodel.encoder.down.4.block.1.norm2.weight
  - Froze policy model parameter: model.vqmodel.encoder.down.4.block.1.norm2.bias
  - Froze policy model parameter: model.vqmodel.encoder.down.4.block.1.conv2.weight
  - Froze policy model parameter: model.vqmodel.encoder.down.4.block.1.conv2.bias
  - Froze policy model parameter: model.vqmodel.encoder.mid.block_1.norm1.weight
  - Froze policy model parameter: model.vqmodel.encoder.mid.block_1.norm1.bias
  - Froze policy model parameter: model.vqmodel.encoder.mid.block_1.conv1.weight
  - Froze policy model parameter: model.vqmodel.encoder.mid.block_1.conv1.bias
  - Froze policy model parameter: model.vqmodel.encoder.mid.block_1.norm2.weight
  - Froze policy model parameter: model.vqmodel.encoder.mid.block_1.norm2.bias
  - Froze policy model parameter: model.vqmodel.encoder.mid.block_1.conv2.weight
  - Froze policy model parameter: model.vqmodel.encoder.mid.block_1.conv2.bias
  - Froze policy model parameter: model.vqmodel.encoder.mid.attn_1.norm.weight
  - Froze policy model parameter: model.vqmodel.encoder.mid.attn_1.norm.bias
  - Froze policy model parameter: model.vqmodel.encoder.mid.attn_1.q.weight
  - Froze policy model parameter: model.vqmodel.encoder.mid.attn_1.q.bias
  - Froze policy model parameter: model.vqmodel.encoder.mid.attn_1.k.weight
  - Froze policy model parameter: model.vqmodel.encoder.mid.attn_1.k.bias
  - Froze policy model parameter: model.vqmodel.encoder.mid.attn_1.v.weight
  - Froze policy model parameter: model.vqmodel.encoder.mid.attn_1.v.bias
  - Froze policy model parameter: model.vqmodel.encoder.mid.attn_1.proj_out.weight
  - Froze policy model parameter: model.vqmodel.encoder.mid.attn_1.proj_out.bias
  - Froze policy model parameter: model.vqmodel.encoder.mid.block_2.norm1.weight
  - Froze policy model parameter: model.vqmodel.encoder.mid.block_2.norm1.bias
  - Froze policy model parameter: model.vqmodel.encoder.mid.block_2.conv1.weight
  - Froze policy model parameter: model.vqmodel.encoder.mid.block_2.conv1.bias
  - Froze policy model parameter: model.vqmodel.encoder.mid.block_2.norm2.weight
  - Froze policy model parameter: model.vqmodel.encoder.mid.block_2.norm2.bias
  - Froze policy model parameter: model.vqmodel.encoder.mid.block_2.conv2.weight
  - Froze policy model parameter: model.vqmodel.encoder.mid.block_2.conv2.bias
  - Froze policy model parameter: model.vqmodel.encoder.norm_out.weight
  - Froze policy model parameter: model.vqmodel.encoder.norm_out.bias
  - Froze policy model parameter: model.vqmodel.encoder.conv_out.weight
  - Froze policy model parameter: model.vqmodel.encoder.conv_out.bias
  - Froze policy model parameter: model.vqmodel.decoder.conv_in.weight
  - Froze policy model parameter: model.vqmodel.decoder.conv_in.bias
  - Froze policy model parameter: model.vqmodel.decoder.mid.block_1.norm1.weight
  - Froze policy model parameter: model.vqmodel.decoder.mid.block_1.norm1.bias
  - Froze policy model parameter: model.vqmodel.decoder.mid.block_1.conv1.weight
  - Froze policy model parameter: model.vqmodel.decoder.mid.block_1.conv1.bias
  - Froze policy model parameter: model.vqmodel.decoder.mid.block_1.norm2.weight
  - Froze policy model parameter: model.vqmodel.decoder.mid.block_1.norm2.bias
  - Froze policy model parameter: model.vqmodel.decoder.mid.block_1.conv2.weight
  - Froze policy model parameter: model.vqmodel.decoder.mid.block_1.conv2.bias
  - Froze policy model parameter: model.vqmodel.decoder.mid.attn_1.norm.weight
  - Froze policy model parameter: model.vqmodel.decoder.mid.attn_1.norm.bias
  - Froze policy model parameter: model.vqmodel.decoder.mid.attn_1.q.weight
  - Froze policy model parameter: model.vqmodel.decoder.mid.attn_1.q.bias
  - Froze policy model parameter: model.vqmodel.decoder.mid.attn_1.k.weight
  - Froze policy model parameter: model.vqmodel.decoder.mid.attn_1.k.bias
  - Froze policy model parameter: model.vqmodel.decoder.mid.attn_1.v.weight
  - Froze policy model parameter: model.vqmodel.decoder.mid.attn_1.v.bias
  - Froze policy model parameter: model.vqmodel.decoder.mid.attn_1.proj_out.weight
  - Froze policy model parameter: model.vqmodel.decoder.mid.attn_1.proj_out.bias
  - Froze policy model parameter: model.vqmodel.decoder.mid.block_2.norm1.weight
  - Froze policy model parameter: model.vqmodel.decoder.mid.block_2.norm1.bias
  - Froze policy model parameter: model.vqmodel.decoder.mid.block_2.conv1.weight
  - Froze policy model parameter: model.vqmodel.decoder.mid.block_2.conv1.bias
  - Froze policy model parameter: model.vqmodel.decoder.mid.block_2.norm2.weight
  - Froze policy model parameter: model.vqmodel.decoder.mid.block_2.norm2.bias
  - Froze policy model parameter: model.vqmodel.decoder.mid.block_2.conv2.weight
  - Froze policy model parameter: model.vqmodel.decoder.mid.block_2.conv2.bias
  - Froze policy model parameter: model.vqmodel.decoder.up.0.block.0.norm1.weight
  - Froze policy model parameter: model.vqmodel.decoder.up.0.block.0.norm1.bias
  - Froze policy model parameter: model.vqmodel.decoder.up.0.block.0.conv1.weight
  - Froze policy model parameter: model.vqmodel.decoder.up.0.block.0.conv1.bias
  - Froze policy model parameter: model.vqmodel.decoder.up.0.block.0.norm2.weight
  - Froze policy model parameter: model.vqmodel.decoder.up.0.block.0.norm2.bias
  - Froze policy model parameter: model.vqmodel.decoder.up.0.block.0.conv2.weight
  - Froze policy model parameter: model.vqmodel.decoder.up.0.block.0.conv2.bias
  - Froze policy model parameter: model.vqmodel.decoder.up.0.block.1.norm1.weight
  - Froze policy model parameter: model.vqmodel.decoder.up.0.block.1.norm1.bias
  - Froze policy model parameter: model.vqmodel.decoder.up.0.block.1.conv1.weight
  - Froze policy model parameter: model.vqmodel.decoder.up.0.block.1.conv1.bias
  - Froze policy model parameter: model.vqmodel.decoder.up.0.block.1.norm2.weight
  - Froze policy model parameter: model.vqmodel.decoder.up.0.block.1.norm2.bias
  - Froze policy model parameter: model.vqmodel.decoder.up.0.block.1.conv2.weight
  - Froze policy model parameter: model.vqmodel.decoder.up.0.block.1.conv2.bias
  - Froze policy model parameter: model.vqmodel.decoder.up.0.block.2.norm1.weight
  - Froze policy model parameter: model.vqmodel.decoder.up.0.block.2.norm1.bias
  - Froze policy model parameter: model.vqmodel.decoder.up.0.block.2.conv1.weight
  - Froze policy model parameter: model.vqmodel.decoder.up.0.block.2.conv1.bias
  - Froze policy model parameter: model.vqmodel.decoder.up.0.block.2.norm2.weight
  - Froze policy model parameter: model.vqmodel.decoder.up.0.block.2.norm2.bias
  - Froze policy model parameter: model.vqmodel.decoder.up.0.block.2.conv2.weight
  - Froze policy model parameter: model.vqmodel.decoder.up.0.block.2.conv2.bias
  - Froze policy model parameter: model.vqmodel.decoder.up.1.block.0.norm1.weight
  - Froze policy model parameter: model.vqmodel.decoder.up.1.block.0.norm1.bias
  - Froze policy model parameter: model.vqmodel.decoder.up.1.block.0.conv1.weight
  - Froze policy model parameter: model.vqmodel.decoder.up.1.block.0.conv1.bias
  - Froze policy model parameter: model.vqmodel.decoder.up.1.block.0.norm2.weight
  - Froze policy model parameter: model.vqmodel.decoder.up.1.block.0.norm2.bias
  - Froze policy model parameter: model.vqmodel.decoder.up.1.block.0.conv2.weight
  - Froze policy model parameter: model.vqmodel.decoder.up.1.block.0.conv2.bias
  - Froze policy model parameter: model.vqmodel.decoder.up.1.block.0.nin_shortcut.weight
  - Froze policy model parameter: model.vqmodel.decoder.up.1.block.0.nin_shortcut.bias
  - Froze policy model parameter: model.vqmodel.decoder.up.1.block.1.norm1.weight
  - Froze policy model parameter: model.vqmodel.decoder.up.1.block.1.norm1.bias
  - Froze policy model parameter: model.vqmodel.decoder.up.1.block.1.conv1.weight
  - Froze policy model parameter: model.vqmodel.decoder.up.1.block.1.conv1.bias
  - Froze policy model parameter: model.vqmodel.decoder.up.1.block.1.norm2.weight
  - Froze policy model parameter: model.vqmodel.decoder.up.1.block.1.norm2.bias
  - Froze policy model parameter: model.vqmodel.decoder.up.1.block.1.conv2.weight
  - Froze policy model parameter: model.vqmodel.decoder.up.1.block.1.conv2.bias
  - Froze policy model parameter: model.vqmodel.decoder.up.1.block.2.norm1.weight
  - Froze policy model parameter: model.vqmodel.decoder.up.1.block.2.norm1.bias
  - Froze policy model parameter: model.vqmodel.decoder.up.1.block.2.conv1.weight
  - Froze policy model parameter: model.vqmodel.decoder.up.1.block.2.conv1.bias
  - Froze policy model parameter: model.vqmodel.decoder.up.1.block.2.norm2.weight
  - Froze policy model parameter: model.vqmodel.decoder.up.1.block.2.norm2.bias
  - Froze policy model parameter: model.vqmodel.decoder.up.1.block.2.conv2.weight
  - Froze policy model parameter: model.vqmodel.decoder.up.1.block.2.conv2.bias
  - Froze policy model parameter: model.vqmodel.decoder.up.1.upsample.conv.weight
  - Froze policy model parameter: model.vqmodel.decoder.up.1.upsample.conv.bias
  - Froze policy model parameter: model.vqmodel.decoder.up.2.block.0.norm1.weight
  - Froze policy model parameter: model.vqmodel.decoder.up.2.block.0.norm1.bias
  - Froze policy model parameter: model.vqmodel.decoder.up.2.block.0.conv1.weight
  - Froze policy model parameter: model.vqmodel.decoder.up.2.block.0.conv1.bias
  - Froze policy model parameter: model.vqmodel.decoder.up.2.block.0.norm2.weight
  - Froze policy model parameter: model.vqmodel.decoder.up.2.block.0.norm2.bias
  - Froze policy model parameter: model.vqmodel.decoder.up.2.block.0.conv2.weight
  - Froze policy model parameter: model.vqmodel.decoder.up.2.block.0.conv2.bias
  - Froze policy model parameter: model.vqmodel.decoder.up.2.block.1.norm1.weight
  - Froze policy model parameter: model.vqmodel.decoder.up.2.block.1.norm1.bias
  - Froze policy model parameter: model.vqmodel.decoder.up.2.block.1.conv1.weight
  - Froze policy model parameter: model.vqmodel.decoder.up.2.block.1.conv1.bias
  - Froze policy model parameter: model.vqmodel.decoder.up.2.block.1.norm2.weight
  - Froze policy model parameter: model.vqmodel.decoder.up.2.block.1.norm2.bias
  - Froze policy model parameter: model.vqmodel.decoder.up.2.block.1.conv2.weight
  - Froze policy model parameter: model.vqmodel.decoder.up.2.block.1.conv2.bias
  - Froze policy model parameter: model.vqmodel.decoder.up.2.block.2.norm1.weight
  - Froze policy model parameter: model.vqmodel.decoder.up.2.block.2.norm1.bias
  - Froze policy model parameter: model.vqmodel.decoder.up.2.block.2.conv1.weight
  - Froze policy model parameter: model.vqmodel.decoder.up.2.block.2.conv1.bias
  - Froze policy model parameter: model.vqmodel.decoder.up.2.block.2.norm2.weight
  - Froze policy model parameter: model.vqmodel.decoder.up.2.block.2.norm2.bias
  - Froze policy model parameter: model.vqmodel.decoder.up.2.block.2.conv2.weight
  - Froze policy model parameter: model.vqmodel.decoder.up.2.block.2.conv2.bias
  - Froze policy model parameter: model.vqmodel.decoder.up.2.upsample.conv.weight
  - Froze policy model parameter: model.vqmodel.decoder.up.2.upsample.conv.bias
  - Froze policy model parameter: model.vqmodel.decoder.up.3.block.0.norm1.weight
  - Froze policy model parameter: model.vqmodel.decoder.up.3.block.0.norm1.bias
  - Froze policy model parameter: model.vqmodel.decoder.up.3.block.0.conv1.weight
  - Froze policy model parameter: model.vqmodel.decoder.up.3.block.0.conv1.bias
  - Froze policy model parameter: model.vqmodel.decoder.up.3.block.0.norm2.weight
  - Froze policy model parameter: model.vqmodel.decoder.up.3.block.0.norm2.bias
  - Froze policy model parameter: model.vqmodel.decoder.up.3.block.0.conv2.weight
  - Froze policy model parameter: model.vqmodel.decoder.up.3.block.0.conv2.bias
  - Froze policy model parameter: model.vqmodel.decoder.up.3.block.0.nin_shortcut.weight
  - Froze policy model parameter: model.vqmodel.decoder.up.3.block.0.nin_shortcut.bias
  - Froze policy model parameter: model.vqmodel.decoder.up.3.block.1.norm1.weight
  - Froze policy model parameter: model.vqmodel.decoder.up.3.block.1.norm1.bias
  - Froze policy model parameter: model.vqmodel.decoder.up.3.block.1.conv1.weight
  - Froze policy model parameter: model.vqmodel.decoder.up.3.block.1.conv1.bias
  - Froze policy model parameter: model.vqmodel.decoder.up.3.block.1.norm2.weight
  - Froze policy model parameter: model.vqmodel.decoder.up.3.block.1.norm2.bias
  - Froze policy model parameter: model.vqmodel.decoder.up.3.block.1.conv2.weight
  - Froze policy model parameter: model.vqmodel.decoder.up.3.block.1.conv2.bias
  - Froze policy model parameter: model.vqmodel.decoder.up.3.block.2.norm1.weight
  - Froze policy model parameter: model.vqmodel.decoder.up.3.block.2.norm1.bias
  - Froze policy model parameter: model.vqmodel.decoder.up.3.block.2.conv1.weight
  - Froze policy model parameter: model.vqmodel.decoder.up.3.block.2.conv1.bias
  - Froze policy model parameter: model.vqmodel.decoder.up.3.block.2.norm2.weight
  - Froze policy model parameter: model.vqmodel.decoder.up.3.block.2.norm2.bias
  - Froze policy model parameter: model.vqmodel.decoder.up.3.block.2.conv2.weight
  - Froze policy model parameter: model.vqmodel.decoder.up.3.block.2.conv2.bias
  - Froze policy model parameter: model.vqmodel.decoder.up.3.upsample.conv.weight
  - Froze policy model parameter: model.vqmodel.decoder.up.3.upsample.conv.bias
  - Froze policy model parameter: model.vqmodel.decoder.up.4.block.0.norm1.weight
  - Froze policy model parameter: model.vqmodel.decoder.up.4.block.0.norm1.bias
  - Froze policy model parameter: model.vqmodel.decoder.up.4.block.0.conv1.weight
  - Froze policy model parameter: model.vqmodel.decoder.up.4.block.0.conv1.bias
  - Froze policy model parameter: model.vqmodel.decoder.up.4.block.0.norm2.weight
  - Froze policy model parameter: model.vqmodel.decoder.up.4.block.0.norm2.bias
  - Froze policy model parameter: model.vqmodel.decoder.up.4.block.0.conv2.weight
  - Froze policy model parameter: model.vqmodel.decoder.up.4.block.0.conv2.bias
  - Froze policy model parameter: model.vqmodel.decoder.up.4.block.1.norm1.weight
  - Froze policy model parameter: model.vqmodel.decoder.up.4.block.1.norm1.bias
  - Froze policy model parameter: model.vqmodel.decoder.up.4.block.1.conv1.weight
  - Froze policy model parameter: model.vqmodel.decoder.up.4.block.1.conv1.bias
  - Froze policy model parameter: model.vqmodel.decoder.up.4.block.1.norm2.weight
  - Froze policy model parameter: model.vqmodel.decoder.up.4.block.1.norm2.bias
  - Froze policy model parameter: model.vqmodel.decoder.up.4.block.1.conv2.weight
  - Froze policy model parameter: model.vqmodel.decoder.up.4.block.1.conv2.bias
  - Froze policy model parameter: model.vqmodel.decoder.up.4.block.2.norm1.weight
  - Froze policy model parameter: model.vqmodel.decoder.up.4.block.2.norm1.bias
  - Froze policy model parameter: model.vqmodel.decoder.up.4.block.2.conv1.weight
  - Froze policy model parameter: model.vqmodel.decoder.up.4.block.2.conv1.bias
  - Froze policy model parameter: model.vqmodel.decoder.up.4.block.2.norm2.weight
  - Froze policy model parameter: model.vqmodel.decoder.up.4.block.2.norm2.bias
  - Froze policy model parameter: model.vqmodel.decoder.up.4.block.2.conv2.weight
  - Froze policy model parameter: model.vqmodel.decoder.up.4.block.2.conv2.bias
  - Froze policy model parameter: model.vqmodel.decoder.up.4.upsample.conv.weight
  - Froze policy model parameter: model.vqmodel.decoder.up.4.upsample.conv.bias
  - Froze policy model parameter: model.vqmodel.decoder.norm_out.weight
  - Froze policy model parameter: model.vqmodel.decoder.norm_out.bias
  - Froze policy model parameter: model.vqmodel.decoder.conv_out.weight
  - Froze policy model parameter: model.vqmodel.decoder.conv_out.bias
  - Froze policy model parameter: model.vqmodel.quantize.embedding.weight
  - Froze policy model parameter: model.vqmodel.quant_conv.weight
  - Froze policy model parameter: model.vqmodel.quant_conv.bias
  - Froze policy model parameter: model.vqmodel.post_quant_conv.weight
  - Froze policy model parameter: model.vqmodel.post_quant_conv.bias
  - Froze policy model parameter: mlp_head.time_embed.mlp.0.weight
  - Froze policy model parameter: mlp_head.time_embed.mlp.0.bias
  - Froze policy model parameter: mlp_head.time_embed.mlp.2.weight
  - Froze policy model parameter: mlp_head.time_embed.mlp.2.bias
  - Froze policy model parameter: mlp_head.cond_embed.weight
  - Froze policy model parameter: mlp_head.cond_embed.bias
  - Froze policy model parameter: mlp_head.input_proj.weight
  - Froze policy model parameter: mlp_head.input_proj.bias
  - Froze policy model parameter: mlp_head.res_blocks.0.in_ln.weight
  - Froze policy model parameter: mlp_head.res_blocks.0.in_ln.bias
  - Froze policy model parameter: mlp_head.res_blocks.0.mlp.0.weight
  - Froze policy model parameter: mlp_head.res_blocks.0.mlp.0.bias
  - Froze policy model parameter: mlp_head.res_blocks.0.mlp.2.weight
  - Froze policy model parameter: mlp_head.res_blocks.0.mlp.2.bias
  - Froze policy model parameter: mlp_head.res_blocks.0.adaLN_modulation.1.weight
  - Froze policy model parameter: mlp_head.res_blocks.0.adaLN_modulation.1.bias
  - Froze policy model parameter: mlp_head.res_blocks.1.in_ln.weight
  - Froze policy model parameter: mlp_head.res_blocks.1.in_ln.bias
  - Froze policy model parameter: mlp_head.res_blocks.1.mlp.0.weight
  - Froze policy model parameter: mlp_head.res_blocks.1.mlp.0.bias
  - Froze policy model parameter: mlp_head.res_blocks.1.mlp.2.weight
  - Froze policy model parameter: mlp_head.res_blocks.1.mlp.2.bias
  - Froze policy model parameter: mlp_head.res_blocks.1.adaLN_modulation.1.weight
  - Froze policy model parameter: mlp_head.res_blocks.1.adaLN_modulation.1.bias
  - Froze policy model parameter: mlp_head.res_blocks.2.in_ln.weight
  - Froze policy model parameter: mlp_head.res_blocks.2.in_ln.bias
  - Froze policy model parameter: mlp_head.res_blocks.2.mlp.0.weight
  - Froze policy model parameter: mlp_head.res_blocks.2.mlp.0.bias
  - Froze policy model parameter: mlp_head.res_blocks.2.mlp.2.weight
  - Froze policy model parameter: mlp_head.res_blocks.2.mlp.2.bias
  - Froze policy model parameter: mlp_head.res_blocks.2.adaLN_modulation.1.weight
  - Froze policy model parameter: mlp_head.res_blocks.2.adaLN_modulation.1.bias
  - Froze policy model parameter: mlp_head.final_layer.linear.weight
  - Froze policy model parameter: mlp_head.final_layer.linear.bias
  - Froze policy model parameter: mlp_head.final_layer.adaLN_modulation.1.weight
  - Froze policy model parameter: mlp_head.final_layer.adaLN_modulation.1.bias
Model parts frozen.
Loading checkpoint shards: 100%|██████████| 3/3 [00:00<00:00, 27.10it/s]Loading checkpoint shards: 100%|██████████| 3/3 [00:00<00:00, 27.06it/s]
Freezing non-trainable parts of the model...
  - Froze policy model parameter: model.vqmodel.encoder.conv_in.weight
  - Froze policy model parameter: model.vqmodel.encoder.conv_in.bias
  - Froze policy model parameter: model.vqmodel.encoder.down.0.block.0.norm1.weight
  - Froze policy model parameter: model.vqmodel.encoder.down.0.block.0.norm1.bias
  - Froze policy model parameter: model.vqmodel.encoder.down.0.block.0.conv1.weight
  - Froze policy model parameter: model.vqmodel.encoder.down.0.block.0.conv1.bias
  - Froze policy model parameter: model.vqmodel.encoder.down.0.block.0.norm2.weight
  - Froze policy model parameter: model.vqmodel.encoder.down.0.block.0.norm2.bias
  - Froze policy model parameter: model.vqmodel.encoder.down.0.block.0.conv2.weight
  - Froze policy model parameter: model.vqmodel.encoder.down.0.block.0.conv2.bias
  - Froze policy model parameter: model.vqmodel.encoder.down.0.block.1.norm1.weight
  - Froze policy model parameter: model.vqmodel.encoder.down.0.block.1.norm1.bias
  - Froze policy model parameter: model.vqmodel.encoder.down.0.block.1.conv1.weight
  - Froze policy model parameter: model.vqmodel.encoder.down.0.block.1.conv1.bias
  - Froze policy model parameter: model.vqmodel.encoder.down.0.block.1.norm2.weight
  - Froze policy model parameter: model.vqmodel.encoder.down.0.block.1.norm2.bias
  - Froze policy model parameter: model.vqmodel.encoder.down.0.block.1.conv2.weight
  - Froze policy model parameter: model.vqmodel.encoder.down.0.block.1.conv2.bias
  - Froze policy model parameter: model.vqmodel.encoder.down.0.downsample.conv.weight
  - Froze policy model parameter: model.vqmodel.encoder.down.0.downsample.conv.bias
  - Froze policy model parameter: model.vqmodel.encoder.down.1.block.0.norm1.weight
  - Froze policy model parameter: model.vqmodel.encoder.down.1.block.0.norm1.bias
  - Froze policy model parameter: model.vqmodel.encoder.down.1.block.0.conv1.weight
  - Froze policy model parameter: model.vqmodel.encoder.down.1.block.0.conv1.bias
  - Froze policy model parameter: model.vqmodel.encoder.down.1.block.0.norm2.weight
  - Froze policy model parameter: model.vqmodel.encoder.down.1.block.0.norm2.bias
  - Froze policy model parameter: model.vqmodel.encoder.down.1.block.0.conv2.weight
  - Froze policy model parameter: model.vqmodel.encoder.down.1.block.0.conv2.bias
  - Froze policy model parameter: model.vqmodel.encoder.down.1.block.1.norm1.weight
  - Froze policy model parameter: model.vqmodel.encoder.down.1.block.1.norm1.bias
  - Froze policy model parameter: model.vqmodel.encoder.down.1.block.1.conv1.weight
  - Froze policy model parameter: model.vqmodel.encoder.down.1.block.1.conv1.bias
  - Froze policy model parameter: model.vqmodel.encoder.down.1.block.1.norm2.weight
  - Froze policy model parameter: model.vqmodel.encoder.down.1.block.1.norm2.bias
  - Froze policy model parameter: model.vqmodel.encoder.down.1.block.1.conv2.weight
  - Froze policy model parameter: model.vqmodel.encoder.down.1.block.1.conv2.bias
  - Froze policy model parameter: model.vqmodel.encoder.down.1.downsample.conv.weight
  - Froze policy model parameter: model.vqmodel.encoder.down.1.downsample.conv.bias
  - Froze policy model parameter: model.vqmodel.encoder.down.2.block.0.norm1.weight
  - Froze policy model parameter: model.vqmodel.encoder.down.2.block.0.norm1.bias
  - Froze policy model parameter: model.vqmodel.encoder.down.2.block.0.conv1.weight
  - Froze policy model parameter: model.vqmodel.encoder.down.2.block.0.conv1.bias
  - Froze policy model parameter: model.vqmodel.encoder.down.2.block.0.norm2.weight
  - Froze policy model parameter: model.vqmodel.encoder.down.2.block.0.norm2.bias
  - Froze policy model parameter: model.vqmodel.encoder.down.2.block.0.conv2.weight
  - Froze policy model parameter: model.vqmodel.encoder.down.2.block.0.conv2.bias
  - Froze policy model parameter: model.vqmodel.encoder.down.2.block.0.nin_shortcut.weight
  - Froze policy model parameter: model.vqmodel.encoder.down.2.block.0.nin_shortcut.bias
  - Froze policy model parameter: model.vqmodel.encoder.down.2.block.1.norm1.weight
  - Froze policy model parameter: model.vqmodel.encoder.down.2.block.1.norm1.bias
  - Froze policy model parameter: model.vqmodel.encoder.down.2.block.1.conv1.weight
  - Froze policy model parameter: model.vqmodel.encoder.down.2.block.1.conv1.bias
  - Froze policy model parameter: model.vqmodel.encoder.down.2.block.1.norm2.weight
  - Froze policy model parameter: model.vqmodel.encoder.down.2.block.1.norm2.bias
  - Froze policy model parameter: model.vqmodel.encoder.down.2.block.1.conv2.weight
  - Froze policy model parameter: model.vqmodel.encoder.down.2.block.1.conv2.bias
  - Froze policy model parameter: model.vqmodel.encoder.down.2.downsample.conv.weight
  - Froze policy model parameter: model.vqmodel.encoder.down.2.downsample.conv.bias
  - Froze policy model parameter: model.vqmodel.encoder.down.3.block.0.norm1.weight
  - Froze policy model parameter: model.vqmodel.encoder.down.3.block.0.norm1.bias
  - Froze policy model parameter: model.vqmodel.encoder.down.3.block.0.conv1.weight
  - Froze policy model parameter: model.vqmodel.encoder.down.3.block.0.conv1.bias
  - Froze policy model parameter: model.vqmodel.encoder.down.3.block.0.norm2.weight
  - Froze policy model parameter: model.vqmodel.encoder.down.3.block.0.norm2.bias
  - Froze policy model parameter: model.vqmodel.encoder.down.3.block.0.conv2.weight
  - Froze policy model parameter: model.vqmodel.encoder.down.3.block.0.conv2.bias
  - Froze policy model parameter: model.vqmodel.encoder.down.3.block.1.norm1.weight
  - Froze policy model parameter: model.vqmodel.encoder.down.3.block.1.norm1.bias
  - Froze policy model parameter: model.vqmodel.encoder.down.3.block.1.conv1.weight
  - Froze policy model parameter: model.vqmodel.encoder.down.3.block.1.conv1.bias
  - Froze policy model parameter: model.vqmodel.encoder.down.3.block.1.norm2.weight
  - Froze policy model parameter: model.vqmodel.encoder.down.3.block.1.norm2.bias
  - Froze policy model parameter: model.vqmodel.encoder.down.3.block.1.conv2.weight
  - Froze policy model parameter: model.vqmodel.encoder.down.3.block.1.conv2.bias
  - Froze policy model parameter: model.vqmodel.encoder.down.3.downsample.conv.weight
  - Froze policy model parameter: model.vqmodel.encoder.down.3.downsample.conv.bias
  - Froze policy model parameter: model.vqmodel.encoder.down.4.block.0.norm1.weight
  - Froze policy model parameter: model.vqmodel.encoder.down.4.block.0.norm1.bias
  - Froze policy model parameter: model.vqmodel.encoder.down.4.block.0.conv1.weight
  - Froze policy model parameter: model.vqmodel.encoder.down.4.block.0.conv1.bias
  - Froze policy model parameter: model.vqmodel.encoder.down.4.block.0.norm2.weight
  - Froze policy model parameter: model.vqmodel.encoder.down.4.block.0.norm2.bias
  - Froze policy model parameter: model.vqmodel.encoder.down.4.block.0.conv2.weight
  - Froze policy model parameter: model.vqmodel.encoder.down.4.block.0.conv2.bias
  - Froze policy model parameter: model.vqmodel.encoder.down.4.block.0.nin_shortcut.weight
  - Froze policy model parameter: model.vqmodel.encoder.down.4.block.0.nin_shortcut.bias
  - Froze policy model parameter: model.vqmodel.encoder.down.4.block.1.norm1.weight
  - Froze policy model parameter: model.vqmodel.encoder.down.4.block.1.norm1.bias
  - Froze policy model parameter: model.vqmodel.encoder.down.4.block.1.conv1.weight
  - Froze policy model parameter: model.vqmodel.encoder.down.4.block.1.conv1.bias
  - Froze policy model parameter: model.vqmodel.encoder.down.4.block.1.norm2.weight
  - Froze policy model parameter: model.vqmodel.encoder.down.4.block.1.norm2.bias
  - Froze policy model parameter: model.vqmodel.encoder.down.4.block.1.conv2.weight
  - Froze policy model parameter: model.vqmodel.encoder.down.4.block.1.conv2.bias
  - Froze policy model parameter: model.vqmodel.encoder.mid.block_1.norm1.weight
  - Froze policy model parameter: model.vqmodel.encoder.mid.block_1.norm1.bias
  - Froze policy model parameter: model.vqmodel.encoder.mid.block_1.conv1.weight
  - Froze policy model parameter: model.vqmodel.encoder.mid.block_1.conv1.bias
  - Froze policy model parameter: model.vqmodel.encoder.mid.block_1.norm2.weight
  - Froze policy model parameter: model.vqmodel.encoder.mid.block_1.norm2.bias
  - Froze policy model parameter: model.vqmodel.encoder.mid.block_1.conv2.weight
  - Froze policy model parameter: model.vqmodel.encoder.mid.block_1.conv2.bias
  - Froze policy model parameter: model.vqmodel.encoder.mid.attn_1.norm.weight
  - Froze policy model parameter: model.vqmodel.encoder.mid.attn_1.norm.bias
  - Froze policy model parameter: model.vqmodel.encoder.mid.attn_1.q.weight
  - Froze policy model parameter: model.vqmodel.encoder.mid.attn_1.q.bias
  - Froze policy model parameter: model.vqmodel.encoder.mid.attn_1.k.weight
  - Froze policy model parameter: model.vqmodel.encoder.mid.attn_1.k.bias
  - Froze policy model parameter: model.vqmodel.encoder.mid.attn_1.v.weight
  - Froze policy model parameter: model.vqmodel.encoder.mid.attn_1.v.bias
  - Froze policy model parameter: model.vqmodel.encoder.mid.attn_1.proj_out.weight
  - Froze policy model parameter: model.vqmodel.encoder.mid.attn_1.proj_out.bias
  - Froze policy model parameter: model.vqmodel.encoder.mid.block_2.norm1.weight
  - Froze policy model parameter: model.vqmodel.encoder.mid.block_2.norm1.bias
  - Froze policy model parameter: model.vqmodel.encoder.mid.block_2.conv1.weight
  - Froze policy model parameter: model.vqmodel.encoder.mid.block_2.conv1.bias
  - Froze policy model parameter: model.vqmodel.encoder.mid.block_2.norm2.weight
  - Froze policy model parameter: model.vqmodel.encoder.mid.block_2.norm2.bias
  - Froze policy model parameter: model.vqmodel.encoder.mid.block_2.conv2.weight
  - Froze policy model parameter: model.vqmodel.encoder.mid.block_2.conv2.bias
  - Froze policy model parameter: model.vqmodel.encoder.norm_out.weight
  - Froze policy model parameter: model.vqmodel.encoder.norm_out.bias
  - Froze policy model parameter: model.vqmodel.encoder.conv_out.weight
  - Froze policy model parameter: model.vqmodel.encoder.conv_out.bias
  - Froze policy model parameter: model.vqmodel.decoder.conv_in.weight
  - Froze policy model parameter: model.vqmodel.decoder.conv_in.bias
  - Froze policy model parameter: model.vqmodel.decoder.mid.block_1.norm1.weight
  - Froze policy model parameter: model.vqmodel.decoder.mid.block_1.norm1.bias
  - Froze policy model parameter: model.vqmodel.decoder.mid.block_1.conv1.weight
  - Froze policy model parameter: model.vqmodel.decoder.mid.block_1.conv1.bias
  - Froze policy model parameter: model.vqmodel.decoder.mid.block_1.norm2.weight
  - Froze policy model parameter: model.vqmodel.decoder.mid.block_1.norm2.bias
  - Froze policy model parameter: model.vqmodel.decoder.mid.block_1.conv2.weight
  - Froze policy model parameter: model.vqmodel.decoder.mid.block_1.conv2.bias
  - Froze policy model parameter: model.vqmodel.decoder.mid.attn_1.norm.weight
  - Froze policy model parameter: model.vqmodel.decoder.mid.attn_1.norm.bias
  - Froze policy model parameter: model.vqmodel.decoder.mid.attn_1.q.weight
  - Froze policy model parameter: model.vqmodel.decoder.mid.attn_1.q.bias
  - Froze policy model parameter: model.vqmodel.decoder.mid.attn_1.k.weight
  - Froze policy model parameter: model.vqmodel.decoder.mid.attn_1.k.bias
  - Froze policy model parameter: model.vqmodel.decoder.mid.attn_1.v.weight
  - Froze policy model parameter: model.vqmodel.decoder.mid.attn_1.v.bias
  - Froze policy model parameter: model.vqmodel.decoder.mid.attn_1.proj_out.weight
  - Froze policy model parameter: model.vqmodel.decoder.mid.attn_1.proj_out.bias
  - Froze policy model parameter: model.vqmodel.decoder.mid.block_2.norm1.weight
  - Froze policy model parameter: model.vqmodel.decoder.mid.block_2.norm1.bias
  - Froze policy model parameter: model.vqmodel.decoder.mid.block_2.conv1.weight
  - Froze policy model parameter: model.vqmodel.decoder.mid.block_2.conv1.bias
  - Froze policy model parameter: model.vqmodel.decoder.mid.block_2.norm2.weight
  - Froze policy model parameter: model.vqmodel.decoder.mid.block_2.norm2.bias
  - Froze policy model parameter: model.vqmodel.decoder.mid.block_2.conv2.weight
  - Froze policy model parameter: model.vqmodel.decoder.mid.block_2.conv2.bias
  - Froze policy model parameter: model.vqmodel.decoder.up.0.block.0.norm1.weight
  - Froze policy model parameter: model.vqmodel.decoder.up.0.block.0.norm1.bias
  - Froze policy model parameter: model.vqmodel.decoder.up.0.block.0.conv1.weight
  - Froze policy model parameter: model.vqmodel.decoder.up.0.block.0.conv1.bias
  - Froze policy model parameter: model.vqmodel.decoder.up.0.block.0.norm2.weight
  - Froze policy model parameter: model.vqmodel.decoder.up.0.block.0.norm2.bias
  - Froze policy model parameter: model.vqmodel.decoder.up.0.block.0.conv2.weight
  - Froze policy model parameter: model.vqmodel.decoder.up.0.block.0.conv2.bias
  - Froze policy model parameter: model.vqmodel.decoder.up.0.block.1.norm1.weight
  - Froze policy model parameter: model.vqmodel.decoder.up.0.block.1.norm1.bias
  - Froze policy model parameter: model.vqmodel.decoder.up.0.block.1.conv1.weight
  - Froze policy model parameter: model.vqmodel.decoder.up.0.block.1.conv1.bias
  - Froze policy model parameter: model.vqmodel.decoder.up.0.block.1.norm2.weight
  - Froze policy model parameter: model.vqmodel.decoder.up.0.block.1.norm2.bias
  - Froze policy model parameter: model.vqmodel.decoder.up.0.block.1.conv2.weight
  - Froze policy model parameter: model.vqmodel.decoder.up.0.block.1.conv2.bias
  - Froze policy model parameter: model.vqmodel.decoder.up.0.block.2.norm1.weight
  - Froze policy model parameter: model.vqmodel.decoder.up.0.block.2.norm1.bias
  - Froze policy model parameter: model.vqmodel.decoder.up.0.block.2.conv1.weight
  - Froze policy model parameter: model.vqmodel.decoder.up.0.block.2.conv1.bias
  - Froze policy model parameter: model.vqmodel.decoder.up.0.block.2.norm2.weight
  - Froze policy model parameter: model.vqmodel.decoder.up.0.block.2.norm2.bias
  - Froze policy model parameter: model.vqmodel.decoder.up.0.block.2.conv2.weight
  - Froze policy model parameter: model.vqmodel.decoder.up.0.block.2.conv2.bias
  - Froze policy model parameter: model.vqmodel.decoder.up.1.block.0.norm1.weight
  - Froze policy model parameter: model.vqmodel.decoder.up.1.block.0.norm1.bias
  - Froze policy model parameter: model.vqmodel.decoder.up.1.block.0.conv1.weight
  - Froze policy model parameter: model.vqmodel.decoder.up.1.block.0.conv1.bias
  - Froze policy model parameter: model.vqmodel.decoder.up.1.block.0.norm2.weight
  - Froze policy model parameter: model.vqmodel.decoder.up.1.block.0.norm2.bias
  - Froze policy model parameter: model.vqmodel.decoder.up.1.block.0.conv2.weight
  - Froze policy model parameter: model.vqmodel.decoder.up.1.block.0.conv2.bias
  - Froze policy model parameter: model.vqmodel.decoder.up.1.block.0.nin_shortcut.weight
  - Froze policy model parameter: model.vqmodel.decoder.up.1.block.0.nin_shortcut.bias
  - Froze policy model parameter: model.vqmodel.decoder.up.1.block.1.norm1.weight
  - Froze policy model parameter: model.vqmodel.decoder.up.1.block.1.norm1.bias
  - Froze policy model parameter: model.vqmodel.decoder.up.1.block.1.conv1.weight
  - Froze policy model parameter: model.vqmodel.decoder.up.1.block.1.conv1.bias
  - Froze policy model parameter: model.vqmodel.decoder.up.1.block.1.norm2.weight
  - Froze policy model parameter: model.vqmodel.decoder.up.1.block.1.norm2.bias
  - Froze policy model parameter: model.vqmodel.decoder.up.1.block.1.conv2.weight
  - Froze policy model parameter: model.vqmodel.decoder.up.1.block.1.conv2.bias
  - Froze policy model parameter: model.vqmodel.decoder.up.1.block.2.norm1.weight
  - Froze policy model parameter: model.vqmodel.decoder.up.1.block.2.norm1.bias
  - Froze policy model parameter: model.vqmodel.decoder.up.1.block.2.conv1.weight
  - Froze policy model parameter: model.vqmodel.decoder.up.1.block.2.conv1.bias
  - Froze policy model parameter: model.vqmodel.decoder.up.1.block.2.norm2.weight
  - Froze policy model parameter: model.vqmodel.decoder.up.1.block.2.norm2.bias
  - Froze policy model parameter: model.vqmodel.decoder.up.1.block.2.conv2.weight
  - Froze policy model parameter: model.vqmodel.decoder.up.1.block.2.conv2.bias
  - Froze policy model parameter: model.vqmodel.decoder.up.1.upsample.conv.weight
  - Froze policy model parameter: model.vqmodel.decoder.up.1.upsample.conv.bias
  - Froze policy model parameter: model.vqmodel.decoder.up.2.block.0.norm1.weight
  - Froze policy model parameter: model.vqmodel.decoder.up.2.block.0.norm1.bias
  - Froze policy model parameter: model.vqmodel.decoder.up.2.block.0.conv1.weight
  - Froze policy model parameter: model.vqmodel.decoder.up.2.block.0.conv1.bias
  - Froze policy model parameter: model.vqmodel.decoder.up.2.block.0.norm2.weight
  - Froze policy model parameter: model.vqmodel.decoder.up.2.block.0.norm2.bias
  - Froze policy model parameter: model.vqmodel.decoder.up.2.block.0.conv2.weight
  - Froze policy model parameter: model.vqmodel.decoder.up.2.block.0.conv2.bias
  - Froze policy model parameter: model.vqmodel.decoder.up.2.block.1.norm1.weight
  - Froze policy model parameter: model.vqmodel.decoder.up.2.block.1.norm1.bias
  - Froze policy model parameter: model.vqmodel.decoder.up.2.block.1.conv1.weight
  - Froze policy model parameter: model.vqmodel.decoder.up.2.block.1.conv1.bias
  - Froze policy model parameter: model.vqmodel.decoder.up.2.block.1.norm2.weight
  - Froze policy model parameter: model.vqmodel.decoder.up.2.block.1.norm2.bias
  - Froze policy model parameter: model.vqmodel.decoder.up.2.block.1.conv2.weight
  - Froze policy model parameter: model.vqmodel.decoder.up.2.block.1.conv2.bias
  - Froze policy model parameter: model.vqmodel.decoder.up.2.block.2.norm1.weight
  - Froze policy model parameter: model.vqmodel.decoder.up.2.block.2.norm1.bias
  - Froze policy model parameter: model.vqmodel.decoder.up.2.block.2.conv1.weight
  - Froze policy model parameter: model.vqmodel.decoder.up.2.block.2.conv1.bias
  - Froze policy model parameter: model.vqmodel.decoder.up.2.block.2.norm2.weight
  - Froze policy model parameter: model.vqmodel.decoder.up.2.block.2.norm2.bias
  - Froze policy model parameter: model.vqmodel.decoder.up.2.block.2.conv2.weight
  - Froze policy model parameter: model.vqmodel.decoder.up.2.block.2.conv2.bias
  - Froze policy model parameter: model.vqmodel.decoder.up.2.upsample.conv.weight
  - Froze policy model parameter: model.vqmodel.decoder.up.2.upsample.conv.bias
  - Froze policy model parameter: model.vqmodel.decoder.up.3.block.0.norm1.weight
  - Froze policy model parameter: model.vqmodel.decoder.up.3.block.0.norm1.bias
  - Froze policy model parameter: model.vqmodel.decoder.up.3.block.0.conv1.weight
  - Froze policy model parameter: model.vqmodel.decoder.up.3.block.0.conv1.bias
  - Froze policy model parameter: model.vqmodel.decoder.up.3.block.0.norm2.weight
  - Froze policy model parameter: model.vqmodel.decoder.up.3.block.0.norm2.bias
  - Froze policy model parameter: model.vqmodel.decoder.up.3.block.0.conv2.weight
  - Froze policy model parameter: model.vqmodel.decoder.up.3.block.0.conv2.bias
  - Froze policy model parameter: model.vqmodel.decoder.up.3.block.0.nin_shortcut.weight
  - Froze policy model parameter: model.vqmodel.decoder.up.3.block.0.nin_shortcut.bias
  - Froze policy model parameter: model.vqmodel.decoder.up.3.block.1.norm1.weight
  - Froze policy model parameter: model.vqmodel.decoder.up.3.block.1.norm1.bias
  - Froze policy model parameter: model.vqmodel.decoder.up.3.block.1.conv1.weight
  - Froze policy model parameter: model.vqmodel.decoder.up.3.block.1.conv1.bias
  - Froze policy model parameter: model.vqmodel.decoder.up.3.block.1.norm2.weight
  - Froze policy model parameter: model.vqmodel.decoder.up.3.block.1.norm2.bias
  - Froze policy model parameter: model.vqmodel.decoder.up.3.block.1.conv2.weight
  - Froze policy model parameter: model.vqmodel.decoder.up.3.block.1.conv2.bias
  - Froze policy model parameter: model.vqmodel.decoder.up.3.block.2.norm1.weight
  - Froze policy model parameter: model.vqmodel.decoder.up.3.block.2.norm1.bias
  - Froze policy model parameter: model.vqmodel.decoder.up.3.block.2.conv1.weight
  - Froze policy model parameter: model.vqmodel.decoder.up.3.block.2.conv1.bias
  - Froze policy model parameter: model.vqmodel.decoder.up.3.block.2.norm2.weight
  - Froze policy model parameter: model.vqmodel.decoder.up.3.block.2.norm2.bias
  - Froze policy model parameter: model.vqmodel.decoder.up.3.block.2.conv2.weight
  - Froze policy model parameter: model.vqmodel.decoder.up.3.block.2.conv2.bias
  - Froze policy model parameter: model.vqmodel.decoder.up.3.upsample.conv.weight
  - Froze policy model parameter: model.vqmodel.decoder.up.3.upsample.conv.bias
  - Froze policy model parameter: model.vqmodel.decoder.up.4.block.0.norm1.weight
  - Froze policy model parameter: model.vqmodel.decoder.up.4.block.0.norm1.bias
  - Froze policy model parameter: model.vqmodel.decoder.up.4.block.0.conv1.weight
  - Froze policy model parameter: model.vqmodel.decoder.up.4.block.0.conv1.bias
  - Froze policy model parameter: model.vqmodel.decoder.up.4.block.0.norm2.weight
  - Froze policy model parameter: model.vqmodel.decoder.up.4.block.0.norm2.bias
  - Froze policy model parameter: model.vqmodel.decoder.up.4.block.0.conv2.weight
  - Froze policy model parameter: model.vqmodel.decoder.up.4.block.0.conv2.bias
  - Froze policy model parameter: model.vqmodel.decoder.up.4.block.1.norm1.weight
  - Froze policy model parameter: model.vqmodel.decoder.up.4.block.1.norm1.bias
  - Froze policy model parameter: model.vqmodel.decoder.up.4.block.1.conv1.weight
  - Froze policy model parameter: model.vqmodel.decoder.up.4.block.1.conv1.bias
  - Froze policy model parameter: model.vqmodel.decoder.up.4.block.1.norm2.weight
  - Froze policy model parameter: model.vqmodel.decoder.up.4.block.1.norm2.bias
  - Froze policy model parameter: model.vqmodel.decoder.up.4.block.1.conv2.weight
  - Froze policy model parameter: model.vqmodel.decoder.up.4.block.1.conv2.bias
  - Froze policy model parameter: model.vqmodel.decoder.up.4.block.2.norm1.weight
  - Froze policy model parameter: model.vqmodel.decoder.up.4.block.2.norm1.bias
  - Froze policy model parameter: model.vqmodel.decoder.up.4.block.2.conv1.weight
  - Froze policy model parameter: model.vqmodel.decoder.up.4.block.2.conv1.bias
  - Froze policy model parameter: model.vqmodel.decoder.up.4.block.2.norm2.weight
  - Froze policy model parameter: model.vqmodel.decoder.up.4.block.2.norm2.bias
  - Froze policy model parameter: model.vqmodel.decoder.up.4.block.2.conv2.weight
  - Froze policy model parameter: model.vqmodel.decoder.up.4.block.2.conv2.bias
  - Froze policy model parameter: model.vqmodel.decoder.up.4.upsample.conv.weight
  - Froze policy model parameter: model.vqmodel.decoder.up.4.upsample.conv.bias
  - Froze policy model parameter: model.vqmodel.decoder.norm_out.weight
  - Froze policy model parameter: model.vqmodel.decoder.norm_out.bias
  - Froze policy model parameter: model.vqmodel.decoder.conv_out.weight
  - Froze policy model parameter: model.vqmodel.decoder.conv_out.bias
  - Froze policy model parameter: model.vqmodel.quantize.embedding.weight
  - Froze policy model parameter: model.vqmodel.quant_conv.weight
  - Froze policy model parameter: model.vqmodel.quant_conv.bias
  - Froze policy model parameter: model.vqmodel.post_quant_conv.weight
  - Froze policy model parameter: model.vqmodel.post_quant_conv.bias
  - Froze policy model parameter: mlp_head.time_embed.mlp.0.weight
  - Froze policy model parameter: mlp_head.time_embed.mlp.0.bias
  - Froze policy model parameter: mlp_head.time_embed.mlp.2.weight
  - Froze policy model parameter: mlp_head.time_embed.mlp.2.bias
  - Froze policy model parameter: mlp_head.cond_embed.weight
  - Froze policy model parameter: mlp_head.cond_embed.bias
  - Froze policy model parameter: mlp_head.input_proj.weight
  - Froze policy model parameter: mlp_head.input_proj.bias
  - Froze policy model parameter: mlp_head.res_blocks.0.in_ln.weight
  - Froze policy model parameter: mlp_head.res_blocks.0.in_ln.bias
  - Froze policy model parameter: mlp_head.res_blocks.0.mlp.0.weight
  - Froze policy model parameter: mlp_head.res_blocks.0.mlp.0.bias
  - Froze policy model parameter: mlp_head.res_blocks.0.mlp.2.weight
  - Froze policy model parameter: mlp_head.res_blocks.0.mlp.2.bias
  - Froze policy model parameter: mlp_head.res_blocks.0.adaLN_modulation.1.weight
  - Froze policy model parameter: mlp_head.res_blocks.0.adaLN_modulation.1.bias
  - Froze policy model parameter: mlp_head.res_blocks.1.in_ln.weight
  - Froze policy model parameter: mlp_head.res_blocks.1.in_ln.bias
  - Froze policy model parameter: mlp_head.res_blocks.1.mlp.0.weight
  - Froze policy model parameter: mlp_head.res_blocks.1.mlp.0.bias
  - Froze policy model parameter: mlp_head.res_blocks.1.mlp.2.weight
  - Froze policy model parameter: mlp_head.res_blocks.1.mlp.2.bias
  - Froze policy model parameter: mlp_head.res_blocks.1.adaLN_modulation.1.weight
  - Froze policy model parameter: mlp_head.res_blocks.1.adaLN_modulation.1.bias
  - Froze policy model parameter: mlp_head.res_blocks.2.in_ln.weight
  - Froze policy model parameter: mlp_head.res_blocks.2.in_ln.bias
  - Froze policy model parameter: mlp_head.res_blocks.2.mlp.0.weight
  - Froze policy model parameter: mlp_head.res_blocks.2.mlp.0.bias
  - Froze policy model parameter: mlp_head.res_blocks.2.mlp.2.weight
  - Froze policy model parameter: mlp_head.res_blocks.2.mlp.2.bias
  - Froze policy model parameter: mlp_head.res_blocks.2.adaLN_modulation.1.weight
  - Froze policy model parameter: mlp_head.res_blocks.2.adaLN_modulation.1.bias
  - Froze policy model parameter: mlp_head.final_layer.linear.weight
  - Froze policy model parameter: mlp_head.final_layer.linear.bias
  - Froze policy model parameter: mlp_head.final_layer.adaLN_modulation.1.weight
  - Froze policy model parameter: mlp_head.final_layer.adaLN_modulation.1.bias
Model parts frozen.
Loaded 2 reward functions: ['answer_correctness_reward', 'format_reward']Loaded 2 reward functions: ['answer_correctness_reward', 'format_reward']

Trainer initialized.
--- [Step 3/3] Starting GRPO training... ---
Trainer initialized.
--- [Step 3/3] Starting GRPO training... ---
Loading checkpoint shards: 100%|██████████| 3/3 [00:00<00:00, 26.88it/s]Loading checkpoint shards: 100%|██████████| 3/3 [00:00<00:00, 26.84it/s]
Freezing non-trainable parts of the model...
  - Froze policy model parameter: model.vqmodel.encoder.conv_in.weight
  - Froze policy model parameter: model.vqmodel.encoder.conv_in.bias
  - Froze policy model parameter: model.vqmodel.encoder.down.0.block.0.norm1.weight
  - Froze policy model parameter: model.vqmodel.encoder.down.0.block.0.norm1.bias
  - Froze policy model parameter: model.vqmodel.encoder.down.0.block.0.conv1.weight
  - Froze policy model parameter: model.vqmodel.encoder.down.0.block.0.conv1.bias
  - Froze policy model parameter: model.vqmodel.encoder.down.0.block.0.norm2.weight
  - Froze policy model parameter: model.vqmodel.encoder.down.0.block.0.norm2.bias
  - Froze policy model parameter: model.vqmodel.encoder.down.0.block.0.conv2.weight
  - Froze policy model parameter: model.vqmodel.encoder.down.0.block.0.conv2.bias
  - Froze policy model parameter: model.vqmodel.encoder.down.0.block.1.norm1.weight
  - Froze policy model parameter: model.vqmodel.encoder.down.0.block.1.norm1.bias
  - Froze policy model parameter: model.vqmodel.encoder.down.0.block.1.conv1.weight
  - Froze policy model parameter: model.vqmodel.encoder.down.0.block.1.conv1.bias
  - Froze policy model parameter: model.vqmodel.encoder.down.0.block.1.norm2.weight
  - Froze policy model parameter: model.vqmodel.encoder.down.0.block.1.norm2.bias
  - Froze policy model parameter: model.vqmodel.encoder.down.0.block.1.conv2.weight
  - Froze policy model parameter: model.vqmodel.encoder.down.0.block.1.conv2.bias
  - Froze policy model parameter: model.vqmodel.encoder.down.0.downsample.conv.weight
  - Froze policy model parameter: model.vqmodel.encoder.down.0.downsample.conv.bias
  - Froze policy model parameter: model.vqmodel.encoder.down.1.block.0.norm1.weight
  - Froze policy model parameter: model.vqmodel.encoder.down.1.block.0.norm1.bias
  - Froze policy model parameter: model.vqmodel.encoder.down.1.block.0.conv1.weight
  - Froze policy model parameter: model.vqmodel.encoder.down.1.block.0.conv1.bias
  - Froze policy model parameter: model.vqmodel.encoder.down.1.block.0.norm2.weight
  - Froze policy model parameter: model.vqmodel.encoder.down.1.block.0.norm2.bias
  - Froze policy model parameter: model.vqmodel.encoder.down.1.block.0.conv2.weight
  - Froze policy model parameter: model.vqmodel.encoder.down.1.block.0.conv2.bias
  - Froze policy model parameter: model.vqmodel.encoder.down.1.block.1.norm1.weight
  - Froze policy model parameter: model.vqmodel.encoder.down.1.block.1.norm1.bias
  - Froze policy model parameter: model.vqmodel.encoder.down.1.block.1.conv1.weight
  - Froze policy model parameter: model.vqmodel.encoder.down.1.block.1.conv1.bias
  - Froze policy model parameter: model.vqmodel.encoder.down.1.block.1.norm2.weight
  - Froze policy model parameter: model.vqmodel.encoder.down.1.block.1.norm2.bias
  - Froze policy model parameter: model.vqmodel.encoder.down.1.block.1.conv2.weight
  - Froze policy model parameter: model.vqmodel.encoder.down.1.block.1.conv2.bias
  - Froze policy model parameter: model.vqmodel.encoder.down.1.downsample.conv.weight
  - Froze policy model parameter: model.vqmodel.encoder.down.1.downsample.conv.bias
  - Froze policy model parameter: model.vqmodel.encoder.down.2.block.0.norm1.weight
  - Froze policy model parameter: model.vqmodel.encoder.down.2.block.0.norm1.bias
  - Froze policy model parameter: model.vqmodel.encoder.down.2.block.0.conv1.weight
  - Froze policy model parameter: model.vqmodel.encoder.down.2.block.0.conv1.bias
  - Froze policy model parameter: model.vqmodel.encoder.down.2.block.0.norm2.weight
  - Froze policy model parameter: model.vqmodel.encoder.down.2.block.0.norm2.bias
  - Froze policy model parameter: model.vqmodel.encoder.down.2.block.0.conv2.weight
  - Froze policy model parameter: model.vqmodel.encoder.down.2.block.0.conv2.bias
  - Froze policy model parameter: model.vqmodel.encoder.down.2.block.0.nin_shortcut.weight
  - Froze policy model parameter: model.vqmodel.encoder.down.2.block.0.nin_shortcut.bias
  - Froze policy model parameter: model.vqmodel.encoder.down.2.block.1.norm1.weight
  - Froze policy model parameter: model.vqmodel.encoder.down.2.block.1.norm1.bias
  - Froze policy model parameter: model.vqmodel.encoder.down.2.block.1.conv1.weight
  - Froze policy model parameter: model.vqmodel.encoder.down.2.block.1.conv1.bias
  - Froze policy model parameter: model.vqmodel.encoder.down.2.block.1.norm2.weight
  - Froze policy model parameter: model.vqmodel.encoder.down.2.block.1.norm2.bias
  - Froze policy model parameter: model.vqmodel.encoder.down.2.block.1.conv2.weight
  - Froze policy model parameter: model.vqmodel.encoder.down.2.block.1.conv2.bias
  - Froze policy model parameter: model.vqmodel.encoder.down.2.downsample.conv.weight
  - Froze policy model parameter: model.vqmodel.encoder.down.2.downsample.conv.bias
  - Froze policy model parameter: model.vqmodel.encoder.down.3.block.0.norm1.weight
  - Froze policy model parameter: model.vqmodel.encoder.down.3.block.0.norm1.bias
  - Froze policy model parameter: model.vqmodel.encoder.down.3.block.0.conv1.weight
  - Froze policy model parameter: model.vqmodel.encoder.down.3.block.0.conv1.bias
  - Froze policy model parameter: model.vqmodel.encoder.down.3.block.0.norm2.weight
  - Froze policy model parameter: model.vqmodel.encoder.down.3.block.0.norm2.bias
  - Froze policy model parameter: model.vqmodel.encoder.down.3.block.0.conv2.weight
  - Froze policy model parameter: model.vqmodel.encoder.down.3.block.0.conv2.bias
  - Froze policy model parameter: model.vqmodel.encoder.down.3.block.1.norm1.weight
  - Froze policy model parameter: model.vqmodel.encoder.down.3.block.1.norm1.bias
  - Froze policy model parameter: model.vqmodel.encoder.down.3.block.1.conv1.weight
  - Froze policy model parameter: model.vqmodel.encoder.down.3.block.1.conv1.bias
  - Froze policy model parameter: model.vqmodel.encoder.down.3.block.1.norm2.weight
  - Froze policy model parameter: model.vqmodel.encoder.down.3.block.1.norm2.bias
  - Froze policy model parameter: model.vqmodel.encoder.down.3.block.1.conv2.weight
  - Froze policy model parameter: model.vqmodel.encoder.down.3.block.1.conv2.bias
  - Froze policy model parameter: model.vqmodel.encoder.down.3.downsample.conv.weight
  - Froze policy model parameter: model.vqmodel.encoder.down.3.downsample.conv.bias
  - Froze policy model parameter: model.vqmodel.encoder.down.4.block.0.norm1.weight
  - Froze policy model parameter: model.vqmodel.encoder.down.4.block.0.norm1.bias
  - Froze policy model parameter: model.vqmodel.encoder.down.4.block.0.conv1.weight
  - Froze policy model parameter: model.vqmodel.encoder.down.4.block.0.conv1.bias
  - Froze policy model parameter: model.vqmodel.encoder.down.4.block.0.norm2.weight
  - Froze policy model parameter: model.vqmodel.encoder.down.4.block.0.norm2.bias
  - Froze policy model parameter: model.vqmodel.encoder.down.4.block.0.conv2.weight
  - Froze policy model parameter: model.vqmodel.encoder.down.4.block.0.conv2.bias
  - Froze policy model parameter: model.vqmodel.encoder.down.4.block.0.nin_shortcut.weight
  - Froze policy model parameter: model.vqmodel.encoder.down.4.block.0.nin_shortcut.bias
  - Froze policy model parameter: model.vqmodel.encoder.down.4.block.1.norm1.weight
  - Froze policy model parameter: model.vqmodel.encoder.down.4.block.1.norm1.bias
  - Froze policy model parameter: model.vqmodel.encoder.down.4.block.1.conv1.weight
  - Froze policy model parameter: model.vqmodel.encoder.down.4.block.1.conv1.bias
  - Froze policy model parameter: model.vqmodel.encoder.down.4.block.1.norm2.weight
  - Froze policy model parameter: model.vqmodel.encoder.down.4.block.1.norm2.bias
  - Froze policy model parameter: model.vqmodel.encoder.down.4.block.1.conv2.weight
  - Froze policy model parameter: model.vqmodel.encoder.down.4.block.1.conv2.bias
  - Froze policy model parameter: model.vqmodel.encoder.mid.block_1.norm1.weight
  - Froze policy model parameter: model.vqmodel.encoder.mid.block_1.norm1.bias
  - Froze policy model parameter: model.vqmodel.encoder.mid.block_1.conv1.weight
  - Froze policy model parameter: model.vqmodel.encoder.mid.block_1.conv1.bias
  - Froze policy model parameter: model.vqmodel.encoder.mid.block_1.norm2.weight
  - Froze policy model parameter: model.vqmodel.encoder.mid.block_1.norm2.bias
  - Froze policy model parameter: model.vqmodel.encoder.mid.block_1.conv2.weight
  - Froze policy model parameter: model.vqmodel.encoder.mid.block_1.conv2.bias
  - Froze policy model parameter: model.vqmodel.encoder.mid.attn_1.norm.weight
  - Froze policy model parameter: model.vqmodel.encoder.mid.attn_1.norm.bias
  - Froze policy model parameter: model.vqmodel.encoder.mid.attn_1.q.weight
  - Froze policy model parameter: model.vqmodel.encoder.mid.attn_1.q.bias
  - Froze policy model parameter: model.vqmodel.encoder.mid.attn_1.k.weight
  - Froze policy model parameter: model.vqmodel.encoder.mid.attn_1.k.bias
  - Froze policy model parameter: model.vqmodel.encoder.mid.attn_1.v.weight
  - Froze policy model parameter: model.vqmodel.encoder.mid.attn_1.v.bias
  - Froze policy model parameter: model.vqmodel.encoder.mid.attn_1.proj_out.weight
  - Froze policy model parameter: model.vqmodel.encoder.mid.attn_1.proj_out.bias
  - Froze policy model parameter: model.vqmodel.encoder.mid.block_2.norm1.weight
  - Froze policy model parameter: model.vqmodel.encoder.mid.block_2.norm1.bias
  - Froze policy model parameter: model.vqmodel.encoder.mid.block_2.conv1.weight
  - Froze policy model parameter: model.vqmodel.encoder.mid.block_2.conv1.bias
  - Froze policy model parameter: model.vqmodel.encoder.mid.block_2.norm2.weight
  - Froze policy model parameter: model.vqmodel.encoder.mid.block_2.norm2.bias
  - Froze policy model parameter: model.vqmodel.encoder.mid.block_2.conv2.weight
  - Froze policy model parameter: model.vqmodel.encoder.mid.block_2.conv2.bias
  - Froze policy model parameter: model.vqmodel.encoder.norm_out.weight
  - Froze policy model parameter: model.vqmodel.encoder.norm_out.bias
  - Froze policy model parameter: model.vqmodel.encoder.conv_out.weight
  - Froze policy model parameter: model.vqmodel.encoder.conv_out.bias
  - Froze policy model parameter: model.vqmodel.decoder.conv_in.weight
  - Froze policy model parameter: model.vqmodel.decoder.conv_in.bias
  - Froze policy model parameter: model.vqmodel.decoder.mid.block_1.norm1.weight
  - Froze policy model parameter: model.vqmodel.decoder.mid.block_1.norm1.bias
  - Froze policy model parameter: model.vqmodel.decoder.mid.block_1.conv1.weight
  - Froze policy model parameter: model.vqmodel.decoder.mid.block_1.conv1.bias
  - Froze policy model parameter: model.vqmodel.decoder.mid.block_1.norm2.weight
  - Froze policy model parameter: model.vqmodel.decoder.mid.block_1.norm2.bias
  - Froze policy model parameter: model.vqmodel.decoder.mid.block_1.conv2.weight
  - Froze policy model parameter: model.vqmodel.decoder.mid.block_1.conv2.bias
  - Froze policy model parameter: model.vqmodel.decoder.mid.attn_1.norm.weight
  - Froze policy model parameter: model.vqmodel.decoder.mid.attn_1.norm.bias
  - Froze policy model parameter: model.vqmodel.decoder.mid.attn_1.q.weight
  - Froze policy model parameter: model.vqmodel.decoder.mid.attn_1.q.bias
  - Froze policy model parameter: model.vqmodel.decoder.mid.attn_1.k.weight
  - Froze policy model parameter: model.vqmodel.decoder.mid.attn_1.k.bias
  - Froze policy model parameter: model.vqmodel.decoder.mid.attn_1.v.weight
  - Froze policy model parameter: model.vqmodel.decoder.mid.attn_1.v.bias
  - Froze policy model parameter: model.vqmodel.decoder.mid.attn_1.proj_out.weight
  - Froze policy model parameter: model.vqmodel.decoder.mid.attn_1.proj_out.bias
  - Froze policy model parameter: model.vqmodel.decoder.mid.block_2.norm1.weight
  - Froze policy model parameter: model.vqmodel.decoder.mid.block_2.norm1.bias
  - Froze policy model parameter: model.vqmodel.decoder.mid.block_2.conv1.weight
  - Froze policy model parameter: model.vqmodel.decoder.mid.block_2.conv1.bias
  - Froze policy model parameter: model.vqmodel.decoder.mid.block_2.norm2.weight
  - Froze policy model parameter: model.vqmodel.decoder.mid.block_2.norm2.bias
  - Froze policy model parameter: model.vqmodel.decoder.mid.block_2.conv2.weight
  - Froze policy model parameter: model.vqmodel.decoder.mid.block_2.conv2.bias
  - Froze policy model parameter: model.vqmodel.decoder.up.0.block.0.norm1.weight
  - Froze policy model parameter: model.vqmodel.decoder.up.0.block.0.norm1.bias
  - Froze policy model parameter: model.vqmodel.decoder.up.0.block.0.conv1.weight
  - Froze policy model parameter: model.vqmodel.decoder.up.0.block.0.conv1.bias
  - Froze policy model parameter: model.vqmodel.decoder.up.0.block.0.norm2.weight
  - Froze policy model parameter: model.vqmodel.decoder.up.0.block.0.norm2.bias
  - Froze policy model parameter: model.vqmodel.decoder.up.0.block.0.conv2.weight
  - Froze policy model parameter: model.vqmodel.decoder.up.0.block.0.conv2.bias
  - Froze policy model parameter: model.vqmodel.decoder.up.0.block.1.norm1.weight
  - Froze policy model parameter: model.vqmodel.decoder.up.0.block.1.norm1.bias
  - Froze policy model parameter: model.vqmodel.decoder.up.0.block.1.conv1.weight
  - Froze policy model parameter: model.vqmodel.decoder.up.0.block.1.conv1.bias
  - Froze policy model parameter: model.vqmodel.decoder.up.0.block.1.norm2.weight
  - Froze policy model parameter: model.vqmodel.decoder.up.0.block.1.norm2.bias
  - Froze policy model parameter: model.vqmodel.decoder.up.0.block.1.conv2.weight
  - Froze policy model parameter: model.vqmodel.decoder.up.0.block.1.conv2.bias
  - Froze policy model parameter: model.vqmodel.decoder.up.0.block.2.norm1.weight
  - Froze policy model parameter: model.vqmodel.decoder.up.0.block.2.norm1.bias
  - Froze policy model parameter: model.vqmodel.decoder.up.0.block.2.conv1.weight
  - Froze policy model parameter: model.vqmodel.decoder.up.0.block.2.conv1.bias
  - Froze policy model parameter: model.vqmodel.decoder.up.0.block.2.norm2.weight
  - Froze policy model parameter: model.vqmodel.decoder.up.0.block.2.norm2.bias
  - Froze policy model parameter: model.vqmodel.decoder.up.0.block.2.conv2.weight
  - Froze policy model parameter: model.vqmodel.decoder.up.0.block.2.conv2.bias
  - Froze policy model parameter: model.vqmodel.decoder.up.1.block.0.norm1.weight
  - Froze policy model parameter: model.vqmodel.decoder.up.1.block.0.norm1.bias
  - Froze policy model parameter: model.vqmodel.decoder.up.1.block.0.conv1.weight
  - Froze policy model parameter: model.vqmodel.decoder.up.1.block.0.conv1.bias
  - Froze policy model parameter: model.vqmodel.decoder.up.1.block.0.norm2.weight
  - Froze policy model parameter: model.vqmodel.decoder.up.1.block.0.norm2.bias
  - Froze policy model parameter: model.vqmodel.decoder.up.1.block.0.conv2.weight
  - Froze policy model parameter: model.vqmodel.decoder.up.1.block.0.conv2.bias
  - Froze policy model parameter: model.vqmodel.decoder.up.1.block.0.nin_shortcut.weight
  - Froze policy model parameter: model.vqmodel.decoder.up.1.block.0.nin_shortcut.bias
  - Froze policy model parameter: model.vqmodel.decoder.up.1.block.1.norm1.weight
  - Froze policy model parameter: model.vqmodel.decoder.up.1.block.1.norm1.bias
  - Froze policy model parameter: model.vqmodel.decoder.up.1.block.1.conv1.weight
  - Froze policy model parameter: model.vqmodel.decoder.up.1.block.1.conv1.bias
  - Froze policy model parameter: model.vqmodel.decoder.up.1.block.1.norm2.weight
  - Froze policy model parameter: model.vqmodel.decoder.up.1.block.1.norm2.bias
  - Froze policy model parameter: model.vqmodel.decoder.up.1.block.1.conv2.weight
  - Froze policy model parameter: model.vqmodel.decoder.up.1.block.1.conv2.bias
  - Froze policy model parameter: model.vqmodel.decoder.up.1.block.2.norm1.weight
  - Froze policy model parameter: model.vqmodel.decoder.up.1.block.2.norm1.bias
  - Froze policy model parameter: model.vqmodel.decoder.up.1.block.2.conv1.weight
  - Froze policy model parameter: model.vqmodel.decoder.up.1.block.2.conv1.bias
  - Froze policy model parameter: model.vqmodel.decoder.up.1.block.2.norm2.weight
  - Froze policy model parameter: model.vqmodel.decoder.up.1.block.2.norm2.bias
  - Froze policy model parameter: model.vqmodel.decoder.up.1.block.2.conv2.weight
  - Froze policy model parameter: model.vqmodel.decoder.up.1.block.2.conv2.bias
  - Froze policy model parameter: model.vqmodel.decoder.up.1.upsample.conv.weight
  - Froze policy model parameter: model.vqmodel.decoder.up.1.upsample.conv.bias
  - Froze policy model parameter: model.vqmodel.decoder.up.2.block.0.norm1.weight
  - Froze policy model parameter: model.vqmodel.decoder.up.2.block.0.norm1.bias
  - Froze policy model parameter: model.vqmodel.decoder.up.2.block.0.conv1.weight
  - Froze policy model parameter: model.vqmodel.decoder.up.2.block.0.conv1.bias
  - Froze policy model parameter: model.vqmodel.decoder.up.2.block.0.norm2.weight
  - Froze policy model parameter: model.vqmodel.decoder.up.2.block.0.norm2.bias
  - Froze policy model parameter: model.vqmodel.decoder.up.2.block.0.conv2.weight
  - Froze policy model parameter: model.vqmodel.decoder.up.2.block.0.conv2.bias
  - Froze policy model parameter: model.vqmodel.decoder.up.2.block.1.norm1.weight
  - Froze policy model parameter: model.vqmodel.decoder.up.2.block.1.norm1.bias
  - Froze policy model parameter: model.vqmodel.decoder.up.2.block.1.conv1.weight
  - Froze policy model parameter: model.vqmodel.decoder.up.2.block.1.conv1.bias
  - Froze policy model parameter: model.vqmodel.decoder.up.2.block.1.norm2.weight
  - Froze policy model parameter: model.vqmodel.decoder.up.2.block.1.norm2.bias
  - Froze policy model parameter: model.vqmodel.decoder.up.2.block.1.conv2.weight
  - Froze policy model parameter: model.vqmodel.decoder.up.2.block.1.conv2.bias
  - Froze policy model parameter: model.vqmodel.decoder.up.2.block.2.norm1.weight
  - Froze policy model parameter: model.vqmodel.decoder.up.2.block.2.norm1.bias
  - Froze policy model parameter: model.vqmodel.decoder.up.2.block.2.conv1.weight
  - Froze policy model parameter: model.vqmodel.decoder.up.2.block.2.conv1.bias
  - Froze policy model parameter: model.vqmodel.decoder.up.2.block.2.norm2.weight
  - Froze policy model parameter: model.vqmodel.decoder.up.2.block.2.norm2.bias
  - Froze policy model parameter: model.vqmodel.decoder.up.2.block.2.conv2.weight
  - Froze policy model parameter: model.vqmodel.decoder.up.2.block.2.conv2.bias
  - Froze policy model parameter: model.vqmodel.decoder.up.2.upsample.conv.weight
  - Froze policy model parameter: model.vqmodel.decoder.up.2.upsample.conv.bias
  - Froze policy model parameter: model.vqmodel.decoder.up.3.block.0.norm1.weight
  - Froze policy model parameter: model.vqmodel.decoder.up.3.block.0.norm1.bias
  - Froze policy model parameter: model.vqmodel.decoder.up.3.block.0.conv1.weight
  - Froze policy model parameter: model.vqmodel.decoder.up.3.block.0.conv1.bias
  - Froze policy model parameter: model.vqmodel.decoder.up.3.block.0.norm2.weight
  - Froze policy model parameter: model.vqmodel.decoder.up.3.block.0.norm2.bias
  - Froze policy model parameter: model.vqmodel.decoder.up.3.block.0.conv2.weight
  - Froze policy model parameter: model.vqmodel.decoder.up.3.block.0.conv2.bias
  - Froze policy model parameter: model.vqmodel.decoder.up.3.block.0.nin_shortcut.weight
  - Froze policy model parameter: model.vqmodel.decoder.up.3.block.0.nin_shortcut.bias
  - Froze policy model parameter: model.vqmodel.decoder.up.3.block.1.norm1.weight
  - Froze policy model parameter: model.vqmodel.decoder.up.3.block.1.norm1.bias
  - Froze policy model parameter: model.vqmodel.decoder.up.3.block.1.conv1.weight
  - Froze policy model parameter: model.vqmodel.decoder.up.3.block.1.conv1.bias
  - Froze policy model parameter: model.vqmodel.decoder.up.3.block.1.norm2.weight
  - Froze policy model parameter: model.vqmodel.decoder.up.3.block.1.norm2.bias
  - Froze policy model parameter: model.vqmodel.decoder.up.3.block.1.conv2.weight
  - Froze policy model parameter: model.vqmodel.decoder.up.3.block.1.conv2.bias
  - Froze policy model parameter: model.vqmodel.decoder.up.3.block.2.norm1.weight
  - Froze policy model parameter: model.vqmodel.decoder.up.3.block.2.norm1.bias
  - Froze policy model parameter: model.vqmodel.decoder.up.3.block.2.conv1.weight
  - Froze policy model parameter: model.vqmodel.decoder.up.3.block.2.conv1.bias
  - Froze policy model parameter: model.vqmodel.decoder.up.3.block.2.norm2.weight
  - Froze policy model parameter: model.vqmodel.decoder.up.3.block.2.norm2.bias
  - Froze policy model parameter: model.vqmodel.decoder.up.3.block.2.conv2.weight
  - Froze policy model parameter: model.vqmodel.decoder.up.3.block.2.conv2.bias
  - Froze policy model parameter: model.vqmodel.decoder.up.3.upsample.conv.weight
  - Froze policy model parameter: model.vqmodel.decoder.up.3.upsample.conv.bias
  - Froze policy model parameter: model.vqmodel.decoder.up.4.block.0.norm1.weight
  - Froze policy model parameter: model.vqmodel.decoder.up.4.block.0.norm1.bias
  - Froze policy model parameter: model.vqmodel.decoder.up.4.block.0.conv1.weight
  - Froze policy model parameter: model.vqmodel.decoder.up.4.block.0.conv1.bias
  - Froze policy model parameter: model.vqmodel.decoder.up.4.block.0.norm2.weight
  - Froze policy model parameter: model.vqmodel.decoder.up.4.block.0.norm2.bias
  - Froze policy model parameter: model.vqmodel.decoder.up.4.block.0.conv2.weight
  - Froze policy model parameter: model.vqmodel.decoder.up.4.block.0.conv2.bias
  - Froze policy model parameter: model.vqmodel.decoder.up.4.block.1.norm1.weight
  - Froze policy model parameter: model.vqmodel.decoder.up.4.block.1.norm1.bias
  - Froze policy model parameter: model.vqmodel.decoder.up.4.block.1.conv1.weight
  - Froze policy model parameter: model.vqmodel.decoder.up.4.block.1.conv1.bias
  - Froze policy model parameter: model.vqmodel.decoder.up.4.block.1.norm2.weight
  - Froze policy model parameter: model.vqmodel.decoder.up.4.block.1.norm2.bias
  - Froze policy model parameter: model.vqmodel.decoder.up.4.block.1.conv2.weight
  - Froze policy model parameter: model.vqmodel.decoder.up.4.block.1.conv2.bias
  - Froze policy model parameter: model.vqmodel.decoder.up.4.block.2.norm1.weight
  - Froze policy model parameter: model.vqmodel.decoder.up.4.block.2.norm1.bias
  - Froze policy model parameter: model.vqmodel.decoder.up.4.block.2.conv1.weight
  - Froze policy model parameter: model.vqmodel.decoder.up.4.block.2.conv1.bias
  - Froze policy model parameter: model.vqmodel.decoder.up.4.block.2.norm2.weight
  - Froze policy model parameter: model.vqmodel.decoder.up.4.block.2.norm2.bias
  - Froze policy model parameter: model.vqmodel.decoder.up.4.block.2.conv2.weight
  - Froze policy model parameter: model.vqmodel.decoder.up.4.block.2.conv2.bias
  - Froze policy model parameter: model.vqmodel.decoder.up.4.upsample.conv.weight
  - Froze policy model parameter: model.vqmodel.decoder.up.4.upsample.conv.bias
  - Froze policy model parameter: model.vqmodel.decoder.norm_out.weight
  - Froze policy model parameter: model.vqmodel.decoder.norm_out.bias
  - Froze policy model parameter: model.vqmodel.decoder.conv_out.weight
  - Froze policy model parameter: model.vqmodel.decoder.conv_out.bias
  - Froze policy model parameter: model.vqmodel.quantize.embedding.weight
  - Froze policy model parameter: model.vqmodel.quant_conv.weight
  - Froze policy model parameter: model.vqmodel.quant_conv.bias
  - Froze policy model parameter: model.vqmodel.post_quant_conv.weight
  - Froze policy model parameter: model.vqmodel.post_quant_conv.bias
  - Froze policy model parameter: mlp_head.time_embed.mlp.0.weight
  - Froze policy model parameter: mlp_head.time_embed.mlp.0.bias
  - Froze policy model parameter: mlp_head.time_embed.mlp.2.weight
  - Froze policy model parameter: mlp_head.time_embed.mlp.2.bias
  - Froze policy model parameter: mlp_head.cond_embed.weight
  - Froze policy model parameter: mlp_head.cond_embed.bias
  - Froze policy model parameter: mlp_head.input_proj.weight
  - Froze policy model parameter: mlp_head.input_proj.bias
  - Froze policy model parameter: mlp_head.res_blocks.0.in_ln.weight
  - Froze policy model parameter: mlp_head.res_blocks.0.in_ln.bias
  - Froze policy model parameter: mlp_head.res_blocks.0.mlp.0.weight
  - Froze policy model parameter: mlp_head.res_blocks.0.mlp.0.bias
  - Froze policy model parameter: mlp_head.res_blocks.0.mlp.2.weight
  - Froze policy model parameter: mlp_head.res_blocks.0.mlp.2.bias
  - Froze policy model parameter: mlp_head.res_blocks.0.adaLN_modulation.1.weight
  - Froze policy model parameter: mlp_head.res_blocks.0.adaLN_modulation.1.bias
  - Froze policy model parameter: mlp_head.res_blocks.1.in_ln.weight
  - Froze policy model parameter: mlp_head.res_blocks.1.in_ln.bias
  - Froze policy model parameter: mlp_head.res_blocks.1.mlp.0.weight
  - Froze policy model parameter: mlp_head.res_blocks.1.mlp.0.bias
  - Froze policy model parameter: mlp_head.res_blocks.1.mlp.2.weight
  - Froze policy model parameter: mlp_head.res_blocks.1.mlp.2.bias
  - Froze policy model parameter: mlp_head.res_blocks.1.adaLN_modulation.1.weight
  - Froze policy model parameter: mlp_head.res_blocks.1.adaLN_modulation.1.bias
  - Froze policy model parameter: mlp_head.res_blocks.2.in_ln.weight
  - Froze policy model parameter: mlp_head.res_blocks.2.in_ln.bias
  - Froze policy model parameter: mlp_head.res_blocks.2.mlp.0.weight
  - Froze policy model parameter: mlp_head.res_blocks.2.mlp.0.bias
  - Froze policy model parameter: mlp_head.res_blocks.2.mlp.2.weight
  - Froze policy model parameter: mlp_head.res_blocks.2.mlp.2.bias
  - Froze policy model parameter: mlp_head.res_blocks.2.adaLN_modulation.1.weight
  - Froze policy model parameter: mlp_head.res_blocks.2.adaLN_modulation.1.bias
  - Froze policy model parameter: mlp_head.final_layer.linear.weight
  - Froze policy model parameter: mlp_head.final_layer.linear.bias
  - Froze policy model parameter: mlp_head.final_layer.adaLN_modulation.1.weight
  - Froze policy model parameter: mlp_head.final_layer.adaLN_modulation.1.bias
Model parts frozen.
Loaded 2 reward functions: ['answer_correctness_reward', 'format_reward']
Trainer initialized.
--- [Step 3/3] Starting GRPO training... ---
`torch_dtype` is deprecated! Use `dtype` instead!
`torch_dtype` is deprecated! Use `dtype` instead!
Loading checkpoint shards:   0%|          | 0/3 [00:00<?, ?it/s]`torch_dtype` is deprecated! Use `dtype` instead!
Loading checkpoint shards: 100%|██████████| 3/3 [00:00<00:00, 24.04it/s]Loading checkpoint shards: 100%|██████████| 3/3 [00:00<00:00, 24.00it/s]
Freezing non-trainable parts of the model...
  - Froze policy model parameter: model.vqmodel.encoder.conv_in.weight
  - Froze policy model parameter: model.vqmodel.encoder.conv_in.bias
  - Froze policy model parameter: model.vqmodel.encoder.down.0.block.0.norm1.weight
  - Froze policy model parameter: model.vqmodel.encoder.down.0.block.0.norm1.bias
  - Froze policy model parameter: model.vqmodel.encoder.down.0.block.0.conv1.weight
  - Froze policy model parameter: model.vqmodel.encoder.down.0.block.0.conv1.bias
  - Froze policy model parameter: model.vqmodel.encoder.down.0.block.0.norm2.weight
  - Froze policy model parameter: model.vqmodel.encoder.down.0.block.0.norm2.bias
  - Froze policy model parameter: model.vqmodel.encoder.down.0.block.0.conv2.weight
  - Froze policy model parameter: model.vqmodel.encoder.down.0.block.0.conv2.bias
  - Froze policy model parameter: model.vqmodel.encoder.down.0.block.1.norm1.weight
  - Froze policy model parameter: model.vqmodel.encoder.down.0.block.1.norm1.bias
  - Froze policy model parameter: model.vqmodel.encoder.down.0.block.1.conv1.weight
  - Froze policy model parameter: model.vqmodel.encoder.down.0.block.1.conv1.bias
  - Froze policy model parameter: model.vqmodel.encoder.down.0.block.1.norm2.weight
  - Froze policy model parameter: model.vqmodel.encoder.down.0.block.1.norm2.bias
  - Froze policy model parameter: model.vqmodel.encoder.down.0.block.1.conv2.weight
  - Froze policy model parameter: model.vqmodel.encoder.down.0.block.1.conv2.bias
  - Froze policy model parameter: model.vqmodel.encoder.down.0.downsample.conv.weight
  - Froze policy model parameter: model.vqmodel.encoder.down.0.downsample.conv.bias
  - Froze policy model parameter: model.vqmodel.encoder.down.1.block.0.norm1.weight
  - Froze policy model parameter: model.vqmodel.encoder.down.1.block.0.norm1.bias
  - Froze policy model parameter: model.vqmodel.encoder.down.1.block.0.conv1.weight
  - Froze policy model parameter: model.vqmodel.encoder.down.1.block.0.conv1.bias
  - Froze policy model parameter: model.vqmodel.encoder.down.1.block.0.norm2.weight
  - Froze policy model parameter: model.vqmodel.encoder.down.1.block.0.norm2.bias
  - Froze policy model parameter: model.vqmodel.encoder.down.1.block.0.conv2.weight
  - Froze policy model parameter: model.vqmodel.encoder.down.1.block.0.conv2.bias
  - Froze policy model parameter: model.vqmodel.encoder.down.1.block.1.norm1.weight
  - Froze policy model parameter: model.vqmodel.encoder.down.1.block.1.norm1.bias
  - Froze policy model parameter: model.vqmodel.encoder.down.1.block.1.conv1.weight
  - Froze policy model parameter: model.vqmodel.encoder.down.1.block.1.conv1.bias
  - Froze policy model parameter: model.vqmodel.encoder.down.1.block.1.norm2.weight
  - Froze policy model parameter: model.vqmodel.encoder.down.1.block.1.norm2.bias
  - Froze policy model parameter: model.vqmodel.encoder.down.1.block.1.conv2.weight
  - Froze policy model parameter: model.vqmodel.encoder.down.1.block.1.conv2.bias
  - Froze policy model parameter: model.vqmodel.encoder.down.1.downsample.conv.weight
  - Froze policy model parameter: model.vqmodel.encoder.down.1.downsample.conv.bias
  - Froze policy model parameter: model.vqmodel.encoder.down.2.block.0.norm1.weight
  - Froze policy model parameter: model.vqmodel.encoder.down.2.block.0.norm1.bias
  - Froze policy model parameter: model.vqmodel.encoder.down.2.block.0.conv1.weight
  - Froze policy model parameter: model.vqmodel.encoder.down.2.block.0.conv1.bias
  - Froze policy model parameter: model.vqmodel.encoder.down.2.block.0.norm2.weight
  - Froze policy model parameter: model.vqmodel.encoder.down.2.block.0.norm2.bias
  - Froze policy model parameter: model.vqmodel.encoder.down.2.block.0.conv2.weight
  - Froze policy model parameter: model.vqmodel.encoder.down.2.block.0.conv2.bias
  - Froze policy model parameter: model.vqmodel.encoder.down.2.block.0.nin_shortcut.weight
  - Froze policy model parameter: model.vqmodel.encoder.down.2.block.0.nin_shortcut.bias
  - Froze policy model parameter: model.vqmodel.encoder.down.2.block.1.norm1.weight
  - Froze policy model parameter: model.vqmodel.encoder.down.2.block.1.norm1.bias
  - Froze policy model parameter: model.vqmodel.encoder.down.2.block.1.conv1.weight
  - Froze policy model parameter: model.vqmodel.encoder.down.2.block.1.conv1.bias
  - Froze policy model parameter: model.vqmodel.encoder.down.2.block.1.norm2.weight
  - Froze policy model parameter: model.vqmodel.encoder.down.2.block.1.norm2.bias
  - Froze policy model parameter: model.vqmodel.encoder.down.2.block.1.conv2.weight
  - Froze policy model parameter: model.vqmodel.encoder.down.2.block.1.conv2.bias
  - Froze policy model parameter: model.vqmodel.encoder.down.2.downsample.conv.weight
  - Froze policy model parameter: model.vqmodel.encoder.down.2.downsample.conv.bias
  - Froze policy model parameter: model.vqmodel.encoder.down.3.block.0.norm1.weight
  - Froze policy model parameter: model.vqmodel.encoder.down.3.block.0.norm1.bias
  - Froze policy model parameter: model.vqmodel.encoder.down.3.block.0.conv1.weight
  - Froze policy model parameter: model.vqmodel.encoder.down.3.block.0.conv1.bias
  - Froze policy model parameter: model.vqmodel.encoder.down.3.block.0.norm2.weight
  - Froze policy model parameter: model.vqmodel.encoder.down.3.block.0.norm2.bias
  - Froze policy model parameter: model.vqmodel.encoder.down.3.block.0.conv2.weight
  - Froze policy model parameter: model.vqmodel.encoder.down.3.block.0.conv2.bias
  - Froze policy model parameter: model.vqmodel.encoder.down.3.block.1.norm1.weight
  - Froze policy model parameter: model.vqmodel.encoder.down.3.block.1.norm1.bias
  - Froze policy model parameter: model.vqmodel.encoder.down.3.block.1.conv1.weight
  - Froze policy model parameter: model.vqmodel.encoder.down.3.block.1.conv1.bias
  - Froze policy model parameter: model.vqmodel.encoder.down.3.block.1.norm2.weight
  - Froze policy model parameter: model.vqmodel.encoder.down.3.block.1.norm2.bias
  - Froze policy model parameter: model.vqmodel.encoder.down.3.block.1.conv2.weight
  - Froze policy model parameter: model.vqmodel.encoder.down.3.block.1.conv2.bias
  - Froze policy model parameter: model.vqmodel.encoder.down.3.downsample.conv.weight
  - Froze policy model parameter: model.vqmodel.encoder.down.3.downsample.conv.bias
  - Froze policy model parameter: model.vqmodel.encoder.down.4.block.0.norm1.weight
  - Froze policy model parameter: model.vqmodel.encoder.down.4.block.0.norm1.bias
  - Froze policy model parameter: model.vqmodel.encoder.down.4.block.0.conv1.weight
  - Froze policy model parameter: model.vqmodel.encoder.down.4.block.0.conv1.bias
  - Froze policy model parameter: model.vqmodel.encoder.down.4.block.0.norm2.weight
  - Froze policy model parameter: model.vqmodel.encoder.down.4.block.0.norm2.bias
  - Froze policy model parameter: model.vqmodel.encoder.down.4.block.0.conv2.weight
  - Froze policy model parameter: model.vqmodel.encoder.down.4.block.0.conv2.bias
  - Froze policy model parameter: model.vqmodel.encoder.down.4.block.0.nin_shortcut.weight
  - Froze policy model parameter: model.vqmodel.encoder.down.4.block.0.nin_shortcut.bias
  - Froze policy model parameter: model.vqmodel.encoder.down.4.block.1.norm1.weight
  - Froze policy model parameter: model.vqmodel.encoder.down.4.block.1.norm1.bias
  - Froze policy model parameter: model.vqmodel.encoder.down.4.block.1.conv1.weight
  - Froze policy model parameter: model.vqmodel.encoder.down.4.block.1.conv1.bias
  - Froze policy model parameter: model.vqmodel.encoder.down.4.block.1.norm2.weight
  - Froze policy model parameter: model.vqmodel.encoder.down.4.block.1.norm2.bias
  - Froze policy model parameter: model.vqmodel.encoder.down.4.block.1.conv2.weight
  - Froze policy model parameter: model.vqmodel.encoder.down.4.block.1.conv2.bias
  - Froze policy model parameter: model.vqmodel.encoder.mid.block_1.norm1.weight
  - Froze policy model parameter: model.vqmodel.encoder.mid.block_1.norm1.bias
  - Froze policy model parameter: model.vqmodel.encoder.mid.block_1.conv1.weight
  - Froze policy model parameter: model.vqmodel.encoder.mid.block_1.conv1.bias
  - Froze policy model parameter: model.vqmodel.encoder.mid.block_1.norm2.weight
  - Froze policy model parameter: model.vqmodel.encoder.mid.block_1.norm2.bias
  - Froze policy model parameter: model.vqmodel.encoder.mid.block_1.conv2.weight
  - Froze policy model parameter: model.vqmodel.encoder.mid.block_1.conv2.bias
  - Froze policy model parameter: model.vqmodel.encoder.mid.attn_1.norm.weight
  - Froze policy model parameter: model.vqmodel.encoder.mid.attn_1.norm.bias
  - Froze policy model parameter: model.vqmodel.encoder.mid.attn_1.q.weight
  - Froze policy model parameter: model.vqmodel.encoder.mid.attn_1.q.bias
  - Froze policy model parameter: model.vqmodel.encoder.mid.attn_1.k.weight
  - Froze policy model parameter: model.vqmodel.encoder.mid.attn_1.k.bias
  - Froze policy model parameter: model.vqmodel.encoder.mid.attn_1.v.weight
  - Froze policy model parameter: model.vqmodel.encoder.mid.attn_1.v.bias
  - Froze policy model parameter: model.vqmodel.encoder.mid.attn_1.proj_out.weight
  - Froze policy model parameter: model.vqmodel.encoder.mid.attn_1.proj_out.bias
  - Froze policy model parameter: model.vqmodel.encoder.mid.block_2.norm1.weight
  - Froze policy model parameter: model.vqmodel.encoder.mid.block_2.norm1.bias
  - Froze policy model parameter: model.vqmodel.encoder.mid.block_2.conv1.weight
  - Froze policy model parameter: model.vqmodel.encoder.mid.block_2.conv1.bias
  - Froze policy model parameter: model.vqmodel.encoder.mid.block_2.norm2.weight
  - Froze policy model parameter: model.vqmodel.encoder.mid.block_2.norm2.bias
  - Froze policy model parameter: model.vqmodel.encoder.mid.block_2.conv2.weight
  - Froze policy model parameter: model.vqmodel.encoder.mid.block_2.conv2.bias
  - Froze policy model parameter: model.vqmodel.encoder.norm_out.weight
  - Froze policy model parameter: model.vqmodel.encoder.norm_out.bias
  - Froze policy model parameter: model.vqmodel.encoder.conv_out.weight
  - Froze policy model parameter: model.vqmodel.encoder.conv_out.bias
  - Froze policy model parameter: model.vqmodel.decoder.conv_in.weight
  - Froze policy model parameter: model.vqmodel.decoder.conv_in.bias
  - Froze policy model parameter: model.vqmodel.decoder.mid.block_1.norm1.weight
  - Froze policy model parameter: model.vqmodel.decoder.mid.block_1.norm1.bias
  - Froze policy model parameter: model.vqmodel.decoder.mid.block_1.conv1.weight
  - Froze policy model parameter: model.vqmodel.decoder.mid.block_1.conv1.bias
  - Froze policy model parameter: model.vqmodel.decoder.mid.block_1.norm2.weight
  - Froze policy model parameter: model.vqmodel.decoder.mid.block_1.norm2.bias
  - Froze policy model parameter: model.vqmodel.decoder.mid.block_1.conv2.weight
  - Froze policy model parameter: model.vqmodel.decoder.mid.block_1.conv2.bias
  - Froze policy model parameter: model.vqmodel.decoder.mid.attn_1.norm.weight
  - Froze policy model parameter: model.vqmodel.decoder.mid.attn_1.norm.bias
  - Froze policy model parameter: model.vqmodel.decoder.mid.attn_1.q.weight
  - Froze policy model parameter: model.vqmodel.decoder.mid.attn_1.q.bias
  - Froze policy model parameter: model.vqmodel.decoder.mid.attn_1.k.weight
  - Froze policy model parameter: model.vqmodel.decoder.mid.attn_1.k.bias
  - Froze policy model parameter: model.vqmodel.decoder.mid.attn_1.v.weight
  - Froze policy model parameter: model.vqmodel.decoder.mid.attn_1.v.bias
  - Froze policy model parameter: model.vqmodel.decoder.mid.attn_1.proj_out.weight
  - Froze policy model parameter: model.vqmodel.decoder.mid.attn_1.proj_out.bias
  - Froze policy model parameter: model.vqmodel.decoder.mid.block_2.norm1.weight
  - Froze policy model parameter: model.vqmodel.decoder.mid.block_2.norm1.bias
  - Froze policy model parameter: model.vqmodel.decoder.mid.block_2.conv1.weight
  - Froze policy model parameter: model.vqmodel.decoder.mid.block_2.conv1.bias
  - Froze policy model parameter: model.vqmodel.decoder.mid.block_2.norm2.weight
  - Froze policy model parameter: model.vqmodel.decoder.mid.block_2.norm2.bias
  - Froze policy model parameter: model.vqmodel.decoder.mid.block_2.conv2.weight
  - Froze policy model parameter: model.vqmodel.decoder.mid.block_2.conv2.bias
  - Froze policy model parameter: model.vqmodel.decoder.up.0.block.0.norm1.weight
  - Froze policy model parameter: model.vqmodel.decoder.up.0.block.0.norm1.bias
  - Froze policy model parameter: model.vqmodel.decoder.up.0.block.0.conv1.weight
  - Froze policy model parameter: model.vqmodel.decoder.up.0.block.0.conv1.bias
  - Froze policy model parameter: model.vqmodel.decoder.up.0.block.0.norm2.weight
  - Froze policy model parameter: model.vqmodel.decoder.up.0.block.0.norm2.bias
  - Froze policy model parameter: model.vqmodel.decoder.up.0.block.0.conv2.weight
  - Froze policy model parameter: model.vqmodel.decoder.up.0.block.0.conv2.bias
  - Froze policy model parameter: model.vqmodel.decoder.up.0.block.1.norm1.weight
  - Froze policy model parameter: model.vqmodel.decoder.up.0.block.1.norm1.bias
  - Froze policy model parameter: model.vqmodel.decoder.up.0.block.1.conv1.weight
  - Froze policy model parameter: model.vqmodel.decoder.up.0.block.1.conv1.bias
  - Froze policy model parameter: model.vqmodel.decoder.up.0.block.1.norm2.weight
  - Froze policy model parameter: model.vqmodel.decoder.up.0.block.1.norm2.bias
  - Froze policy model parameter: model.vqmodel.decoder.up.0.block.1.conv2.weight
  - Froze policy model parameter: model.vqmodel.decoder.up.0.block.1.conv2.bias
  - Froze policy model parameter: model.vqmodel.decoder.up.0.block.2.norm1.weight
  - Froze policy model parameter: model.vqmodel.decoder.up.0.block.2.norm1.bias
  - Froze policy model parameter: model.vqmodel.decoder.up.0.block.2.conv1.weight
  - Froze policy model parameter: model.vqmodel.decoder.up.0.block.2.conv1.bias
  - Froze policy model parameter: model.vqmodel.decoder.up.0.block.2.norm2.weight
  - Froze policy model parameter: model.vqmodel.decoder.up.0.block.2.norm2.bias
  - Froze policy model parameter: model.vqmodel.decoder.up.0.block.2.conv2.weight
  - Froze policy model parameter: model.vqmodel.decoder.up.0.block.2.conv2.bias
  - Froze policy model parameter: model.vqmodel.decoder.up.1.block.0.norm1.weight
  - Froze policy model parameter: model.vqmodel.decoder.up.1.block.0.norm1.bias
  - Froze policy model parameter: model.vqmodel.decoder.up.1.block.0.conv1.weight
  - Froze policy model parameter: model.vqmodel.decoder.up.1.block.0.conv1.bias
  - Froze policy model parameter: model.vqmodel.decoder.up.1.block.0.norm2.weight
  - Froze policy model parameter: model.vqmodel.decoder.up.1.block.0.norm2.bias
  - Froze policy model parameter: model.vqmodel.decoder.up.1.block.0.conv2.weight
  - Froze policy model parameter: model.vqmodel.decoder.up.1.block.0.conv2.bias
  - Froze policy model parameter: model.vqmodel.decoder.up.1.block.0.nin_shortcut.weight
  - Froze policy model parameter: model.vqmodel.decoder.up.1.block.0.nin_shortcut.bias
  - Froze policy model parameter: model.vqmodel.decoder.up.1.block.1.norm1.weight
  - Froze policy model parameter: model.vqmodel.decoder.up.1.block.1.norm1.bias
  - Froze policy model parameter: model.vqmodel.decoder.up.1.block.1.conv1.weight
  - Froze policy model parameter: model.vqmodel.decoder.up.1.block.1.conv1.bias
  - Froze policy model parameter: model.vqmodel.decoder.up.1.block.1.norm2.weight
  - Froze policy model parameter: model.vqmodel.decoder.up.1.block.1.norm2.bias
  - Froze policy model parameter: model.vqmodel.decoder.up.1.block.1.conv2.weight
  - Froze policy model parameter: model.vqmodel.decoder.up.1.block.1.conv2.bias
  - Froze policy model parameter: model.vqmodel.decoder.up.1.block.2.norm1.weight
  - Froze policy model parameter: model.vqmodel.decoder.up.1.block.2.norm1.bias
  - Froze policy model parameter: model.vqmodel.decoder.up.1.block.2.conv1.weight
  - Froze policy model parameter: model.vqmodel.decoder.up.1.block.2.conv1.bias
  - Froze policy model parameter: model.vqmodel.decoder.up.1.block.2.norm2.weight
  - Froze policy model parameter: model.vqmodel.decoder.up.1.block.2.norm2.bias
  - Froze policy model parameter: model.vqmodel.decoder.up.1.block.2.conv2.weight
  - Froze policy model parameter: model.vqmodel.decoder.up.1.block.2.conv2.bias
  - Froze policy model parameter: model.vqmodel.decoder.up.1.upsample.conv.weight
  - Froze policy model parameter: model.vqmodel.decoder.up.1.upsample.conv.bias
  - Froze policy model parameter: model.vqmodel.decoder.up.2.block.0.norm1.weight
  - Froze policy model parameter: model.vqmodel.decoder.up.2.block.0.norm1.bias
  - Froze policy model parameter: model.vqmodel.decoder.up.2.block.0.conv1.weight
  - Froze policy model parameter: model.vqmodel.decoder.up.2.block.0.conv1.bias
  - Froze policy model parameter: model.vqmodel.decoder.up.2.block.0.norm2.weight
  - Froze policy model parameter: model.vqmodel.decoder.up.2.block.0.norm2.bias
  - Froze policy model parameter: model.vqmodel.decoder.up.2.block.0.conv2.weight
  - Froze policy model parameter: model.vqmodel.decoder.up.2.block.0.conv2.bias
  - Froze policy model parameter: model.vqmodel.decoder.up.2.block.1.norm1.weight
  - Froze policy model parameter: model.vqmodel.decoder.up.2.block.1.norm1.bias
  - Froze policy model parameter: model.vqmodel.decoder.up.2.block.1.conv1.weight
  - Froze policy model parameter: model.vqmodel.decoder.up.2.block.1.conv1.bias
  - Froze policy model parameter: model.vqmodel.decoder.up.2.block.1.norm2.weight
  - Froze policy model parameter: model.vqmodel.decoder.up.2.block.1.norm2.bias
  - Froze policy model parameter: model.vqmodel.decoder.up.2.block.1.conv2.weight
  - Froze policy model parameter: model.vqmodel.decoder.up.2.block.1.conv2.bias
  - Froze policy model parameter: model.vqmodel.decoder.up.2.block.2.norm1.weight
  - Froze policy model parameter: model.vqmodel.decoder.up.2.block.2.norm1.bias
  - Froze policy model parameter: model.vqmodel.decoder.up.2.block.2.conv1.weight
  - Froze policy model parameter: model.vqmodel.decoder.up.2.block.2.conv1.bias
  - Froze policy model parameter: model.vqmodel.decoder.up.2.block.2.norm2.weight
  - Froze policy model parameter: model.vqmodel.decoder.up.2.block.2.norm2.bias
  - Froze policy model parameter: model.vqmodel.decoder.up.2.block.2.conv2.weight
  - Froze policy model parameter: model.vqmodel.decoder.up.2.block.2.conv2.bias
  - Froze policy model parameter: model.vqmodel.decoder.up.2.upsample.conv.weight
  - Froze policy model parameter: model.vqmodel.decoder.up.2.upsample.conv.bias
  - Froze policy model parameter: model.vqmodel.decoder.up.3.block.0.norm1.weight
  - Froze policy model parameter: model.vqmodel.decoder.up.3.block.0.norm1.bias
  - Froze policy model parameter: model.vqmodel.decoder.up.3.block.0.conv1.weight
  - Froze policy model parameter: model.vqmodel.decoder.up.3.block.0.conv1.bias
  - Froze policy model parameter: model.vqmodel.decoder.up.3.block.0.norm2.weight
  - Froze policy model parameter: model.vqmodel.decoder.up.3.block.0.norm2.bias
  - Froze policy model parameter: model.vqmodel.decoder.up.3.block.0.conv2.weight
  - Froze policy model parameter: model.vqmodel.decoder.up.3.block.0.conv2.bias
  - Froze policy model parameter: model.vqmodel.decoder.up.3.block.0.nin_shortcut.weight
  - Froze policy model parameter: model.vqmodel.decoder.up.3.block.0.nin_shortcut.bias
  - Froze policy model parameter: model.vqmodel.decoder.up.3.block.1.norm1.weight
  - Froze policy model parameter: model.vqmodel.decoder.up.3.block.1.norm1.bias
  - Froze policy model parameter: model.vqmodel.decoder.up.3.block.1.conv1.weight
  - Froze policy model parameter: model.vqmodel.decoder.up.3.block.1.conv1.bias
  - Froze policy model parameter: model.vqmodel.decoder.up.3.block.1.norm2.weight
  - Froze policy model parameter: model.vqmodel.decoder.up.3.block.1.norm2.bias
  - Froze policy model parameter: model.vqmodel.decoder.up.3.block.1.conv2.weight
  - Froze policy model parameter: model.vqmodel.decoder.up.3.block.1.conv2.bias
  - Froze policy model parameter: model.vqmodel.decoder.up.3.block.2.norm1.weight
  - Froze policy model parameter: model.vqmodel.decoder.up.3.block.2.norm1.bias
  - Froze policy model parameter: model.vqmodel.decoder.up.3.block.2.conv1.weight
  - Froze policy model parameter: model.vqmodel.decoder.up.3.block.2.conv1.bias
  - Froze policy model parameter: model.vqmodel.decoder.up.3.block.2.norm2.weight
  - Froze policy model parameter: model.vqmodel.decoder.up.3.block.2.norm2.bias
  - Froze policy model parameter: model.vqmodel.decoder.up.3.block.2.conv2.weight
  - Froze policy model parameter: model.vqmodel.decoder.up.3.block.2.conv2.bias
  - Froze policy model parameter: model.vqmodel.decoder.up.3.upsample.conv.weight
  - Froze policy model parameter: model.vqmodel.decoder.up.3.upsample.conv.bias
  - Froze policy model parameter: model.vqmodel.decoder.up.4.block.0.norm1.weight
  - Froze policy model parameter: model.vqmodel.decoder.up.4.block.0.norm1.bias
  - Froze policy model parameter: model.vqmodel.decoder.up.4.block.0.conv1.weight
  - Froze policy model parameter: model.vqmodel.decoder.up.4.block.0.conv1.bias
  - Froze policy model parameter: model.vqmodel.decoder.up.4.block.0.norm2.weight
  - Froze policy model parameter: model.vqmodel.decoder.up.4.block.0.norm2.bias
  - Froze policy model parameter: model.vqmodel.decoder.up.4.block.0.conv2.weight
  - Froze policy model parameter: model.vqmodel.decoder.up.4.block.0.conv2.bias
  - Froze policy model parameter: model.vqmodel.decoder.up.4.block.1.norm1.weight
  - Froze policy model parameter: model.vqmodel.decoder.up.4.block.1.norm1.bias
  - Froze policy model parameter: model.vqmodel.decoder.up.4.block.1.conv1.weight
  - Froze policy model parameter: model.vqmodel.decoder.up.4.block.1.conv1.bias
  - Froze policy model parameter: model.vqmodel.decoder.up.4.block.1.norm2.weight
  - Froze policy model parameter: model.vqmodel.decoder.up.4.block.1.norm2.bias
  - Froze policy model parameter: model.vqmodel.decoder.up.4.block.1.conv2.weight
  - Froze policy model parameter: model.vqmodel.decoder.up.4.block.1.conv2.bias
  - Froze policy model parameter: model.vqmodel.decoder.up.4.block.2.norm1.weight
  - Froze policy model parameter: model.vqmodel.decoder.up.4.block.2.norm1.bias
  - Froze policy model parameter: model.vqmodel.decoder.up.4.block.2.conv1.weight
  - Froze policy model parameter: model.vqmodel.decoder.up.4.block.2.conv1.bias
  - Froze policy model parameter: model.vqmodel.decoder.up.4.block.2.norm2.weight
  - Froze policy model parameter: model.vqmodel.decoder.up.4.block.2.norm2.bias
  - Froze policy model parameter: model.vqmodel.decoder.up.4.block.2.conv2.weight
  - Froze policy model parameter: model.vqmodel.decoder.up.4.block.2.conv2.bias
  - Froze policy model parameter: model.vqmodel.decoder.up.4.upsample.conv.weight
  - Froze policy model parameter: model.vqmodel.decoder.up.4.upsample.conv.bias
  - Froze policy model parameter: model.vqmodel.decoder.norm_out.weight
  - Froze policy model parameter: model.vqmodel.decoder.norm_out.bias
  - Froze policy model parameter: model.vqmodel.decoder.conv_out.weight
  - Froze policy model parameter: model.vqmodel.decoder.conv_out.bias
  - Froze policy model parameter: model.vqmodel.quantize.embedding.weight
  - Froze policy model parameter: model.vqmodel.quant_conv.weight
  - Froze policy model parameter: model.vqmodel.quant_conv.bias
  - Froze policy model parameter: model.vqmodel.post_quant_conv.weight
  - Froze policy model parameter: model.vqmodel.post_quant_conv.bias
  - Froze policy model parameter: mlp_head.time_embed.mlp.0.weight
  - Froze policy model parameter: mlp_head.time_embed.mlp.0.bias
  - Froze policy model parameter: mlp_head.time_embed.mlp.2.weight
  - Froze policy model parameter: mlp_head.time_embed.mlp.2.bias
  - Froze policy model parameter: mlp_head.cond_embed.weight
  - Froze policy model parameter: mlp_head.cond_embed.bias
  - Froze policy model parameter: mlp_head.input_proj.weight
  - Froze policy model parameter: mlp_head.input_proj.bias
  - Froze policy model parameter: mlp_head.res_blocks.0.in_ln.weight
  - Froze policy model parameter: mlp_head.res_blocks.0.in_ln.bias
  - Froze policy model parameter: mlp_head.res_blocks.0.mlp.0.weight
  - Froze policy model parameter: mlp_head.res_blocks.0.mlp.0.bias
  - Froze policy model parameter: mlp_head.res_blocks.0.mlp.2.weight
  - Froze policy model parameter: mlp_head.res_blocks.0.mlp.2.bias
  - Froze policy model parameter: mlp_head.res_blocks.0.adaLN_modulation.1.weight
  - Froze policy model parameter: mlp_head.res_blocks.0.adaLN_modulation.1.bias
  - Froze policy model parameter: mlp_head.res_blocks.1.in_ln.weight
  - Froze policy model parameter: mlp_head.res_blocks.1.in_ln.bias
  - Froze policy model parameter: mlp_head.res_blocks.1.mlp.0.weight
  - Froze policy model parameter: mlp_head.res_blocks.1.mlp.0.bias
  - Froze policy model parameter: mlp_head.res_blocks.1.mlp.2.weight
  - Froze policy model parameter: mlp_head.res_blocks.1.mlp.2.bias
  - Froze policy model parameter: mlp_head.res_blocks.1.adaLN_modulation.1.weight
  - Froze policy model parameter: mlp_head.res_blocks.1.adaLN_modulation.1.bias
  - Froze policy model parameter: mlp_head.res_blocks.2.in_ln.weight
  - Froze policy model parameter: mlp_head.res_blocks.2.in_ln.bias
  - Froze policy model parameter: mlp_head.res_blocks.2.mlp.0.weight
  - Froze policy model parameter: mlp_head.res_blocks.2.mlp.0.bias
  - Froze policy model parameter: mlp_head.res_blocks.2.mlp.2.weight
  - Froze policy model parameter: mlp_head.res_blocks.2.mlp.2.bias
  - Froze policy model parameter: mlp_head.res_blocks.2.adaLN_modulation.1.weight
  - Froze policy model parameter: mlp_head.res_blocks.2.adaLN_modulation.1.bias
  - Froze policy model parameter: mlp_head.final_layer.linear.weight
  - Froze policy model parameter: mlp_head.final_layer.linear.bias
  - Froze policy model parameter: mlp_head.final_layer.adaLN_modulation.1.weight
  - Froze policy model parameter: mlp_head.final_layer.adaLN_modulation.1.bias
Model parts frozen.
Loaded 2 reward functions: ['answer_correctness_reward', 'format_reward']
Trainer initialized.
--- [Step 3/3] Starting GRPO training... ---
`torch_dtype` is deprecated! Use `dtype` instead!
Loading checkpoint shards:   0%|          | 0/3 [00:00<?, ?it/s]`torch_dtype` is deprecated! Use `dtype` instead!
Loading checkpoint shards: 100%|██████████| 3/3 [00:00<00:00, 26.90it/s]Loading checkpoint shards: 100%|██████████| 3/3 [00:00<00:00, 26.85it/s]
Freezing non-trainable parts of the model...
  - Froze policy model parameter: model.vqmodel.encoder.conv_in.weight
  - Froze policy model parameter: model.vqmodel.encoder.conv_in.bias
  - Froze policy model parameter: model.vqmodel.encoder.down.0.block.0.norm1.weight
  - Froze policy model parameter: model.vqmodel.encoder.down.0.block.0.norm1.bias
  - Froze policy model parameter: model.vqmodel.encoder.down.0.block.0.conv1.weight
  - Froze policy model parameter: model.vqmodel.encoder.down.0.block.0.conv1.bias
  - Froze policy model parameter: model.vqmodel.encoder.down.0.block.0.norm2.weight
  - Froze policy model parameter: model.vqmodel.encoder.down.0.block.0.norm2.bias
  - Froze policy model parameter: model.vqmodel.encoder.down.0.block.0.conv2.weight
  - Froze policy model parameter: model.vqmodel.encoder.down.0.block.0.conv2.bias
  - Froze policy model parameter: model.vqmodel.encoder.down.0.block.1.norm1.weight
  - Froze policy model parameter: model.vqmodel.encoder.down.0.block.1.norm1.bias
  - Froze policy model parameter: model.vqmodel.encoder.down.0.block.1.conv1.weight
  - Froze policy model parameter: model.vqmodel.encoder.down.0.block.1.conv1.bias
  - Froze policy model parameter: model.vqmodel.encoder.down.0.block.1.norm2.weight
  - Froze policy model parameter: model.vqmodel.encoder.down.0.block.1.norm2.bias
  - Froze policy model parameter: model.vqmodel.encoder.down.0.block.1.conv2.weight
  - Froze policy model parameter: model.vqmodel.encoder.down.0.block.1.conv2.bias
  - Froze policy model parameter: model.vqmodel.encoder.down.0.downsample.conv.weight
  - Froze policy model parameter: model.vqmodel.encoder.down.0.downsample.conv.bias
  - Froze policy model parameter: model.vqmodel.encoder.down.1.block.0.norm1.weight
  - Froze policy model parameter: model.vqmodel.encoder.down.1.block.0.norm1.bias
  - Froze policy model parameter: model.vqmodel.encoder.down.1.block.0.conv1.weight
  - Froze policy model parameter: model.vqmodel.encoder.down.1.block.0.conv1.bias
  - Froze policy model parameter: model.vqmodel.encoder.down.1.block.0.norm2.weight
  - Froze policy model parameter: model.vqmodel.encoder.down.1.block.0.norm2.bias
  - Froze policy model parameter: model.vqmodel.encoder.down.1.block.0.conv2.weight
  - Froze policy model parameter: model.vqmodel.encoder.down.1.block.0.conv2.bias
  - Froze policy model parameter: model.vqmodel.encoder.down.1.block.1.norm1.weight
  - Froze policy model parameter: model.vqmodel.encoder.down.1.block.1.norm1.bias
  - Froze policy model parameter: model.vqmodel.encoder.down.1.block.1.conv1.weight
  - Froze policy model parameter: model.vqmodel.encoder.down.1.block.1.conv1.bias
  - Froze policy model parameter: model.vqmodel.encoder.down.1.block.1.norm2.weight
  - Froze policy model parameter: model.vqmodel.encoder.down.1.block.1.norm2.bias
  - Froze policy model parameter: model.vqmodel.encoder.down.1.block.1.conv2.weight
  - Froze policy model parameter: model.vqmodel.encoder.down.1.block.1.conv2.bias
  - Froze policy model parameter: model.vqmodel.encoder.down.1.downsample.conv.weight
  - Froze policy model parameter: model.vqmodel.encoder.down.1.downsample.conv.bias
  - Froze policy model parameter: model.vqmodel.encoder.down.2.block.0.norm1.weight
  - Froze policy model parameter: model.vqmodel.encoder.down.2.block.0.norm1.bias
  - Froze policy model parameter: model.vqmodel.encoder.down.2.block.0.conv1.weight
  - Froze policy model parameter: model.vqmodel.encoder.down.2.block.0.conv1.bias
  - Froze policy model parameter: model.vqmodel.encoder.down.2.block.0.norm2.weight
  - Froze policy model parameter: model.vqmodel.encoder.down.2.block.0.norm2.bias
  - Froze policy model parameter: model.vqmodel.encoder.down.2.block.0.conv2.weight
  - Froze policy model parameter: model.vqmodel.encoder.down.2.block.0.conv2.bias
  - Froze policy model parameter: model.vqmodel.encoder.down.2.block.0.nin_shortcut.weight
  - Froze policy model parameter: model.vqmodel.encoder.down.2.block.0.nin_shortcut.bias
  - Froze policy model parameter: model.vqmodel.encoder.down.2.block.1.norm1.weight
  - Froze policy model parameter: model.vqmodel.encoder.down.2.block.1.norm1.bias
  - Froze policy model parameter: model.vqmodel.encoder.down.2.block.1.conv1.weight
  - Froze policy model parameter: model.vqmodel.encoder.down.2.block.1.conv1.bias
  - Froze policy model parameter: model.vqmodel.encoder.down.2.block.1.norm2.weight
  - Froze policy model parameter: model.vqmodel.encoder.down.2.block.1.norm2.bias
  - Froze policy model parameter: model.vqmodel.encoder.down.2.block.1.conv2.weight
  - Froze policy model parameter: model.vqmodel.encoder.down.2.block.1.conv2.bias
  - Froze policy model parameter: model.vqmodel.encoder.down.2.downsample.conv.weight
  - Froze policy model parameter: model.vqmodel.encoder.down.2.downsample.conv.bias
  - Froze policy model parameter: model.vqmodel.encoder.down.3.block.0.norm1.weight
  - Froze policy model parameter: model.vqmodel.encoder.down.3.block.0.norm1.bias
  - Froze policy model parameter: model.vqmodel.encoder.down.3.block.0.conv1.weight
  - Froze policy model parameter: model.vqmodel.encoder.down.3.block.0.conv1.bias
  - Froze policy model parameter: model.vqmodel.encoder.down.3.block.0.norm2.weight
  - Froze policy model parameter: model.vqmodel.encoder.down.3.block.0.norm2.bias
  - Froze policy model parameter: model.vqmodel.encoder.down.3.block.0.conv2.weight
  - Froze policy model parameter: model.vqmodel.encoder.down.3.block.0.conv2.bias
  - Froze policy model parameter: model.vqmodel.encoder.down.3.block.1.norm1.weight
  - Froze policy model parameter: model.vqmodel.encoder.down.3.block.1.norm1.bias
  - Froze policy model parameter: model.vqmodel.encoder.down.3.block.1.conv1.weight
  - Froze policy model parameter: model.vqmodel.encoder.down.3.block.1.conv1.bias
  - Froze policy model parameter: model.vqmodel.encoder.down.3.block.1.norm2.weight
  - Froze policy model parameter: model.vqmodel.encoder.down.3.block.1.norm2.bias
  - Froze policy model parameter: model.vqmodel.encoder.down.3.block.1.conv2.weight
  - Froze policy model parameter: model.vqmodel.encoder.down.3.block.1.conv2.bias
  - Froze policy model parameter: model.vqmodel.encoder.down.3.downsample.conv.weight
  - Froze policy model parameter: model.vqmodel.encoder.down.3.downsample.conv.bias
  - Froze policy model parameter: model.vqmodel.encoder.down.4.block.0.norm1.weight
  - Froze policy model parameter: model.vqmodel.encoder.down.4.block.0.norm1.bias
  - Froze policy model parameter: model.vqmodel.encoder.down.4.block.0.conv1.weight
  - Froze policy model parameter: model.vqmodel.encoder.down.4.block.0.conv1.bias
  - Froze policy model parameter: model.vqmodel.encoder.down.4.block.0.norm2.weight
  - Froze policy model parameter: model.vqmodel.encoder.down.4.block.0.norm2.bias
  - Froze policy model parameter: model.vqmodel.encoder.down.4.block.0.conv2.weight
  - Froze policy model parameter: model.vqmodel.encoder.down.4.block.0.conv2.bias
  - Froze policy model parameter: model.vqmodel.encoder.down.4.block.0.nin_shortcut.weight
  - Froze policy model parameter: model.vqmodel.encoder.down.4.block.0.nin_shortcut.bias
  - Froze policy model parameter: model.vqmodel.encoder.down.4.block.1.norm1.weight
  - Froze policy model parameter: model.vqmodel.encoder.down.4.block.1.norm1.bias
  - Froze policy model parameter: model.vqmodel.encoder.down.4.block.1.conv1.weight
  - Froze policy model parameter: model.vqmodel.encoder.down.4.block.1.conv1.bias
  - Froze policy model parameter: model.vqmodel.encoder.down.4.block.1.norm2.weight
  - Froze policy model parameter: model.vqmodel.encoder.down.4.block.1.norm2.bias
  - Froze policy model parameter: model.vqmodel.encoder.down.4.block.1.conv2.weight
  - Froze policy model parameter: model.vqmodel.encoder.down.4.block.1.conv2.bias
  - Froze policy model parameter: model.vqmodel.encoder.mid.block_1.norm1.weight
  - Froze policy model parameter: model.vqmodel.encoder.mid.block_1.norm1.bias
  - Froze policy model parameter: model.vqmodel.encoder.mid.block_1.conv1.weight
  - Froze policy model parameter: model.vqmodel.encoder.mid.block_1.conv1.bias
  - Froze policy model parameter: model.vqmodel.encoder.mid.block_1.norm2.weight
  - Froze policy model parameter: model.vqmodel.encoder.mid.block_1.norm2.bias
  - Froze policy model parameter: model.vqmodel.encoder.mid.block_1.conv2.weight
  - Froze policy model parameter: model.vqmodel.encoder.mid.block_1.conv2.bias
  - Froze policy model parameter: model.vqmodel.encoder.mid.attn_1.norm.weight
  - Froze policy model parameter: model.vqmodel.encoder.mid.attn_1.norm.bias
  - Froze policy model parameter: model.vqmodel.encoder.mid.attn_1.q.weight
  - Froze policy model parameter: model.vqmodel.encoder.mid.attn_1.q.bias
  - Froze policy model parameter: model.vqmodel.encoder.mid.attn_1.k.weight
  - Froze policy model parameter: model.vqmodel.encoder.mid.attn_1.k.bias
  - Froze policy model parameter: model.vqmodel.encoder.mid.attn_1.v.weight
  - Froze policy model parameter: model.vqmodel.encoder.mid.attn_1.v.bias
  - Froze policy model parameter: model.vqmodel.encoder.mid.attn_1.proj_out.weight
  - Froze policy model parameter: model.vqmodel.encoder.mid.attn_1.proj_out.bias
  - Froze policy model parameter: model.vqmodel.encoder.mid.block_2.norm1.weight
  - Froze policy model parameter: model.vqmodel.encoder.mid.block_2.norm1.bias
  - Froze policy model parameter: model.vqmodel.encoder.mid.block_2.conv1.weight
  - Froze policy model parameter: model.vqmodel.encoder.mid.block_2.conv1.bias
  - Froze policy model parameter: model.vqmodel.encoder.mid.block_2.norm2.weight
  - Froze policy model parameter: model.vqmodel.encoder.mid.block_2.norm2.bias
  - Froze policy model parameter: model.vqmodel.encoder.mid.block_2.conv2.weight
  - Froze policy model parameter: model.vqmodel.encoder.mid.block_2.conv2.bias
  - Froze policy model parameter: model.vqmodel.encoder.norm_out.weight
  - Froze policy model parameter: model.vqmodel.encoder.norm_out.bias
  - Froze policy model parameter: model.vqmodel.encoder.conv_out.weight
  - Froze policy model parameter: model.vqmodel.encoder.conv_out.bias
  - Froze policy model parameter: model.vqmodel.decoder.conv_in.weight
  - Froze policy model parameter: model.vqmodel.decoder.conv_in.bias
  - Froze policy model parameter: model.vqmodel.decoder.mid.block_1.norm1.weight
  - Froze policy model parameter: model.vqmodel.decoder.mid.block_1.norm1.bias
  - Froze policy model parameter: model.vqmodel.decoder.mid.block_1.conv1.weight
  - Froze policy model parameter: model.vqmodel.decoder.mid.block_1.conv1.bias
  - Froze policy model parameter: model.vqmodel.decoder.mid.block_1.norm2.weight
  - Froze policy model parameter: model.vqmodel.decoder.mid.block_1.norm2.bias
  - Froze policy model parameter: model.vqmodel.decoder.mid.block_1.conv2.weight
  - Froze policy model parameter: model.vqmodel.decoder.mid.block_1.conv2.bias
  - Froze policy model parameter: model.vqmodel.decoder.mid.attn_1.norm.weight
  - Froze policy model parameter: model.vqmodel.decoder.mid.attn_1.norm.bias
  - Froze policy model parameter: model.vqmodel.decoder.mid.attn_1.q.weight
  - Froze policy model parameter: model.vqmodel.decoder.mid.attn_1.q.bias
  - Froze policy model parameter: model.vqmodel.decoder.mid.attn_1.k.weight
  - Froze policy model parameter: model.vqmodel.decoder.mid.attn_1.k.bias
  - Froze policy model parameter: model.vqmodel.decoder.mid.attn_1.v.weight
  - Froze policy model parameter: model.vqmodel.decoder.mid.attn_1.v.bias
  - Froze policy model parameter: model.vqmodel.decoder.mid.attn_1.proj_out.weight
  - Froze policy model parameter: model.vqmodel.decoder.mid.attn_1.proj_out.bias
  - Froze policy model parameter: model.vqmodel.decoder.mid.block_2.norm1.weight
  - Froze policy model parameter: model.vqmodel.decoder.mid.block_2.norm1.bias
  - Froze policy model parameter: model.vqmodel.decoder.mid.block_2.conv1.weight
  - Froze policy model parameter: model.vqmodel.decoder.mid.block_2.conv1.bias
  - Froze policy model parameter: model.vqmodel.decoder.mid.block_2.norm2.weight
  - Froze policy model parameter: model.vqmodel.decoder.mid.block_2.norm2.bias
  - Froze policy model parameter: model.vqmodel.decoder.mid.block_2.conv2.weight
  - Froze policy model parameter: model.vqmodel.decoder.mid.block_2.conv2.bias
  - Froze policy model parameter: model.vqmodel.decoder.up.0.block.0.norm1.weight
  - Froze policy model parameter: model.vqmodel.decoder.up.0.block.0.norm1.bias
  - Froze policy model parameter: model.vqmodel.decoder.up.0.block.0.conv1.weight
  - Froze policy model parameter: model.vqmodel.decoder.up.0.block.0.conv1.bias
  - Froze policy model parameter: model.vqmodel.decoder.up.0.block.0.norm2.weight
  - Froze policy model parameter: model.vqmodel.decoder.up.0.block.0.norm2.bias
  - Froze policy model parameter: model.vqmodel.decoder.up.0.block.0.conv2.weight
  - Froze policy model parameter: model.vqmodel.decoder.up.0.block.0.conv2.bias
  - Froze policy model parameter: model.vqmodel.decoder.up.0.block.1.norm1.weight
  - Froze policy model parameter: model.vqmodel.decoder.up.0.block.1.norm1.bias
  - Froze policy model parameter: model.vqmodel.decoder.up.0.block.1.conv1.weight
  - Froze policy model parameter: model.vqmodel.decoder.up.0.block.1.conv1.bias
  - Froze policy model parameter: model.vqmodel.decoder.up.0.block.1.norm2.weight
  - Froze policy model parameter: model.vqmodel.decoder.up.0.block.1.norm2.bias
  - Froze policy model parameter: model.vqmodel.decoder.up.0.block.1.conv2.weight
  - Froze policy model parameter: model.vqmodel.decoder.up.0.block.1.conv2.bias
  - Froze policy model parameter: model.vqmodel.decoder.up.0.block.2.norm1.weight
  - Froze policy model parameter: model.vqmodel.decoder.up.0.block.2.norm1.bias
  - Froze policy model parameter: model.vqmodel.decoder.up.0.block.2.conv1.weight
  - Froze policy model parameter: model.vqmodel.decoder.up.0.block.2.conv1.bias
  - Froze policy model parameter: model.vqmodel.decoder.up.0.block.2.norm2.weight
  - Froze policy model parameter: model.vqmodel.decoder.up.0.block.2.norm2.bias
  - Froze policy model parameter: model.vqmodel.decoder.up.0.block.2.conv2.weight
  - Froze policy model parameter: model.vqmodel.decoder.up.0.block.2.conv2.bias
  - Froze policy model parameter: model.vqmodel.decoder.up.1.block.0.norm1.weight
  - Froze policy model parameter: model.vqmodel.decoder.up.1.block.0.norm1.bias
  - Froze policy model parameter: model.vqmodel.decoder.up.1.block.0.conv1.weight
  - Froze policy model parameter: model.vqmodel.decoder.up.1.block.0.conv1.bias
  - Froze policy model parameter: model.vqmodel.decoder.up.1.block.0.norm2.weight
  - Froze policy model parameter: model.vqmodel.decoder.up.1.block.0.norm2.bias
  - Froze policy model parameter: model.vqmodel.decoder.up.1.block.0.conv2.weight
  - Froze policy model parameter: model.vqmodel.decoder.up.1.block.0.conv2.bias
  - Froze policy model parameter: model.vqmodel.decoder.up.1.block.0.nin_shortcut.weight
  - Froze policy model parameter: model.vqmodel.decoder.up.1.block.0.nin_shortcut.bias
  - Froze policy model parameter: model.vqmodel.decoder.up.1.block.1.norm1.weight
  - Froze policy model parameter: model.vqmodel.decoder.up.1.block.1.norm1.bias
  - Froze policy model parameter: model.vqmodel.decoder.up.1.block.1.conv1.weight
  - Froze policy model parameter: model.vqmodel.decoder.up.1.block.1.conv1.bias
  - Froze policy model parameter: model.vqmodel.decoder.up.1.block.1.norm2.weight
  - Froze policy model parameter: model.vqmodel.decoder.up.1.block.1.norm2.bias
  - Froze policy model parameter: model.vqmodel.decoder.up.1.block.1.conv2.weight
  - Froze policy model parameter: model.vqmodel.decoder.up.1.block.1.conv2.bias
  - Froze policy model parameter: model.vqmodel.decoder.up.1.block.2.norm1.weight
  - Froze policy model parameter: model.vqmodel.decoder.up.1.block.2.norm1.bias
  - Froze policy model parameter: model.vqmodel.decoder.up.1.block.2.conv1.weight
  - Froze policy model parameter: model.vqmodel.decoder.up.1.block.2.conv1.bias
  - Froze policy model parameter: model.vqmodel.decoder.up.1.block.2.norm2.weight
  - Froze policy model parameter: model.vqmodel.decoder.up.1.block.2.norm2.bias
  - Froze policy model parameter: model.vqmodel.decoder.up.1.block.2.conv2.weight
  - Froze policy model parameter: model.vqmodel.decoder.up.1.block.2.conv2.bias
  - Froze policy model parameter: model.vqmodel.decoder.up.1.upsample.conv.weight
  - Froze policy model parameter: model.vqmodel.decoder.up.1.upsample.conv.bias
  - Froze policy model parameter: model.vqmodel.decoder.up.2.block.0.norm1.weight
  - Froze policy model parameter: model.vqmodel.decoder.up.2.block.0.norm1.bias
  - Froze policy model parameter: model.vqmodel.decoder.up.2.block.0.conv1.weight
  - Froze policy model parameter: model.vqmodel.decoder.up.2.block.0.conv1.bias
  - Froze policy model parameter: model.vqmodel.decoder.up.2.block.0.norm2.weight
  - Froze policy model parameter: model.vqmodel.decoder.up.2.block.0.norm2.bias
  - Froze policy model parameter: model.vqmodel.decoder.up.2.block.0.conv2.weight
  - Froze policy model parameter: model.vqmodel.decoder.up.2.block.0.conv2.bias
  - Froze policy model parameter: model.vqmodel.decoder.up.2.block.1.norm1.weight
  - Froze policy model parameter: model.vqmodel.decoder.up.2.block.1.norm1.bias
  - Froze policy model parameter: model.vqmodel.decoder.up.2.block.1.conv1.weight
  - Froze policy model parameter: model.vqmodel.decoder.up.2.block.1.conv1.bias
  - Froze policy model parameter: model.vqmodel.decoder.up.2.block.1.norm2.weight
  - Froze policy model parameter: model.vqmodel.decoder.up.2.block.1.norm2.bias
  - Froze policy model parameter: model.vqmodel.decoder.up.2.block.1.conv2.weight
  - Froze policy model parameter: model.vqmodel.decoder.up.2.block.1.conv2.bias
  - Froze policy model parameter: model.vqmodel.decoder.up.2.block.2.norm1.weight
  - Froze policy model parameter: model.vqmodel.decoder.up.2.block.2.norm1.bias
  - Froze policy model parameter: model.vqmodel.decoder.up.2.block.2.conv1.weight
  - Froze policy model parameter: model.vqmodel.decoder.up.2.block.2.conv1.bias
  - Froze policy model parameter: model.vqmodel.decoder.up.2.block.2.norm2.weight
  - Froze policy model parameter: model.vqmodel.decoder.up.2.block.2.norm2.bias
  - Froze policy model parameter: model.vqmodel.decoder.up.2.block.2.conv2.weight
  - Froze policy model parameter: model.vqmodel.decoder.up.2.block.2.conv2.bias
  - Froze policy model parameter: model.vqmodel.decoder.up.2.upsample.conv.weight
  - Froze policy model parameter: model.vqmodel.decoder.up.2.upsample.conv.bias
  - Froze policy model parameter: model.vqmodel.decoder.up.3.block.0.norm1.weight
  - Froze policy model parameter: model.vqmodel.decoder.up.3.block.0.norm1.bias
  - Froze policy model parameter: model.vqmodel.decoder.up.3.block.0.conv1.weight
  - Froze policy model parameter: model.vqmodel.decoder.up.3.block.0.conv1.bias
  - Froze policy model parameter: model.vqmodel.decoder.up.3.block.0.norm2.weight
  - Froze policy model parameter: model.vqmodel.decoder.up.3.block.0.norm2.bias
  - Froze policy model parameter: model.vqmodel.decoder.up.3.block.0.conv2.weight
  - Froze policy model parameter: model.vqmodel.decoder.up.3.block.0.conv2.bias
  - Froze policy model parameter: model.vqmodel.decoder.up.3.block.0.nin_shortcut.weight
  - Froze policy model parameter: model.vqmodel.decoder.up.3.block.0.nin_shortcut.bias
  - Froze policy model parameter: model.vqmodel.decoder.up.3.block.1.norm1.weight
  - Froze policy model parameter: model.vqmodel.decoder.up.3.block.1.norm1.bias
  - Froze policy model parameter: model.vqmodel.decoder.up.3.block.1.conv1.weight
  - Froze policy model parameter: model.vqmodel.decoder.up.3.block.1.conv1.bias
  - Froze policy model parameter: model.vqmodel.decoder.up.3.block.1.norm2.weight
  - Froze policy model parameter: model.vqmodel.decoder.up.3.block.1.norm2.bias
  - Froze policy model parameter: model.vqmodel.decoder.up.3.block.1.conv2.weight
  - Froze policy model parameter: model.vqmodel.decoder.up.3.block.1.conv2.bias
  - Froze policy model parameter: model.vqmodel.decoder.up.3.block.2.norm1.weight
  - Froze policy model parameter: model.vqmodel.decoder.up.3.block.2.norm1.bias
  - Froze policy model parameter: model.vqmodel.decoder.up.3.block.2.conv1.weight
  - Froze policy model parameter: model.vqmodel.decoder.up.3.block.2.conv1.bias
  - Froze policy model parameter: model.vqmodel.decoder.up.3.block.2.norm2.weight
  - Froze policy model parameter: model.vqmodel.decoder.up.3.block.2.norm2.bias
  - Froze policy model parameter: model.vqmodel.decoder.up.3.block.2.conv2.weight
  - Froze policy model parameter: model.vqmodel.decoder.up.3.block.2.conv2.bias
  - Froze policy model parameter: model.vqmodel.decoder.up.3.upsample.conv.weight
  - Froze policy model parameter: model.vqmodel.decoder.up.3.upsample.conv.bias
  - Froze policy model parameter: model.vqmodel.decoder.up.4.block.0.norm1.weight
  - Froze policy model parameter: model.vqmodel.decoder.up.4.block.0.norm1.bias
  - Froze policy model parameter: model.vqmodel.decoder.up.4.block.0.conv1.weight
  - Froze policy model parameter: model.vqmodel.decoder.up.4.block.0.conv1.bias
  - Froze policy model parameter: model.vqmodel.decoder.up.4.block.0.norm2.weight
  - Froze policy model parameter: model.vqmodel.decoder.up.4.block.0.norm2.bias
  - Froze policy model parameter: model.vqmodel.decoder.up.4.block.0.conv2.weight
  - Froze policy model parameter: model.vqmodel.decoder.up.4.block.0.conv2.bias
  - Froze policy model parameter: model.vqmodel.decoder.up.4.block.1.norm1.weight
  - Froze policy model parameter: model.vqmodel.decoder.up.4.block.1.norm1.bias
  - Froze policy model parameter: model.vqmodel.decoder.up.4.block.1.conv1.weight
  - Froze policy model parameter: model.vqmodel.decoder.up.4.block.1.conv1.bias
  - Froze policy model parameter: model.vqmodel.decoder.up.4.block.1.norm2.weight
  - Froze policy model parameter: model.vqmodel.decoder.up.4.block.1.norm2.bias
  - Froze policy model parameter: model.vqmodel.decoder.up.4.block.1.conv2.weight
  - Froze policy model parameter: model.vqmodel.decoder.up.4.block.1.conv2.bias
  - Froze policy model parameter: model.vqmodel.decoder.up.4.block.2.norm1.weight
  - Froze policy model parameter: model.vqmodel.decoder.up.4.block.2.norm1.bias
  - Froze policy model parameter: model.vqmodel.decoder.up.4.block.2.conv1.weight
  - Froze policy model parameter: model.vqmodel.decoder.up.4.block.2.conv1.bias
  - Froze policy model parameter: model.vqmodel.decoder.up.4.block.2.norm2.weight
  - Froze policy model parameter: model.vqmodel.decoder.up.4.block.2.norm2.bias
  - Froze policy model parameter: model.vqmodel.decoder.up.4.block.2.conv2.weight
  - Froze policy model parameter: model.vqmodel.decoder.up.4.block.2.conv2.bias
  - Froze policy model parameter: model.vqmodel.decoder.up.4.upsample.conv.weight
  - Froze policy model parameter: model.vqmodel.decoder.up.4.upsample.conv.bias
  - Froze policy model parameter: model.vqmodel.decoder.norm_out.weight
  - Froze policy model parameter: model.vqmodel.decoder.norm_out.bias
  - Froze policy model parameter: model.vqmodel.decoder.conv_out.weight
  - Froze policy model parameter: model.vqmodel.decoder.conv_out.bias
  - Froze policy model parameter: model.vqmodel.quantize.embedding.weight
  - Froze policy model parameter: model.vqmodel.quant_conv.weight
  - Froze policy model parameter: model.vqmodel.quant_conv.bias
  - Froze policy model parameter: model.vqmodel.post_quant_conv.weight
  - Froze policy model parameter: model.vqmodel.post_quant_conv.bias
  - Froze policy model parameter: mlp_head.time_embed.mlp.0.weight
  - Froze policy model parameter: mlp_head.time_embed.mlp.0.bias
  - Froze policy model parameter: mlp_head.time_embed.mlp.2.weight
  - Froze policy model parameter: mlp_head.time_embed.mlp.2.bias
  - Froze policy model parameter: mlp_head.cond_embed.weight
  - Froze policy model parameter: mlp_head.cond_embed.bias
  - Froze policy model parameter: mlp_head.input_proj.weight
  - Froze policy model parameter: mlp_head.input_proj.bias
  - Froze policy model parameter: mlp_head.res_blocks.0.in_ln.weight
  - Froze policy model parameter: mlp_head.res_blocks.0.in_ln.bias
  - Froze policy model parameter: mlp_head.res_blocks.0.mlp.0.weight
  - Froze policy model parameter: mlp_head.res_blocks.0.mlp.0.bias
  - Froze policy model parameter: mlp_head.res_blocks.0.mlp.2.weight
  - Froze policy model parameter: mlp_head.res_blocks.0.mlp.2.bias
  - Froze policy model parameter: mlp_head.res_blocks.0.adaLN_modulation.1.weight
  - Froze policy model parameter: mlp_head.res_blocks.0.adaLN_modulation.1.bias
  - Froze policy model parameter: mlp_head.res_blocks.1.in_ln.weight
  - Froze policy model parameter: mlp_head.res_blocks.1.in_ln.bias
  - Froze policy model parameter: mlp_head.res_blocks.1.mlp.0.weight
  - Froze policy model parameter: mlp_head.res_blocks.1.mlp.0.bias
  - Froze policy model parameter: mlp_head.res_blocks.1.mlp.2.weight
  - Froze policy model parameter: mlp_head.res_blocks.1.mlp.2.bias
  - Froze policy model parameter: mlp_head.res_blocks.1.adaLN_modulation.1.weight
  - Froze policy model parameter: mlp_head.res_blocks.1.adaLN_modulation.1.bias
  - Froze policy model parameter: mlp_head.res_blocks.2.in_ln.weight
  - Froze policy model parameter: mlp_head.res_blocks.2.in_ln.bias
  - Froze policy model parameter: mlp_head.res_blocks.2.mlp.0.weight
  - Froze policy model parameter: mlp_head.res_blocks.2.mlp.0.bias
  - Froze policy model parameter: mlp_head.res_blocks.2.mlp.2.weight
  - Froze policy model parameter: mlp_head.res_blocks.2.mlp.2.bias
  - Froze policy model parameter: mlp_head.res_blocks.2.adaLN_modulation.1.weight
  - Froze policy model parameter: mlp_head.res_blocks.2.adaLN_modulation.1.bias
  - Froze policy model parameter: mlp_head.final_layer.linear.weight
  - Froze policy model parameter: mlp_head.final_layer.linear.bias
  - Froze policy model parameter: mlp_head.final_layer.adaLN_modulation.1.weight
  - Froze policy model parameter: mlp_head.final_layer.adaLN_modulation.1.bias
Model parts frozen.
Loaded 2 reward functions: ['answer_correctness_reward', 'format_reward']
Trainer initialized.
--- [Step 3/3] Starting GRPO training... ---
`torch_dtype` is deprecated! Use `dtype` instead!
Loading checkpoint shards:   0%|          | 0/3 [00:00<?, ?it/s]Loading checkpoint shards: 100%|██████████| 3/3 [00:00<00:00, 26.62it/s]Loading checkpoint shards: 100%|██████████| 3/3 [00:00<00:00, 26.58it/s]
Freezing non-trainable parts of the model...
  - Froze policy model parameter: model.vqmodel.encoder.conv_in.weight
  - Froze policy model parameter: model.vqmodel.encoder.conv_in.bias
  - Froze policy model parameter: model.vqmodel.encoder.down.0.block.0.norm1.weight
  - Froze policy model parameter: model.vqmodel.encoder.down.0.block.0.norm1.bias
  - Froze policy model parameter: model.vqmodel.encoder.down.0.block.0.conv1.weight
  - Froze policy model parameter: model.vqmodel.encoder.down.0.block.0.conv1.bias
  - Froze policy model parameter: model.vqmodel.encoder.down.0.block.0.norm2.weight
  - Froze policy model parameter: model.vqmodel.encoder.down.0.block.0.norm2.bias
  - Froze policy model parameter: model.vqmodel.encoder.down.0.block.0.conv2.weight
  - Froze policy model parameter: model.vqmodel.encoder.down.0.block.0.conv2.bias
  - Froze policy model parameter: model.vqmodel.encoder.down.0.block.1.norm1.weight
  - Froze policy model parameter: model.vqmodel.encoder.down.0.block.1.norm1.bias
  - Froze policy model parameter: model.vqmodel.encoder.down.0.block.1.conv1.weight
  - Froze policy model parameter: model.vqmodel.encoder.down.0.block.1.conv1.bias
  - Froze policy model parameter: model.vqmodel.encoder.down.0.block.1.norm2.weight
  - Froze policy model parameter: model.vqmodel.encoder.down.0.block.1.norm2.bias
  - Froze policy model parameter: model.vqmodel.encoder.down.0.block.1.conv2.weight
  - Froze policy model parameter: model.vqmodel.encoder.down.0.block.1.conv2.bias
  - Froze policy model parameter: model.vqmodel.encoder.down.0.downsample.conv.weight
  - Froze policy model parameter: model.vqmodel.encoder.down.0.downsample.conv.bias
  - Froze policy model parameter: model.vqmodel.encoder.down.1.block.0.norm1.weight
  - Froze policy model parameter: model.vqmodel.encoder.down.1.block.0.norm1.bias
  - Froze policy model parameter: model.vqmodel.encoder.down.1.block.0.conv1.weight
  - Froze policy model parameter: model.vqmodel.encoder.down.1.block.0.conv1.bias
  - Froze policy model parameter: model.vqmodel.encoder.down.1.block.0.norm2.weight
  - Froze policy model parameter: model.vqmodel.encoder.down.1.block.0.norm2.bias
  - Froze policy model parameter: model.vqmodel.encoder.down.1.block.0.conv2.weight
  - Froze policy model parameter: model.vqmodel.encoder.down.1.block.0.conv2.bias
  - Froze policy model parameter: model.vqmodel.encoder.down.1.block.1.norm1.weight
  - Froze policy model parameter: model.vqmodel.encoder.down.1.block.1.norm1.bias
  - Froze policy model parameter: model.vqmodel.encoder.down.1.block.1.conv1.weight
  - Froze policy model parameter: model.vqmodel.encoder.down.1.block.1.conv1.bias
  - Froze policy model parameter: model.vqmodel.encoder.down.1.block.1.norm2.weight
  - Froze policy model parameter: model.vqmodel.encoder.down.1.block.1.norm2.bias
  - Froze policy model parameter: model.vqmodel.encoder.down.1.block.1.conv2.weight
  - Froze policy model parameter: model.vqmodel.encoder.down.1.block.1.conv2.bias
  - Froze policy model parameter: model.vqmodel.encoder.down.1.downsample.conv.weight
  - Froze policy model parameter: model.vqmodel.encoder.down.1.downsample.conv.bias
  - Froze policy model parameter: model.vqmodel.encoder.down.2.block.0.norm1.weight
  - Froze policy model parameter: model.vqmodel.encoder.down.2.block.0.norm1.bias
  - Froze policy model parameter: model.vqmodel.encoder.down.2.block.0.conv1.weight
  - Froze policy model parameter: model.vqmodel.encoder.down.2.block.0.conv1.bias
  - Froze policy model parameter: model.vqmodel.encoder.down.2.block.0.norm2.weight
  - Froze policy model parameter: model.vqmodel.encoder.down.2.block.0.norm2.bias
  - Froze policy model parameter: model.vqmodel.encoder.down.2.block.0.conv2.weight
  - Froze policy model parameter: model.vqmodel.encoder.down.2.block.0.conv2.bias
  - Froze policy model parameter: model.vqmodel.encoder.down.2.block.0.nin_shortcut.weight
  - Froze policy model parameter: model.vqmodel.encoder.down.2.block.0.nin_shortcut.bias
  - Froze policy model parameter: model.vqmodel.encoder.down.2.block.1.norm1.weight
  - Froze policy model parameter: model.vqmodel.encoder.down.2.block.1.norm1.bias
  - Froze policy model parameter: model.vqmodel.encoder.down.2.block.1.conv1.weight
  - Froze policy model parameter: model.vqmodel.encoder.down.2.block.1.conv1.bias
  - Froze policy model parameter: model.vqmodel.encoder.down.2.block.1.norm2.weight
  - Froze policy model parameter: model.vqmodel.encoder.down.2.block.1.norm2.bias
  - Froze policy model parameter: model.vqmodel.encoder.down.2.block.1.conv2.weight
  - Froze policy model parameter: model.vqmodel.encoder.down.2.block.1.conv2.bias
  - Froze policy model parameter: model.vqmodel.encoder.down.2.downsample.conv.weight
  - Froze policy model parameter: model.vqmodel.encoder.down.2.downsample.conv.bias
  - Froze policy model parameter: model.vqmodel.encoder.down.3.block.0.norm1.weight
  - Froze policy model parameter: model.vqmodel.encoder.down.3.block.0.norm1.bias
  - Froze policy model parameter: model.vqmodel.encoder.down.3.block.0.conv1.weight
  - Froze policy model parameter: model.vqmodel.encoder.down.3.block.0.conv1.bias
  - Froze policy model parameter: model.vqmodel.encoder.down.3.block.0.norm2.weight
  - Froze policy model parameter: model.vqmodel.encoder.down.3.block.0.norm2.bias
  - Froze policy model parameter: model.vqmodel.encoder.down.3.block.0.conv2.weight
  - Froze policy model parameter: model.vqmodel.encoder.down.3.block.0.conv2.bias
  - Froze policy model parameter: model.vqmodel.encoder.down.3.block.1.norm1.weight
  - Froze policy model parameter: model.vqmodel.encoder.down.3.block.1.norm1.bias
  - Froze policy model parameter: model.vqmodel.encoder.down.3.block.1.conv1.weight
  - Froze policy model parameter: model.vqmodel.encoder.down.3.block.1.conv1.bias
  - Froze policy model parameter: model.vqmodel.encoder.down.3.block.1.norm2.weight
  - Froze policy model parameter: model.vqmodel.encoder.down.3.block.1.norm2.bias
  - Froze policy model parameter: model.vqmodel.encoder.down.3.block.1.conv2.weight
  - Froze policy model parameter: model.vqmodel.encoder.down.3.block.1.conv2.bias
  - Froze policy model parameter: model.vqmodel.encoder.down.3.downsample.conv.weight
  - Froze policy model parameter: model.vqmodel.encoder.down.3.downsample.conv.bias
  - Froze policy model parameter: model.vqmodel.encoder.down.4.block.0.norm1.weight
  - Froze policy model parameter: model.vqmodel.encoder.down.4.block.0.norm1.bias
  - Froze policy model parameter: model.vqmodel.encoder.down.4.block.0.conv1.weight
  - Froze policy model parameter: model.vqmodel.encoder.down.4.block.0.conv1.bias
  - Froze policy model parameter: model.vqmodel.encoder.down.4.block.0.norm2.weight
  - Froze policy model parameter: model.vqmodel.encoder.down.4.block.0.norm2.bias
  - Froze policy model parameter: model.vqmodel.encoder.down.4.block.0.conv2.weight
  - Froze policy model parameter: model.vqmodel.encoder.down.4.block.0.conv2.bias
  - Froze policy model parameter: model.vqmodel.encoder.down.4.block.0.nin_shortcut.weight
  - Froze policy model parameter: model.vqmodel.encoder.down.4.block.0.nin_shortcut.bias
  - Froze policy model parameter: model.vqmodel.encoder.down.4.block.1.norm1.weight
  - Froze policy model parameter: model.vqmodel.encoder.down.4.block.1.norm1.bias
  - Froze policy model parameter: model.vqmodel.encoder.down.4.block.1.conv1.weight
  - Froze policy model parameter: model.vqmodel.encoder.down.4.block.1.conv1.bias
  - Froze policy model parameter: model.vqmodel.encoder.down.4.block.1.norm2.weight
  - Froze policy model parameter: model.vqmodel.encoder.down.4.block.1.norm2.bias
  - Froze policy model parameter: model.vqmodel.encoder.down.4.block.1.conv2.weight
  - Froze policy model parameter: model.vqmodel.encoder.down.4.block.1.conv2.bias
  - Froze policy model parameter: model.vqmodel.encoder.mid.block_1.norm1.weight
  - Froze policy model parameter: model.vqmodel.encoder.mid.block_1.norm1.bias
  - Froze policy model parameter: model.vqmodel.encoder.mid.block_1.conv1.weight
  - Froze policy model parameter: model.vqmodel.encoder.mid.block_1.conv1.bias
  - Froze policy model parameter: model.vqmodel.encoder.mid.block_1.norm2.weight
  - Froze policy model parameter: model.vqmodel.encoder.mid.block_1.norm2.bias
  - Froze policy model parameter: model.vqmodel.encoder.mid.block_1.conv2.weight
  - Froze policy model parameter: model.vqmodel.encoder.mid.block_1.conv2.bias
  - Froze policy model parameter: model.vqmodel.encoder.mid.attn_1.norm.weight
  - Froze policy model parameter: model.vqmodel.encoder.mid.attn_1.norm.bias
  - Froze policy model parameter: model.vqmodel.encoder.mid.attn_1.q.weight
  - Froze policy model parameter: model.vqmodel.encoder.mid.attn_1.q.bias
  - Froze policy model parameter: model.vqmodel.encoder.mid.attn_1.k.weight
  - Froze policy model parameter: model.vqmodel.encoder.mid.attn_1.k.bias
  - Froze policy model parameter: model.vqmodel.encoder.mid.attn_1.v.weight
  - Froze policy model parameter: model.vqmodel.encoder.mid.attn_1.v.bias
  - Froze policy model parameter: model.vqmodel.encoder.mid.attn_1.proj_out.weight
  - Froze policy model parameter: model.vqmodel.encoder.mid.attn_1.proj_out.bias
  - Froze policy model parameter: model.vqmodel.encoder.mid.block_2.norm1.weight
  - Froze policy model parameter: model.vqmodel.encoder.mid.block_2.norm1.bias
  - Froze policy model parameter: model.vqmodel.encoder.mid.block_2.conv1.weight
  - Froze policy model parameter: model.vqmodel.encoder.mid.block_2.conv1.bias
  - Froze policy model parameter: model.vqmodel.encoder.mid.block_2.norm2.weight
  - Froze policy model parameter: model.vqmodel.encoder.mid.block_2.norm2.bias
  - Froze policy model parameter: model.vqmodel.encoder.mid.block_2.conv2.weight
  - Froze policy model parameter: model.vqmodel.encoder.mid.block_2.conv2.bias
  - Froze policy model parameter: model.vqmodel.encoder.norm_out.weight
  - Froze policy model parameter: model.vqmodel.encoder.norm_out.bias
  - Froze policy model parameter: model.vqmodel.encoder.conv_out.weight
  - Froze policy model parameter: model.vqmodel.encoder.conv_out.bias
  - Froze policy model parameter: model.vqmodel.decoder.conv_in.weight
  - Froze policy model parameter: model.vqmodel.decoder.conv_in.bias
  - Froze policy model parameter: model.vqmodel.decoder.mid.block_1.norm1.weight
  - Froze policy model parameter: model.vqmodel.decoder.mid.block_1.norm1.bias
  - Froze policy model parameter: model.vqmodel.decoder.mid.block_1.conv1.weight
  - Froze policy model parameter: model.vqmodel.decoder.mid.block_1.conv1.bias
  - Froze policy model parameter: model.vqmodel.decoder.mid.block_1.norm2.weight
  - Froze policy model parameter: model.vqmodel.decoder.mid.block_1.norm2.bias
  - Froze policy model parameter: model.vqmodel.decoder.mid.block_1.conv2.weight
  - Froze policy model parameter: model.vqmodel.decoder.mid.block_1.conv2.bias
  - Froze policy model parameter: model.vqmodel.decoder.mid.attn_1.norm.weight
  - Froze policy model parameter: model.vqmodel.decoder.mid.attn_1.norm.bias
  - Froze policy model parameter: model.vqmodel.decoder.mid.attn_1.q.weight
  - Froze policy model parameter: model.vqmodel.decoder.mid.attn_1.q.bias
  - Froze policy model parameter: model.vqmodel.decoder.mid.attn_1.k.weight
  - Froze policy model parameter: model.vqmodel.decoder.mid.attn_1.k.bias
  - Froze policy model parameter: model.vqmodel.decoder.mid.attn_1.v.weight
  - Froze policy model parameter: model.vqmodel.decoder.mid.attn_1.v.bias
  - Froze policy model parameter: model.vqmodel.decoder.mid.attn_1.proj_out.weight
  - Froze policy model parameter: model.vqmodel.decoder.mid.attn_1.proj_out.bias
  - Froze policy model parameter: model.vqmodel.decoder.mid.block_2.norm1.weight
  - Froze policy model parameter: model.vqmodel.decoder.mid.block_2.norm1.bias
  - Froze policy model parameter: model.vqmodel.decoder.mid.block_2.conv1.weight
  - Froze policy model parameter: model.vqmodel.decoder.mid.block_2.conv1.bias
  - Froze policy model parameter: model.vqmodel.decoder.mid.block_2.norm2.weight
  - Froze policy model parameter: model.vqmodel.decoder.mid.block_2.norm2.bias
  - Froze policy model parameter: model.vqmodel.decoder.mid.block_2.conv2.weight
  - Froze policy model parameter: model.vqmodel.decoder.mid.block_2.conv2.bias
  - Froze policy model parameter: model.vqmodel.decoder.up.0.block.0.norm1.weight
  - Froze policy model parameter: model.vqmodel.decoder.up.0.block.0.norm1.bias
  - Froze policy model parameter: model.vqmodel.decoder.up.0.block.0.conv1.weight
  - Froze policy model parameter: model.vqmodel.decoder.up.0.block.0.conv1.bias
  - Froze policy model parameter: model.vqmodel.decoder.up.0.block.0.norm2.weight
  - Froze policy model parameter: model.vqmodel.decoder.up.0.block.0.norm2.bias
  - Froze policy model parameter: model.vqmodel.decoder.up.0.block.0.conv2.weight
  - Froze policy model parameter: model.vqmodel.decoder.up.0.block.0.conv2.bias
  - Froze policy model parameter: model.vqmodel.decoder.up.0.block.1.norm1.weight
  - Froze policy model parameter: model.vqmodel.decoder.up.0.block.1.norm1.bias
  - Froze policy model parameter: model.vqmodel.decoder.up.0.block.1.conv1.weight
  - Froze policy model parameter: model.vqmodel.decoder.up.0.block.1.conv1.bias
  - Froze policy model parameter: model.vqmodel.decoder.up.0.block.1.norm2.weight
  - Froze policy model parameter: model.vqmodel.decoder.up.0.block.1.norm2.bias
  - Froze policy model parameter: model.vqmodel.decoder.up.0.block.1.conv2.weight
  - Froze policy model parameter: model.vqmodel.decoder.up.0.block.1.conv2.bias
  - Froze policy model parameter: model.vqmodel.decoder.up.0.block.2.norm1.weight
  - Froze policy model parameter: model.vqmodel.decoder.up.0.block.2.norm1.bias
  - Froze policy model parameter: model.vqmodel.decoder.up.0.block.2.conv1.weight
  - Froze policy model parameter: model.vqmodel.decoder.up.0.block.2.conv1.bias
  - Froze policy model parameter: model.vqmodel.decoder.up.0.block.2.norm2.weight
  - Froze policy model parameter: model.vqmodel.decoder.up.0.block.2.norm2.bias
  - Froze policy model parameter: model.vqmodel.decoder.up.0.block.2.conv2.weight
  - Froze policy model parameter: model.vqmodel.decoder.up.0.block.2.conv2.bias
  - Froze policy model parameter: model.vqmodel.decoder.up.1.block.0.norm1.weight
  - Froze policy model parameter: model.vqmodel.decoder.up.1.block.0.norm1.bias
  - Froze policy model parameter: model.vqmodel.decoder.up.1.block.0.conv1.weight
  - Froze policy model parameter: model.vqmodel.decoder.up.1.block.0.conv1.bias
  - Froze policy model parameter: model.vqmodel.decoder.up.1.block.0.norm2.weight
  - Froze policy model parameter: model.vqmodel.decoder.up.1.block.0.norm2.bias
  - Froze policy model parameter: model.vqmodel.decoder.up.1.block.0.conv2.weight
  - Froze policy model parameter: model.vqmodel.decoder.up.1.block.0.conv2.bias
  - Froze policy model parameter: model.vqmodel.decoder.up.1.block.0.nin_shortcut.weight
  - Froze policy model parameter: model.vqmodel.decoder.up.1.block.0.nin_shortcut.bias
  - Froze policy model parameter: model.vqmodel.decoder.up.1.block.1.norm1.weight
  - Froze policy model parameter: model.vqmodel.decoder.up.1.block.1.norm1.bias
  - Froze policy model parameter: model.vqmodel.decoder.up.1.block.1.conv1.weight
  - Froze policy model parameter: model.vqmodel.decoder.up.1.block.1.conv1.bias
  - Froze policy model parameter: model.vqmodel.decoder.up.1.block.1.norm2.weight
  - Froze policy model parameter: model.vqmodel.decoder.up.1.block.1.norm2.bias
  - Froze policy model parameter: model.vqmodel.decoder.up.1.block.1.conv2.weight
  - Froze policy model parameter: model.vqmodel.decoder.up.1.block.1.conv2.bias
  - Froze policy model parameter: model.vqmodel.decoder.up.1.block.2.norm1.weight
  - Froze policy model parameter: model.vqmodel.decoder.up.1.block.2.norm1.bias
  - Froze policy model parameter: model.vqmodel.decoder.up.1.block.2.conv1.weight
  - Froze policy model parameter: model.vqmodel.decoder.up.1.block.2.conv1.bias
  - Froze policy model parameter: model.vqmodel.decoder.up.1.block.2.norm2.weight
  - Froze policy model parameter: model.vqmodel.decoder.up.1.block.2.norm2.bias
  - Froze policy model parameter: model.vqmodel.decoder.up.1.block.2.conv2.weight
  - Froze policy model parameter: model.vqmodel.decoder.up.1.block.2.conv2.bias
  - Froze policy model parameter: model.vqmodel.decoder.up.1.upsample.conv.weight
  - Froze policy model parameter: model.vqmodel.decoder.up.1.upsample.conv.bias
  - Froze policy model parameter: model.vqmodel.decoder.up.2.block.0.norm1.weight
  - Froze policy model parameter: model.vqmodel.decoder.up.2.block.0.norm1.bias
  - Froze policy model parameter: model.vqmodel.decoder.up.2.block.0.conv1.weight
  - Froze policy model parameter: model.vqmodel.decoder.up.2.block.0.conv1.bias
  - Froze policy model parameter: model.vqmodel.decoder.up.2.block.0.norm2.weight
  - Froze policy model parameter: model.vqmodel.decoder.up.2.block.0.norm2.bias
  - Froze policy model parameter: model.vqmodel.decoder.up.2.block.0.conv2.weight
  - Froze policy model parameter: model.vqmodel.decoder.up.2.block.0.conv2.bias
  - Froze policy model parameter: model.vqmodel.decoder.up.2.block.1.norm1.weight
  - Froze policy model parameter: model.vqmodel.decoder.up.2.block.1.norm1.bias
  - Froze policy model parameter: model.vqmodel.decoder.up.2.block.1.conv1.weight
  - Froze policy model parameter: model.vqmodel.decoder.up.2.block.1.conv1.bias
  - Froze policy model parameter: model.vqmodel.decoder.up.2.block.1.norm2.weight
  - Froze policy model parameter: model.vqmodel.decoder.up.2.block.1.norm2.bias
  - Froze policy model parameter: model.vqmodel.decoder.up.2.block.1.conv2.weight
  - Froze policy model parameter: model.vqmodel.decoder.up.2.block.1.conv2.bias
  - Froze policy model parameter: model.vqmodel.decoder.up.2.block.2.norm1.weight
  - Froze policy model parameter: model.vqmodel.decoder.up.2.block.2.norm1.bias
  - Froze policy model parameter: model.vqmodel.decoder.up.2.block.2.conv1.weight
  - Froze policy model parameter: model.vqmodel.decoder.up.2.block.2.conv1.bias
  - Froze policy model parameter: model.vqmodel.decoder.up.2.block.2.norm2.weight
  - Froze policy model parameter: model.vqmodel.decoder.up.2.block.2.norm2.bias
  - Froze policy model parameter: model.vqmodel.decoder.up.2.block.2.conv2.weight
  - Froze policy model parameter: model.vqmodel.decoder.up.2.block.2.conv2.bias
  - Froze policy model parameter: model.vqmodel.decoder.up.2.upsample.conv.weight
  - Froze policy model parameter: model.vqmodel.decoder.up.2.upsample.conv.bias
  - Froze policy model parameter: model.vqmodel.decoder.up.3.block.0.norm1.weight
  - Froze policy model parameter: model.vqmodel.decoder.up.3.block.0.norm1.bias
  - Froze policy model parameter: model.vqmodel.decoder.up.3.block.0.conv1.weight
  - Froze policy model parameter: model.vqmodel.decoder.up.3.block.0.conv1.bias
  - Froze policy model parameter: model.vqmodel.decoder.up.3.block.0.norm2.weight
  - Froze policy model parameter: model.vqmodel.decoder.up.3.block.0.norm2.bias
  - Froze policy model parameter: model.vqmodel.decoder.up.3.block.0.conv2.weight
  - Froze policy model parameter: model.vqmodel.decoder.up.3.block.0.conv2.bias
  - Froze policy model parameter: model.vqmodel.decoder.up.3.block.0.nin_shortcut.weight
  - Froze policy model parameter: model.vqmodel.decoder.up.3.block.0.nin_shortcut.bias
  - Froze policy model parameter: model.vqmodel.decoder.up.3.block.1.norm1.weight
  - Froze policy model parameter: model.vqmodel.decoder.up.3.block.1.norm1.bias
  - Froze policy model parameter: model.vqmodel.decoder.up.3.block.1.conv1.weight
  - Froze policy model parameter: model.vqmodel.decoder.up.3.block.1.conv1.bias
  - Froze policy model parameter: model.vqmodel.decoder.up.3.block.1.norm2.weight
  - Froze policy model parameter: model.vqmodel.decoder.up.3.block.1.norm2.bias
  - Froze policy model parameter: model.vqmodel.decoder.up.3.block.1.conv2.weight
  - Froze policy model parameter: model.vqmodel.decoder.up.3.block.1.conv2.bias
  - Froze policy model parameter: model.vqmodel.decoder.up.3.block.2.norm1.weight
  - Froze policy model parameter: model.vqmodel.decoder.up.3.block.2.norm1.bias
  - Froze policy model parameter: model.vqmodel.decoder.up.3.block.2.conv1.weight
  - Froze policy model parameter: model.vqmodel.decoder.up.3.block.2.conv1.bias
  - Froze policy model parameter: model.vqmodel.decoder.up.3.block.2.norm2.weight
  - Froze policy model parameter: model.vqmodel.decoder.up.3.block.2.norm2.bias
  - Froze policy model parameter: model.vqmodel.decoder.up.3.block.2.conv2.weight
  - Froze policy model parameter: model.vqmodel.decoder.up.3.block.2.conv2.bias
  - Froze policy model parameter: model.vqmodel.decoder.up.3.upsample.conv.weight
  - Froze policy model parameter: model.vqmodel.decoder.up.3.upsample.conv.bias
  - Froze policy model parameter: model.vqmodel.decoder.up.4.block.0.norm1.weight
  - Froze policy model parameter: model.vqmodel.decoder.up.4.block.0.norm1.bias
  - Froze policy model parameter: model.vqmodel.decoder.up.4.block.0.conv1.weight
  - Froze policy model parameter: model.vqmodel.decoder.up.4.block.0.conv1.bias
  - Froze policy model parameter: model.vqmodel.decoder.up.4.block.0.norm2.weight
  - Froze policy model parameter: model.vqmodel.decoder.up.4.block.0.norm2.bias
  - Froze policy model parameter: model.vqmodel.decoder.up.4.block.0.conv2.weight
  - Froze policy model parameter: model.vqmodel.decoder.up.4.block.0.conv2.bias
  - Froze policy model parameter: model.vqmodel.decoder.up.4.block.1.norm1.weight
  - Froze policy model parameter: model.vqmodel.decoder.up.4.block.1.norm1.bias
  - Froze policy model parameter: model.vqmodel.decoder.up.4.block.1.conv1.weight
  - Froze policy model parameter: model.vqmodel.decoder.up.4.block.1.conv1.bias
  - Froze policy model parameter: model.vqmodel.decoder.up.4.block.1.norm2.weight
  - Froze policy model parameter: model.vqmodel.decoder.up.4.block.1.norm2.bias
  - Froze policy model parameter: model.vqmodel.decoder.up.4.block.1.conv2.weight
  - Froze policy model parameter: model.vqmodel.decoder.up.4.block.1.conv2.bias
  - Froze policy model parameter: model.vqmodel.decoder.up.4.block.2.norm1.weight
  - Froze policy model parameter: model.vqmodel.decoder.up.4.block.2.norm1.bias
  - Froze policy model parameter: model.vqmodel.decoder.up.4.block.2.conv1.weight
  - Froze policy model parameter: model.vqmodel.decoder.up.4.block.2.conv1.bias
  - Froze policy model parameter: model.vqmodel.decoder.up.4.block.2.norm2.weight
  - Froze policy model parameter: model.vqmodel.decoder.up.4.block.2.norm2.bias
  - Froze policy model parameter: model.vqmodel.decoder.up.4.block.2.conv2.weight
  - Froze policy model parameter: model.vqmodel.decoder.up.4.block.2.conv2.bias
  - Froze policy model parameter: model.vqmodel.decoder.up.4.upsample.conv.weight
  - Froze policy model parameter: model.vqmodel.decoder.up.4.upsample.conv.bias
  - Froze policy model parameter: model.vqmodel.decoder.norm_out.weight
  - Froze policy model parameter: model.vqmodel.decoder.norm_out.bias
  - Froze policy model parameter: model.vqmodel.decoder.conv_out.weight
  - Froze policy model parameter: model.vqmodel.decoder.conv_out.bias
  - Froze policy model parameter: model.vqmodel.quantize.embedding.weight
  - Froze policy model parameter: model.vqmodel.quant_conv.weight
  - Froze policy model parameter: model.vqmodel.quant_conv.bias
  - Froze policy model parameter: model.vqmodel.post_quant_conv.weight
  - Froze policy model parameter: model.vqmodel.post_quant_conv.bias
  - Froze policy model parameter: mlp_head.time_embed.mlp.0.weight
  - Froze policy model parameter: mlp_head.time_embed.mlp.0.bias
  - Froze policy model parameter: mlp_head.time_embed.mlp.2.weight
  - Froze policy model parameter: mlp_head.time_embed.mlp.2.bias
  - Froze policy model parameter: mlp_head.cond_embed.weight
  - Froze policy model parameter: mlp_head.cond_embed.bias
  - Froze policy model parameter: mlp_head.input_proj.weight
  - Froze policy model parameter: mlp_head.input_proj.bias
  - Froze policy model parameter: mlp_head.res_blocks.0.in_ln.weight
  - Froze policy model parameter: mlp_head.res_blocks.0.in_ln.bias
  - Froze policy model parameter: mlp_head.res_blocks.0.mlp.0.weight
  - Froze policy model parameter: mlp_head.res_blocks.0.mlp.0.bias
  - Froze policy model parameter: mlp_head.res_blocks.0.mlp.2.weight
  - Froze policy model parameter: mlp_head.res_blocks.0.mlp.2.bias
  - Froze policy model parameter: mlp_head.res_blocks.0.adaLN_modulation.1.weight
  - Froze policy model parameter: mlp_head.res_blocks.0.adaLN_modulation.1.bias
  - Froze policy model parameter: mlp_head.res_blocks.1.in_ln.weight
  - Froze policy model parameter: mlp_head.res_blocks.1.in_ln.bias
  - Froze policy model parameter: mlp_head.res_blocks.1.mlp.0.weight
  - Froze policy model parameter: mlp_head.res_blocks.1.mlp.0.bias
  - Froze policy model parameter: mlp_head.res_blocks.1.mlp.2.weight
  - Froze policy model parameter: mlp_head.res_blocks.1.mlp.2.bias
  - Froze policy model parameter: mlp_head.res_blocks.1.adaLN_modulation.1.weight
  - Froze policy model parameter: mlp_head.res_blocks.1.adaLN_modulation.1.bias
  - Froze policy model parameter: mlp_head.res_blocks.2.in_ln.weight
  - Froze policy model parameter: mlp_head.res_blocks.2.in_ln.bias
  - Froze policy model parameter: mlp_head.res_blocks.2.mlp.0.weight
  - Froze policy model parameter: mlp_head.res_blocks.2.mlp.0.bias
  - Froze policy model parameter: mlp_head.res_blocks.2.mlp.2.weight
  - Froze policy model parameter: mlp_head.res_blocks.2.mlp.2.bias
  - Froze policy model parameter: mlp_head.res_blocks.2.adaLN_modulation.1.weight
  - Froze policy model parameter: mlp_head.res_blocks.2.adaLN_modulation.1.bias
  - Froze policy model parameter: mlp_head.final_layer.linear.weight
  - Froze policy model parameter: mlp_head.final_layer.linear.bias
  - Froze policy model parameter: mlp_head.final_layer.adaLN_modulation.1.weight
  - Froze policy model parameter: mlp_head.final_layer.adaLN_modulation.1.bias
Model parts frozen.
Loaded 2 reward functions: ['answer_correctness_reward', 'format_reward']
Trainer initialized.
--- [Step 3/3] Starting GRPO training... ---
[rank4]:W1028 06:18:25.785000 357094 site-packages/torch/utils/cpp_extension.py:2425] TORCH_CUDA_ARCH_LIST is not set, all archs for visible cards are included for compilation. 
[rank4]:W1028 06:18:25.785000 357094 site-packages/torch/utils/cpp_extension.py:2425] If this is not desired, please set os.environ['TORCH_CUDA_ARCH_LIST'] to specific architectures.
[rank2]:W1028 06:18:25.859000 357092 site-packages/torch/utils/cpp_extension.py:2425] TORCH_CUDA_ARCH_LIST is not set, all archs for visible cards are included for compilation. 
[rank2]:W1028 06:18:25.859000 357092 site-packages/torch/utils/cpp_extension.py:2425] If this is not desired, please set os.environ['TORCH_CUDA_ARCH_LIST'] to specific architectures.
[rank7]:W1028 06:18:26.039000 357097 site-packages/torch/utils/cpp_extension.py:2425] TORCH_CUDA_ARCH_LIST is not set, all archs for visible cards are included for compilation. 
[rank7]:W1028 06:18:26.039000 357097 site-packages/torch/utils/cpp_extension.py:2425] If this is not desired, please set os.environ['TORCH_CUDA_ARCH_LIST'] to specific architectures.
[rank1]:W1028 06:18:26.061000 357091 site-packages/torch/utils/cpp_extension.py:2425] TORCH_CUDA_ARCH_LIST is not set, all archs for visible cards are included for compilation. 
[rank1]:W1028 06:18:26.061000 357091 site-packages/torch/utils/cpp_extension.py:2425] If this is not desired, please set os.environ['TORCH_CUDA_ARCH_LIST'] to specific architectures.
[rank3]:W1028 06:18:26.198000 357093 site-packages/torch/utils/cpp_extension.py:2425] TORCH_CUDA_ARCH_LIST is not set, all archs for visible cards are included for compilation. 
[rank3]:W1028 06:18:26.198000 357093 site-packages/torch/utils/cpp_extension.py:2425] If this is not desired, please set os.environ['TORCH_CUDA_ARCH_LIST'] to specific architectures.
[rank6]:W1028 06:18:26.870000 357096 site-packages/torch/utils/cpp_extension.py:2425] TORCH_CUDA_ARCH_LIST is not set, all archs for visible cards are included for compilation. 
[rank6]:W1028 06:18:26.870000 357096 site-packages/torch/utils/cpp_extension.py:2425] If this is not desired, please set os.environ['TORCH_CUDA_ARCH_LIST'] to specific architectures.
[rank5]:W1028 06:18:27.022000 357095 site-packages/torch/utils/cpp_extension.py:2425] TORCH_CUDA_ARCH_LIST is not set, all archs for visible cards are included for compilation. 
[rank5]:W1028 06:18:27.022000 357095 site-packages/torch/utils/cpp_extension.py:2425] If this is not desired, please set os.environ['TORCH_CUDA_ARCH_LIST'] to specific architectures.
[rank0]:W1028 06:18:27.459000 357090 site-packages/torch/utils/cpp_extension.py:2425] TORCH_CUDA_ARCH_LIST is not set, all archs for visible cards are included for compilation. 
[rank0]:W1028 06:18:27.459000 357090 site-packages/torch/utils/cpp_extension.py:2425] If this is not desired, please set os.environ['TORCH_CUDA_ARCH_LIST'] to specific architectures.
multimodal_generation_mode interleaved-text-image
Setting `pad_token_id` to `eos_token_id`:2 for open-end generation.
multimodal_generation_mode interleaved-text-image
Setting `pad_token_id` to `eos_token_id`:2 for open-end generation.
multimodal_generation_mode interleaved-text-image
Setting `pad_token_id` to `eos_token_id`:2 for open-end generation.
multimodal_generation_mode interleaved-text-image
Setting `pad_token_id` to `eos_token_id`:2 for open-end generation.
multimodal_generation_mode interleaved-text-image
Setting `pad_token_id` to `eos_token_id`:2 for open-end generation.
multimodal_generation_mode interleaved-text-image
Setting `pad_token_id` to `eos_token_id`:2 for open-end generation.
multimodal_generation_mode interleaved-text-image
Setting `pad_token_id` to `eos_token_id`:2 for open-end generation.
multimodal_generation_mode interleaved-text-image
Setting `pad_token_id` to `eos_token_id`:2 for open-end generation.
/data1/oujingfeng/project/twgi/Orthus/models/modeling_orthus_for_inteleave_cfg.py:2892: FutureWarning: `torch.cuda.amp.autocast(args...)` is deprecated. Please use `torch.amp.autocast('cuda', args...)` instead.
  with torch.no_grad(), torch.cuda.amp.autocast():
/data1/oujingfeng/project/twgi/Orthus/models/modeling_orthus_for_inteleave_cfg.py:2892: FutureWarning: `torch.cuda.amp.autocast(args...)` is deprecated. Please use `torch.amp.autocast('cuda', args...)` instead.
  with torch.no_grad(), torch.cuda.amp.autocast():
wandb: Currently logged in as: xjy110156 (xjy110156-) to https://api.wandb.ai. Use `wandb login --relogin` to force relogin
/data1/oujingfeng/project/twgi/Orthus/models/modeling_orthus_for_inteleave_cfg.py:2892: FutureWarning: `torch.cuda.amp.autocast(args...)` is deprecated. Please use `torch.amp.autocast('cuda', args...)` instead.
  with torch.no_grad(), torch.cuda.amp.autocast():
/data1/oujingfeng/project/twgi/Orthus/models/modeling_orthus_for_inteleave_cfg.py:2892: FutureWarning: `torch.cuda.amp.autocast(args...)` is deprecated. Please use `torch.amp.autocast('cuda', args...)` instead.
  with torch.no_grad(), torch.cuda.amp.autocast():
wandb: creating run
/data1/oujingfeng/project/twgi/Orthus/models/modeling_orthus_for_inteleave_cfg.py:2892: FutureWarning: `torch.cuda.amp.autocast(args...)` is deprecated. Please use `torch.amp.autocast('cuda', args...)` instead.
  with torch.no_grad(), torch.cuda.amp.autocast():
/data1/oujingfeng/project/twgi/Orthus/models/modeling_orthus_for_inteleave_cfg.py:2892: FutureWarning: `torch.cuda.amp.autocast(args...)` is deprecated. Please use `torch.amp.autocast('cuda', args...)` instead.
  with torch.no_grad(), torch.cuda.amp.autocast():
wandb: Tracking run with wandb version 0.22.0
wandb: Run data is saved locally in /data1/oujingfeng/project/twgi/Orthus/train/grpo/wandb/run-20251028_061905-yy59eoiq
wandb: Run `wandb offline` to turn off syncing.
wandb: Syncing run orthus-7b-grpo-geneval-v1
wandb: ⭐️ View project at https://wandb.ai/xjy110156-/orthus-grpo-project
wandb: 🚀 View run at https://wandb.ai/xjy110156-/orthus-grpo-project/runs/yy59eoiq
wandb: WARNING Serializing object of type dict that is 1922480 bytes
  0%|          | 0/2000 [00:00<?, ?it/s]multimodal_generation_mode interleaved-text-image
Setting `pad_token_id` to `eos_token_id`:2 for open-end generation.
/data1/oujingfeng/project/twgi/Orthus/models/modeling_orthus_for_inteleave_cfg.py:2892: FutureWarning: `torch.cuda.amp.autocast(args...)` is deprecated. Please use `torch.amp.autocast('cuda', args...)` instead.
  with torch.no_grad(), torch.cuda.amp.autocast():
/data1/oujingfeng/project/twgi/Orthus/models/modeling_orthus_for_inteleave_cfg.py:2892: FutureWarning: `torch.cuda.amp.autocast(args...)` is deprecated. Please use `torch.amp.autocast('cuda', args...)` instead.
  with torch.no_grad(), torch.cuda.amp.autocast():
multimodal_generation_mode interleaved-text-image
Setting `pad_token_id` to `eos_token_id`:2 for open-end generation.
multimodal_generation_mode interleaved-text-image
Setting `pad_token_id` to `eos_token_id`:2 for open-end generation.
multimodal_generation_mode interleaved-text-image
Setting `pad_token_id` to `eos_token_id`:2 for open-end generation.
multimodal_generation_mode interleaved-text-image
Setting `pad_token_id` to `eos_token_id`:2 for open-end generation.
multimodal_generation_mode interleaved-text-image
Setting `pad_token_id` to `eos_token_id`:2 for open-end generation.
multimodal_generation_mode interleaved-text-image
Setting `pad_token_id` to `eos_token_id`:2 for open-end generation.
multimodal_generation_mode interleaved-text-image
Setting `pad_token_id` to `eos_token_id`:2 for open-end generation.
                                        {'reward/mean': 0.0, 'reward/std': 0.0, 'policy/advantage_mean': 0.0, 'policy/advantage_std': 0.0, 'loss/pg_loss': 0.0, 'loss/kl_div': -0.3271027180685926, 'epoch': 0}
  0%|          | 0/2000 [03:37<?, ?it/s]Could not estimate the number of tokens of the input, floating-point operations will not be computed
Could not estimate the number of tokens of the input, floating-point operations will not be computed
Could not estimate the number of tokens of the input, floating-point operations will not be computed
Could not estimate the number of tokens of the input, floating-point operations will not be computed
Could not estimate the number of tokens of the input, floating-point operations will not be computed
Could not estimate the number of tokens of the input, floating-point operations will not be computed
Could not estimate the number of tokens of the input, floating-point operations will not be computed
multimodal_generation_mode interleaved-text-image
Setting `pad_token_id` to `eos_token_id`:2 for open-end generation.
multimodal_generation_mode interleaved-text-image
multimodal_generation_mode interleaved-text-image
multimodal_generation_modeSetting `pad_token_id` to `eos_token_id`:2 for open-end generation.
 interleaved-text-image
multimodal_generation_mode interleaved-text-image
Setting `pad_token_id` to `eos_token_id`:2 for open-end generation.
multimodal_generation_mode interleaved-text-image
Setting `pad_token_id` to `eos_token_id`:2 for open-end generation.
Setting `pad_token_id` to `eos_token_id`:2 for open-end generation.
Setting `pad_token_id` to `eos_token_id`:2 for open-end generation.
multimodal_generation_mode interleaved-text-image
Setting `pad_token_id` to `eos_token_id`:2 for open-end generation.
Could not estimate the number of tokens of the input, floating-point operations will not be computed
multimodal_generation_mode interleaved-text-image
Setting `pad_token_id` to `eos_token_id`:2 for open-end generation.
multimodal_generation_mode interleaved-text-image
Setting `pad_token_id` to `eos_token_id`:2 for open-end generation.
multimodal_generation_mode interleaved-text-image
Setting `pad_token_id` to `eos_token_id`:2 for open-end generation.
multimodal_generation_mode interleaved-text-image
Setting `pad_token_id` to `eos_token_id`:2 for open-end generation.
multimodal_generation_mode interleaved-text-image
Setting `pad_token_id` to `eos_token_id`:2 for open-end generation.
multimodal_generation_mode interleaved-text-image
Setting `pad_token_id` to `eos_token_id`:2 for open-end generation.
multimodal_generation_mode interleaved-text-image
Setting `pad_token_id` to `eos_token_id`:2 for open-end generation.
multimodal_generation_mode interleaved-text-image
Setting `pad_token_id` to `eos_token_id`:2 for open-end generation.
multimodal_generation_mode interleaved-text-image
Setting `pad_token_id` to `eos_token_id`:2 for open-end generation.
[rank1]: Traceback (most recent call last):
[rank1]:   File "/data1/oujingfeng/project/twgi/Orthus/train/grpo/grpo_orthus.py", line 176, in <module>
[rank1]:     main(script_args, training_args, model_args)
[rank1]:   File "/data1/oujingfeng/project/twgi/Orthus/train/grpo/grpo_orthus.py", line 163, in main
[rank1]:     trainer.train(resume_from_checkpoint=checkpoint_to_resume)
[rank1]:   File "/data1/conda/envs/orthus/lib/python3.11/site-packages/transformers/trainer.py", line 2325, in train
[rank1]:     return inner_training_loop(
[rank1]:            ^^^^^^^^^^^^^^^^^^^^
[rank1]:   File "/data1/conda/envs/orthus/lib/python3.11/site-packages/transformers/trainer.py", line 2674, in _inner_training_loop
[rank1]:     tr_loss_step = self.training_step(model, inputs, num_items_in_batch)
[rank1]:                    ^^^^^^^^^^^^^^^^^^^^^^^^^^^^^^^^^^^^^^^^^^^^^^^^^^^^^
[rank1]:   File "/data1/conda/envs/orthus/lib/python3.11/site-packages/transformers/trainer.py", line 4020, in training_step
[rank1]:     loss = self.compute_loss(model, inputs, num_items_in_batch=num_items_in_batch)
[rank1]:            ^^^^^^^^^^^^^^^^^^^^^^^^^^^^^^^^^^^^^^^^^^^^^^^^^^^^^^^^^^^^^^^^^^^^^^^
[rank1]:   File "/data1/oujingfeng/project/twgi/Orthus/train/grpo/grpo_trainer_orthus.py", line 283, in compute_loss
[rank1]:     log_probs_policy_full = self.get_text_per_token_logps(model, padded_full, attention_mask)
[rank1]:                             ^^^^^^^^^^^^^^^^^^^^^^^^^^^^^^^^^^^^^^^^^^^^^^^^^^^^^^^^^^^^^^^^^
[rank1]:   File "/data1/oujingfeng/project/twgi/Orthus/train/grpo/grpo_trainer_orthus.py", line 437, in get_text_per_token_logps
[rank1]:     outputs = model(
[rank1]:               ^^^^^^
[rank1]:   File "/data1/conda/envs/orthus/lib/python3.11/site-packages/torch/nn/modules/module.py", line 1773, in _wrapped_call_impl
[rank1]:     return self._call_impl(*args, **kwargs)
[rank1]:            ^^^^^^^^^^^^^^^^^^^^^^^^^^^^^^^^
[rank1]:   File "/data1/conda/envs/orthus/lib/python3.11/site-packages/torch/nn/modules/module.py", line 1784, in _call_impl
[rank1]:     return forward_call(*args, **kwargs)
[rank1]:            ^^^^^^^^^^^^^^^^^^^^^^^^^^^^^
[rank1]:   File "/data1/conda/envs/orthus/lib/python3.11/site-packages/deepspeed/utils/nvtx.py", line 20, in wrapped_fn
[rank1]:     ret_val = func(*args, **kwargs)
[rank1]:               ^^^^^^^^^^^^^^^^^^^^^
[rank1]:   File "/data1/conda/envs/orthus/lib/python3.11/site-packages/deepspeed/runtime/engine.py", line 2151, in forward
[rank1]:     loss = self.module(*inputs, **kwargs)
[rank1]:            ^^^^^^^^^^^^^^^^^^^^^^^^^^^^^^
[rank1]:   File "/data1/conda/envs/orthus/lib/python3.11/site-packages/torch/nn/modules/module.py", line 1773, in _wrapped_call_impl
[rank1]:     return self._call_impl(*args, **kwargs)
[rank1]:            ^^^^^^^^^^^^^^^^^^^^^^^^^^^^^^^^
[rank1]:   File "/data1/conda/envs/orthus/lib/python3.11/site-packages/torch/nn/modules/module.py", line 1879, in _call_impl
[rank1]:     return inner()
[rank1]:            ^^^^^^^
[rank1]:   File "/data1/conda/envs/orthus/lib/python3.11/site-packages/torch/nn/modules/module.py", line 1827, in inner
[rank1]:     result = forward_call(*args, **kwargs)
[rank1]:              ^^^^^^^^^^^^^^^^^^^^^^^^^^^^^
[rank1]:   File "/data1/oujingfeng/project/twgi/Orthus/models/modeling_orthus_for_inteleave_cfg.py", line 2464, in forward
[rank1]:     outputs = self.model(
[rank1]:               ^^^^^^^^^^^
[rank1]:   File "/data1/conda/envs/orthus/lib/python3.11/site-packages/torch/nn/modules/module.py", line 1773, in _wrapped_call_impl
[rank1]:     return self._call_impl(*args, **kwargs)
[rank1]:            ^^^^^^^^^^^^^^^^^^^^^^^^^^^^^^^^
[rank1]:   File "/data1/conda/envs/orthus/lib/python3.11/site-packages/torch/nn/modules/module.py", line 1784, in _call_impl
[rank1]:     return forward_call(*args, **kwargs)
[rank1]:            ^^^^^^^^^^^^^^^^^^^^^^^^^^^^^
[rank1]:   File "/data1/oujingfeng/project/twgi/Orthus/models/modeling_orthus_for_inteleave_cfg.py", line 1905, in forward
[rank1]:     layer_outputs = decoder_layer(
[rank1]:                     ^^^^^^^^^^^^^^
[rank1]:   File "/data1/conda/envs/orthus/lib/python3.11/site-packages/torch/nn/modules/module.py", line 1773, in _wrapped_call_impl
[rank1]:     return self._call_impl(*args, **kwargs)
[rank1]:            ^^^^^^^^^^^^^^^^^^^^^^^^^^^^^^^^
[rank1]:   File "/data1/conda/envs/orthus/lib/python3.11/site-packages/torch/nn/modules/module.py", line 1784, in _call_impl
[rank1]:     return forward_call(*args, **kwargs)
[rank1]:            ^^^^^^^^^^^^^^^^^^^^^^^^^^^^^
[rank1]:   File "/data1/oujingfeng/project/twgi/Orthus/models/modeling_orthus_for_inteleave_cfg.py", line 723, in forward
[rank1]:     hidden_states, self_attn_weights, present_key_value = self.self_attn(
[rank1]:                                                           ^^^^^^^^^^^^^^^
[rank1]:   File "/data1/conda/envs/orthus/lib/python3.11/site-packages/torch/nn/modules/module.py", line 1773, in _wrapped_call_impl
[rank1]:     return self._call_impl(*args, **kwargs)
[rank1]:            ^^^^^^^^^^^^^^^^^^^^^^^^^^^^^^^^
[rank1]:   File "/data1/conda/envs/orthus/lib/python3.11/site-packages/torch/nn/modules/module.py", line 1784, in _call_impl
[rank1]:     return forward_call(*args, **kwargs)
[rank1]:            ^^^^^^^^^^^^^^^^^^^^^^^^^^^^^
[rank1]:   File "/data1/oujingfeng/project/twgi/Orthus/models/modeling_orthus_for_inteleave_cfg.py", line 554, in forward
[rank1]:     attn_output = _flash_attention_forward(
[rank1]:                   ^^^^^^^^^^^^^^^^^^^^^^^^^
[rank1]:   File "/data1/conda/envs/orthus/lib/python3.11/site-packages/transformers/modeling_flash_attention_utils.py", line 629, in _flash_attention_forward
[rank1]:     out = pad_fn(out_unpad, indices_q, query_states.size(0), query_length)
[rank1]:           ^^^^^^^^^^^^^^^^^^^^^^^^^^^^^^^^^^^^^^^^^^^^^^^^^^^^^^^^^^^^^^^^
[rank1]:   File "/data1/conda/envs/orthus/lib/python3.11/site-packages/flash_attn/bert_padding.py", line 217, in pad_input
[rank1]:     output = index_put_first_axis(hidden_states, indices, batch * seqlen)
[rank1]:              ^^^^^^^^^^^^^^^^^^^^^^^^^^^^^^^^^^^^^^^^^^^^^^^^^^^^^^^^^^^^
[rank1]:   File "/data1/conda/envs/orthus/lib/python3.11/site-packages/torch/autograd/function.py", line 576, in apply
[rank1]:     return super().apply(*args, **kwargs)  # type: ignore[misc]
[rank1]:            ^^^^^^^^^^^^^^^^^^^^^^^^^^^^^^
[rank1]:   File "/data1/conda/envs/orthus/lib/python3.11/site-packages/flash_attn/bert_padding.py", line 47, in forward
[rank1]:     output = torch.zeros(
[rank1]:              ^^^^^^^^^^^^
[rank1]: torch.OutOfMemoryError: CUDA out of memory. Tried to allocate 40.00 MiB. GPU 1 has a total capacity of 47.41 GiB of which 8.94 MiB is free. Process 3112550 has 260.00 MiB memory in use. Including non-PyTorch memory, this process has 47.12 GiB memory in use. Of the allocated memory 42.78 GiB is allocated by PyTorch, and 3.87 GiB is reserved by PyTorch but unallocated. If reserved but unallocated memory is large try setting PYTORCH_CUDA_ALLOC_CONF=expandable_segments:True to avoid fragmentation.  See documentation for Memory Management  (https://pytorch.org/docs/stable/notes/cuda.html#environment-variables)
W1028 06:30:43.548000 356841 site-packages/torch/distributed/elastic/multiprocessing/api.py:900] Sending process 357090 closing signal SIGTERM
W1028 06:30:43.552000 356841 site-packages/torch/distributed/elastic/multiprocessing/api.py:900] Sending process 357092 closing signal SIGTERM
W1028 06:30:43.553000 356841 site-packages/torch/distributed/elastic/multiprocessing/api.py:900] Sending process 357093 closing signal SIGTERM
W1028 06:30:43.554000 356841 site-packages/torch/distributed/elastic/multiprocessing/api.py:900] Sending process 357094 closing signal SIGTERM
W1028 06:30:43.556000 356841 site-packages/torch/distributed/elastic/multiprocessing/api.py:900] Sending process 357095 closing signal SIGTERM
W1028 06:30:43.571000 356841 site-packages/torch/distributed/elastic/multiprocessing/api.py:900] Sending process 357096 closing signal SIGTERM
W1028 06:30:43.574000 356841 site-packages/torch/distributed/elastic/multiprocessing/api.py:900] Sending process 357097 closing signal SIGTERM
E1028 06:30:47.265000 356841 site-packages/torch/distributed/elastic/multiprocessing/api.py:874] failed (exitcode: 1) local_rank: 1 (pid: 357091) of binary: /data1/conda/envs/orthus/bin/python3.11
Traceback (most recent call last):
  File "/data1/conda/envs/orthus/bin/accelerate", line 7, in <module>
    sys.exit(main())
             ^^^^^^
  File "/data1/conda/envs/orthus/lib/python3.11/site-packages/accelerate/commands/accelerate_cli.py", line 50, in main
    args.func(args)
  File "/data1/conda/envs/orthus/lib/python3.11/site-packages/accelerate/commands/launch.py", line 1220, in launch_command
    deepspeed_launcher(args)
  File "/data1/conda/envs/orthus/lib/python3.11/site-packages/accelerate/commands/launch.py", line 906, in deepspeed_launcher
    distrib_run.run(args)
  File "/data1/conda/envs/orthus/lib/python3.11/site-packages/torch/distributed/run.py", line 892, in run
    elastic_launch(
  File "/data1/conda/envs/orthus/lib/python3.11/site-packages/torch/distributed/launcher/api.py", line 143, in __call__
    return launch_agent(self._config, self._entrypoint, list(args))
           ^^^^^^^^^^^^^^^^^^^^^^^^^^^^^^^^^^^^^^^^^^^^^^^^^^^^^^^^
  File "/data1/conda/envs/orthus/lib/python3.11/site-packages/torch/distributed/launcher/api.py", line 277, in launch_agent
    raise ChildFailedError(
torch.distributed.elastic.multiprocessing.errors.ChildFailedError: 
============================================================
/data1/oujingfeng/project/twgi/Orthus/train/grpo/grpo_orthus.py FAILED
------------------------------------------------------------
Failures:
  <NO_OTHER_FAILURES>
------------------------------------------------------------
Root Cause (first observed failure):
[0]:
  time      : 2025-10-28_06:30:43
  host      : server
  rank      : 1 (local_rank: 1)
  exitcode  : 1 (pid: 357091)
  error_file: <N/A>
  traceback : To enable traceback see: https://pytorch.org/docs/stable/elastic/errors.html
============================================================
