{"train/global_step":10,"_runtime":125,"train/epoch":0.0847457627118644,"train/learning_rate":4.965903258506806e-06,"_step":0,"train/grad_norm":71.76836395263672,"_timestamp":1.7591580488104136e+09,"_wandb":{"runtime":125},"train/loss":19.6672}