{"train/loss":8.3477,"train_runtime":55.3631,"_wandb":{"runtime":53},"_runtime":53,"train/grad_norm":260.55767822265625,"train_steps_per_second":0.054,"train_loss":14.704427083333334,"_step":4,"total_flos":3.23922788352e+11,"_timestamp":1.7591391127205524e+09,"train/learning_rate":0,"train/global_step":3,"train/epoch":1.5,"eval/steps_per_second":0.5,"train_samples_per_second":0.434,"eval/loss":8.33372974395752,"eval/runtime":4.0012,"eval/samples_per_second":3.999}