{"_timestamp":1.7594739886177592e+09,"_wandb":{"runtime":2937},"total_flos":1.295691153408e+14,"train/grad_norm":0.3669840395450592,"_runtime":2937,"train_loss":0.18678843180338542,"train_steps_per_second":0.052,"train/learning_rate":0,"eval/steps_per_second":0.223,"eval/loss":0.08063534647226334,"eval/runtime":17.9467,"train/global_step":150,"train_runtime":2910.099,"train/loss":0.0275,"train/epoch":10,"train_samples_per_second":3.244,"_step":33,"eval/samples_per_second":13.15}