{"train/learning_rate":4.965903258506806e-06,"train/loss":19.7621,"train/grad_norm":69.8390121459961,"_timestamp":1.7591578182507992e+09,"_runtime":153,"train/global_step":10,"_step":0,"train/epoch":0.0847457627118644,"_wandb":{"runtime":153}}